{
"type": "FeatureCollection",
"name": "Altea_area_expansion",
"crs": { "type": "name", "properties": { "name": "urn:ogc:def:crs:OGC:1.3:CRS84" } },
"xy_coordinate_resolution": 1e-15,
"features": [
{ "type": "Feature", "properties": { "fid": 6, "Nombre": null }, "geometry": { "type": "MultiPolygon", "coordinates": [ [ [ [ -85.56853623, 10.54962593 ], [ -85.568538339999989, 10.54959085 ], [ -85.56853975, 10.54958045 ], [ -85.56854224, 10.54956841 ], [ -85.56854816, 10.54954615 ], [ -85.568550389999984, 10.54953629 ], [ -85.56855822, 10.54951302 ], [ -85.56856336, 10.54950052 ], [ -85.568580539999985, 10.54946528 ], [ -85.568584050000013, 10.54945504 ], [ -85.568589929999987, 10.54944308 ], [ -85.56859744, 10.54942877 ], [ -85.568617329999981, 10.54938962 ], [ -85.56862357, 10.54937549 ], [ -85.568627079999985, 10.54936535 ], [ -85.56863241, 10.54935412 ], [ -85.568635369999981, 10.5493447 ], [ -85.56863819, 10.54932381 ], [ -85.56863939, 10.54930862 ], [ -85.568642079999989, 10.54929794 ], [ -85.56864559, 10.54928771 ], [ -85.56865147, 10.54927575 ], [ -85.56865717, 10.54926578 ], [ -85.568661419999984, 10.54925618 ], [ -85.56866712, 10.5492463 ], [ -85.568676239999988, 10.54922619 ], [ -85.56868056, 10.54921315 ], [ -85.568686159999984, 10.54919984 ], [ -85.56870048, 10.54916036 ], [ -85.56870562, 10.54914786 ], [ -85.568711859999979, 10.54913373 ], [ -85.56871991, 10.54911859 ], [ -85.56874711, 10.54907878 ], [ -85.56875679, 10.54906129 ], [ -85.568763029999985, 10.54904725 ], [ -85.5687778, 10.54900705 ], [ -85.568780299999986, 10.54899501 ], [ -85.5687849, 10.54898324 ], [ -85.5687898, 10.54895917 ], [ -85.56879635, 10.54893618 ], [ -85.56879986, 10.54892604 ], [ -85.56881727, 10.54886359 ], [ -85.56884595, 10.54877451 ], [ -85.56885968, 10.54874272 ], [ -85.56886529, 10.54873275 ], [ -85.5688745, 10.54871273 ], [ -85.56888201, 10.54869832 ], [ -85.56888761, 10.54868501 ], [ -85.56889358, 10.54867305 ], [ -85.56889572, 10.54866309 ], [ -85.56889448, 10.54865316 ], [ -85.56889692, 10.5486479 ], [ -85.568899609999988, 10.54863722 ], [ -85.56890312, 10.54862699 ], [ -85.5689169, 10.54855308 ], [ -85.56892253, 10.54851121 ], [ -85.56892761, 10.54846671 ], [ -85.56893198, 10.5484469 ], [ -85.56893527, 10.54842862 ], [ -85.56894189, 10.5484022 ], [ -85.5689504, 10.54835091 ], [ -85.568955079999981, 10.54833579 ], [ -85.56895649, 10.5483253 ], [ -85.56896387, 10.54828585 ], [ -85.568966639999985, 10.54827518 ], [ -85.56897034, 10.5482663 ], [ -85.56897421, 10.54825399 ], [ -85.56897825, 10.5482396 ], [ -85.56898505, 10.54821118 ], [ -85.568987329999985, 10.54819436 ], [ -85.56899062, 10.54817609 ], [ -85.568991339999982, 10.54815493 ], [ -85.5689911, 10.54814336 ], [ -85.56899282, 10.54812401 ], [ -85.56899241, 10.54811462 ], [ -85.568994909999986, 10.54810258 ], [ -85.56899814, 10.54809109 ], [ -85.56900219, 10.54808013 ], [ -85.56900542, 10.54806864 ], [ -85.56900948, 10.54805768 ], [ -85.569022659999987, 10.54802661 ], [ -85.569039589999988, 10.54799688 ], [ -85.56905618, 10.54797267 ], [ -85.56906069999998, 10.54796433 ], [ -85.56906558, 10.54795391 ], [ -85.56907875, 10.54791941 ], [ -85.569082519999981, 10.5479071 ], [ -85.56909924, 10.54787267 ], [ -85.56912489, 10.54783178 ], [ -85.56913241, 10.54782081 ], [ -85.56913859, 10.54781355 ], [ -85.56915191, 10.54779405 ], [ -85.56916025, 10.54778018 ], [ -85.569164769999986, 10.54777184 ], [ -85.569171, 10.5477578 ], [ -85.56918255, 10.54772909 ], [ -85.56919385, 10.54770581 ], [ -85.569200009999989, 10.5476952 ], [ -85.569206989999984, 10.54768504 ], [ -85.5692126, 10.54767507 ], [ -85.569239349999989, 10.54763598 ], [ -85.56924761, 10.54762564 ], [ -85.56925724, 10.54761493 ], [ -85.569278519999983, 10.54759729 ], [ -85.56930592, 10.54757916 ], [ -85.56934363, 10.54755774 ], [ -85.56936961, 10.54754667 ], [ -85.56938319, 10.54754208 ], [ -85.569448079999987, 10.54752965 ], [ -85.56948004, 10.54752832 ], [ -85.56950946, 10.54753088 ], [ -85.56952392, 10.54753497 ], [ -85.569538179999981, 10.5475377 ], [ -85.56956571, 10.5475447 ], [ -85.56958125, 10.54754716 ], [ -85.56961216, 10.54755414 ], [ -85.5696343, 10.54756217 ], [ -85.56968284, 10.54758561 ], [ -85.5696973, 10.54759304 ], [ -85.56973951, 10.54761217 ], [ -85.56977044, 10.54762259 ], [ -85.569785429999982, 10.54762586 ], [ -85.56980161, 10.5476275 ], [ -85.56981375, 10.54762654 ], [ -85.569828, 10.54762592 ], [ -85.56984416, 10.54762422 ], [ -85.56987126, 10.54761839 ], [ -85.56988503, 10.54761506 ], [ -85.56989671, 10.54761148 ], [ -85.569926149999986, 10.5476004 ], [ -85.56995763, 10.5475931 ], [ -85.569968030000013, 10.54758971 ], [ -85.56997751, 10.54758586 ], [ -85.56999937, 10.54757428 ], [ -85.570009109999987, 10.54756835 ], [ -85.570019299999984, 10.54756026 ], [ -85.570029120000015, 10.5475509 ], [ -85.570036099999982, 10.54754074 ], [ -85.57004226, 10.54753005 ], [ -85.57005279, 10.54749953 ], [ -85.57006543, 10.54746928 ], [ -85.570068389999989, 10.54745987 ], [ -85.57007327, 10.54744936 ], [ -85.57007705, 10.54743714 ], [ -85.570077979999979, 10.54742403 ], [ -85.57007675, 10.54741409 ], [ -85.570074140000017, 10.54740435 ], [ -85.570067589999979, 10.547392 ], [ -85.570051399999983, 10.54736858 ], [ -85.570030159999988, 10.54734075 ], [ -85.5700194, 10.54732779 ], [ -85.56999553, 10.54730378 ], [ -85.569982599999989, 10.54729399 ], [ -85.56995792, 10.54727287 ], [ -85.56995031, 10.5472655 ], [ -85.56994059, 10.54725786 ], [ -85.56993214, 10.54724995 ], [ -85.5699127, 10.54723459 ], [ -85.56990005, 10.54722616 ], [ -85.569886129999986, 10.54721791 ], [ -85.5698205, 10.54717404 ], [ -85.569807119999979, 10.54716498 ], [ -85.56979419, 10.54715519 ], [ -85.569783459999982, 10.54714575 ], [ -85.569760599999981, 10.54712354 ], [ -85.569754259999982, 10.54711598 ], [ -85.56974542, 10.54710202 ], [ -85.56973908, 10.54709437 ], [ -85.56973159, 10.54707678 ], [ -85.56972476, 10.54706307 ], [ -85.56971712, 10.54703401 ], [ -85.56971296, 10.54702327 ], [ -85.56970671, 10.54699854 ], [ -85.569704929999986, 10.54698942 ], [ -85.56967232, 10.54689911 ], [ -85.56966703, 10.54686479 ], [ -85.56966469, 10.54685296 ], [ -85.5696609, 10.54682649 ], [ -85.56965843, 10.54680662 ], [ -85.56965648, 10.5467825 ], [ -85.56965648, 10.54674716 ], [ -85.569659299999984, 10.54672627 ], [ -85.56966427, 10.54669877 ], [ -85.56966731, 10.54668601 ], [ -85.56968106, 10.54664057 ], [ -85.5696862, 10.54662798 ], [ -85.56969889, 10.54659095 ], [ -85.569703489999981, 10.54657917 ], [ -85.56971479, 10.54655598 ], [ -85.56972149, 10.54654447 ], [ -85.569733879999987, 10.54651973 ], [ -85.56973895, 10.54651058 ], [ -85.56975018, 10.54649082 ], [ -85.569766019999989, 10.54646263 ], [ -85.569778649999989, 10.54643238 ], [ -85.569781689999985, 10.54641953 ], [ -85.569786289999982, 10.54640776 ], [ -85.56980075, 10.54634116 ], [ -85.569802419999988, 10.54632859 ], [ -85.56980807, 10.54629015 ], [ -85.569808379999984, 10.54627786 ], [ -85.569810589999989, 10.54626456 ], [ -85.56980943, 10.54625119 ], [ -85.56980883, 10.54622344 ], [ -85.569801289999987, 10.54619564 ], [ -85.56979638, 10.54618093 ], [ -85.56978936, 10.54616597 ], [ -85.569781059999983, 10.54615118 ], [ -85.56975823, 10.54611541 ], [ -85.569697186620999, 10.546097972086985 ], [ -85.56973155, 10.54607704 ], [ -85.56971325, 10.54605336 ], [ -85.569706169999989, 10.54604517 ], [ -85.56969856, 10.5460378 ], [ -85.56969202, 10.54602888 ], [ -85.5696697, 10.54600251 ], [ -85.56966022, 10.54598936 ], [ -85.569652209999987, 10.54597594 ], [ -85.56964722, 10.54596466 ], [ -85.569639669999987, 10.54595386 ], [ -85.56963367, 10.54594069 ], [ -85.569627399999987, 10.54592969 ], [ -85.569619839999987, 10.54591545 ], [ -85.56961301, 10.54590184 ], [ -85.56960626999998, 10.54588813 ], [ -85.56960081, 10.54587424 ], [ -85.56959126, 10.54584618 ], [ -85.56958654, 10.54583282 ], [ -85.56958034, 10.54581839 ], [ -85.56957699, 10.54580467 ], [ -85.56956997, 10.5457897 ], [ -85.56956532, 10.54577291 ], [ -85.5695625, 10.54575856 ], [ -85.56956342, 10.54574201 ], [ -85.56956434, 10.54572556 ], [ -85.569573420000012, 10.54567698 ], [ -85.56957509, 10.54566441 ], [ -85.56958464, 10.54562179 ], [ -85.56959534, 10.54560619 ], [ -85.56960315, 10.54559657 ], [ -85.56961385, 10.54558088 ], [ -85.569619929999988, 10.54557362 ], [ -85.569626909999982, 10.54556346 ], [ -85.569635169999984, 10.54555303 ], [ -85.56964371, 10.54554394 ], [ -85.56965362, 10.54553459 ], [ -85.56966372, 10.54552658 ], [ -85.5696741, 10.54551984 ], [ -85.56968786, 10.54551309 ], [ -85.56971676, 10.54550282 ], [ -85.56973245, 10.54549849 ], [ -85.569762849999989, 10.54549608 ], [ -85.569776099999984, 10.54549701 ], [ -85.569823699999986, 10.54549813 ], [ -85.569850859999988, 10.54550378 ], [ -85.569878849999981, 10.54551349 ], [ -85.569892309999986, 10.54551903 ], [ -85.56991421, 10.54553257 ], [ -85.569936769999984, 10.54554999 ], [ -85.56994365, 10.54555683 ], [ -85.5699576, 10.54556851 ], [ -85.57002609, 10.54563831 ], [ -85.570048679999985, 10.5456626 ], [ -85.5700576, 10.54567313 ], [ -85.57008119, 10.54569579 ], [ -85.57009357, 10.54570639 ], [ -85.57010485, 10.5457151 ], [ -85.57013253, 10.54573358 ], [ -85.57015918, 10.54574692 ], [ -85.57017759, 10.54575695 ], [ -85.57018738, 10.54576124 ], [ -85.570197629999981, 10.54576471 ], [ -85.570214299999989, 10.5457724 ], [ -85.57022591, 10.54577569 ], [ -85.57024676, 10.54578047 ], [ -85.57025838, 10.54578375 ], [ -85.57026816, 10.54578461 ], [ -85.57029083, 10.54578838 ], [ -85.57030171, 10.54579113 ], [ -85.57032757, 10.54579362 ], [ -85.570372320000018, 10.5457906 ], [ -85.570390029999984, 10.54578997 ], [ -85.57040409, 10.54578791 ], [ -85.57042181, 10.54578728 ], [ -85.57043532, 10.54578604 ], [ -85.57045467, 10.54578305 ], [ -85.57046416999998, 10.54578264 ], [ -85.57047347, 10.54578088 ], [ -85.57049091, 10.54577889 ], [ -85.570509429999987, 10.54577537 ], [ -85.570526419999979, 10.5457742 ], [ -85.570559, 10.54576861 ], [ -85.57060596, 10.5457522 ], [ -85.57065271, 10.54573109 ], [ -85.57067392, 10.54571689 ], [ -85.57068590999998, 10.54570435 ], [ -85.57069498, 10.54569111 ], [ -85.57070358, 10.54567516 ], [ -85.57071093, 10.54564937 ], [ -85.57071206, 10.54563752 ], [ -85.5707139, 10.54560461 ], [ -85.57071272, 10.54558781 ], [ -85.570707659999982, 10.54556162 ], [ -85.570705649999979, 10.54554428 ], [ -85.57070209, 10.54552595 ], [ -85.5706992, 10.54551493 ], [ -85.57068911, 10.54548769 ], [ -85.57067719, 10.54546136 ], [ -85.570660899999979, 10.54543794 ], [ -85.570650689999979, 10.54542425 ], [ -85.570643619999984, 10.54541615 ], [ -85.57061213, 10.54538476 ], [ -85.57059397, 10.54536913 ], [ -85.57058214, 10.54536123 ], [ -85.570574709999988, 10.54535512 ], [ -85.57054557, 10.54533556 ], [ -85.57051763, 10.54531916 ], [ -85.57050892, 10.54531333 ], [ -85.57045624, 10.54528259 ], [ -85.5704468, 10.54527622 ], [ -85.57043278, 10.54526797 ], [ -85.57041381, 10.54525532 ], [ -85.57038705, 10.54523729 ], [ -85.570378889999986, 10.54523073 ], [ -85.57036935, 10.54522436 ], [ -85.57035147, 10.54521008 ], [ -85.5703334, 10.54519453 ], [ -85.57032148, 10.54518655 ], [ -85.57031129, 10.54517629 ], [ -85.570301289999989, 10.54516731 ], [ -85.57028631999998, 10.54515048 ], [ -85.57027528, 10.54513625 ], [ -85.57026699, 10.54512147 ], [ -85.5702513, 10.54509046 ], [ -85.570247419999987, 10.54508108 ], [ -85.57024074, 10.54506059 ], [ -85.57023246, 10.54503225 ], [ -85.570228899999989, 10.54501392 ], [ -85.57022369, 10.54499452 ], [ -85.57022224, 10.54497979 ], [ -85.57022018, 10.54496932 ], [ -85.570213749999979, 10.54494341 ], [ -85.57020767, 10.54491533 ], [ -85.57020452, 10.5449064 ], [ -85.57019686, 10.5448739 ], [ -85.57019433, 10.5448608 ], [ -85.57019054, 10.54483434 ], [ -85.570190299999979, 10.54482277 ], [ -85.570191159999979, 10.5448131 ], [ -85.57019237999998, 10.54480134 ], [ -85.57019826, 10.54475395 ], [ -85.57020453, 10.5447297 ], [ -85.57021263, 10.54470435 ], [ -85.57022237, 10.54468008 ], [ -85.57023095, 10.54466078 ], [ -85.570237099999986, 10.54465009 ], [ -85.570242169999986, 10.54464093 ], [ -85.57024889, 10.54463286 ], [ -85.570271919999982, 10.5445993 ], [ -85.57028527, 10.54458315 ], [ -85.57032253, 10.54454545 ], [ -85.57033799, 10.54453299 ], [ -85.57036513, 10.54451695 ], [ -85.57037834, 10.5445111 ], [ -85.57038874, 10.5445077 ], [ -85.57040250999998, 10.54450438 ], [ -85.57041383, 10.54450297 ], [ -85.570424229999986, 10.54449957 ], [ -85.570436639999983, 10.54449653 ], [ -85.57046338, 10.54449278 ], [ -85.57047772, 10.54449217 ], [ -85.570506039999984, 10.54449284 ], [ -85.57052002, 10.54449431 ], [ -85.57053584, 10.54449803 ], [ -85.57055221, 10.54450102 ], [ -85.57056838, 10.54450274 ], [ -85.57058503, 10.54450709 ], [ -85.570628099999979, 10.54451655 ], [ -85.57064465, 10.5445208 ], [ -85.57067034, 10.54452547 ], [ -85.57068461, 10.5445282 ], [ -85.570734529999982, 10.54453771 ], [ -85.570744299999987, 10.54453857 ], [ -85.57078891, 10.54454567 ], [ -85.57080353, 10.54454632 ], [ -85.570819879999988, 10.54454596 ], [ -85.57083523, 10.54454706 ], [ -85.5708524, 10.54454725 ], [ -85.57086912, 10.54454816 ], [ -85.57088575, 10.54454907 ], [ -85.57090082, 10.54454891 ], [ -85.57093125, 10.54454984 ], [ -85.5709487, 10.54455129 ], [ -85.57099107, 10.54455009 ], [ -85.571003759999982, 10.54454831 ], [ -85.571018629999983, 10.54454344 ], [ -85.57103184, 10.5445375 ], [ -85.571046229999979, 10.54453002 ], [ -85.571093499999989, 10.54450131 ], [ -85.571129449999987, 10.54447745 ], [ -85.57114539, 10.5444677 ], [ -85.57116825, 10.54445448 ], [ -85.57118072999998, 10.544448 ], [ -85.571196659999984, 10.54443816 ], [ -85.571211229999989, 10.5444286 ], [ -85.57122589, 10.54441904 ], [ -85.5712556, 10.54440588 ], [ -85.57127949, 10.54439798 ], [ -85.57134212, 10.54437381 ], [ -85.57135854, 10.54437002 ], [ -85.57137204, 10.54436535 ], [ -85.57138846, 10.54436156 ], [ -85.571414919999981, 10.54435655 ], [ -85.571428979999979, 10.54435458 ], [ -85.57145069, 10.54434968 ], [ -85.57146638, 10.54434536 ], [ -85.571481169999984, 10.54434393 ], [ -85.57150872, 10.54433728 ], [ -85.57152679, 10.54433457 ], [ -85.57155435, 10.54432793 ], [ -85.57157204, 10.54432386 ], [ -85.57159513, 10.54431887 ], [ -85.571655050000018, 10.54430203 ], [ -85.571746189999985, 10.54427988 ], [ -85.57176826, 10.54427299 ], [ -85.57178149, 10.5442704 ], [ -85.5718051, 10.54426115 ], [ -85.5718207, 10.54425683 ], [ -85.57184514, 10.54424812 ], [ -85.57185946, 10.54424407 ], [ -85.571886739999982, 10.54423951 ], [ -85.571903639999988, 10.54423834 ], [ -85.571917430000013, 10.54423845 ], [ -85.57194681999998, 10.54423424 ], [ -85.57196324, 10.54423036 ], [ -85.57199134, 10.54422299 ], [ -85.572022340000018, 10.54421298 ], [ -85.57204787, 10.54420273 ], [ -85.57207654, 10.54418433 ], [ -85.57210156, 10.54416469 ], [ -85.57211012, 10.54415895 ], [ -85.572131069999983, 10.54414682 ], [ -85.57214145, 10.54414008 ], [ -85.57216802, 10.54412142 ], [ -85.57219304, 10.54410169 ], [ -85.57223141999998, 10.54406923 ], [ -85.57226834, 10.54403705 ], [ -85.57227933999998, 10.54402615 ], [ -85.57229025, 10.54401525 ], [ -85.57233075, 10.54396949 ], [ -85.572363559999985, 10.5439367 ], [ -85.57237637999998, 10.5439248 ], [ -85.57238837, 10.54391227 ], [ -85.57240065, 10.54390109 ], [ -85.572421439999985, 10.54387739 ], [ -85.57243133, 10.54386469 ], [ -85.57244149, 10.54384982 ], [ -85.572473339999988, 10.54379145 ], [ -85.572480850000019, 10.54377704 ], [ -85.57249377, 10.54374815 ], [ -85.57249838, 10.54373981 ], [ -85.572505609999979, 10.54372414 ], [ -85.57250912, 10.54371391 ], [ -85.5725196, 10.54369017 ], [ -85.57253307, 10.5436638 ], [ -85.57253867, 10.54365058 ], [ -85.57255134, 10.54362711 ], [ -85.572556669999983, 10.54361587 ], [ -85.57257062, 10.54359212 ], [ -85.57258484, 10.54356973 ], [ -85.57259926, 10.5435486 ], [ -85.572609129999989, 10.54353246 ], [ -85.57262369999998, 10.54350455 ], [ -85.572636799999984, 10.54347692 ], [ -85.57265371, 10.54344375 ], [ -85.57266421, 10.54342346 ], [ -85.572668, 10.54341458 ], [ -85.572672789999984, 10.54340416 ], [ -85.572676839999986, 10.5433932 ], [ -85.57268596, 10.54337309 ], [ -85.572699909999983, 10.54334934 ], [ -85.57270798, 10.54333764 ], [ -85.57271622, 10.54332377 ], [ -85.57274242, 10.5432855 ], [ -85.57277827, 10.54323995 ], [ -85.57278897, 10.54322435 ], [ -85.572793500000017, 10.54321602 ], [ -85.572801019999986, 10.54320504 ], [ -85.57280981, 10.54319045 ], [ -85.57284418, 10.54312348 ], [ -85.57284986, 10.54311017 ], [ -85.57285792, 10.54309503 ], [ -85.57286569, 10.54307854 ], [ -85.57287374, 10.54306341 ], [ -85.572896469999989, 10.54302516 ], [ -85.572909679999981, 10.54300087 ], [ -85.572913929999984, 10.54299127 ], [ -85.572919089999985, 10.54298211 ], [ -85.572923329999981, 10.54297242 ], [ -85.57292767, 10.54296282 ], [ -85.57293572, 10.54294768 ], [ -85.57294267, 10.54293066 ], [ -85.57294653, 10.54291843 ], [ -85.57296369, 10.54287985 ], [ -85.572970129999987, 10.54287041 ], [ -85.57297475, 10.54286208 ], [ -85.57297579999998, 10.54285376 ], [ -85.5729783, 10.54284172 ], [ -85.57298126, 10.54283231 ], [ -85.57298669, 10.54282107 ], [ -85.57299046, 10.54280876 ], [ -85.57299525, 10.54279834 ], [ -85.572998569999982, 10.54278685 ], [ -85.57300343, 10.542773 ], [ -85.57300813, 10.54274423 ], [ -85.57300952, 10.54273039 ], [ -85.57301173, 10.5427171 ], [ -85.57302084, 10.5426752 ], [ -85.573029939999984, 10.54265175 ], [ -85.573037729999982, 10.5426387 ], [ -85.573043060000018, 10.54262746 ], [ -85.573051399999983, 10.54261368 ], [ -85.57307075, 10.54257535 ], [ -85.57307689, 10.54256122 ], [ -85.5730813, 10.54254819 ], [ -85.57308489, 10.54251762 ], [ -85.57308772, 10.54250007 ], [ -85.573087819999984, 10.54248308 ], [ -85.57308951, 10.54247394 ], [ -85.57309037, 10.54246426 ], [ -85.57309441, 10.54244987 ], [ -85.5731062, 10.5423973 ], [ -85.57310723, 10.5423672 ], [ -85.57310679, 10.54235102 ], [ -85.57310716, 10.54233529 ], [ -85.57310112, 10.542297 ], [ -85.57309728, 10.54227741 ], [ -85.57309467, 10.54226766 ], [ -85.57308874, 10.54225115 ], [ -85.573084649999984, 10.54223698 ], [ -85.57307891, 10.54222173 ], [ -85.57306174, 10.5421863 ], [ -85.573052379999979, 10.5421595 ], [ -85.57304758, 10.54213123 ], [ -85.57304394, 10.54211625 ], [ -85.57304358, 10.54209998 ], [ -85.573042049999984, 10.54208535 ], [ -85.57304162, 10.54207251 ], [ -85.57304383, 10.54205922 ], [ -85.57304661, 10.54204845 ], [ -85.57305329, 10.54203359 ], [ -85.573059799999982, 10.54202081 ], [ -85.57306778, 10.54200912 ], [ -85.573103, 10.54196429 ], [ -85.57311208, 10.54195448 ], [ -85.57312144, 10.54194585 ], [ -85.573138519999986, 10.54192769 ], [ -85.57314678, 10.54191725 ], [ -85.57315268, 10.54190864 ], [ -85.573163359999981, 10.5418896 ], [ -85.573166319999984, 10.54188019 ], [ -85.57317119, 10.54186643 ], [ -85.57319234, 10.54180531 ], [ -85.57319859, 10.54177763 ], [ -85.57319972, 10.54176578 ], [ -85.57320411, 10.54174931 ], [ -85.57320659, 10.54173393 ], [ -85.57321529, 10.54170099 ], [ -85.57322404, 10.54166127 ], [ -85.57322736, 10.54164977 ], [ -85.573238099999983, 10.54162396 ], [ -85.573245339999986, 10.54161172 ], [ -85.57325251, 10.54160283 ], [ -85.573261049999985, 10.54159375 ], [ -85.573269309999986, 10.54158331 ], [ -85.573283219999979, 10.54156986 ], [ -85.57328857, 10.54156197 ], [ -85.573293629999981, 10.54155291 ], [ -85.57329981, 10.54154556 ], [ -85.57330516, 10.54153776 ], [ -85.573313699999986, 10.54152868 ], [ -85.573321959999987, 10.54151824 ], [ -85.57332731, 10.54151044 ], [ -85.57335717, 10.54147351 ], [ -85.57338042, 10.541448 ], [ -85.57340869, 10.5414202 ], [ -85.5734073, 10.54141704 ], [ -85.57340948, 10.54141396 ], [ -85.57341776, 10.54140696 ], [ -85.57343659999998, 10.54139448 ], [ -85.57344726, 10.54138909 ], [ -85.5734769, 10.54137937 ], [ -85.573486749999987, 10.54137679 ], [ -85.57349997999998, 10.54137428 ], [ -85.57353732, 10.54137193 ], [ -85.57356564, 10.54137269 ], [ -85.57357882, 10.54137696 ], [ -85.57359171, 10.54137988 ], [ -85.573626239999982, 10.54139851 ], [ -85.57363733, 10.54140586 ], [ -85.57365126, 10.54141411 ], [ -85.573683699999989, 10.54143582 ], [ -85.57371048, 10.5414572 ], [ -85.573718359999987, 10.54146249 ], [ -85.57375306, 10.54149603 ], [ -85.5737604, 10.54150205 ], [ -85.573767279999984, 10.54150889 ], [ -85.57377986, 10.54152076 ], [ -85.573792789999985, 10.54153054 ], [ -85.573822959999987, 10.54155543 ], [ -85.573830849999979, 10.54156072 ], [ -85.57383828, 10.54156674 ], [ -85.57385276, 10.54157761 ], [ -85.57388117, 10.54159663 ], [ -85.573918, 10.54161687 ], [ -85.57393914, 10.54162644 ], [ -85.57395708, 10.54163385 ], [ -85.5739666, 10.54163678 ], [ -85.57398086, 10.54163952 ], [ -85.57399852, 10.54164566 ], [ -85.57401699, 10.54164892 ], [ -85.57403206, 10.54164884 ], [ -85.57406066, 10.54165087 ], [ -85.57406989, 10.54165245 ], [ -85.574085239999988, 10.54165364 ], [ -85.57410289, 10.54165635 ], [ -85.57413516, 10.54166315 ], [ -85.574170009999989, 10.54167283 ], [ -85.57420147, 10.54167909 ], [ -85.57422761, 10.54168294 ], [ -85.574245800000014, 10.54168493 ], [ -85.574255850000014, 10.54168704 ], [ -85.574275409999984, 10.54168875 ], [ -85.57431167, 10.54168803 ], [ -85.574331499999985, 10.54169101 ], [ -85.574346029999987, 10.54169166 ], [ -85.57436356, 10.54168967 ], [ -85.57437916, 10.54168535 ], [ -85.574392460000013, 10.54167941 ], [ -85.574403569999987, 10.5416732 ], [ -85.574424669999985, 10.5416543 ], [ -85.574433659999983, 10.5416444 ], [ -85.57444255, 10.54163315 ], [ -85.57446123, 10.54160585 ], [ -85.574465759999981, 10.54159751 ], [ -85.57447111, 10.54158971 ], [ -85.57447869, 10.54157196 ], [ -85.574485219999985, 10.54154554 ], [ -85.57448648, 10.54152357 ], [ -85.57448609, 10.54150052 ], [ -85.57448695, 10.54149085 ], [ -85.57448626, 10.54148009 ], [ -85.574487710000014, 10.54145939 ], [ -85.57448673, 10.54144737 ], [ -85.574486579999984, 10.5414359 ], [ -85.574484589999983, 10.54142199 ], [ -85.57447968, 10.54140728 ], [ -85.57447576, 10.54139103 ], [ -85.57446929, 10.54137524 ], [ -85.57446437, 10.54136054 ], [ -85.574458199999981, 10.54133255 ], [ -85.57445546, 10.54131467 ], [ -85.57444807, 10.54128009 ], [ -85.57443551999998, 10.54125457 ], [ -85.57442084, 10.5412071 ], [ -85.574413809999982, 10.54118879 ], [ -85.57440786, 10.54116884 ], [ -85.57440315, 10.54115883 ], [ -85.57440064, 10.54114908 ], [ -85.57439612, 10.54114043 ], [ -85.57438591, 10.54112674 ], [ -85.57436247, 10.54108022 ], [ -85.57435648, 10.54107049 ], [ -85.574352599999983, 10.54106111 ], [ -85.57434917, 10.54105082 ], [ -85.574339559999984, 10.54102954 ], [ -85.574336220000021, 10.54101934 ], [ -85.574334439999987, 10.54101013 ], [ -85.57433033, 10.54099262 ], [ -85.574326199999987, 10.54097158 ], [ -85.57432315, 10.54096274 ], [ -85.57431806, 10.54093312 ], [ -85.57431545999998, 10.54092337 ], [ -85.57430553, 10.5408757 ], [ -85.57429808, 10.54084789 ], [ -85.57429602, 10.54083733 ], [ -85.57429396, 10.54082686 ], [ -85.574290069999989, 10.54081747 ], [ -85.574283170000015, 10.54078886 ], [ -85.574279599999983, 10.54077053 ], [ -85.57427358, 10.54075393 ], [ -85.57426846, 10.54073452 ], [ -85.57426722, 10.54072458 ], [ -85.574261779999986, 10.54067879 ], [ -85.574256909999988, 10.54065386 ], [ -85.57425648, 10.54064103 ], [ -85.574256049999988, 10.5406282 ], [ -85.57425616, 10.54061455 ], [ -85.57425701, 10.54060153 ], [ -85.574257949999989, 10.54058842 ], [ -85.57426257, 10.54056309 ], [ -85.57426514, 10.54054762 ], [ -85.57426707, 10.54053297 ], [ -85.57427488, 10.54050636 ], [ -85.574280569999985, 10.54049305 ], [ -85.57428727, 10.54048153 ], [ -85.574295789999979, 10.54046902 ], [ -85.5743076, 10.54045522 ], [ -85.5743326, 10.54043214 ], [ -85.574355510000018, 10.54041214 ], [ -85.57437016999998, 10.54040258 ], [ -85.57438156, 10.54039764 ], [ -85.574395129999985, 10.54038962 ], [ -85.57440972, 10.54038349 ], [ -85.5744222, 10.54037701 ], [ -85.57443278, 10.54037497 ], [ -85.57444446, 10.54037148 ], [ -85.57445823, 10.54036816 ], [ -85.57447146, 10.54036565 ], [ -85.57448443, 10.54036522 ], [ -85.574499029999984, 10.54036244 ], [ -85.57452705, 10.54035841 ], [ -85.57455543, 10.54035231 ], [ -85.574570289999983, 10.54034744 ], [ -85.57458542, 10.5403405 ], [ -85.57459918, 10.54033383 ], [ -85.5746101, 10.54032628 ], [ -85.574622649999981, 10.54031645 ], [ -85.57463356, 10.54030555 ], [ -85.57465253, 10.54028286 ], [ -85.574667489999982, 10.540261 ], [ -85.57469584, 10.54021278 ], [ -85.574703349999979, 10.54019846 ], [ -85.574709859999984, 10.54018568 ], [ -85.57471391, 10.54017473 ], [ -85.57471834, 10.54014804 ], [ -85.57472086, 10.54012236 ], [ -85.57472524, 10.54010255 ], [ -85.574728559999983, 10.54009105 ], [ -85.574750579999986, 10.54003861 ], [ -85.574756550000018, 10.54002656 ], [ -85.57476574, 10.53982288 ], [ -85.574733699999982, 10.53966432 ], [ -85.57473637, 10.5396146 ], [ -85.574726519999984, 10.53956503 ], [ -85.57471772, 10.539468 ], [ -85.574716199999983, 10.53942101 ], [ -85.57472327, 10.53937316 ], [ -85.5747404, 10.53933014 ], [ -85.57476669, 10.53929024 ], [ -85.574799379999988, 10.53925257 ], [ -85.57486974, 10.53918742 ], [ -85.57491181, 10.5391619 ], [ -85.574956290000017, 10.53914261 ], [ -85.575, 10.53912912 ], [ -85.57500006, 10.5391291 ], [ -85.575004169999985, 10.53912791 ], [ -85.575057019999988, 10.53912231 ], [ -85.57520218, 10.53912529 ], [ -85.575227659999982, 10.53912435 ], [ -85.57537161, 10.53908974 ], [ -85.57543851, 10.53905977 ], [ -85.57553077999998, 10.53902903 ], [ -85.575578669999985, 10.5389986 ], [ -85.57572078, 10.53892378 ], [ -85.57577661, 10.5388916 ], [ -85.57586319, 10.53883558 ], [ -85.575908, 10.53881086 ], [ -85.57602696, 10.53872703 ], [ -85.576068479999989, 10.53870233 ], [ -85.57615586999998, 10.53866257 ], [ -85.576200819999983, 10.53864572 ], [ -85.57624669, 10.53863076 ], [ -85.576343779999988, 10.53861238 ], [ -85.57643946, 10.53858632 ], [ -85.57648375, 10.53856577 ], [ -85.576567720000014, 10.53851799 ], [ -85.576645069999984, 10.5384622 ], [ -85.576982053206663, 10.538191435808168 ], [ -85.577003329999968, 10.53821638 ], [ -85.5775929, 10.53853484 ], [ -85.578487939999974, 10.53903833 ], [ -85.57916202, 10.53944956 ], [ -85.579952239999983, 10.53999506 ], [ -85.58034302, 10.54044918 ], [ -85.58062913, 10.54095589 ], [ -85.58084091, 10.54130723 ], [ -85.58088462, 10.54163872 ], [ -85.58089662, 10.54194967 ], [ -85.580803389999986, 10.54218857 ], [ -85.58081574000002, 10.5425513 ], [ -85.581021579999984, 10.54327587 ], [ -85.5811892, 10.54424421 ], [ -85.58136654, 10.5450415 ], [ -85.58155875, 10.54567286 ], [ -85.581876769999965, 10.54625704 ], [ -85.58208856, 10.54660848 ], [ -85.58262978999997, 10.5477408 ], [ -85.583282729999965, 10.54915772 ], [ -85.5836343, 10.55000017 ], [ -85.58363431, 10.55000021 ], [ -85.58363432, 10.55000023 ], [ -85.58380119, 10.55028329 ], [ -85.584039129999979, 10.5506054 ], [ -85.58427195, 10.5510115 ], [ -85.58440278, 10.55130169 ], [ -85.584619939999982, 10.55161279 ], [ -85.584858329999989, 10.55185979 ], [ -85.58499658, 10.55200693 ], [ -85.585046759999983, 10.55217807 ], [ -85.585198779999985, 10.55239721 ], [ -85.58553788, 10.55267218 ], [ -85.58573956, 10.55277754 ], [ -85.58599033, 10.55292031 ], [ -85.5861942, 10.55315831 ], [ -85.58679411, 10.55386471 ], [ -85.587118479999972, 10.55406165 ], [ -85.58740688, 10.55424468 ], [ -85.5876659, 10.55432852 ], [ -85.58779608, 10.554491 ], [ -85.587985309999979, 10.55496529 ], [ -85.5880151, 10.5551638 ], [ -85.58791599, 10.55544801 ], [ -85.587831869999974, 10.55585985 ], [ -85.587833989999979, 10.55627127 ], [ -85.58801738, 10.55669338 ], [ -85.588617869999979, 10.55781369 ], [ -85.588870749999984, 10.55842612 ], [ -85.5889405, 10.55870243 ], [ -85.58896046, 10.55910308 ], [ -85.588907789999979, 10.55934096 ], [ -85.58885537, 10.55962856 ], [ -85.58887121, 10.55990161 ], [ -85.588958819999988, 10.56017069 ], [ -85.5891438, 10.56052795 ], [ -85.5892842, 10.56072232 ], [ -85.58945805999997, 10.56083476 ], [ -85.589566549999986, 10.5609903 ], [ -85.58965387, 10.56120262 ], [ -85.58980216, 10.56138635 ], [ -85.589993169999971, 10.56151301 ], [ -85.59048624, 10.56168785 ], [ -85.591073719999969, 10.56205022 ], [ -85.591360409999965, 10.56218368 ], [ -85.591616810000019, 10.562236 ], [ -85.59188277, 10.56219157 ], [ -85.59265568, 10.56195015 ], [ -85.59315116, 10.56188375 ], [ -85.59339537, 10.56187547 ], [ -85.59360449, 10.56202336 ], [ -85.59372722, 10.56212207 ], [ -85.59386446, 10.56227033 ], [ -85.59391577000001, 10.56246159 ], [ -85.59390339, 10.56285889 ], [ -85.593862509999965, 10.56329176 ], [ -85.59380772, 10.56380983 ], [ -85.59369391, 10.56402326 ], [ -85.593501569999972, 10.56435051 ], [ -85.593480859999971, 10.56451376 ], [ -85.59353187, 10.56466245 ], [ -85.59353959, 10.56476174 ], [ -85.59346117, 10.56487557 ], [ -85.59323187, 10.56499739 ], [ -85.59302381, 10.56505511 ], [ -85.5928011, 10.56507042 ], [ -85.59257082, 10.56500072 ], [ -85.59242651, 10.56488079 ], [ -85.59221028, 10.56475426 ], [ -85.592044639999983, 10.564677 ], [ -85.591893739999989, 10.56467776 ], [ -85.59172886, 10.56474955 ], [ -85.59155714, 10.56489231 ], [ -85.591292349999989, 10.56509222 ], [ -85.59114273, 10.56534125 ], [ -85.59099343, 10.5656541 ], [ -85.590845139999985, 10.56614436 ], [ -85.59062014, 10.56666692 ], [ -85.590536719999989, 10.56690169 ], [ -85.59050364, 10.56718295 ], [ -85.590505, 10.56744695 ], [ -85.590585059999967, 10.56791491 ], [ -85.590655649999988, 10.56821264 ], [ -85.59070052, 10.56855306 ], [ -85.59072768, 10.56880844 ], [ -85.590643379999975, 10.56918359 ], [ -85.590463249999971, 10.56938036 ], [ -85.59032729, 10.56957291 ], [ -85.590259, 10.57008191 ], [ -85.589974790000014, 10.57111819 ], [ -85.58993036, 10.57144557 ], [ -85.58986275, 10.57170992 ], [ -85.589709089999985, 10.57202586 ], [ -85.58956357, 10.57225653 ], [ -85.589495869999965, 10.5725038 ], [ -85.589531179999966, 10.57267399 ], [ -85.5897047, 10.57286048 ], [ -85.58999885, 10.57302078 ], [ -85.59032695, 10.57307019 ], [ -85.590501939999982, 10.57304581 ], [ -85.59068728, 10.57292704 ], [ -85.5909748, 10.57367981 ], [ -85.59104872, 10.57426409 ], [ -85.59098151, 10.57498356 ], [ -85.59070683, 10.57557545 ], [ -85.590184429999965, 10.57625629 ], [ -85.589313869999984, 10.57703243 ], [ -85.58833226, 10.57804884 ], [ -85.58758611, 10.57888866 ], [ -85.587721808050475, 10.578735926891181 ], [ -85.581773609249026, 10.578532140477474 ], [ -85.58169693, 10.57859639 ], [ -85.58167037, 10.57863828 ], [ -85.58159688, 10.57869957 ], [ -85.581552909999985, 10.57873088 ], [ -85.58150882, 10.57875433 ], [ -85.58147258, 10.57877756 ], [ -85.581443199999981, 10.57881865 ], [ -85.581425469999985, 10.57887207 ], [ -85.581420619999989, 10.57892307 ], [ -85.58142366, 10.57908791 ], [ -85.58140639, 10.57924797 ], [ -85.5813874, 10.57935698 ], [ -85.58138652, 10.57941845 ], [ -85.581408219999986, 10.57953493 ], [ -85.58141434, 10.57958787 ], [ -85.581411779999982, 10.57964039 ], [ -85.581396479999981, 10.57968548 ], [ -85.58137414, 10.57971135 ], [ -85.581342559999982, 10.57971666 ], [ -85.58129954, 10.57970097 ], [ -85.581252359999979, 10.57967364 ], [ -85.58121083, 10.57964456 ], [ -85.58117163, 10.57960707 ], [ -85.581139769999979, 10.57955905 ], [ -85.58111869, 10.57950827 ], [ -85.58108785, 10.57946206 ], [ -85.581047990000016, 10.57942078 ], [ -85.58101003, 10.57939295 ], [ -85.58096606, 10.57936895 ], [ -85.580914899999982, 10.57935221 ], [ -85.58087745, 10.57935131 ], [ -85.58083516, 10.57937051 ], [ -85.5807976, 10.57940386 ], [ -85.58076209, 10.57944417 ], [ -85.58073518, 10.57948814 ], [ -85.58071626, 10.57953849 ], [ -85.58070754, 10.57963895 ], [ -85.58071347, 10.57969053 ], [ -85.58072795, 10.57973465 ], [ -85.58075958, 10.57988218 ], [ -85.58076882, 10.57993718 ], [ -85.58077034999998, 10.57998697 ], [ -85.580777229999981, 10.58004695 ], [ -85.58078927, 10.58009606 ], [ -85.58080429, 10.58013937 ], [ -85.58082814, 10.5801942 ], [ -85.58089615, 10.58029211 ], [ -85.58109235, 10.58051952 ], [ -85.581204199999988, 10.58063357 ], [ -85.58123482, 10.58067192 ], [ -85.58126244, 10.58071489 ], [ -85.58127893, 10.58075919 ], [ -85.58130234, 10.5808537 ], [ -85.58130395, 10.58090015 ], [ -85.58129679, 10.58094628 ], [ -85.581262, 10.58103919 ], [ -85.581250549999979, 10.58108679 ], [ -85.58123585, 10.58119433 ], [ -85.581237660000014, 10.58124538 ], [ -85.58125281, 10.58134861 ], [ -85.581256989999986, 10.58139794 ], [ -85.58124626999998, 10.58144608 ], [ -85.58122658, 10.58148929 ], [ -85.58119744, 10.58152505 ], [ -85.581148179999985, 10.58155612 ], [ -85.58105152, 10.58159068 ], [ -85.58100709, 10.58160174 ], [ -85.58091934, 10.58164457 ], [ -85.58083722, 10.58169885 ], [ -85.58079911999998, 10.58173303 ], [ -85.580768919999983, 10.58177693 ], [ -85.58073826, 10.58187361 ], [ -85.58072855, 10.5819203 ], [ -85.58072367, 10.58196795 ], [ -85.580725509999979, 10.58202235 ], [ -85.580736069999986, 10.58207038 ], [ -85.58076826, 10.58216521 ], [ -85.580774340000019, 10.58219365 ], [ -85.58076205, 10.58221975 ], [ -85.58073, 10.58224024 ], [ -85.58068426, 10.5822449 ], [ -85.58062812999998, 10.58223696 ], [ -85.580577329999983, 10.58223595 ], [ -85.5805233, 10.58224616 ], [ -85.58047483, 10.58227108 ], [ -85.58044018, 10.58230198 ], [ -85.580423179999983, 10.58233479 ], [ -85.58042094, 10.58237872 ], [ -85.58043763, 10.58242763 ], [ -85.58046599, 10.58247105 ], [ -85.580619399999989, 10.58260107 ], [ -85.58082348, 10.58276174 ], [ -85.580899529999982, 10.58282517 ], [ -85.58092823, 10.58286325 ], [ -85.58097656, 10.5829524 ], [ -85.58100224, 10.58300948 ], [ -85.58101847, 10.58305586 ], [ -85.58102618, 10.58309993 ], [ -85.58101741, 10.58313387 ], [ -85.580981419999986, 10.58317156 ], [ -85.58093744, 10.58319961 ], [ -85.58088366, 10.58322094 ], [ -85.58083158, 10.58323792 ], [ -85.5807851, 10.58324204 ], [ -85.580736449999989, 10.58323144 ], [ -85.580696399999979, 10.5832067 ], [ -85.58066226, 10.58315707 ], [ -85.580643949999981, 10.58311378 ], [ -85.58061897, 10.58307034 ], [ -85.58059000999998, 10.58303424 ], [ -85.58055163, 10.58299728 ], [ -85.580508, 10.58296795 ], [ -85.580456719999987, 10.58294335 ], [ -85.58040342, 10.5829362 ], [ -85.580351739999983, 10.58294125 ], [ -85.580297449999989, 10.58295346 ], [ -85.58024091999998, 10.58295754 ], [ -85.580193559999984, 10.58294991 ], [ -85.58014624, 10.58293243 ], [ -85.58004836, 10.58288755 ], [ -85.579951449999982, 10.58285441 ], [ -85.57982268, 10.58279098 ], [ -85.579681109999981, 10.58270555 ], [ -85.57958448, 10.58263933 ], [ -85.57955195, 10.58260199 ], [ -85.57945807, 10.58241139 ], [ -85.579433649999984, 10.58237048 ], [ -85.579404149999988, 10.58233519 ], [ -85.57936889, 10.5823003 ], [ -85.57932935, 10.58226814 ], [ -85.579270109999982, 10.58224042 ], [ -85.57921991, 10.58223209 ], [ -85.57911028, 10.58223028 ], [ -85.57906238, 10.58222347 ], [ -85.57900856, 10.5822204 ], [ -85.57890927, 10.58224105 ], [ -85.57886138, 10.5822553 ], [ -85.57876339, 10.58229674 ], [ -85.57872104, 10.58230472 ], [ -85.57861388, 10.58228465 ], [ -85.57847019, 10.58223331 ], [ -85.57838442, 10.58218213 ], [ -85.578333139999984, 10.58215753 ], [ -85.57828192, 10.58214414 ], [ -85.57823056, 10.5821406 ], [ -85.5781841, 10.58214797 ], [ -85.57813642, 10.58216683 ], [ -85.57797614, 10.5822826 ], [ -85.57792232, 10.58229733 ], [ -85.57786425, 10.58230359 ], [ -85.57776293, 10.58230292 ], [ -85.57771173, 10.5823105 ], [ -85.577610920000012, 10.58233676 ], [ -85.57756957, 10.58236101 ], [ -85.57748887, 10.58242622 ], [ -85.57741783, 10.58250349 ], [ -85.57738132, 10.5825288 ], [ -85.57728698, 10.58255051 ], [ -85.577243039999985, 10.58255082 ], [ -85.57719754, 10.58253234 ], [ -85.57711489, 10.58248331 ], [ -85.57707592, 10.58245377 ], [ -85.57696205, 10.58233937 ], [ -85.57692186, 10.58230342 ], [ -85.57688435, 10.58227487 ], [ -85.57683534, 10.58224854 ], [ -85.5766888, 10.58219306 ], [ -85.576635829999987, 10.58217732 ], [ -85.57658718, 10.58216663 ], [ -85.57654316, 10.58215248 ], [ -85.57649041, 10.58214461 ], [ -85.57643646, 10.58215148 ], [ -85.576393339999981, 10.58217013 ], [ -85.576352839999984, 10.58219817 ], [ -85.576314809999985, 10.582229 ], [ -85.57628843000002, 10.5822689 ], [ -85.57621577, 10.58235178 ], [ -85.57617342, 10.58237748 ], [ -85.57612567, 10.58238188 ], [ -85.57602453, 10.58237913 ], [ -85.575978369999987, 10.58237457 ], [ -85.575931609999984, 10.58235971 ], [ -85.57583858, 10.58231589 ], [ -85.57579926, 10.58229159 ], [ -85.57575631, 10.58225159 ], [ -85.57572317, 10.58220376 ], [ -85.5757025, 10.58216219 ], [ -85.57568149, 10.58210816 ], [ -85.575654359999987, 10.58200128 ], [ -85.575637929999985, 10.5819503 ], [ -85.575598519999986, 10.58185297 ], [ -85.57553773, 10.58172005 ], [ -85.57551241, 10.58168194 ], [ -85.57547869, 10.58164478 ], [ -85.575355959999982, 10.58154661 ], [ -85.57528938, 10.58147744 ], [ -85.57525698, 10.58143015 ], [ -85.57523894, 10.58138477 ], [ -85.57522277, 10.5813318 ], [ -85.57520225, 10.58128355 ], [ -85.57517282, 10.58124492 ], [ -85.57513747, 10.58121012 ], [ -85.57509642, 10.58118682 ], [ -85.575044109999979, 10.58117488 ], [ -85.575000099999983, 10.58117962 ], [ -85.57500003, 10.58117963 ], [ -85.57499453, 10.58118028 ], [ -85.57494155, 10.58119881 ], [ -85.57489712, 10.58122759 ], [ -85.5748615, 10.58124675 ], [ -85.57481117, 10.58124835 ], [ -85.574764590000015, 10.58123141 ], [ -85.5747186, 10.58120706 ], [ -85.57459421999998, 10.58112435 ], [ -85.57454609, 10.58110967 ], [ -85.574511449999989, 10.58110632 ], [ -85.57446681, 10.5811305 ], [ -85.57443102, 10.58116954 ], [ -85.574391189999986, 10.58120472 ], [ -85.574346529999985, 10.58122555 ], [ -85.574286299999983, 10.58122043 ], [ -85.57405614, 10.5812101 ], [ -85.57400395, 10.58120548 ], [ -85.57397358, 10.58121503 ], [ -85.57387916, 10.58132992 ], [ -85.57379294, 10.5814587 ], [ -85.573768959999981, 10.58150302 ], [ -85.57369911, 10.58165412 ], [ -85.57362048, 10.5817844 ], [ -85.57355579999998, 10.58187239 ], [ -85.57346103, 10.58199054 ], [ -85.57341736, 10.58202556 ], [ -85.573367839999989, 10.58204325 ], [ -85.57331499, 10.5820502 ], [ -85.57327118, 10.58204084 ], [ -85.57324934, 10.58202161 ], [ -85.57323667, 10.58197259 ], [ -85.57321617, 10.5819304 ], [ -85.57318249, 10.58190029 ], [ -85.573137, 10.58188298 ], [ -85.57308764, 10.58187681 ], [ -85.57298141, 10.58187842 ], [ -85.572923319999987, 10.58188034 ], [ -85.57286563, 10.5818893 ], [ -85.5727637, 10.58191078 ], [ -85.572660629999987, 10.58194175 ], [ -85.57261524, 10.58196367 ], [ -85.57257515, 10.58200111 ], [ -85.572544740000012, 10.58203949 ], [ -85.572488089999979, 10.58212582 ], [ -85.572476969999983, 10.58216646 ], [ -85.57249169, 10.58225948 ], [ -85.57247975, 10.5823013 ], [ -85.572450159999988, 10.5823385 ], [ -85.57241772, 10.5823722 ], [ -85.572374609999983, 10.58239058 ], [ -85.57232376, 10.58239716 ], [ -85.57226718, 10.58239148 ], [ -85.572167, 10.58236287 ], [ -85.572081409999981, 10.58230961 ], [ -85.57204252, 10.58227953 ], [ -85.57199651, 10.58224993 ], [ -85.57194098, 10.58223466 ], [ -85.57189212, 10.58223563 ], [ -85.57184059, 10.58225369 ], [ -85.571802829999982, 10.58228235 ], [ -85.57177039, 10.58231604 ], [ -85.571754899999988, 10.58236068 ], [ -85.571759199999988, 10.58241453 ], [ -85.57178518, 10.58251138 ], [ -85.571843949999987, 10.58269755 ], [ -85.57186554, 10.58279324 ], [ -85.57186986, 10.58285233 ], [ -85.57186033, 10.58295352 ], [ -85.57185792, 10.58305431 ], [ -85.57185019, 10.5831159 ], [ -85.57183924, 10.58317199 ], [ -85.57179223, 10.58332244 ], [ -85.57179019, 10.58333339 ], [ -85.57179017, 10.58333348 ], [ -85.57177036, 10.58343969 ], [ -85.571711439999987, 10.58347695 ], [ -85.57166725, 10.58349968 ], [ -85.57162157, 10.58353515 ], [ -85.5715985, 10.5835782 ], [ -85.57158621, 10.58362318 ], [ -85.57156106, 10.58367193 ], [ -85.5714985, 10.58376462 ], [ -85.57146809, 10.58380309 ], [ -85.571441029999988, 10.58385221 ], [ -85.57141835, 10.5839024 ], [ -85.5713883, 10.58393771 ], [ -85.571346979999987, 10.5839691 ], [ -85.571300439999987, 10.58399545 ], [ -85.57125127, 10.58400998 ], [ -85.57120086, 10.5840133 ], [ -85.57114737, 10.58400281 ], [ -85.57109902, 10.58398199 ], [ -85.571009299999986, 10.58392432 ], [ -85.57096026, 10.58390984 ], [ -85.5709081, 10.58391046 ], [ -85.57079444, 10.58392612 ], [ -85.57074336, 10.58394101 ], [ -85.57064279, 10.58397866 ], [ -85.57059615, 10.58400502 ], [ -85.570562169999988, 10.58404107 ], [ -85.57053141, 10.58408271 ], [ -85.57050906, 10.58412467 ], [ -85.57050898, 10.58421668 ], [ -85.57051354, 10.58426736 ], [ -85.57052304, 10.58432118 ], [ -85.570526439999981, 10.58443423 ], [ -85.57051183, 10.5844879 ], [ -85.57048677, 10.58453665 ], [ -85.57045767, 10.584581 ], [ -85.57029202, 10.58477298 ], [ -85.570247039999984, 10.58480204 ], [ -85.570202759999987, 10.58482477 ], [ -85.57011388, 10.58486308 ], [ -85.56990719, 10.58494175 ], [ -85.56986419, 10.58496519 ], [ -85.569834359999987, 10.58499218 ], [ -85.56982897, 10.58501083 ], [ -85.56986195, 10.58504736 ], [ -85.57003361, 10.58515596 ], [ -85.57011848, 10.58521049 ], [ -85.57015251, 10.58523744 ], [ -85.570169289999981, 10.585267 ], [ -85.57016253, 10.58530364 ], [ -85.57014629, 10.58532559 ], [ -85.57010492, 10.58534668 ], [ -85.570056079999986, 10.58535288 ], [ -85.56990688, 10.58534911 ], [ -85.56986962, 10.58535074 ], [ -85.56982816, 10.58537183 ], [ -85.56980515, 10.5853911 ], [ -85.569792719999981, 10.58542578 ], [ -85.56980292, 10.58547327 ], [ -85.56984022, 10.5855688 ], [ -85.56992304, 10.58576018 ], [ -85.56997139, 10.58590718 ], [ -85.57002416, 10.5860997 ], [ -85.5700948, 10.58630199 ], [ -85.57011299, 10.58641081 ], [ -85.570106559999985, 10.58651243 ], [ -85.570091919999982, 10.58656095 ], [ -85.57004236, 10.58664173 ], [ -85.57000675, 10.58668023 ], [ -85.569962349999983, 10.58671642 ], [ -85.569923739999979, 10.58674111 ], [ -85.56978471, 10.58681375 ], [ -85.569756139999981, 10.58683631 ], [ -85.56974016, 10.58687371 ], [ -85.56974151, 10.58692414 ], [ -85.569751850000017, 10.58698184 ], [ -85.569785669999987, 10.58712981 ], [ -85.56978107, 10.58717629 ], [ -85.56974796, 10.58722147 ], [ -85.56960435, 10.58731167 ], [ -85.56956388, 10.58734703 ], [ -85.56953905, 10.58738737 ], [ -85.56953162, 10.58743549 ], [ -85.56953743, 10.58748183 ], [ -85.56956074999998, 10.58752239 ], [ -85.56959245, 10.58755811 ], [ -85.56960934, 10.58759282 ], [ -85.56961087, 10.58762454 ], [ -85.56960075, 10.58764529 ], [ -85.56957593, 10.58765156 ], [ -85.56952315, 10.58772675 ], [ -85.56945797, 10.58780761 ], [ -85.569426859999979, 10.58785241 ], [ -85.569404649999981, 10.58790458 ], [ -85.56939556, 10.58794991 ], [ -85.56940661, 10.58800137 ], [ -85.56943038999998, 10.58804392 ], [ -85.56946683, 10.58807763 ], [ -85.56951718000002, 10.58809807 ], [ -85.569565, 10.5881066 ], [ -85.56962373, 10.58812213 ], [ -85.569666489999989, 10.58814108 ], [ -85.56970087, 10.58816486 ], [ -85.569720029999985, 10.58819594 ], [ -85.56971647, 10.58823293 ], [ -85.56968653, 10.5882733 ], [ -85.56963753, 10.58830328 ], [ -85.569595699999979, 10.58832238 ], [ -85.56954333, 10.58833647 ], [ -85.56937917, 10.58835554 ], [ -85.56933059, 10.58837711 ], [ -85.56930606, 10.58840399 ], [ -85.56929461999998, 10.58845285 ], [ -85.5692966, 10.5885548 ], [ -85.5693068, 10.58860229 ], [ -85.56932657, 10.58864566 ], [ -85.56935355, 10.58868855 ], [ -85.569388099999983, 10.58872788 ], [ -85.56943066, 10.58876029 ], [ -85.56947786, 10.58879061 ], [ -85.56952379, 10.58880475 ], [ -85.56962651, 10.58881111 ], [ -85.56977321, 10.58880821 ], [ -85.56982411, 10.58881193 ], [ -85.56987478, 10.58882406 ], [ -85.569911979999986, 10.5888462 ], [ -85.56993981, 10.58889306 ], [ -85.569952389999983, 10.58894208 ], [ -85.569961909999989, 10.58903521 ], [ -85.56995248, 10.58908371 ], [ -85.56993748, 10.58913539 ], [ -85.569907569999984, 10.589181 ], [ -85.56986695, 10.58920606 ], [ -85.56981741, 10.5892186 ], [ -85.56977557, 10.5892377 ], [ -85.569730709999988, 10.58927191 ], [ -85.56969949, 10.58931156 ], [ -85.56968129, 10.58936299 ], [ -85.56967305, 10.58941229 ], [ -85.569678859999982, 10.58945863 ], [ -85.56969298, 10.58950519 ], [ -85.56972366, 10.58955565 ], [ -85.56975536, 10.58959138 ], [ -85.56978519, 10.58963778 ], [ -85.56978999, 10.58966469 ], [ -85.56976243, 10.58970667 ], [ -85.56972949999998, 10.58973323 ], [ -85.56963184, 10.58975071 ], [ -85.569530430000015, 10.58975031 ], [ -85.56947384999998, 10.58974463 ], [ -85.56941666, 10.58972665 ], [ -85.569188509999989, 10.58959366 ], [ -85.569141859999988, 10.58958079 ], [ -85.56903388, 10.58956424 ], [ -85.568914609999979, 10.58955408 ], [ -85.56874872, 10.58955491 ], [ -85.56869621, 10.58955869 ], [ -85.56864462999998, 10.58956645 ], [ -85.56859582, 10.58957772 ], [ -85.56854629999998, 10.58959532 ], [ -85.56844585, 10.58963821 ], [ -85.568294099999989, 10.58969076 ], [ -85.5682365, 10.58969981 ], [ -85.568134279999981, 10.58970059 ], [ -85.56808424, 10.58970599 ], [ -85.568036730000017, 10.58972313 ], [ -85.56799813, 10.58974782 ], [ -85.56796237, 10.58977601 ], [ -85.56793196, 10.58981449 ], [ -85.56791007, 10.58985834 ], [ -85.56782184, 10.58998749 ], [ -85.56778739, 10.59002164 ], [ -85.56775466, 10.59003473 ], [ -85.567697269999982, 10.59003023 ], [ -85.56759993999998, 10.59000522 ], [ -85.567550579999988, 10.58999905 ], [ -85.56748919, 10.59000053 ], [ -85.56745242, 10.5900093 ], [ -85.56741678, 10.59004265 ], [ -85.567399309999985, 10.5900929 ], [ -85.567376629999984, 10.59030333 ], [ -85.56735636, 10.59041307 ], [ -85.567339409999988, 10.59047552 ], [ -85.5673172, 10.59052778 ], [ -85.567268949999985, 10.59061443 ], [ -85.56724826, 10.59065909 ], [ -85.56723478, 10.59070326 ], [ -85.56720073, 10.59087064 ], [ -85.56717161, 10.59098322 ], [ -85.56715278999998, 10.59109051 ], [ -85.56715739, 10.59120437 ], [ -85.5671848, 10.59131234 ], [ -85.56721965, 10.5914114 ], [ -85.56723523, 10.59147432 ], [ -85.56726466, 10.59162114 ], [ -85.56726991, 10.59168411 ], [ -85.567258350000017, 10.59172791 ], [ -85.567232799999985, 10.59176944 ], [ -85.56720073, 10.59180512 ], [ -85.567157529999989, 10.59184212 ], [ -85.567105649999988, 10.59186335 ], [ -85.56705006, 10.59187194 ], [ -85.56680376, 10.59196093 ], [ -85.56670953, 10.59202313 ], [ -85.566592789999987, 10.59211698 ], [ -85.566478939999982, 10.59221941 ], [ -85.56644216, 10.59226235 ], [ -85.566408689999989, 10.59231069 ], [ -85.56632334, 10.59244858 ], [ -85.56628987, 10.59249693 ], [ -85.56626633, 10.59253808 ], [ -85.56619909, 10.59268248 ], [ -85.5660883, 10.59286705 ], [ -85.566008269999983, 10.59300999 ], [ -85.56593526, 10.59320522 ], [ -85.565915759999982, 10.59325069 ], [ -85.56586669, 10.59333851 ], [ -85.565841489999983, 10.59337687 ], [ -85.565809049999984, 10.59341056 ], [ -85.56576407, 10.59343962 ], [ -85.565713029999984, 10.59346482 ], [ -85.5656566, 10.59346953 ], [ -85.565600369999984, 10.59346059 ], [ -85.565546499999982, 10.5934482 ], [ -85.56549704, 10.59344203 ], [ -85.565440579999986, 10.5934415 ], [ -85.56539481999998, 10.59344281 ], [ -85.56533804, 10.59345069 ], [ -85.565280810000019, 10.59346164 ], [ -85.56524808, 10.59347472 ], [ -85.565225559999988, 10.59350114 ], [ -85.56522207, 10.59360636 ], [ -85.56521014, 10.59364809 ], [ -85.56517725, 10.59368495 ], [ -85.56514815, 10.59372938 ], [ -85.565113679999982, 10.59375829 ], [ -85.565015319999986, 10.5937821 ], [ -85.56496734, 10.59379734 ], [ -85.5648684, 10.59383263 ], [ -85.564813209999983, 10.59384836 ], [ -85.564788619999987, 10.59386493 ], [ -85.56477806, 10.59388885 ], [ -85.56479346, 10.59393622 ], [ -85.56482635, 10.59397275 ], [ -85.56487167, 10.59400868 ], [ -85.56500616, 10.59408484 ], [ -85.5650525, 10.59410612 ], [ -85.56514296, 10.59412845 ], [ -85.5651765, 10.59414826 ], [ -85.56518554, 10.59416602 ], [ -85.56516991, 10.59420035 ], [ -85.56498539, 10.59432907 ], [ -85.564932319999983, 10.59434958 ], [ -85.56483626, 10.59439353 ], [ -85.56478436, 10.59440961 ], [ -85.56473836, 10.59441923 ], [ -85.56467925, 10.59443589 ], [ -85.564582189999982, 10.59446556 ], [ -85.56448724, 10.59447616 ], [ -85.564424919999979, 10.59449238 ], [ -85.56431312, 10.59453143 ], [ -85.56426858, 10.59455732 ], [ -85.56423334, 10.59459781 ], [ -85.56420304, 10.59464135 ], [ -85.564191780000016, 10.59467168 ], [ -85.564222189999981, 10.59486685 ], [ -85.56424191, 10.59497331 ], [ -85.56423684, 10.59501781 ], [ -85.56421906, 10.59504221 ], [ -85.56417283, 10.59506024 ], [ -85.56411962, 10.59507036 ], [ -85.56406461, 10.59506747 ], [ -85.564011529999988, 10.59504866 ], [ -85.56397028, 10.59502211 ], [ -85.56393977, 10.5949872 ], [ -85.5639052, 10.59494281 ], [ -85.563877749999989, 10.59489793 ], [ -85.563850059999979, 10.59486137 ], [ -85.56381033, 10.59482732 ], [ -85.563765659999987, 10.59480883 ], [ -85.563711809999987, 10.5948015 ], [ -85.56345379, 10.59477721 ], [ -85.56334589, 10.59477612 ], [ -85.563289829999988, 10.59478272 ], [ -85.56319328, 10.59478546 ], [ -85.56301519, 10.59477839 ], [ -85.56296016, 10.59477035 ], [ -85.56284909, 10.5947399 ], [ -85.56279924, 10.59472659 ], [ -85.56273517, 10.5947927 ], [ -85.562759299999982, 10.59483208 ], [ -85.562793729999981, 10.59486617 ], [ -85.56283981, 10.59489061 ], [ -85.56287171, 10.59491287 ], [ -85.562896689999988, 10.59495622 ], [ -85.56292135, 10.59500789 ], [ -85.56295281, 10.59505193 ], [ -85.56298974, 10.59509269 ], [ -85.56303014, 10.59514934 ], [ -85.56306163, 10.59519853 ], [ -85.56307605, 10.59523172 ], [ -85.56307049, 10.59526908 ], [ -85.56304281, 10.59530591 ], [ -85.56300871, 10.59533681 ], [ -85.56296617, 10.59536233 ], [ -85.56275377, 10.59543389 ], [ -85.56270712, 10.59546015 ], [ -85.56267421, 10.59549194 ], [ -85.56265550000002, 10.59553099 ], [ -85.562651619999983, 10.59557629 ], [ -85.56266467, 10.5956273 ], [ -85.56268172999998, 10.59567747 ], [ -85.56273267, 10.59577835 ], [ -85.56275331, 10.59583085 ], [ -85.56276078, 10.59587998 ], [ -85.56274854, 10.59593527 ], [ -85.562731859999985, 10.5959791 ], [ -85.562706689999985, 10.59602261 ], [ -85.56266822, 10.5960576 ], [ -85.56262051, 10.59608829 ], [ -85.56257311, 10.59611067 ], [ -85.56246873, 10.59613568 ], [ -85.56241313, 10.59614427 ], [ -85.56224693999998, 10.59615857 ], [ -85.56219693, 10.59616912 ], [ -85.56214669, 10.5961879 ], [ -85.562100019999988, 10.5962091 ], [ -85.562004, 10.59626335 ], [ -85.56196033, 10.59629837 ], [ -85.56193036, 10.59633367 ], [ -85.56190236, 10.59637882 ], [ -85.56189341, 10.59643445 ], [ -85.56189922, 10.59648079 ], [ -85.56191665999998, 10.59653295 ], [ -85.56197115, 10.59663101 ], [ -85.562036, 10.59671873 ], [ -85.56210746, 10.59679366 ], [ -85.56215074, 10.5968249 ], [ -85.562192329999988, 10.59684819 ], [ -85.562277379999983, 10.59688402 ], [ -85.56231732, 10.59690461 ], [ -85.56234489, 10.59693601 ], [ -85.56235872, 10.59698068 ], [ -85.56236526, 10.59702584 ], [ -85.562335009999984, 10.59711385 ], [ -85.56232956, 10.59715635 ], [ -85.562348629999988, 10.59720606 ], [ -85.562383059999988, 10.59724015 ], [ -85.562421109999988, 10.59726635 ], [ -85.562461559999988, 10.59729914 ], [ -85.56248855, 10.59734203 ], [ -85.56249744, 10.59738365 ], [ -85.562489629999988, 10.59742969 ], [ -85.562469289999981, 10.59747119 ], [ -85.56244647, 10.59751116 ], [ -85.562364950000017, 10.59763268 ], [ -85.56234461, 10.59767418 ], [ -85.56232443, 10.59773113 ], [ -85.56230339, 10.59777896 ], [ -85.562278299999988, 10.59782247 ], [ -85.56223654999998, 10.59785711 ], [ -85.56213207, 10.59790083 ], [ -85.56208994, 10.5979334 ], [ -85.562052759999986, 10.59796919 ], [ -85.56202071, 10.59801002 ], [ -85.56200287, 10.5980582 ], [ -85.56199628, 10.5981102 ], [ -85.56199859, 10.59816966 ], [ -85.56205328, 10.5984146 ], [ -85.562070009999985, 10.59850716 ], [ -85.562081489999983, 10.59855546 ], [ -85.56209774, 10.59860681 ], [ -85.56211296, 10.59867289 ], [ -85.562115599999984, 10.59872404 ], [ -85.56211023, 10.598782 ], [ -85.56210044, 10.59883366 ], [ -85.5620858, 10.59888227 ], [ -85.562060360000018, 10.59892894 ], [ -85.56202344, 10.59896148 ], [ -85.56188186, 10.59905636 ], [ -85.56184339, 10.59909135 ], [ -85.56181251, 10.59912784 ], [ -85.56178577, 10.59916855 ], [ -85.56175989, 10.59921848 ], [ -85.56173139, 10.59930928 ], [ -85.56172233, 10.59935976 ], [ -85.561707279999979, 10.59950861 ], [ -85.56166729, 10.59971144 ], [ -85.561662539999986, 10.59982092 ], [ -85.561679109999986, 10.59986395 ], [ -85.56170526, 10.59990296 ], [ -85.56174298, 10.59993739 ], [ -85.5617807, 10.59997182 ], [ -85.56180533, 10.60000017 ], [ -85.5618054, 10.60000025 ], [ -85.56185422, 10.60005669 ], [ -85.56192314, 10.60015378 ], [ -85.56194254, 10.60019526 ], [ -85.5619536, 10.60025178 ], [ -85.56195187, 10.60030693 ], [ -85.561936499999987, 10.60035671 ], [ -85.5618713, 10.60050581 ], [ -85.56181585, 10.60059809 ], [ -85.561795979999985, 10.60064158 ], [ -85.561773249999987, 10.60068155 ], [ -85.56174557, 10.60071838 ], [ -85.56170303, 10.60074381 ], [ -85.56165422, 10.60075508 ], [ -85.56159615, 10.60076215 ], [ -85.56138023, 10.60077343 ], [ -85.56132702, 10.60078355 ], [ -85.56126826, 10.60079694 ], [ -85.561221119999985, 10.60081616 ], [ -85.56113075, 10.60086722 ], [ -85.56108086, 10.60088292 ], [ -85.56101793, 10.60088676 ], [ -85.560959670000017, 10.60087322 ], [ -85.56090565, 10.60085044 ], [ -85.560807159999982, 10.60079571 ], [ -85.56075079, 10.60077655 ], [ -85.56069419, 10.60076572 ], [ -85.56064757999998, 10.60076306 ], [ -85.56060522, 10.60076995 ], [ -85.5605626, 10.60079538 ], [ -85.560524479999984, 10.60082721 ], [ -85.560484299999985, 10.6008491 ], [ -85.560389659999984, 10.60088554 ], [ -85.560288, 10.60092753 ], [ -85.56018376, 10.60096293 ], [ -85.56012738, 10.60097786 ], [ -85.560015399999983, 10.60100137 ], [ -85.55996382, 10.60100913 ], [ -85.559912989999987, 10.60102086 ], [ -85.55985635, 10.60103894 ], [ -85.559813349999985, 10.60106248 ], [ -85.55977203, 10.60109395 ], [ -85.5597383, 10.60112684 ], [ -85.559692029999979, 10.60108179 ], [ -85.559604129999983, 10.60104236 ], [ -85.55956181, 10.60102025 ], [ -85.559528479999983, 10.60098697 ], [ -85.559514, 10.60094348 ], [ -85.559509009999985, 10.60089596 ], [ -85.55951795999998, 10.60084033 ], [ -85.559534609999986, 10.60079135 ], [ -85.55954724999998, 10.6007432 ], [ -85.55955956, 10.60070337 ], [ -85.55957455, 10.60068576 ], [ -85.559648679999981, 10.60067536 ], [ -85.55966768, 10.60065692 ], [ -85.55967429, 10.60060998 ], [ -85.55967498, 10.60056442 ], [ -85.5596779, 10.60051 ], [ -85.55968933, 10.60029573 ], [ -85.559688009999988, 10.60025046 ], [ -85.55968051, 10.60019626 ], [ -85.559669469999989, 10.6001448 ], [ -85.55965436, 10.60008395 ], [ -85.55963651, 10.60004012 ], [ -85.55964388, 10.60000027 ], [ -85.55964389, 10.60000023 ], [ -85.559645219999979, 10.5999928 ], [ -85.55970077, 10.59984773 ], [ -85.55972111, 10.59980624 ], [ -85.559775390000013, 10.59971838 ], [ -85.559791349999983, 10.59967573 ], [ -85.559803520000017, 10.5996256 ], [ -85.559819819999987, 10.59957979 ], [ -85.559833269999984, 10.59953046 ], [ -85.55984103, 10.59947402 ], [ -85.55981465, 10.59931725 ], [ -85.55981263, 10.59915231 ], [ -85.559807989999982, 10.59910162 ], [ -85.55980774, 10.59894454 ], [ -85.55979711, 10.59879275 ], [ -85.55979702, 10.59868528 ], [ -85.55978984, 10.59865676 ], [ -85.559757529999985, 10.59860874 ], [ -85.55972382, 10.59857348 ], [ -85.559682989999985, 10.59853861 ], [ -85.559643289999983, 10.59850979 ], [ -85.55959934, 10.59849004 ], [ -85.55955315, 10.59847915 ], [ -85.559496939999988, 10.59847536 ], [ -85.55933412, 10.59847138 ], [ -85.559240979999984, 10.59846099 ], [ -85.55919229, 10.59844334 ], [ -85.55915407, 10.59840168 ], [ -85.5591222, 10.5983505 ], [ -85.55909956, 10.59829846 ], [ -85.55906687, 10.59824846 ], [ -85.55903424, 10.59810129 ], [ -85.55902794, 10.59804782 ], [ -85.559025309999981, 10.59799667 ], [ -85.55901364, 10.59789369 ], [ -85.55900627, 10.59784456 ], [ -85.55899085999998, 10.59779719 ], [ -85.558956989999984, 10.59774638 ], [ -85.558915569999982, 10.59770446 ], [ -85.55888404, 10.59768419 ], [ -85.55883788, 10.59767846 ], [ -85.55878467, 10.59768857 ], [ -85.55873361, 10.59770862 ], [ -85.55864693, 10.59776716 ], [ -85.55860099, 10.5977871 ], [ -85.558550249999982, 10.59779883 ], [ -85.5584994, 10.5978054 ], [ -85.558450060000013, 10.59780438 ], [ -85.55839764, 10.59780817 ], [ -85.558349990000011, 10.59781509 ], [ -85.558255990000021, 10.59783481 ], [ -85.55815291, 10.59786578 ], [ -85.558102149999982, 10.59787236 ], [ -85.55806561, 10.59787281 ], [ -85.55801441, 10.59788246 ], [ -85.55795968, 10.59790018 ], [ -85.557867249999987, 10.5979414 ], [ -85.557694669999989, 10.59799413 ], [ -85.55758572, 10.5980367 ], [ -85.55753736, 10.59804995 ], [ -85.55731292, 10.59808993 ], [ -85.55725485, 10.5980969 ], [ -85.557191169999982, 10.59809686 ], [ -85.557009739999984, 10.59807923 ], [ -85.55688841, 10.59805922 ], [ -85.556834879999982, 10.59804358 ], [ -85.55674261999998, 10.59800824 ], [ -85.556697469999989, 10.59798768 ], [ -85.556649829999984, 10.59796052 ], [ -85.55660251, 10.59792497 ], [ -85.55648696, 10.59782006 ], [ -85.55633466, 10.59765568 ], [ -85.55629124, 10.59761414 ], [ -85.55613977, 10.59748781 ], [ -85.55606328, 10.59742844 ], [ -85.555911419999987, 10.5973342 ], [ -85.55586224, 10.59730941 ], [ -85.55581427, 10.59729057 ], [ -85.5556432, 10.5972624 ], [ -85.555530439999984, 10.59725817 ], [ -85.555472720000012, 10.59726207 ], [ -85.555412389999987, 10.59727267 ], [ -85.555359699999983, 10.59729508 ], [ -85.55526499, 10.59735529 ], [ -85.55522251, 10.59739111 ], [ -85.555159299999985, 10.59746644 ], [ -85.55512165, 10.59750025 ], [ -85.55503267, 10.59757264 ], [ -85.55493642, 10.59763529 ], [ -85.55489022, 10.59765839 ], [ -85.55483855, 10.59766615 ], [ -85.55478433, 10.59765692 ], [ -85.55473395, 10.59763132 ], [ -85.554701439999988, 10.59759678 ], [ -85.554661059999987, 10.59750605 ], [ -85.55463325, 10.59746434 ], [ -85.554600710000017, 10.59742464 ], [ -85.55451247, 10.59735431 ], [ -85.55446684, 10.59732669 ], [ -85.554422159999987, 10.5973082 ], [ -85.55437541, 10.59729524 ], [ -85.554318109999983, 10.59729073 ], [ -85.55426926, 10.59729685 ], [ -85.55410826, 10.59734518 ], [ -85.55401556, 10.59740502 ], [ -85.55396936, 10.59742812 ], [ -85.55391536, 10.59744465 ], [ -85.55381456, 10.59745654 ], [ -85.553606799999983, 10.59741852 ], [ -85.553577099999984, 10.5974165 ], [ -85.55354218, 10.59744867 ], [ -85.55352315, 10.59749612 ], [ -85.553472409999983, 10.59758115 ], [ -85.55345739, 10.59762777 ], [ -85.55345284, 10.59768456 ], [ -85.55341411, 10.59783018 ], [ -85.553396979999988, 10.59787717 ], [ -85.55336991999998, 10.59792629 ], [ -85.5533368, 10.59797147 ], [ -85.55330869, 10.59799601 ], [ -85.55326106, 10.59800808 ], [ -85.55316353, 10.59799654 ], [ -85.553117339999986, 10.59798556 ], [ -85.55307339, 10.5979659 ], [ -85.552973589999979, 10.5979052 ], [ -85.55288384, 10.59784237 ], [ -85.55284742, 10.59781381 ], [ -85.55268895, 10.5976745 ], [ -85.55264529, 10.59764127 ], [ -85.552443989999986, 10.59750687 ], [ -85.55239114, 10.59747965 ], [ -85.552343989999983, 10.59745964 ], [ -85.55229448999998, 10.59744316 ], [ -85.5522, 10.59742166 ], [ -85.55209799, 10.59740897 ], [ -85.55204874, 10.59740795 ], [ -85.55199105, 10.597417 ], [ -85.55193961, 10.59743506 ], [ -85.551889419999981, 10.59746423 ], [ -85.551853779999988, 10.59749758 ], [ -85.55182171, 10.59753325 ], [ -85.55178978, 10.59757924 ], [ -85.55174939, 10.59772206 ], [ -85.551724299999989, 10.59776557 ], [ -85.55168854, 10.59779377 ], [ -85.551640329999984, 10.59781741 ], [ -85.55153454, 10.59785508 ], [ -85.551483159999989, 10.59788344 ], [ -85.551457810000016, 10.59791159 ], [ -85.551428869999981, 10.59800546 ], [ -85.5514265, 10.59804325 ], [ -85.55144592, 10.59808979 ], [ -85.55148335, 10.59813769 ], [ -85.55152069, 10.59817023 ], [ -85.551595529999986, 10.5982268 ], [ -85.55162842, 10.59826334 ], [ -85.55164618, 10.59830718 ], [ -85.55163419, 10.59841199 ], [ -85.55157349, 10.59864114 ], [ -85.55155838, 10.59874308 ], [ -85.551547219999989, 10.59879303 ], [ -85.55152599, 10.59884049 ], [ -85.55150025, 10.5988821 ], [ -85.5514629, 10.59892152 ], [ -85.5514256, 10.59895243 ], [ -85.55138175, 10.59897172 ], [ -85.55133828, 10.59899263 ], [ -85.551254199999988, 10.59904077 ], [ -85.55116594, 10.59907609 ], [ -85.55112899, 10.59910429 ], [ -85.551097320000011, 10.59914611 ], [ -85.55107616, 10.59918933 ], [ -85.55106835, 10.59923438 ], [ -85.55108392, 10.599334 ], [ -85.551080709999979, 10.59938499 ], [ -85.55107024, 10.59942969 ], [ -85.55104995, 10.59948213 ], [ -85.55102424, 10.59952799 ], [ -85.55096974, 10.59960906 ], [ -85.5509067, 10.5996815 ], [ -85.550877299999982, 10.59972204 ], [ -85.55085286, 10.59976591 ], [ -85.55083207, 10.59981075 ], [ -85.55079751, 10.5998967 ], [ -85.5507353, 10.59995096 ], [ -85.550659310000015, 10.59995576 ], [ -85.550564249999979, 10.5999462 ], [ -85.55051263999998, 10.59994727 ], [ -85.55046197, 10.5999533 ], [ -85.55033969, 10.59999991 ], [ -85.55033952, 10.59999998 ], [ -85.55032592, 10.60000522 ], [ -85.55028409, 10.60002585 ], [ -85.55024149, 10.60005598 ], [ -85.55020292, 10.60008889 ], [ -85.5501689, 10.60011915 ], [ -85.55010781, 10.60019719 ], [ -85.55000148000002, 10.60036393 ], [ -85.55000004, 10.60036692 ], [ -85.55000002, 10.60036696 ], [ -85.54998041, 10.60040723 ], [ -85.5499632, 10.60045314 ], [ -85.54995102, 10.60050237 ], [ -85.54994515, 10.60055302 ], [ -85.549944939999989, 10.60060173 ], [ -85.549961149999987, 10.60064576 ], [ -85.54999003, 10.60068394 ], [ -85.55000001, 10.60071158 ], [ -85.55000004, 10.60071164 ], [ -85.550006429999982, 10.60072951 ], [ -85.550010089999986, 10.60076646 ], [ -85.55000008, 10.60079263 ], [ -85.55000001, 10.60079279 ], [ -85.549997369999986, 10.6007996 ], [ -85.54992679999998, 10.60086403 ], [ -85.54988483, 10.60089325 ], [ -85.54983864, 10.60091806 ], [ -85.54979615000002, 10.60093535 ], [ -85.54969663, 10.60096594 ], [ -85.549592679999989, 10.60100496 ], [ -85.54948012, 10.60103968 ], [ -85.54932734, 10.60107161 ], [ -85.54927566, 10.60107702 ], [ -85.54918055, 10.60107595 ], [ -85.5490789, 10.60108214 ], [ -85.549027449999983, 10.60109767 ], [ -85.54898593, 10.60112427 ], [ -85.548942669999988, 10.60115114 ], [ -85.54889455, 10.6011747 ], [ -85.548840799999979, 10.60118726 ], [ -85.54873887, 10.60119173 ], [ -85.54868697, 10.60119118 ], [ -85.548590639999986, 10.60120232 ], [ -85.54853962, 10.60121106 ], [ -85.54849349, 10.60123163 ], [ -85.548407109999985, 10.60127679 ], [ -85.548362019999985, 10.60128515 ], [ -85.548264259999982, 10.60128382 ], [ -85.54821589, 10.60129283 ], [ -85.548170049999982, 10.60131502 ], [ -85.548132020000011, 10.60134693 ], [ -85.548083479999988, 10.60143204 ], [ -85.54805481, 10.60147159 ], [ -85.54801938, 10.60151234 ], [ -85.54796054, 10.60156605 ], [ -85.54750828, 10.60174055 ], [ -85.54737035, 10.60178163 ], [ -85.54730701, 10.60179405 ], [ -85.54717359, 10.60185978 ], [ -85.54712897, 10.60186985 ], [ -85.54702079, 10.60188629 ], [ -85.546907200000021, 10.60189896 ], [ -85.54674939, 10.60190968 ], [ -85.54659489, 10.60192716 ], [ -85.54649543, 10.60195061 ], [ -85.546386719999987, 10.60197112 ], [ -85.546342679999981, 10.60198841 ], [ -85.54623714, 10.60201903 ], [ -85.54597724, 10.60206035 ], [ -85.54583024999998, 10.60207851 ], [ -85.545782179999989, 10.60207721 ], [ -85.54567861, 10.60206408 ], [ -85.54563168, 10.60206928 ], [ -85.54559719, 10.60207957 ], [ -85.54549266, 10.60207592 ], [ -85.54543938, 10.60209038 ], [ -85.54539517, 10.60210976 ], [ -85.54520347, 10.60217731 ], [ -85.54515817, 10.60219823 ], [ -85.5450741, 10.60225025 ], [ -85.54494354, 10.60232004 ], [ -85.54489505, 10.60232425 ], [ -85.544845899999984, 10.60232449 ], [ -85.54474989, 10.60234467 ], [ -85.54470200999998, 10.60236271 ], [ -85.54460484, 10.60238777 ], [ -85.54451229, 10.60242266 ], [ -85.544475419999984, 10.60244942 ], [ -85.54444088, 10.60248438 ], [ -85.54441928, 10.60251359 ], [ -85.54437682, 10.6025354 ], [ -85.544273709999985, 10.60254287 ], [ -85.54423538, 10.60255047 ], [ -85.544194680000018, 10.60257787 ], [ -85.544128599999979, 10.60264662 ], [ -85.54409132, 10.60268214 ], [ -85.54405474, 10.60271007 ], [ -85.54400301, 10.60276157 ], [ -85.543958370000013, 10.60278638 ], [ -85.5439132, 10.60279726 ], [ -85.54386345, 10.60280501 ], [ -85.5438155, 10.60280841 ], [ -85.54371423, 10.60280014 ], [ -85.5436642, 10.60280662 ], [ -85.543619819999989, 10.60282934 ], [ -85.54358095, 10.60285584 ], [ -85.543410489999985, 10.60295022 ], [ -85.543322079999982, 10.60299368 ], [ -85.54324217, 10.60305291 ], [ -85.54320706999998, 10.60308535 ], [ -85.543148, 10.6031668 ], [ -85.54309896, 10.60324378 ], [ -85.54308996, 10.60328938 ], [ -85.543093319999983, 10.60334016 ], [ -85.54313602, 10.60347507 ], [ -85.543141939999984, 10.60352539 ], [ -85.54313184999998, 10.6035906 ], [ -85.54312826, 10.60363997 ], [ -85.54311883, 10.60369099 ], [ -85.54309231, 10.60377654 ], [ -85.54306262, 10.60381266 ], [ -85.5430213, 10.60384413 ], [ -85.54298728, 10.60387503 ], [ -85.54291702, 10.60394651 ], [ -85.542859849999985, 10.60402361 ], [ -85.542838959999983, 10.60406683 ], [ -85.54280439999998, 10.60409845 ], [ -85.54276314, 10.60412333 ], [ -85.542727019999987, 10.60415388 ], [ -85.54266121, 10.60422054 ], [ -85.542634919999983, 10.60426008 ], [ -85.54258993, 10.60434427 ], [ -85.542555490000012, 10.60443464 ], [ -85.542534239999981, 10.60446186 ], [ -85.54249105, 10.60448304 ], [ -85.54244128, 10.60448744 ], [ -85.54239301, 10.60448153 ], [ -85.54234818, 10.60446901 ], [ -85.5422563, 10.6044211 ], [ -85.54221123, 10.60439592 ], [ -85.54217127, 10.60436991 ], [ -85.54207845, 10.60433475 ], [ -85.54203261, 10.60432042 ], [ -85.541848099999982, 10.60429268 ], [ -85.54179944, 10.60428089 ], [ -85.54174901, 10.60426343 ], [ -85.54169789, 10.60425337 ], [ -85.541648269999982, 10.60425109 ], [ -85.54155604, 10.60424114 ], [ -85.541503509999984, 10.6042414 ], [ -85.541406899999984, 10.604251 ], [ -85.5413557, 10.60426237 ], [ -85.541311829999984, 10.60427632 ], [ -85.541272669999984, 10.60430146 ], [ -85.54123345, 10.60433329 ], [ -85.54119307, 10.60437 ], [ -85.54116021, 10.60441066 ], [ -85.54111577, 10.60444007 ], [ -85.54106647, 10.60446507 ], [ -85.54098749000002, 10.60451147 ], [ -85.54093798, 10.60453186 ], [ -85.54089497, 10.6045544 ], [ -85.54081126, 10.60460434 ], [ -85.54077562, 10.60463751 ], [ -85.54068762, 10.60476222 ], [ -85.540663, 10.60480744 ], [ -85.54062953, 10.60485551 ], [ -85.54057329, 10.60495584 ], [ -85.54055862, 10.60499984 ], [ -85.54055845, 10.60503915 ], [ -85.540582249999986, 10.6050836 ], [ -85.540594209999981, 10.60513677 ], [ -85.54060215, 10.60524465 ], [ -85.540602539999981, 10.60528659 ], [ -85.54058441, 10.60533395 ], [ -85.54054144, 10.60541849 ], [ -85.540486929999986, 10.60549848 ], [ -85.54041814, 10.60557103 ], [ -85.54030410999998, 10.6057332 ], [ -85.540281829999984, 10.60577326 ], [ -85.54023467, 10.60589659 ], [ -85.54024886, 10.60594 ], [ -85.540297519999982, 10.60602382 ], [ -85.54030791000001, 10.60607266 ], [ -85.54029992, 10.60612015 ], [ -85.54026675, 10.60621016 ], [ -85.540160549999982, 10.60636759 ], [ -85.540039559999983, 10.60652509 ], [ -85.54002256, 10.60656087 ], [ -85.54002654, 10.60660749 ], [ -85.54003728, 10.60665417 ], [ -85.540057809999979, 10.60670314 ], [ -85.54010243, 10.6067831 ], [ -85.54012267, 10.60683072 ], [ -85.54013632, 10.60687494 ], [ -85.54016637, 10.60701824 ], [ -85.54016481, 10.60707121 ], [ -85.54015626, 10.60711608 ], [ -85.54013785, 10.60716209 ], [ -85.540088269999984, 10.60723988 ], [ -85.54003383, 10.60731643 ], [ -85.53996248, 10.60738954 ], [ -85.53988955, 10.60745814 ], [ -85.539883349999982, 10.60746061 ], [ -85.539811039999989, 10.60752513 ], [ -85.53977446, 10.60755315 ], [ -85.539724759999984, 10.6075722 ], [ -85.53967431, 10.60758736 ], [ -85.539632649999987, 10.60760636 ], [ -85.53955002, 10.60765141 ], [ -85.539518849999979, 10.60768646 ], [ -85.53948955, 10.60772845 ], [ -85.53944699, 10.6078222 ], [ -85.53941924999998, 10.60786527 ], [ -85.53935751, 10.60794258 ], [ -85.53934255999998, 10.60796733 ], [ -85.53934431, 10.60800564 ], [ -85.53936652, 10.60804567 ], [ -85.539384379999987, 10.60809041 ], [ -85.53939328, 10.60813484 ], [ -85.5393878, 10.60817047 ], [ -85.539361409999984, 10.60821001 ], [ -85.5393309, 10.60824893 ], [ -85.539296549999989, 10.60828517 ], [ -85.53926558, 10.60830349 ], [ -85.53921662, 10.60830508 ], [ -85.539118519999988, 10.60829227 ], [ -85.53907936, 10.60829943 ], [ -85.539061259999983, 10.60831407 ], [ -85.538970299999988, 10.60835799 ], [ -85.53892188, 10.60837675 ], [ -85.538820049999984, 10.60840202 ], [ -85.538769749999986, 10.60842847 ], [ -85.538673299999985, 10.60847206 ], [ -85.53862293, 10.60848396 ], [ -85.53856924, 10.60848902 ], [ -85.53851624, 10.60848666 ], [ -85.53842314, 10.60846831 ], [ -85.53831678, 10.60846567 ], [ -85.538266949999979, 10.60847676 ], [ -85.53822009, 10.6084966 ], [ -85.538181489999985, 10.60852436 ], [ -85.53814192, 10.60855817 ], [ -85.53810229, 10.60858078 ], [ -85.53806063, 10.6085997 ], [ -85.53802048, 10.60860839 ], [ -85.537924529999984, 10.60858581 ], [ -85.53788099, 10.60855836 ], [ -85.537794, 10.60851821 ], [ -85.537747759999988, 10.60851599 ], [ -85.537649699999989, 10.60852913 ], [ -85.53745619, 10.60856505 ], [ -85.537365849999986, 10.60858682 ], [ -85.53731244, 10.60859323 ], [ -85.53726457, 10.60859328 ], [ -85.537211099999979, 10.60858839 ], [ -85.53715815, 10.60857934 ], [ -85.5369694, 10.60852504 ], [ -85.5369149, 10.60851491 ], [ -85.536861429999988, 10.60851002 ], [ -85.53676265999998, 10.60848999 ], [ -85.536731689999982, 10.60849032 ], [ -85.536688339999984, 10.60851819 ], [ -85.53664993, 10.60854721 ], [ -85.53661449, 10.60858498 ], [ -85.536575719999988, 10.60861608 ], [ -85.53653089, 10.60865761 ], [ -85.53649836, 10.60869284 ], [ -85.53633963, 10.60883253 ], [ -85.53629857, 10.60886202 ], [ -85.536257049999989, 10.60888888 ], [ -85.536162379999979, 10.6089415 ], [ -85.536112799999984, 10.60896515 ], [ -85.53601523, 10.60900232 ], [ -85.535919689999986, 10.6090431 ], [ -85.53587343, 10.60905544 ], [ -85.53577201, 10.60905395 ], [ -85.53566809, 10.60904623 ], [ -85.53561787, 10.60905135 ], [ -85.53556898, 10.60906759 ], [ -85.53552321, 10.6090679 ], [ -85.535474109999981, 10.60906155 ], [ -85.53543219, 10.60906383 ], [ -85.527586969352853, 10.600705413631843 ], [ -85.525741932473053, 10.594660194653837 ], [ -85.524297990567106, 10.589429669787942 ], [ -85.525526343924639, 10.588963123660086 ], [ -85.527317901474589, 10.588200877754176 ], [ -85.528120091422338, 10.586991794153239 ], [ -85.529938388637206, 10.586308396964888 ], [ -85.532024082501351, 10.583890210066384 ], [ -85.533147148428185, 10.582996527473112 ], [ -85.533681941726684, 10.583049097109519 ], [ -85.534243474690101, 10.582470830613401 ], [ -85.53440391267965, 10.581235439446058 ], [ -85.535045664637835, 10.580078898524365 ], [ -85.535981552910215, 10.579474341307098 ], [ -85.535874594250529, 10.578475505033481 ], [ -85.535816840831046, 10.578049715753423 ], [ -85.536997660177363, 10.577634377228144 ], [ -85.53844160208331, 10.577161241824287 ], [ -85.540821432261609, 10.575452691236459 ], [ -85.542318853497406, 10.575058408980668 ], [ -85.542639729476505, 10.574480127422554 ], [ -85.543040824450358, 10.572508704831408 ], [ -85.544778902670487, 10.569958979504159 ], [ -85.545260216639136, 10.568302960991018 ], [ -85.546463501560751, 10.56722522986005 ], [ -85.547720265812217, 10.565858345912638 ], [ -85.551356860241981, 10.562283389910229 ], [ -85.554068657283167, 10.559884116471853 ], [ -85.557428435409008, 10.558728107489308 ], [ -85.559701306927622, 10.558859541952305 ], [ -85.561546343807436, 10.558912115721766 ], [ -85.562295054425334, 10.559096123844071 ], [ -85.563605298006635, 10.558544099146699 ], [ -85.564701624268551, 10.55762405578141 ], [ -85.5652898968969, 10.556441138837178 ], [ -85.564380748289466, 10.554942770840894 ], [ -85.564541186279016, 10.553970142093169 ], [ -85.565637512540931, 10.55349697023872 ], [ -85.56627926449913, 10.553628406937984 ], [ -85.568151041043862, 10.553470682892124 ], [ -85.569514763955027, 10.552655774033264 ], [ -85.569434544960274, 10.551551700522122 ], [ -85.568044082384176, 10.550815649313039 ], [ -85.567723206405091, 10.550316184989555 ], [ -85.567957367145397, 10.55002709380158 ], [ -85.568176823951802, 10.549756155613823 ], [ -85.56853623, 10.54962593 ] ] ], [ [ [ -85.57012880000002, 10.50602647 ], [ -85.56974444, 10.50504065 ], [ -85.57012880000002, 10.50602647 ], [ -85.57038764, 10.5064887 ], [ -85.57012880000002, 10.50602647 ] ] ], [ [ [ -85.568407979999989, 10.47409331 ], [ -85.56846561, 10.47428076 ], [ -85.568407979999989, 10.47409331 ], [ -85.56838023, 10.47403891 ], [ -85.568407979999989, 10.47409331 ] ] ], [ [ [ -85.569473009999982, 10.47489615 ], [ -85.57045719, 10.47505457 ], [ -85.569473009999967, 10.47489615 ], [ -85.568619149999989, 10.47474933 ], [ -85.569473009999982, 10.47489615 ] ] ], [ [ [ -85.570502739999981, 10.47519863 ], [ -85.57047142, 10.47523692 ], [ -85.570502739999966, 10.47519863 ], [ -85.57050758, 10.47516308 ], [ -85.570502739999981, 10.47519863 ] ] ], [ [ [ -85.570430619999982, 10.47525909 ], [ -85.5703848, 10.47528218 ], [ -85.570430619999968, 10.47525909 ], [ -85.57047142, 10.47523692 ], [ -85.570430619999982, 10.47525909 ] ] ], [ [ [ -85.570329179999987, 10.47567888 ], [ -85.57036623, 10.47571024 ], [ -85.570329179999973, 10.47567888 ], [ -85.57029311, 10.4756439 ], [ -85.570329179999987, 10.47567888 ] ] ], [ [ [ -85.570654169999983, 10.476037 ], [ -85.57067419, 10.47607875 ], [ -85.570654169999969, 10.476037 ], [ -85.570633130000019, 10.47599463 ], [ -85.570654169999983, 10.476037 ] ] ], [ [ [ -85.570694529999983, 10.47612647 ], [ -85.57071457, 10.47617246 ], [ -85.570694529999983, 10.47612647 ], [ -85.57067419, 10.47607875 ], [ -85.570694529999983, 10.47612647 ] ] ], [ [ [ -85.570825109999987, 10.47645247 ], [ -85.570841409999986, 10.47649749 ], [ -85.570825109999987, 10.47645247 ], [ -85.57081109, 10.47640599 ], [ -85.570825109999987, 10.47645247 ] ] ], [ [ [ -85.571205079999984, 10.47681059 ], [ -85.57125269, 10.47681732 ], [ -85.57120507999997, 10.47681059 ], [ -85.571179905, 10.476807100000018 ], [ -85.571205079999984, 10.47681059 ] ] ], [ [ [ -85.571289649999983, 10.47695759 ], [ -85.57128523, 10.47700344 ], [ -85.571289649999983, 10.47695759 ], [ -85.57129143, 10.4769114 ], [ -85.571289649999983, 10.47695759 ] ] ], [ [ [ -85.571256539999979, 10.47714666 ], [ -85.571246369999983, 10.47719452 ], [ -85.57124024, 10.47724499 ], [ -85.571246369999969, 10.47719452 ], [ -85.571256539999965, 10.47714666 ], [ -85.57127035, 10.47709543 ], [ -85.571256539999979, 10.47714666 ] ] ], [ [ [ -85.571236819999982, 10.47734596 ], [ -85.571242449999986, 10.47739402 ], [ -85.5712541, 10.47744177 ], [ -85.571242449999971, 10.47739402 ], [ -85.571236819999967, 10.47734596 ], [ -85.571236839999983, 10.4772958 ], [ -85.571236819999982, 10.47734596 ] ] ], [ [ [ -85.571689289999981, 10.47772135 ], [ -85.57173927, 10.47772671 ], [ -85.571689289999966, 10.47772135 ], [ -85.57163931, 10.47771599 ], [ -85.571689289999981, 10.47772135 ] ] ], [ [ [ -85.572162579999983, 10.47789743 ], [ -85.57218252, 10.47793927 ], [ -85.572162579999969, 10.47789743 ], [ -85.57213871, 10.47785308 ], [ -85.572162579999983, 10.47789743 ] ] ], [ [ [ -85.572253929999988, 10.47806464 ], [ -85.57228989, 10.47809836 ], [ -85.572253929999974, 10.47806464 ], [ -85.57222543, 10.47802691 ], [ -85.572253929999988, 10.47806464 ] ] ], [ [ [ -85.572517329999982, 10.47826996 ], [ -85.572533910000018, 10.47831579 ], [ -85.572517329999982, 10.47826996 ], [ -85.572491290000016, 10.47823177 ], [ -85.572517329999982, 10.47826996 ] ] ], [ [ [ -85.572710029999982, 10.47852552 ], [ -85.572756659999982, 10.4785364 ], [ -85.57280411, 10.4785472 ], [ -85.572756659999968, 10.4785364 ], [ -85.572710029999968, 10.47852552 ], [ -85.57266567, 10.47851127 ], [ -85.572710029999982, 10.47852552 ] ] ], [ [ [ -85.575431519999981, 10.47807722 ], [ -85.57548487, 10.47809883 ], [ -85.575431519999967, 10.47807722 ], [ -85.57538377, 10.47806073 ], [ -85.575431519999981, 10.47807722 ] ] ], [ [ [ -85.575710029999982, 10.47825308 ], [ -85.575757789999983, 10.47827174 ], [ -85.57580216, 10.47828598 ], [ -85.575757789999969, 10.47827174 ], [ -85.575710029999968, 10.47825308 ], [ -85.575665429999987, 10.4782289 ], [ -85.575710029999982, 10.47825308 ] ] ], [ [ [ -85.576172219999989, 10.47872576 ], [ -85.576174859999981, 10.47877763 ], [ -85.576175189999987, 10.47882571 ], [ -85.57617508, 10.47887642 ], [ -85.576175189999972, 10.47882571 ], [ -85.576174859999966, 10.47877763 ], [ -85.576172219999989, 10.47872576 ], [ -85.57616997, 10.47867841 ], [ -85.576172219999989, 10.47872576 ] ] ], [ [ [ -85.576347949999985, 10.47923556 ], [ -85.57636587, 10.47927732 ], [ -85.57634794999997, 10.47923556 ], [ -85.576328, 10.47919164 ], [ -85.576347949999985, 10.47923556 ] ] ], [ [ [ -85.576366599999986, 10.47951068 ], [ -85.576382259999988, 10.4795558 ], [ -85.57640192, 10.47959809 ], [ -85.576382259999974, 10.4795558 ], [ -85.576366599999972, 10.47951068 ], [ -85.57635714, 10.47946473 ], [ -85.576366599999986, 10.47951068 ] ] ], [ [ [ -85.576591149999985, 10.4797443 ], [ -85.57661143, 10.47978144 ], [ -85.57659114999997, 10.4797443 ], [ -85.576558649999981, 10.47970939 ], [ -85.576591149999985, 10.4797443 ] ] ], [ [ [ -85.576824339999988, 10.48018593 ], [ -85.57687313, 10.48019066 ], [ -85.576824339999973, 10.48018593 ], [ -85.57677719, 10.48018092 ], [ -85.576824339999988, 10.48018593 ] ] ], [ [ [ -85.576966909999982, 10.48020656 ], [ -85.57701273, 10.48021971 ], [ -85.576966909999967, 10.48020656 ], [ -85.576919009999983, 10.48019758 ], [ -85.576966909999982, 10.48020656 ] ] ], [ [ [ -85.577082119999986, 10.48025407 ], [ -85.577102249999982, 10.48029672 ], [ -85.577082119999972, 10.48025407 ], [ -85.57705747, 10.48023765 ], [ -85.577082119999986, 10.48025407 ] ] ], [ [ [ -85.577107839999982, 10.48037415 ], [ -85.57710397, 10.48042018 ], [ -85.577107839999968, 10.48037415 ], [ -85.577102249999982, 10.48029672 ], [ -85.577107839999982, 10.48037415 ] ] ], [ [ [ -85.577202019999987, 10.48074055 ], [ -85.577232259999988, 10.48077873 ], [ -85.57726487, 10.48081644 ], [ -85.577232259999974, 10.48077873 ], [ -85.577202019999973, 10.48074055 ], [ -85.57717835, 10.48070108 ], [ -85.577202019999987, 10.48074055 ] ] ], [ [ [ -85.577586019999984, 10.48097202 ], [ -85.57764805, 10.48101193 ], [ -85.57758601999997, 10.48097202 ], [ -85.57752342, 10.4809463 ], [ -85.577586019999984, 10.48097202 ] ] ], [ [ [ -85.577969929999981, 10.48151124 ], [ -85.57799023, 10.48155254 ], [ -85.577969929999966, 10.48151124 ], [ -85.577949139999987, 10.48146335 ], [ -85.577969929999981, 10.48151124 ] ] ], [ [ [ -85.57845239000001, 10.48225244 ], [ -85.578474784999983, 10.48224686000005 ], [ -85.57845239000001, 10.48225244 ], [ -85.57840548, 10.48225737 ], [ -85.57845239000001, 10.48225244 ] ] ], [ [ [ -85.579081929999987, 10.48211862 ], [ -85.579123309999986, 10.48213929 ], [ -85.579168149999987, 10.48215597 ], [ -85.57921691, 10.48217308 ], [ -85.579168149999973, 10.48215597 ], [ -85.579123309999972, 10.48213929 ], [ -85.579081929999973, 10.48211862 ], [ -85.57903445, 10.48210159 ], [ -85.579081929999987, 10.48211862 ] ] ], [ [ [ -85.579448299999981, 10.48225915 ], [ -85.579490609999979, 10.48228172 ], [ -85.57952692, 10.48231082 ], [ -85.579490609999965, 10.48228172 ], [ -85.579448299999967, 10.48225915 ], [ -85.57940016, 10.48223815 ], [ -85.579448299999981, 10.48225915 ] ] ], [ [ [ -85.579657719999986, 10.48251399 ], [ -85.57967428, 10.48255774 ], [ -85.579657719999972, 10.48251399 ], [ -85.57963913, 10.48246898 ], [ -85.579657719999986, 10.48251399 ] ] ], [ [ [ -85.579691939999989, 10.48260005 ], [ -85.57971225999998, 10.4826455 ], [ -85.579733849999982, 10.48268905 ], [ -85.5797592, 10.48273447 ], [ -85.579733849999982, 10.48268905 ], [ -85.579712259999965, 10.4826455 ], [ -85.579691939999975, 10.48260005 ], [ -85.57967428, 10.48255774 ], [ -85.579691939999989, 10.48260005 ] ] ], [ [ [ -85.579779679999987, 10.48277658 ], [ -85.57979954, 10.48281969 ], [ -85.579779679999987, 10.48277658 ], [ -85.5797592, 10.48273447 ], [ -85.579779679999987, 10.48277658 ] ] ], [ [ [ -85.579879879999979, 10.48313934 ], [ -85.57988058, 10.48318778 ], [ -85.579879879999964, 10.48313934 ], [ -85.57987779, 10.48308864 ], [ -85.579879879999979, 10.48313934 ] ] ], [ [ [ -85.579882929999982, 10.4832908 ], [ -85.57988799, 10.48333344 ], [ -85.579882929999982, 10.4832908 ], [ -85.57988056, 10.48323848 ], [ -85.579882929999982, 10.4832908 ] ] ], [ [ [ -85.579907829999982, 10.48342969 ], [ -85.57993006, 10.48347233 ], [ -85.579907829999982, 10.48342969 ], [ -85.579895080000014, 10.4833823 ], [ -85.579907829999982, 10.48342969 ] ] ], [ [ [ -85.580160489999983, 10.48365702 ], [ -85.58019947, 10.48370807 ], [ -85.580160489999969, 10.48365702 ], [ -85.5801228, 10.48362566 ], [ -85.580160489999983, 10.48365702 ] ] ], [ [ [ -85.580070599999985, 10.48413713 ], [ -85.58007843, 10.48418752 ], [ -85.580070599999985, 10.48413713 ], [ -85.580066139999985, 10.4840869 ], [ -85.580070599999985, 10.48413713 ] ] ], [ [ [ -85.580159519999981, 10.48441941 ], [ -85.58018084, 10.4844635 ], [ -85.580159519999967, 10.48441941 ], [ -85.580139639999985, 10.48437214 ], [ -85.580159519999981, 10.48441941 ] ] ], [ [ [ -85.580310809999986, 10.48472035 ], [ -85.58042549, 10.4849142 ], [ -85.580310809999972, 10.48472035 ], [ -85.58026566, 10.48464023 ], [ -85.580310809999986, 10.48472035 ] ] ], [ [ [ -85.581926649999986, 10.48552234 ], [ -85.582346, 10.48552695 ], [ -85.581926649999971, 10.48552234 ], [ -85.58131721, 10.48551507 ], [ -85.581926649999986, 10.48552234 ] ] ], [ [ [ -85.610465289999979, 10.46755771 ], [ -85.61068323, 10.46765226 ], [ -85.610465289999979, 10.46755771 ], [ -85.61024622, 10.46741233 ], [ -85.610465289999979, 10.46755771 ] ] ], [ [ [ -85.614454640000019, 10.46335604 ], [ -85.61452653, 10.4631966 ], [ -85.614454640000019, 10.46335604 ], [ -85.61416471, 10.46400953 ], [ -85.614454640000019, 10.46335604 ] ] ], [ [ [ -85.626960789999984, 10.45705818 ], [ -85.62696078999997, 10.45705818 ], [ -85.62678546, 10.45702619 ], [ -85.626960789999984, 10.45705818 ] ] ], [ [ [ -85.62720256999998, 10.45702888 ], [ -85.62742097, 10.4570783 ], [ -85.62720256999998, 10.45702888 ], [ -85.62720256999998, 10.45702888 ] ] ], [ [ [ -85.627559409999989, 10.45713587 ], [ -85.62769808, 10.45713811 ], [ -85.627559409999975, 10.45713587 ], [ -85.62742097, 10.4570783 ], [ -85.627559409999989, 10.45713587 ] ] ], [ [ [ -85.638120539999989, 10.44800755 ], [ -85.63815254, 10.44806585 ], [ -85.638120539999974, 10.44800755 ], [ -85.638120539999989, 10.44800755 ] ] ], [ [ [ -85.642231309999985, 10.45275222 ], [ -85.64250845, 10.45303134 ], [ -85.642231309999971, 10.45275222 ], [ -85.641835479999983, 10.45212719 ], [ -85.642231309999985, 10.45275222 ] ] ], [ [ [ -85.642868119999989, 10.45403832 ], [ -85.64291463, 10.45438954 ], [ -85.642868119999989, 10.45403832 ], [ -85.64287354, 10.45374889 ], [ -85.642868119999989, 10.45403832 ] ] ], [ [ [ -85.642909409999987, 10.454545 ], [ -85.64294783, 10.45474866 ], [ -85.642909409999973, 10.454545 ], [ -85.64291463, 10.45438954 ], [ -85.642909409999987, 10.454545 ] ] ], [ [ [ -85.644028569999989, 10.45533446 ], [ -85.64408466, 10.45533878 ], [ -85.644028569999975, 10.45533446 ], [ -85.64382477, 10.4552322 ], [ -85.644028569999989, 10.45533446 ] ] ], [ [ [ -85.644828909999987, 10.45546773 ], [ -85.644828909999973, 10.45546773 ], [ -85.644416219999982, 10.4553227 ], [ -85.644828909999987, 10.45546773 ] ] ], [ [ [ -85.645686989999987, 10.45532003 ], [ -85.64596391, 10.4553722 ], [ -85.645686989999973, 10.45532003 ], [ -85.645686989999987, 10.45532003 ] ] ], [ [ [ -85.653063819999971, 10.45097326 ], [ -85.653063819999971, 10.45097326 ], [ -85.652972259999984, 10.45096542 ], [ -85.653063819999971, 10.45097326 ] ] ], [ [ [ -85.655128829999981, 10.45046173 ], [ -85.65536599, 10.45050071 ], [ -85.655128829999967, 10.45046173 ], [ -85.655128829999981, 10.45046173 ] ] ], [ [ [ -85.659123809999983, 10.44979846 ], [ -85.65956247, 10.44990407 ], [ -85.659123809999969, 10.44979846 ], [ -85.65892129, 10.44972041 ], [ -85.659123809999983, 10.44979846 ] ] ], [ [ [ -85.66481146000001, 10.44421335 ], [ -85.66477589, 10.44396138 ], [ -85.66481146000001, 10.44421335 ], [ -85.66482016, 10.4444569 ], [ -85.66481146000001, 10.44421335 ] ] ], [ [ [ -85.66613399000002, 10.4399289 ], [ -85.666146085, 10.439834265014401 ], [ -85.66613399000002, 10.4399289 ], [ -85.66606237, 10.44012035 ], [ -85.66613399000002, 10.4399289 ] ] ], [ [ [ -85.666813930000018, 10.43835164 ], [ -85.66691442, 10.43816818 ], [ -85.666813930000018, 10.43835164 ], [ -85.666780229999986, 10.43848469 ], [ -85.666813930000018, 10.43835164 ] ] ], [ [ [ -85.667267220000014, 10.43430819 ], [ -85.66739634000001, 10.43430797 ], [ -85.667267220000014, 10.43430819 ], [ -85.66720331, 10.43433436 ], [ -85.667267220000014, 10.43430819 ] ] ], [ [ [ -85.675354839999983, 10.43230994 ], [ -85.67555135, 10.43244689 ], [ -85.675354839999983, 10.43230994 ], [ -85.6752063, 10.43221768 ], [ -85.675354839999983, 10.43230994 ] ] ], [ [ [ -85.680615849999981, 10.43279667 ], [ -85.68075341, 10.4328331 ], [ -85.680615849999967, 10.43279667 ], [ -85.680615849999981, 10.43279667 ] ] ], [ [ [ -85.686255909999986, 10.43228479 ], [ -85.686255909999971, 10.43228479 ], [ -85.6859893, 10.43223591 ], [ -85.686255909999986, 10.43228479 ] ] ], [ [ [ -85.687978569999984, 10.4323283 ], [ -85.688213259999984, 10.43248991 ], [ -85.68797856999997, 10.4323283 ], [ -85.6873869, 10.43196551 ], [ -85.687978569999984, 10.4323283 ] ] ], [ [ [ -85.689857389999986, 10.43266152 ], [ -85.690250779999985, 10.43303966 ], [ -85.69075797, 10.43341757 ], [ -85.690250779999971, 10.43303966 ], [ -85.689857389999972, 10.43266152 ], [ -85.68960355, 10.432627 ], [ -85.689857389999986, 10.43266152 ] ] ], [ [ [ -85.691337959999984, 10.43371194 ], [ -85.69184149, 10.43388455 ], [ -85.69133795999997, 10.43371194 ], [ -85.69100742, 10.43358087 ], [ -85.691337959999984, 10.43371194 ] ] ], [ [ [ -85.69616569999998, 10.43562199 ], [ -85.696332, 10.43581803 ], [ -85.69616569999998, 10.43562199 ], [ -85.69584543, 10.43531344 ], [ -85.69616569999998, 10.43562199 ] ] ], [ [ [ -85.696549610000019, 10.43081659 ], [ -85.69640438, 10.43056857 ], [ -85.696549610000019, 10.43081659 ], [ -85.69658227, 10.43116204 ], [ -85.696549610000019, 10.43081659 ] ] ], [ [ [ -85.696073400000017, 10.42956149 ], [ -85.69608943, 10.42950384 ], [ -85.696073400000017, 10.42956149 ], [ -85.69607161, 10.42962043 ], [ -85.696073400000017, 10.42956149 ] ] ], [ [ [ -85.696209610000011, 10.42932434 ], [ -85.696202119999981, 10.42929844000108 ], [ -85.696209610000011, 10.42932434 ], [ -85.69619965, 10.42935603 ], [ -85.696209610000011, 10.42932434 ] ] ], [ [ [ -85.695379370000012, 10.4267872 ], [ -85.69542153, 10.42675046 ], [ -85.695379370000012, 10.4267872 ], [ -85.69534639, 10.42683509 ], [ -85.695379370000012, 10.4267872 ] ] ], [ [ [ -85.695610775, 10.426737845000048 ], [ -85.695586750000018, 10.42674335 ], [ -85.695586750000018, 10.42674335 ], [ -85.695610775, 10.426737845000048 ] ] ], [ [ [ -85.698589810000016, 10.36885284 ], [ -85.69862902, 10.36882869 ], [ -85.698589810000016, 10.36885284 ], [ -85.69854557, 10.36887558 ], [ -85.698589810000016, 10.36885284 ] ] ], [ [ [ -85.69973511000002, 10.36796568 ], [ -85.69977708, 10.36794377 ], [ -85.69973511000002, 10.36796568 ], [ -85.69967766, 10.36799382 ], [ -85.69973511000002, 10.36796568 ] ] ], [ [ [ -85.702164310000015, 10.36301967 ], [ -85.702152699999985, 10.36298394 ], [ -85.702164310000015, 10.36301967 ], [ -85.70217518, 10.36305549 ], [ -85.702164310000015, 10.36301967 ] ] ], [ [ [ -85.702073090000013, 10.36211916 ], [ -85.702074595000013, 10.362101665000488 ], [ -85.702073090000013, 10.36211916 ], [ -85.702075009999987, 10.36215341 ], [ -85.702073090000013, 10.36211916 ] ] ], [ [ [ -85.702816940000019, 10.36030865 ], [ -85.70281867, 10.36030809 ], [ -85.702816940000019, 10.36030865 ], [ -85.70283289, 10.3603709 ], [ -85.702816940000019, 10.36030865 ] ] ], [ [ [ -85.701485989999981, 10.35835138 ], [ -85.70143349, 10.35836567 ], [ -85.701485989999966, 10.35835138 ], [ -85.70153612, 10.35833702 ], [ -85.701485989999981, 10.35835138 ] ] ], [ [ [ -85.701328769999989, 10.35839569 ], [ -85.701270339999979, 10.35841118 ], [ -85.701328769999989, 10.35839569 ], [ -85.70138118, 10.35838095 ], [ -85.701328769999989, 10.35839569 ] ] ], [ [ [ -85.700835989999987, 10.3584715 ], [ -85.700778769999985, 10.35847388 ], [ -85.700835989999973, 10.3584715 ], [ -85.70088481, 10.35846934 ], [ -85.700835989999987, 10.3584715 ] ] ], [ [ [ -85.698702720000014, 10.35354996 ], [ -85.69865687, 10.35346073 ], [ -85.698702720000014, 10.35354996 ], [ -85.698722365, 10.353596495003455 ], [ -85.698702720000014, 10.35354996 ] ] ], [ [ [ -85.698767840000016, 10.35118322 ], [ -85.69879888, 10.35115124 ], [ -85.698767840000016, 10.35118322 ], [ -85.698736880000013, 10.3512152 ], [ -85.698767840000016, 10.35118322 ] ] ], [ [ [ -85.69923639000001, 10.3500163 ], [ -85.699239210000016, 10.35000003 ], [ -85.69923639000001, 10.3500163 ], [ -85.69922422, 10.35006228 ], [ -85.69923639000001, 10.3500163 ] ] ], [ [ [ -85.699666259999987, 10.34966689 ], [ -85.699706689999985, 10.34968339 ], [ -85.69975304, 10.34969698 ], [ -85.699706689999971, 10.34968339 ], [ -85.699666259999972, 10.34966689 ], [ -85.699646625, 10.349657050000152 ], [ -85.699666259999987, 10.34966689 ] ] ], [ [ [ -85.700723109999984, 10.3503152 ], [ -85.70077894, 10.35036055 ], [ -85.70072310999997, 10.3503152 ], [ -85.70069567, 10.35028868 ], [ -85.700723109999984, 10.3503152 ] ] ], [ [ [ -85.701211729999983, 10.35058818 ], [ -85.70126884, 10.35061635 ], [ -85.701211729999969, 10.35058818 ], [ -85.70116714, 10.35056112 ], [ -85.701211729999983, 10.35058818 ] ] ], [ [ [ -85.701799609999981, 10.35115392 ], [ -85.70181383, 10.35125218 ], [ -85.701799609999966, 10.35115392 ], [ -85.70178411, 10.35105585 ], [ -85.701799609999981, 10.35115392 ] ] ], [ [ [ -85.70217728999998, 10.3521132 ], [ -85.70217911, 10.35214663 ], [ -85.702177289999966, 10.3521132 ], [ -85.70217583, 10.35207977 ], [ -85.70217728999998, 10.3521132 ] ] ], [ [ [ -85.702324549999986, 10.35276143 ], [ -85.702343209999981, 10.35280255 ], [ -85.702362879999981, 10.35284329 ], [ -85.70238408, 10.35288313 ], [ -85.702362879999967, 10.35284329 ], [ -85.702343209999967, 10.35280255 ], [ -85.702324549999986, 10.35276143 ], [ -85.70229691, 10.35269659 ], [ -85.702324549999986, 10.35276143 ] ] ], [ [ [ -85.702500369999981, 10.35305107 ], [ -85.70254218, 10.35310264 ], [ -85.702500369999967, 10.35305107 ], [ -85.70245918, 10.3529967 ], [ -85.702500369999981, 10.35305107 ] ] ], [ [ [ -85.702674439999981, 10.35325395 ], [ -85.70271962, 10.3533046 ], [ -85.702674439999967, 10.35325395 ], [ -85.702629529999982, 10.35320304 ], [ -85.702674439999981, 10.35325395 ] ] ], [ [ [ -85.702902619999989, 10.35353898 ], [ -85.702952499999981, 10.35359629 ], [ -85.702902619999975, 10.35353898 ], [ -85.70285556, 10.35347867 ], [ -85.702902619999989, 10.35353898 ] ] ], [ [ [ -85.703099279999989, 10.35375006 ], [ -85.703120844999987, 10.353771230000714 ], [ -85.703099279999975, 10.35375006 ], [ -85.70305661, 10.35370726 ], [ -85.703099279999989, 10.35375006 ] ] ], [ [ [ -85.703398279999988, 10.35428397 ], [ -85.703422749999987, 10.35431909 ], [ -85.703398279999973, 10.35428397 ], [ -85.70337799, 10.35424666 ], [ -85.703398279999988, 10.35428397 ] ] ], [ [ [ -85.703832979999987, 10.35433915 ], [ -85.703876309999984, 10.35435094 ], [ -85.70391901, 10.354365 ], [ -85.70387630999997, 10.35435094 ], [ -85.703832979999973, 10.35433915 ], [ -85.70378856, 10.35432917 ], [ -85.703832979999987, 10.35433915 ] ] ], [ [ [ -85.703961259999986, 10.35438041 ], [ -85.70401111, 10.35439813 ], [ -85.703961259999971, 10.35438041 ], [ -85.70391901, 10.354365 ], [ -85.703961259999986, 10.35438041 ] ] ], [ [ [ -85.704196329999988, 10.35463692 ], [ -85.70419875, 10.35468056 ], [ -85.704196329999974, 10.35463692 ], [ -85.7041943, 10.35459943 ], [ -85.704196329999988, 10.35463692 ] ] ], [ [ [ -85.704330729999981, 10.35486415 ], [ -85.70436118, 10.35487312 ], [ -85.704330729999967, 10.35486415 ], [ -85.704300639999985, 10.35485364 ], [ -85.704330729999981, 10.35486415 ] ] ], [ [ [ -85.704568079999987, 10.3549192 ], [ -85.7046136, 10.35493043 ], [ -85.704568079999973, 10.3549192 ], [ -85.70452274, 10.35490733 ], [ -85.704568079999987, 10.3549192 ] ] ], [ [ [ -85.704932009999979, 10.35502012 ], [ -85.70497136, 10.35503817 ], [ -85.704932009999965, 10.35502012 ], [ -85.70489195, 10.35500397 ], [ -85.704932009999979, 10.35502012 ] ] ], [ [ [ -85.705067949999986, 10.35515985 ], [ -85.70506997, 10.35519536 ], [ -85.705067949999972, 10.35515985 ], [ -85.70505425, 10.35512431 ], [ -85.705067949999986, 10.35515985 ] ] ], [ [ [ -85.704870979999981, 10.35568428 ], [ -85.70484791, 10.35573926 ], [ -85.704870979999967, 10.35568428 ], [ -85.70490292, 10.35563205 ], [ -85.704870979999981, 10.35568428 ] ] ], [ [ [ -85.704838439999989, 10.35577772 ], [ -85.704832719999985, 10.35581725 ], [ -85.704838439999975, 10.35577772 ], [ -85.70484791, 10.35573926 ], [ -85.704838439999989, 10.35577772 ] ] ], [ [ [ -85.705083439999981, 10.35657248 ], [ -85.70508807, 10.35661882 ], [ -85.705083439999967, 10.35657248 ], [ -85.705078089999986, 10.35652877 ], [ -85.705083439999981, 10.35657248 ] ] ], [ [ [ -85.705126079999985, 10.35682776 ], [ -85.70513442, 10.35685112 ], [ -85.705126079999971, 10.35682776 ], [ -85.70511455, 10.35678959 ], [ -85.705126079999985, 10.35682776 ] ] ], [ [ [ -85.705661279999987, 10.35715254 ], [ -85.70565606, 10.35716586 ], [ -85.705661279999973, 10.35715254 ], [ -85.70565854, 10.35713665 ], [ -85.705661279999987, 10.35715254 ] ] ], [ [ [ -85.705591769999984, 10.35722955 ], [ -85.705567210000012, 10.35724505 ], [ -85.70559176999997, 10.35722955 ], [ -85.70561486, 10.35721162 ], [ -85.705591769999984, 10.35722955 ] ] ], [ [ [ -85.705208899999988, 10.3574757 ], [ -85.70522486, 10.35750652 ], [ -85.705208899999974, 10.3574757 ], [ -85.70520381, 10.35744527 ], [ -85.705208899999988, 10.3574757 ] ] ], [ [ [ -85.705676609999983, 10.35801359 ], [ -85.7056777, 10.35804549 ], [ -85.705676609999969, 10.35801359 ], [ -85.7056748, 10.3579817 ], [ -85.705676609999983, 10.35801359 ] ] ], [ [ [ -85.70567450999998, 10.35816508 ], [ -85.705673369999985, 10.35822482 ], [ -85.705674509999966, 10.35816508 ], [ -85.705677469999983, 10.35810523 ], [ -85.70567450999998, 10.35816508 ] ] ], [ [ [ -85.705698429999984, 10.35862082 ], [ -85.70569898, 10.35863763 ], [ -85.70569842999997, 10.35862082 ], [ -85.70569779, 10.35860402 ], [ -85.705698429999984, 10.35862082 ] ] ], [ [ [ -85.705661279999987, 10.35884191 ], [ -85.70564009, 10.3588732 ], [ -85.705661279999973, 10.35884191 ], [ -85.70567587, 10.35880495 ], [ -85.705661279999987, 10.35884191 ] ] ], [ [ [ -85.705533619999983, 10.35893414 ], [ -85.70550147, 10.35894597 ], [ -85.705533619999969, 10.35893414 ], [ -85.70556477, 10.35892023 ], [ -85.705533619999983, 10.35893414 ] ] ], [ [ [ -85.705263839999986, 10.35902676 ], [ -85.70522587, 10.35904368 ], [ -85.705263839999972, 10.35902676 ], [ -85.70529699, 10.35901149 ], [ -85.705263839999986, 10.35902676 ] ] ], [ [ [ -85.705114469999984, 10.35910365 ], [ -85.70509628, 10.35911586 ], [ -85.70511446999997, 10.35910365 ], [ -85.70513293, 10.3590918 ], [ -85.705114469999984, 10.35910365 ] ] ], [ [ [ -85.705061529999981, 10.35913927 ], [ -85.70502762, 10.35916376 ], [ -85.705061529999966, 10.35913927 ], [ -85.70509628, 10.35911586 ], [ -85.705061529999981, 10.35913927 ] ] ], [ [ [ -85.704946669999984, 10.35925222 ], [ -85.70492577, 10.35928559 ], [ -85.704946669999984, 10.35925222 ], [ -85.704970319999987, 10.35922037 ], [ -85.704946669999984, 10.35925222 ] ] ], [ [ [ -85.704872619999989, 10.35941737 ], [ -85.70486206, 10.35947202 ], [ -85.704872619999975, 10.35941737 ], [ -85.70488644, 10.35937211 ], [ -85.704872619999989, 10.35941737 ] ] ], [ [ [ -85.704855629999983, 10.35958385 ], [ -85.70485812, 10.35963824 ], [ -85.704855629999969, 10.35958385 ], [ -85.70485697, 10.3595279 ], [ -85.704855629999983, 10.35958385 ] ] ], [ [ [ -85.704932449999987, 10.36001554 ], [ -85.70494016, 10.36003982 ], [ -85.704932449999973, 10.36001554 ], [ -85.70491751, 10.35997043 ], [ -85.704932449999987, 10.36001554 ] ] ], [ [ [ -85.705019529999987, 10.36031785 ], [ -85.70503825, 10.36037153 ], [ -85.705019529999973, 10.36031785 ], [ -85.70500198, 10.36026381 ], [ -85.705019529999987, 10.36031785 ] ] ], [ [ [ -85.705146609999986, 10.36059121 ], [ -85.70517001, 10.36059858 ], [ -85.705146609999971, 10.36059121 ], [ -85.705123160000014, 10.36057624 ], [ -85.705146609999986, 10.36059121 ] ] ], [ [ [ -85.705828719999985, 10.36039942 ], [ -85.705867659999981, 10.36042669 ], [ -85.705828719999985, 10.36039942 ], [ -85.70579143, 10.36037332 ], [ -85.705828719999985, 10.36039942 ] ] ], [ [ [ -85.706277779999979, 10.36057698 ], [ -85.706330649999984, 10.36058005 ], [ -85.706277779999965, 10.36057698 ], [ -85.70622518, 10.36057166 ], [ -85.706277779999979, 10.36057698 ] ] ], [ [ [ -85.707589589999984, 10.36165647 ], [ -85.707602899999983, 10.36168577 ], [ -85.707589589999969, 10.36165647 ], [ -85.70758801, 10.36165159 ], [ -85.707589589999984, 10.36165647 ] ] ], [ [ [ -85.707709919999985, 10.36181083 ], [ -85.707729069999985, 10.36182392 ], [ -85.707709919999971, 10.36181083 ], [ -85.70767107, 10.36178437 ], [ -85.707709919999985, 10.36181083 ] ] ], [ [ [ -85.708604109999982, 10.36194526 ], [ -85.70859302, 10.36198626 ], [ -85.708604109999968, 10.36194526 ], [ -85.70861677, 10.36190534 ], [ -85.708604109999982, 10.36194526 ] ] ], [ [ [ -85.708622539999979, 10.36238142 ], [ -85.708626739999985, 10.36241511 ], [ -85.708622539999965, 10.36238142 ], [ -85.70862015, 10.3623273 ], [ -85.708622539999979, 10.36238142 ] ] ], [ [ [ -85.708654169999988, 10.36247453 ], [ -85.70869675, 10.36248144 ], [ -85.708654169999974, 10.36247453 ], [ -85.70863572, 10.36245438 ], [ -85.708654169999988, 10.36247453 ] ] ], [ [ [ -85.70919705999998, 10.36222798 ], [ -85.709252149999983, 10.36223554 ], [ -85.709252149999983, 10.36223554 ], [ -85.70919705999998, 10.36222798 ], [ -85.70919705999998, 10.36222798 ] ] ], [ [ [ -85.709371039999979, 10.36224377 ], [ -85.7094152, 10.3622571 ], [ -85.709371039999965, 10.36224377 ], [ -85.70932426, 10.36223616 ], [ -85.709371039999979, 10.36224377 ] ] ], [ [ [ -85.710571049999984, 10.36290276 ], [ -85.710602189999989, 10.36293884 ], [ -85.710571049999984, 10.36290276 ], [ -85.71053927, 10.36286768 ], [ -85.710571049999984, 10.36290276 ] ] ], [ [ [ -85.710809329999989, 10.36306038 ], [ -85.71085737, 10.36306618 ], [ -85.710809329999989, 10.36306038 ], [ -85.710766179999979, 10.36304831 ], [ -85.710809329999989, 10.36306038 ] ] ], [ [ [ -85.711470959999986, 10.362863 ], [ -85.7115098, 10.36288783 ], [ -85.711470959999971, 10.362863 ], [ -85.711430189999987, 10.36283556 ], [ -85.711470959999986, 10.362863 ] ] ], [ [ [ -85.712446019999987, 10.36314485 ], [ -85.71248514, 10.36317112 ], [ -85.712446019999973, 10.36314485 ], [ -85.712404279999987, 10.36312437 ], [ -85.712446019999987, 10.36314485 ] ] ], [ [ [ -85.712487379999985, 10.36321413 ], [ -85.71246056, 10.36325133 ], [ -85.71248737999997, 10.36321413 ], [ -85.71249797, 10.36319862 ], [ -85.712487379999985, 10.36321413 ] ] ], [ [ [ -85.712316279999982, 10.3634935 ], [ -85.712318829999987, 10.36354166 ], [ -85.71233067, 10.36358732 ], [ -85.712318829999973, 10.36354166 ], [ -85.712316279999982, 10.3634935 ], [ -85.71232854, 10.36344779 ], [ -85.712316279999982, 10.3634935 ] ] ], [ [ [ -85.712751339999983, 10.36401556 ], [ -85.71279578, 10.36403032 ], [ -85.712751339999969, 10.36401556 ], [ -85.71270405, 10.36399755 ], [ -85.712751339999983, 10.36401556 ] ] ], [ [ [ -85.712923029999985, 10.36409824 ], [ -85.712964719999988, 10.36412622 ], [ -85.71300614, 10.36415655 ], [ -85.712964719999974, 10.36412622 ], [ -85.71292302999997, 10.36409824 ], [ -85.71288537, 10.36407169 ], [ -85.712923029999985, 10.36409824 ] ] ], [ [ [ -85.713235699999984, 10.36463975 ], [ -85.71322481, 10.36468518 ], [ -85.71323569999997, 10.36463975 ], [ -85.713252329999989, 10.36459321 ], [ -85.713235699999984, 10.36463975 ] ] ], [ [ [ -85.713224319999981, 10.36478035 ], [ -85.71324089, 10.36482283 ], [ -85.713224319999966, 10.36478035 ], [ -85.71321949, 10.36473184 ], [ -85.713224319999981, 10.36478035 ] ] ], [ [ [ -85.71359074999998, 10.36515338 ], [ -85.71361834, 10.36519083 ], [ -85.713590749999966, 10.36515338 ], [ -85.71355599, 10.36512256 ], [ -85.71359074999998, 10.36515338 ] ] ], [ [ [ -85.713659149999984, 10.36532745 ], [ -85.71365446999998, 10.36537329 ], [ -85.71365914999997, 10.36532745 ], [ -85.71365661, 10.36527929 ], [ -85.713659149999984, 10.36532745 ] ] ], [ [ [ -85.713701459999982, 10.36550273 ], [ -85.71373731, 10.36553192 ], [ -85.713701459999982, 10.36550273 ], [ -85.71367724, 10.36546391 ], [ -85.713701459999982, 10.36550273 ] ] ], [ [ [ -85.71378104999998, 10.3655513 ], [ -85.71382612, 10.36556515 ], [ -85.71378104999998, 10.3655513 ], [ -85.71373731, 10.36553192 ], [ -85.71378104999998, 10.3655513 ] ] ], [ [ [ -85.713871669999989, 10.36558199 ], [ -85.71391576, 10.36559902 ], [ -85.713871669999975, 10.36558199 ], [ -85.71382612, 10.36556515 ], [ -85.713871669999989, 10.36558199 ] ] ], [ [ [ -85.714257549999985, 10.36610738 ], [ -85.714302889999985, 10.36611898 ], [ -85.714257549999971, 10.36610738 ], [ -85.71421219, 10.36609199 ], [ -85.714257549999985, 10.36610738 ] ] ], [ [ [ -85.714609269999983, 10.36624189 ], [ -85.714648389999979, 10.36626816 ], [ -85.714609269999983, 10.36624189 ], [ -85.71456822, 10.36621301 ], [ -85.714609269999983, 10.36624189 ] ] ], [ [ [ -85.715461419999983, 10.36678278 ], [ -85.71550489, 10.36680451 ], [ -85.715461419999968, 10.36678278 ], [ -85.7154185, 10.36676403 ], [ -85.715461419999983, 10.36678278 ] ] ], [ [ [ -85.716295179999989, 10.3683726 ], [ -85.716317499999988, 10.36841397 ], [ -85.716295179999975, 10.3683726 ], [ -85.716285339999985, 10.36832575 ], [ -85.716295179999989, 10.3683726 ] ] ], [ [ [ -85.712316770000015, 10.35482024 ], [ -85.71210761, 10.35458124 ], [ -85.712316770000015, 10.35482024 ], [ -85.71251796, 10.35518791 ], [ -85.712316770000015, 10.35482024 ] ] ], [ [ [ -85.699352530000013, 10.32846556 ], [ -85.69932439, 10.32840913 ], [ -85.699352530000013, 10.32846556 ], [ -85.69937128, 10.32850722 ], [ -85.699352530000013, 10.32846556 ] ] ], [ [ [ -85.697396310000016, 10.32168059 ], [ -85.69738329, 10.321637 ], [ -85.697396310000016, 10.32168059 ], [ -85.69740795, 10.32172445 ], [ -85.697396310000016, 10.32168059 ] ] ], [ [ [ -85.695238730000014, 10.31685092 ], [ -85.695229239999989, 10.31678373 ], [ -85.695238730000014, 10.31685092 ], [ -85.69524861, 10.316881375001472 ], [ -85.695238730000014, 10.31685092 ] ] ], [ [ [ -85.694491290000016, 10.31426764 ], [ -85.694483399999982, 10.31420903 ], [ -85.694491290000016, 10.31426764 ], [ -85.69449983, 10.31433023 ], [ -85.694491290000016, 10.31426764 ] ] ], [ [ [ -85.695281350000016, 10.31308251 ], [ -85.69530007, 10.31303252 ], [ -85.695281350000016, 10.31308251 ], [ -85.69525256999998, 10.31312685 ], [ -85.695281350000016, 10.31308251 ] ] ], [ [ [ -85.695587550000013, 10.3108628 ], [ -85.6956249, 10.3108157 ], [ -85.695587550000013, 10.3108628 ], [ -85.69555081, 10.3109062 ], [ -85.695587550000013, 10.3108628 ] ] ], [ [ [ -85.696724410000016, 10.31000058 ], [ -85.69677585, 10.309976 ], [ -85.696724410000016, 10.31000058 ], [ -85.69667296999998, 10.31002408 ], [ -85.696724410000016, 10.31000058 ] ] ], [ [ [ -85.697752350000016, 10.30947062 ], [ -85.697778069999984, 10.309459095000209 ], [ -85.697752350000016, 10.30947062 ], [ -85.69770009, 10.3094943 ], [ -85.697752350000016, 10.30947062 ] ] ], [ [ [ -85.697955300000018, 10.30936381 ], [ -85.697982544999988, 10.309355530000111 ], [ -85.697955300000018, 10.30936381 ], [ -85.69790279, 10.30939102 ], [ -85.697955300000018, 10.30936381 ] ] ], [ [ [ -85.698171480000013, 10.30739755 ], [ -85.698167749999982, 10.30733232 ], [ -85.698171480000013, 10.30739755 ], [ -85.6981708, 10.30745946 ], [ -85.698171480000013, 10.30739755 ] ] ], [ [ [ -85.698220120000016, 10.3068186 ], [ -85.69824205, 10.30677103 ], [ -85.698220120000016, 10.3068186 ], [ -85.69819797, 10.30687448 ], [ -85.698220120000016, 10.3068186 ] ] ], [ [ [ -85.69881002000001, 10.30478151 ], [ -85.69881804, 10.30472977 ], [ -85.69881002000001, 10.30478151 ], [ -85.69880118, 10.3048356 ], [ -85.69881002000001, 10.30478151 ] ] ], [ [ [ -85.697363809999985, 10.30150652 ], [ -85.69741131, 10.30156528 ], [ -85.69736380999997, 10.30150652 ], [ -85.69731548, 10.30147893 ], [ -85.697363809999985, 10.30150652 ] ] ], [ [ [ -85.698490389999989, 10.30176216 ], [ -85.69853103, 10.30178418 ], [ -85.698490389999975, 10.30176216 ], [ -85.69844431, 10.30174812 ], [ -85.698490389999989, 10.30176216 ] ] ], [ [ [ -85.69856962999998, 10.30186993 ], [ -85.69857231, 10.3019274 ], [ -85.69856962999998, 10.30186993 ], [ -85.698558109999979, 10.30181395 ], [ -85.69856962999998, 10.30186993 ] ] ], [ [ [ -85.698577469999989, 10.302021 ], [ -85.69858413, 10.30207113 ], [ -85.698577469999975, 10.302021 ], [ -85.69857393, 10.30197339 ], [ -85.698577469999989, 10.302021 ] ] ], [ [ [ -85.698689779999981, 10.30232129 ], [ -85.698716829999981, 10.3023619 ], [ -85.69874307, 10.30240524 ], [ -85.698716829999967, 10.3023619 ], [ -85.698689779999981, 10.30232129 ], [ -85.698677175, 10.3023018300006 ], [ -85.698689779999981, 10.30232129 ] ] ], [ [ [ -85.698800689999985, 10.30249495 ], [ -85.69883313, 10.30253808 ], [ -85.698800689999985, 10.30249495 ], [ -85.69877106, 10.30245046 ], [ -85.698800689999985, 10.30249495 ] ] ], [ [ [ -85.698867029999988, 10.30257848 ], [ -85.69893469, 10.30265314 ], [ -85.698867029999988, 10.30257848 ], [ -85.69883313, 10.30253808 ], [ -85.698867029999988, 10.30257848 ] ] ], [ [ [ -85.699036599999985, 10.30274913 ], [ -85.69908361, 10.30278467 ], [ -85.699036599999985, 10.30274913 ], [ -85.699000289999987, 10.30271714 ], [ -85.699036599999985, 10.30274913 ] ] ], [ [ [ -85.700142649999989, 10.30356839 ], [ -85.70014237, 10.30361719 ], [ -85.700142649999975, 10.30356839 ], [ -85.70014184, 10.30351968 ], [ -85.700142649999989, 10.30356839 ] ] ], [ [ [ -85.700117399999982, 10.30372605 ], [ -85.700109059999988, 10.3037712 ], [ -85.700117399999968, 10.30372605 ], [ -85.70013464, 10.3036739 ], [ -85.700117399999982, 10.30372605 ] ] ], [ [ [ -85.700568249999989, 10.30413554 ], [ -85.700568249999975, 10.30413554 ], [ -85.70053857, 10.30411401 ], [ -85.700568249999989, 10.30413554 ] ] ], [ [ [ -85.701376379999985, 10.30401045 ], [ -85.70142878, 10.30402997 ], [ -85.701376379999971, 10.30401045 ], [ -85.701376379999985, 10.30401045 ] ] ], [ [ [ -85.701511769999982, 10.30407084 ], [ -85.70156212, 10.30409895 ], [ -85.701511769999968, 10.30407084 ], [ -85.70146996, 10.30405117 ], [ -85.701511769999982, 10.30407084 ] ] ], [ [ [ -85.701835089999989, 10.30428577 ], [ -85.701874389999986, 10.30431241 ], [ -85.70191141, 10.30433969 ], [ -85.701874389999972, 10.30431241 ], [ -85.701835089999975, 10.30428577 ], [ -85.70179067, 10.30425573 ], [ -85.701835089999989, 10.30428577 ] ] ], [ [ [ -85.702169469999987, 10.3046562 ], [ -85.702193169999987, 10.30470117 ], [ -85.70221417, 10.30475429 ], [ -85.702193169999987, 10.30470117 ], [ -85.702169469999987, 10.3046562 ], [ -85.70213497, 10.3046036 ], [ -85.702169469999987, 10.3046562 ] ] ], [ [ [ -85.702233619999987, 10.30480643 ], [ -85.70225423, 10.30485486 ], [ -85.702233619999973, 10.30480643 ], [ -85.70221417, 10.30475429 ], [ -85.702233619999987, 10.30480643 ] ] ], [ [ [ -85.702636399999989, 10.30535517 ], [ -85.702666009999987, 10.30539704 ], [ -85.702636399999989, 10.30535517 ], [ -85.70260431, 10.30531051 ], [ -85.702636399999989, 10.30535517 ] ] ], [ [ [ -85.703245609999982, 10.30603686 ], [ -85.70325794999998, 10.30609229 ], [ -85.703245609999982, 10.30603686 ], [ -85.70322865, 10.30598868 ], [ -85.703245609999982, 10.30603686 ] ] ], [ [ [ -85.703314479999989, 10.30636927 ], [ -85.70332696, 10.30643374 ], [ -85.703314479999975, 10.30636927 ], [ -85.70329955, 10.30630997 ], [ -85.703314479999989, 10.30636927 ] ] ], [ [ [ -85.703361109999989, 10.30660636 ], [ -85.70337881, 10.30665616 ], [ -85.703361109999975, 10.30660636 ], [ -85.703346329999988, 10.30655664 ], [ -85.703361109999989, 10.30660636 ] ] ], [ [ [ -85.703554449999984, 10.30724152 ], [ -85.703587299999981, 10.30729151 ], [ -85.70355444999997, 10.30724152 ], [ -85.70353422, 10.30719698 ], [ -85.703554449999984, 10.30724152 ] ] ], [ [ [ -85.70416084999998, 10.30819824 ], [ -85.70417195, 10.30824292 ], [ -85.704160849999965, 10.30819824 ], [ -85.70414088, 10.30815063 ], [ -85.70416084999998, 10.30819824 ] ] ], [ [ [ -85.70418257999998, 10.30830198 ], [ -85.704187929999989, 10.308328975001153 ], [ -85.704182579999966, 10.30830198 ], [ -85.70417195, 10.30824292 ], [ -85.70418257999998, 10.30830198 ] ] ], [ [ [ -85.719545559999986, 10.30388744 ], [ -85.7196484, 10.30408755 ], [ -85.719545559999972, 10.30388744 ], [ -85.71954333, 10.30347609 ], [ -85.719545559999986, 10.30388744 ] ] ], [ [ [ -85.721459829999986, 10.30482758 ], [ -85.72160913, 10.30497385 ], [ -85.721459829999972, 10.30482758 ], [ -85.72128913, 10.30476836 ], [ -85.721459829999986, 10.30482758 ] ] ], [ [ [ -85.724525859999986, 10.30398564 ], [ -85.724701789999983, 10.30416548 ], [ -85.725000009999988, 10.30453299 ], [ -85.72534113, 10.30489265 ], [ -85.725000009999974, 10.30453299 ], [ -85.724701789999969, 10.30416548 ], [ -85.724525859999986, 10.30398564 ], [ -85.724525859999986, 10.30398564 ] ] ], [ [ [ -85.73225764999998, 10.31151851 ], [ -85.73265504, 10.31154837 ], [ -85.732257649999966, 10.31151851 ], [ -85.7317409, 10.31117365 ], [ -85.73225764999998, 10.31151851 ] ] ], [ [ [ -85.735003219999982, 10.31052009 ], [ -85.73558575, 10.31068335 ], [ -85.735003219999967, 10.31052009 ], [ -85.73456978, 10.31043922 ], [ -85.735003219999982, 10.31052009 ] ] ], [ [ [ -85.74219472999998, 10.31198835 ], [ -85.742307559999986, 10.31205488 ], [ -85.742194729999966, 10.31198835 ], [ -85.74211509, 10.31150945 ], [ -85.74219472999998, 10.31198835 ] ] ], [ [ [ -85.749692110000012, 10.29665642 ], [ -85.7493326, 10.29662393 ], [ -85.749692110000012, 10.29665642 ], [ -85.749767545, 10.296673230000447 ], [ -85.749692110000012, 10.29665642 ] ] ], [ [ [ -85.751339320000014, 10.28628284 ], [ -85.75137075, 10.28623956 ], [ -85.751339320000014, 10.28628284 ], [ -85.75131051, 10.28632132 ], [ -85.751339320000014, 10.28628284 ] ] ], [ [ [ -85.751678100000021, 10.28582451 ], [ -85.75171966, 10.28579953 ], [ -85.751678100000021, 10.28582451 ], [ -85.75162942, 10.28585053 ], [ -85.751678100000021, 10.28582451 ] ] ], [ [ [ -85.755042010000011, 10.28312491 ], [ -85.75507518, 10.28308388 ], [ -85.755042010000011, 10.28312491 ], [ -85.75500531, 10.28317165 ], [ -85.755042010000011, 10.28312491 ] ] ], [ [ [ -85.756245150000012, 10.28144207 ], [ -85.75629911, 10.28141512 ], [ -85.756245150000012, 10.28144207 ], [ -85.75620353, 10.28147357 ], [ -85.756245150000012, 10.28144207 ] ] ], [ [ [ -85.757165410000013, 10.28014406 ], [ -85.757203079999982, 10.28009135 ], [ -85.757165410000013, 10.28014406 ], [ -85.757151784999976, 10.280163430000595 ], [ -85.757165410000013, 10.28014406 ] ] ], [ [ [ -85.757658080000013, 10.27934788 ], [ -85.75767523, 10.27929663 ], [ -85.757658080000013, 10.27934788 ], [ -85.757639109999985, 10.27940022 ], [ -85.757658080000013, 10.27934788 ] ] ], [ [ [ -85.755745319999988, 10.27644982 ], [ -85.75569244, 10.2764587 ], [ -85.755745319999974, 10.27644982 ], [ -85.75579495, 10.27644684 ], [ -85.755745319999988, 10.27644982 ] ] ], [ [ [ -85.755294469999981, 10.27675403 ], [ -85.755254899999983, 10.27677702 ], [ -85.755294469999967, 10.27675403 ], [ -85.75533687, 10.27671548 ], [ -85.755294469999981, 10.27675403 ] ] ], [ [ [ -85.755161360000017, 10.27646257 ], [ -85.75516664, 10.27641111 ], [ -85.755161360000017, 10.27646257 ], [ -85.7551528, 10.27651476 ], [ -85.755161360000017, 10.27646257 ] ] ], [ [ [ -85.753690590000019, 10.27488748 ], [ -85.75415209, 10.27451263 ], [ -85.753690590000019, 10.27488748 ], [ -85.75369054, 10.27488752 ], [ -85.753690590000019, 10.27488748 ] ] ], [ [ [ -85.754980140000015, 10.27373696 ], [ -85.75503414, 10.27371624 ], [ -85.754980140000015, 10.27373696 ], [ -85.75493176, 10.27376623 ], [ -85.754980140000015, 10.27373696 ] ] ], [ [ [ -85.755842539999989, 10.27333138 ], [ -85.755842539999975, 10.27333138 ], [ -85.75579776, 10.27331915 ], [ -85.755842539999989, 10.27333138 ] ] ], [ [ [ -85.755982360000019, 10.27330188 ], [ -85.755982360000019, 10.27330188 ], [ -85.75593641, 10.27330999 ], [ -85.755982360000019, 10.27330188 ] ] ], [ [ [ -85.756034899999989, 10.27333133 ], [ -85.756046109999986, 10.27337836 ], [ -85.75605882, 10.27343215 ], [ -85.756046109999971, 10.27337836 ], [ -85.756034899999989, 10.27333133 ], [ -85.75601983, 10.27331153 ], [ -85.756034899999989, 10.27333133 ] ] ], [ [ [ -85.757357110000015, 10.27257702 ], [ -85.75735722, 10.27252966 ], [ -85.757357110000015, 10.27257702 ], [ -85.75735601, 10.272600300000859 ], [ -85.757357110000015, 10.27257702 ] ] ], [ [ [ -85.757680190000016, 10.2714433 ], [ -85.7577127, 10.27139929 ], [ -85.757680190000016, 10.2714433 ], [ -85.75766338, 10.27149011 ], [ -85.757680190000016, 10.2714433 ] ] ], [ [ [ -85.756083600000011, 10.24193318 ], [ -85.756210649999986, 10.241731 ], [ -85.756083600000011, 10.24193318 ], [ -85.755869249999989, 10.24223532 ], [ -85.756083600000011, 10.24193318 ] ] ], [ [ [ -85.760273659999982, 10.24001894 ], [ -85.76071916, 10.24017557 ], [ -85.760273659999982, 10.24001894 ], [ -85.760273659999982, 10.24001894 ] ] ], [ [ [ -85.762392189999986, 10.24119414 ], [ -85.76277367, 10.24134294 ], [ -85.762392189999971, 10.24119414 ], [ -85.76154317, 10.24094411 ], [ -85.762392189999986, 10.24119414 ] ] ], [ [ [ -85.766247019999966, 10.24111094 ], [ -85.766247019999966, 10.24111094 ], [ -85.76601189, 10.24103641 ], [ -85.766247019999966, 10.24111094 ] ] ], [ [ [ -85.768752490000011, 10.2362427 ], [ -85.76878337, 10.23620105 ], [ -85.768752490000011, 10.2362427 ], [ -85.76873739, 10.236267905001 ], [ -85.768752490000011, 10.2362427 ] ] ], [ [ [ -85.770477889999981, 10.23527144 ], [ -85.770477889999967, 10.23527144 ], [ -85.77043215, 10.23526572 ], [ -85.770477889999981, 10.23527144 ] ] ], [ [ [ -85.779703149999989, 10.22816834 ], [ -85.78024371, 10.2284391 ], [ -85.779703149999975, 10.22816834 ], [ -85.77963299, 10.22816657 ], [ -85.779703149999989, 10.22816834 ] ] ], [ [ [ -85.787819379999988, 10.22363892 ], [ -85.78792635, 10.22364551 ], [ -85.787819379999974, 10.22363892 ], [ -85.78767663, 10.22357234 ], [ -85.787819379999988, 10.22363892 ] ] ], [ [ [ -85.790750909999986, 10.22201483 ], [ -85.79143607, 10.22210071 ], [ -85.790750909999971, 10.22201483 ], [ -85.7903029, 10.22191721 ], [ -85.790750909999986, 10.22201483 ] ] ], [ [ [ -85.792189629999982, 10.22265795 ], [ -85.792615199999986, 10.22299156 ], [ -85.792189629999967, 10.22265795 ], [ -85.79199119, 10.22245749 ], [ -85.792189629999982, 10.22265795 ] ] ], [ [ [ -85.796256290000017, 10.22291173 ], [ -85.79637371, 10.22263821 ], [ -85.796256290000017, 10.22291173 ], [ -85.79616685, 10.22315099 ], [ -85.796256290000017, 10.22291173 ] ] ], [ [ [ -85.797841319999989, 10.22074448 ], [ -85.79825431, 10.22098071 ], [ -85.797841319999975, 10.22074448 ], [ -85.797841319999989, 10.22074448 ] ] ], [ [ [ -85.799764339999982, 10.2215494 ], [ -85.799999950000014, 10.2215744 ], [ -85.799764339999967, 10.2215494 ], [ -85.79950336, 10.22141391 ], [ -85.799764339999982, 10.2215494 ] ] ], [ [ [ -85.806531599999985, 10.22288754 ], [ -85.8064446, 10.2239262 ], [ -85.806531599999985, 10.22288754 ], [ -85.80641101, 10.22267794 ], [ -85.806531599999985, 10.22288754 ] ] ], [ [ [ -85.806233379999981, 10.2248868 ], [ -85.80632525999998, 10.22548457 ], [ -85.806233379999966, 10.2248868 ], [ -85.80632899, 10.22459706 ], [ -85.806233379999981, 10.2248868 ] ] ], [ [ [ -85.806665349999989, 10.22910484 ], [ -85.806682959999989, 10.22912317 ], [ -85.806682959999975, 10.22912317 ], [ -85.806665349999975, 10.22910484 ], [ -85.80668373, 10.22908258 ], [ -85.806665349999989, 10.22910484 ] ] ], [ [ [ -85.811856959999986, 10.23037885 ], [ -85.8122837, 10.23076546 ], [ -85.811856959999972, 10.23037885 ], [ -85.81168342, 10.23011417 ], [ -85.811856959999986, 10.23037885 ] ] ], [ [ [ -85.824576529999987, 10.22964025 ], [ -85.82463356, 10.22966377 ], [ -85.824576529999987, 10.22964025 ], [ -85.824405609999985, 10.22960002 ], [ -85.824576529999987, 10.22964025 ] ] ], [ [ [ -85.824999979999987, 10.22992234 ], [ -85.82502544, 10.22994176 ], [ -85.824999979999973, 10.22992234 ], [ -85.82482244, 10.22978193 ], [ -85.824999979999987, 10.22992234 ] ] ], [ [ [ -85.825336599999986, 10.23008394 ], [ -85.82543501, 10.23010575 ], [ -85.825336599999972, 10.23008394 ], [ -85.82521362, 10.23003992 ], [ -85.825336599999986, 10.23008394 ] ] ], [ [ [ -85.83475679999998, 10.22768742 ], [ -85.83505149, 10.22774627 ], [ -85.834756799999965, 10.22768742 ], [ -85.834512259999983, 10.22765854 ], [ -85.83475679999998, 10.22768742 ] ] ], [ [ [ -85.838098439999982, 10.22741424 ], [ -85.83809781, 10.22744759 ], [ -85.838098439999968, 10.22741424 ], [ -85.83809907, 10.22738098 ], [ -85.838098439999982, 10.22741424 ] ] ], [ [ [ -85.838113189999987, 10.22766232 ], [ -85.83811615, 10.22770035 ], [ -85.838113189999973, 10.22766232 ], [ -85.83810868, 10.2276234 ], [ -85.838113189999987, 10.22766232 ] ] ], [ [ [ -85.838120189999984, 10.22773675 ], [ -85.838124279999988, 10.22776646 ], [ -85.83812018999997, 10.22773675 ], [ -85.83811615, 10.22770035 ], [ -85.838120189999984, 10.22773675 ] ] ], [ [ [ -85.838130869999986, 10.22780248 ], [ -85.838136469999981, 10.22783995 ], [ -85.838130869999972, 10.22780248 ], [ -85.838124279999988, 10.22776646 ], [ -85.838130869999986, 10.22780248 ] ] ], [ [ [ -85.838149519999988, 10.22791851 ], [ -85.83815969, 10.22795912 ], [ -85.838149519999973, 10.22791851 ], [ -85.83814354, 10.2278785 ], [ -85.838149519999988, 10.22791851 ] ] ], [ [ [ -85.838568559999985, 10.22954531 ], [ -85.83859447, 10.22959757 ], [ -85.83856855999997, 10.22954531 ], [ -85.83853215, 10.2294695 ], [ -85.838568559999985, 10.22954531 ] ] ], [ [ [ -85.838605929999986, 10.22962335 ], [ -85.83862136, 10.22965643 ], [ -85.838605929999972, 10.22962335 ], [ -85.83859447, 10.22959757 ], [ -85.838605929999986, 10.22962335 ] ] ], [ [ [ -85.838633909999984, 10.22968067 ], [ -85.83864481, 10.22970393 ], [ -85.83863390999997, 10.22968067 ], [ -85.83862136, 10.22965643 ], [ -85.838633909999984, 10.22968067 ] ] ], [ [ [ -85.83865532999998, 10.22972457 ], [ -85.838667789999988, 10.2297489 ], [ -85.838655329999966, 10.22972457 ], [ -85.83864481, 10.22970393 ], [ -85.83865532999998, 10.22972457 ] ] ], [ [ [ -85.838718749999984, 10.2298219 ], [ -85.83873843, 10.2298489 ], [ -85.83871874999997, 10.2298219 ], [ -85.838699539999979, 10.22979752 ], [ -85.838718749999984, 10.2298219 ] ] ], [ [ [ -85.838776849999988, 10.22989767 ], [ -85.838798089999983, 10.22992574 ], [ -85.838776849999974, 10.22989767 ], [ -85.83875561, 10.22986968 ], [ -85.838776849999988, 10.22989767 ] ] ], [ [ [ -85.838875869999981, 10.23002842 ], [ -85.83889346, 10.23005842 ], [ -85.838875869999967, 10.23002842 ], [ -85.838856189999987, 10.23000151 ], [ -85.838875869999981, 10.23002842 ] ] ], [ [ [ -85.838984589999981, 10.23019726 ], [ -85.83900257, 10.23022987 ], [ -85.838984589999967, 10.23019726 ], [ -85.83896444, 10.23016773 ], [ -85.838984589999981, 10.23019726 ] ] ], [ [ [ -85.839054119999986, 10.23035719 ], [ -85.839062799999979, 10.23039012 ], [ -85.839054119999972, 10.23035719 ], [ -85.839042329999984, 10.23032219 ], [ -85.839054119999986, 10.23035719 ] ] ], [ [ [ -85.840029229999985, 10.23275669 ], [ -85.840039659999988, 10.23277733 ], [ -85.840029229999971, 10.23275669 ], [ -85.84001615, 10.23273643 ], [ -85.840029229999985, 10.23275669 ] ] ], [ [ [ -85.840053289999986, 10.23280012 ], [ -85.84006636, 10.23282029 ], [ -85.840053289999972, 10.23280012 ], [ -85.840039659999988, 10.23277733 ], [ -85.840053289999986, 10.23280012 ] ] ], [ [ [ -85.840433159999989, 10.23339335 ], [ -85.840440925, 10.233410565000465 ], [ -85.840433159999975, 10.23339335 ], [ -85.84041591, 10.23336145 ], [ -85.840433159999989, 10.23339335 ] ] ], [ [ [ -85.840536719999989, 10.23367888 ], [ -85.840547540000017, 10.23372049 ], [ -85.840536719999974, 10.23367888 ], [ -85.84052351, 10.23363567 ], [ -85.840536719999989, 10.23367888 ] ] ], [ [ [ -85.840636869999983, 10.23421258 ], [ -85.84068131, 10.23432324 ], [ -85.840636869999969, 10.23421258 ], [ -85.84061973999998, 10.23416887 ], [ -85.840636869999983, 10.23421258 ] ] ], [ [ [ -85.840700149999989, 10.23436317 ], [ -85.8407174, 10.23439516 ], [ -85.840700149999989, 10.23436317 ], [ -85.84068131, 10.23432324 ], [ -85.840700149999989, 10.23436317 ] ] ], [ [ [ -85.84074108999998, 10.23443831 ], [ -85.8407631, 10.23447343 ], [ -85.840741089999966, 10.23443831 ], [ -85.84073048, 10.23441749 ], [ -85.84074108999998, 10.23443831 ] ] ], [ [ [ -85.840778659999984, 10.23449738 ], [ -85.84079259, 10.23452369 ], [ -85.84077865999997, 10.23449738 ], [ -85.8407631, 10.23447343 ], [ -85.840778659999984, 10.23449738 ] ] ], [ [ [ -85.841244439999983, 10.23514706 ], [ -85.84126569, 10.23517812 ], [ -85.841244439999969, 10.23514706 ], [ -85.84122386, 10.23512138 ], [ -85.841244439999983, 10.23514706 ] ] ], [ [ [ -85.841282849999985, 10.23521011 ], [ -85.841300939999982, 10.23524606 ], [ -85.841282849999985, 10.23521011 ], [ -85.84126569, 10.23517812 ], [ -85.841282849999985, 10.23521011 ] ] ], [ [ [ -85.841605839999986, 10.23592232 ], [ -85.84162541, 10.23594543 ], [ -85.841605839999971, 10.23592232 ], [ -85.84158142, 10.23589598 ], [ -85.841605839999986, 10.23592232 ] ] ], [ [ [ -85.84192539999998, 10.23632439 ], [ -85.84194503, 10.2363579 ], [ -85.84192539999998, 10.23632439 ], [ -85.84190007, 10.23628368 ], [ -85.84192539999998, 10.23632439 ] ] ], [ [ [ -85.84203420999998, 10.23652332 ], [ -85.84204482, 10.23654404 ], [ -85.842034209999966, 10.23652332 ], [ -85.8420236, 10.2365025 ], [ -85.84203420999998, 10.23652332 ] ] ], [ [ [ -85.842095589999985, 10.23664642 ], [ -85.84210868, 10.23666876 ], [ -85.842095589999971, 10.23664642 ], [ -85.84208498, 10.2366256 ], [ -85.842095589999985, 10.23664642 ] ] ], [ [ [ -85.842423499999981, 10.23723036 ], [ -85.84244155, 10.23725194 ], [ -85.842423499999967, 10.23723036 ], [ -85.842397700000021, 10.23719631 ], [ -85.842423499999981, 10.23723036 ] ] ], [ [ [ -85.842522029999984, 10.23733952 ], [ -85.84254645, 10.23736586 ], [ -85.842522029999969, 10.23733952 ], [ -85.84249523, 10.23731165 ], [ -85.842522029999984, 10.23733952 ] ] ], [ [ [ -85.842801469999984, 10.23764972 ], [ -85.84282263, 10.23768078 ], [ -85.842801469999984, 10.23764972 ], [ -85.842791259999984, 10.237636130000292 ], [ -85.842801469999984, 10.23764972 ] ] ], [ [ [ -85.842843889999983, 10.23771193 ], [ -85.84286183, 10.23773749 ], [ -85.842843889999969, 10.23771193 ], [ -85.84282263, 10.23768078 ], [ -85.842843889999983, 10.23771193 ] ] ], [ [ [ -85.843084059999981, 10.23809682 ], [ -85.84310686, 10.23812552 ], [ -85.843084059999967, 10.23809682 ], [ -85.84306603, 10.23807126 ], [ -85.843084059999981, 10.23809682 ] ] ], [ [ [ -85.843152529999983, 10.23818301 ], [ -85.84317695999998, 10.23820926 ], [ -85.843152529999969, 10.23818301 ], [ -85.84312965, 10.23815431 ], [ -85.843152529999983, 10.23818301 ] ] ], [ [ [ -85.843273739999987, 10.23830008 ], [ -85.843298939999983, 10.23832 ], [ -85.843273739999972, 10.23830008 ], [ -85.843248529999983, 10.23828025 ], [ -85.843273739999987, 10.23830008 ] ] ], [ [ [ -85.843889379999979, 10.23868764 ], [ -85.84390648, 10.23870914 ], [ -85.843889379999965, 10.23868764 ], [ -85.8438763, 10.2386653 ], [ -85.843889379999979, 10.23868764 ] ] ], [ [ [ -85.844125549999987, 10.23882087 ], [ -85.84415239, 10.23883834 ], [ -85.844125549999973, 10.23882087 ], [ -85.84409803, 10.23880981 ], [ -85.844125549999987, 10.23882087 ] ] ], [ [ [ -85.844378149999983, 10.2391136 ], [ -85.84439208, 10.23913991 ], [ -85.844378149999969, 10.2391136 ], [ -85.844361, 10.23908161 ], [ -85.844378149999983, 10.2391136 ] ] ], [ [ [ -85.844460799999979, 10.23926776 ], [ -85.844475479999986, 10.23929813 ], [ -85.84448941, 10.23932444 ], [ -85.844475479999971, 10.23929813 ], [ -85.844460799999965, 10.23926776 ], [ -85.84444355, 10.23923577 ], [ -85.844460799999979, 10.23926776 ] ] ], [ [ [ -85.844729849999979, 10.23975765 ], [ -85.84473128, 10.23985925 ], [ -85.844729849999965, 10.23975765 ], [ -85.84472975, 10.239738735000563 ], [ -85.844729849999979, 10.23975765 ] ] ], [ [ [ -85.844579129999985, 10.24040344 ], [ -85.844588209999984, 10.2404267 ], [ -85.844579129999971, 10.24040344 ], [ -85.84457416, 10.24037943 ], [ -85.844579129999985, 10.24040344 ] ] ], [ [ [ -85.844598819999987, 10.24044743 ], [ -85.844612749999982, 10.24047383 ], [ -85.844598819999973, 10.24044743 ], [ -85.844588209999984, 10.2404267 ], [ -85.844598819999987, 10.24044743 ] ] ], [ [ [ -85.844753639999979, 10.24063489 ], [ -85.84477399, 10.24065158 ], [ -85.844753639999979, 10.24063489 ], [ -85.84473576, 10.24061972 ], [ -85.844753639999979, 10.24063489 ] ] ], [ [ [ -85.844862579999983, 10.2407128 ], [ -85.844882089999984, 10.24072553 ], [ -85.844862579999983, 10.2407128 ], [ -85.84484307, 10.24070008 ], [ -85.844862579999983, 10.2407128 ] ] ], [ [ [ -85.845038689999981, 10.24081031 ], [ -85.84505983, 10.24082068 ], [ -85.845038689999967, 10.24081031 ], [ -85.84501517, 10.24079843 ], [ -85.845038689999981, 10.24081031 ] ] ], [ [ [ -85.845136019999984, 10.24085305 ], [ -85.84516363, 10.2408641 ], [ -85.84513601999997, 10.24085305 ], [ -85.845110869999985, 10.24084361 ], [ -85.845136019999984, 10.24085305 ] ] ], [ [ [ -85.845320959999981, 10.24093216 ], [ -85.8453421, 10.24094243 ], [ -85.845320959999967, 10.24093216 ], [ -85.845307195, 10.240926590000047 ], [ -85.845320959999981, 10.24093216 ] ] ], [ [ [ -85.845609929999981, 10.24107548 ], [ -85.845642309999988, 10.24108975 ], [ -85.845609929999966, 10.24107548 ], [ -85.84557498, 10.24105968 ], [ -85.845609929999981, 10.24107548 ] ] ], [ [ [ -85.845755019999984, 10.24112517 ], [ -85.84577932, 10.24113064 ], [ -85.84575501999997, 10.24112517 ], [ -85.84574163, 10.24112163500002 ], [ -85.845755019999984, 10.24112517 ] ] ], [ [ [ -85.845899979999984, 10.24115399 ], [ -85.84591417999998, 10.241156305 ], [ -85.84589997999997, 10.24115399 ], [ -85.8458692, 10.24114775 ], [ -85.845899979999984, 10.24115399 ] ] ], [ [ [ -85.846270839999988, 10.24119509 ], [ -85.84639722999998, 10.24121516 ], [ -85.846270839999974, 10.24119509 ], [ -85.84624109, 10.24119184 ], [ -85.846270839999988, 10.24119509 ] ] ], [ [ [ -85.846614499999987, 10.24129806 ], [ -85.846635699999979, 10.24131881 ], [ -85.846657649999983, 10.24134354 ], [ -85.84667405, 10.24137147 ], [ -85.846657649999983, 10.24134354 ], [ -85.846635699999965, 10.24131881 ], [ -85.846614499999973, 10.24129806 ], [ -85.84658776, 10.24128059 ], [ -85.846614499999987, 10.24129806 ] ] ], [ [ [ -85.846753919999983, 10.24161384 ], [ -85.84676863, 10.24163373 ], [ -85.846753919999969, 10.24161384 ], [ -85.84673929, 10.24159386 ], [ -85.846753919999983, 10.24161384 ] ] ], [ [ [ -85.846913209999983, 10.24172112 ], [ -85.846938259999988, 10.24173055 ], [ -85.846913209999983, 10.24172112 ], [ -85.8468994, 10.24171559500005 ], [ -85.846913209999983, 10.24172112 ] ] ], [ [ [ -85.847036399999979, 10.24175648 ], [ -85.847070349999981, 10.24175782 ], [ -85.847036399999965, 10.24175648 ], [ -85.84700315, 10.24174862 ], [ -85.847036399999979, 10.24175648 ] ] ], [ [ [ -85.847101919999986, 10.24175764 ], [ -85.84712939, 10.2417583 ], [ -85.847101919999972, 10.24175764 ], [ -85.847101919999986, 10.24175764 ] ] ], [ [ [ -85.847534739999986, 10.24175274 ], [ -85.84755425, 10.24176546 ], [ -85.847534739999972, 10.24175274 ], [ -85.84751207, 10.24174483 ], [ -85.847534739999986, 10.24175274 ] ] ], [ [ [ -85.847576139999987, 10.24177971 ], [ -85.84760382, 10.24180124 ], [ -85.847576139999973, 10.24177971 ], [ -85.84755425, 10.24176546 ], [ -85.847576139999987, 10.24177971 ] ] ], [ [ [ -85.847679429999985, 10.24186091 ], [ -85.847691615000016, 10.241868840000098 ], [ -85.847679429999971, 10.24186091 ], [ -85.84765993, 10.24184819 ], [ -85.847679429999985, 10.24186091 ] ] ], [ [ [ -85.847915279999981, 10.2419212 ], [ -85.84798655, 10.24194005 ], [ -85.847915279999967, 10.2419212 ], [ -85.84784729, 10.24191843 ], [ -85.847915279999981, 10.2419212 ] ] ], [ [ [ -85.848150459999985, 10.24215068 ], [ -85.8481579, 10.2421763 ], [ -85.848150459999971, 10.24215068 ], [ -85.84814301, 10.24212506 ], [ -85.848150459999985, 10.24215068 ] ] ], [ [ [ -85.848179369999983, 10.2422595 ], [ -85.84818682, 10.24228513 ], [ -85.848179369999968, 10.2422595 ], [ -85.848176019999983, 10.24223304 ], [ -85.848179369999983, 10.2422595 ] ] ], [ [ [ -85.848141289999987, 10.2425218 ], [ -85.84812691, 10.24254348 ], [ -85.848141289999987, 10.2425218 ], [ -85.84815576, 10.24250003 ], [ -85.848141289999987, 10.2425218 ] ] ], [ [ [ -85.847930079999983, 10.24265043 ], [ -85.847914769999988, 10.24266814 ], [ -85.84789474999998, 10.2426931 ], [ -85.847877949999983, 10.24272366 ], [ -85.847894749999966, 10.2426931 ], [ -85.847914769999974, 10.24266814 ], [ -85.847930079999969, 10.24265043 ], [ -85.84794694, 10.24263027 ], [ -85.847930079999983, 10.24265043 ] ] ], [ [ [ -85.847781859999984, 10.24301998 ], [ -85.84777589, 10.24312414 ], [ -85.847781859999969, 10.24301998 ], [ -85.847783939999985, 10.24297028 ], [ -85.847781859999984, 10.24301998 ] ] ], [ [ [ -85.847826229999981, 10.2433434 ], [ -85.84787841, 10.24349544 ], [ -85.847826229999981, 10.2433434 ], [ -85.84779944, 10.24326751 ], [ -85.847826229999981, 10.2433434 ] ] ], [ [ [ -85.847730489999989, 10.24405966 ], [ -85.84773363, 10.24417587 ], [ -85.847730489999975, 10.24405966 ], [ -85.84773194, 10.24402604 ], [ -85.847730489999989, 10.24405966 ] ] ], [ [ [ -85.847812119999986, 10.2445107 ], [ -85.84782414999998, 10.24453964 ], [ -85.84783207, 10.24456933 ], [ -85.847824149999965, 10.24453964 ], [ -85.847812119999972, 10.2445107 ], [ -85.84780093, 10.24448573 ], [ -85.847812119999986, 10.2445107 ] ] ], [ [ [ -85.84783677999998, 10.24459343 ], [ -85.84784157, 10.24461754 ], [ -85.847836779999966, 10.24459343 ], [ -85.84783207, 10.24456933 ], [ -85.84783677999998, 10.24459343 ] ] ], [ [ [ -85.847821269999983, 10.24534844 ], [ -85.84782389, 10.24539376 ], [ -85.847821269999969, 10.24534844 ], [ -85.84781483, 10.24526223 ], [ -85.847821269999983, 10.24534844 ] ] ], [ [ [ -85.847887279999981, 10.24567319 ], [ -85.847900939999988, 10.24569969 ], [ -85.847887279999966, 10.24567319 ], [ -85.84787773, 10.24564587 ], [ -85.847887279999981, 10.24567319 ] ] ], [ [ [ -85.847950719999986, 10.24577134 ], [ -85.84797086, 10.2457987 ], [ -85.847950719999972, 10.24577134 ], [ -85.84793142, 10.24574795 ], [ -85.847950719999986, 10.24577134 ] ] ], [ [ [ -85.848036799999988, 10.24588806 ], [ -85.848056089999986, 10.24591136 ], [ -85.848036799999974, 10.24588806 ], [ -85.84802073, 10.24587035 ], [ -85.848036799999988, 10.24588806 ] ] ], [ [ [ -85.848110969999979, 10.24596536 ], [ -85.84813352, 10.24598394 ], [ -85.848110969999965, 10.24596536 ], [ -85.8480908, 10.24594849 ], [ -85.848110969999979, 10.24596536 ] ] ], [ [ [ -85.848175489999988, 10.24601542 ], [ -85.848199679999979, 10.24603164 ], [ -85.848175489999988, 10.24601542 ], [ -85.84815122, 10.2459993 ], [ -85.848175489999988, 10.24601542 ] ] ], [ [ [ -85.848750679999981, 10.24626692 ], [ -85.84877173, 10.24627746 ], [ -85.848750679999966, 10.24626692 ], [ -85.84872487, 10.24625314 ], [ -85.848750679999981, 10.24626692 ] ] ], [ [ [ -85.848798859999988, 10.24629507 ], [ -85.848816959999979, 10.24630413 ], [ -85.84884114, 10.24632026 ], [ -85.848816959999965, 10.24630413 ], [ -85.848798859999974, 10.24629507 ], [ -85.84879591, 10.24629359 ], [ -85.848798859999988, 10.24629507 ] ] ], [ [ [ -85.848860549999984, 10.24633317 ], [ -85.84887988, 10.24634616 ], [ -85.848860549999969, 10.24633317 ], [ -85.84884114, 10.24632026 ], [ -85.848860549999984, 10.24633317 ] ] ], [ [ [ -85.849146279999985, 10.24651346 ], [ -85.84916723, 10.24652401 ], [ -85.849146279999971, 10.24651346 ], [ -85.84912523, 10.24650292 ], [ -85.849146279999985, 10.24651346 ] ] ], [ [ [ -85.849435469999989, 10.2466472 ], [ -85.84951822, 10.24671414 ], [ -85.849435469999975, 10.2466472 ], [ -85.84941614, 10.24663429 ], [ -85.849435469999989, 10.2466472 ] ] ], [ [ [ -85.849921739999985, 10.24720537 ], [ -85.849943539999984, 10.24721989 ], [ -85.84996459, 10.24723043 ], [ -85.84994353999997, 10.24721989 ], [ -85.849921739999971, 10.24720537 ], [ -85.84990241, 10.24719247 ], [ -85.849921739999985, 10.24720537 ] ] ], [ [ [ -85.85008003999998, 10.2472831 ], [ -85.850102719999981, 10.24729128 ], [ -85.85013338, 10.24730828 ], [ -85.850102719999967, 10.24729128 ], [ -85.850080039999966, 10.2472831 ], [ -85.850057459999988, 10.247275 ], [ -85.85008003999998, 10.2472831 ] ] ], [ [ [ -85.850259439999988, 10.24752138 ], [ -85.850260129999981, 10.24754623 ], [ -85.85026082, 10.24757117 ], [ -85.850260129999967, 10.24754623 ], [ -85.850259439999974, 10.24752138 ], [ -85.85025799, 10.24749256 ], [ -85.850259439999988, 10.24752138 ] ] ], [ [ [ -85.850497239999982, 10.24774632 ], [ -85.8505223, 10.24775612 ], [ -85.850497239999967, 10.24774632 ], [ -85.85046971, 10.247735 ], [ -85.850497239999982, 10.24774632 ] ] ], [ [ [ -85.850412399999982, 10.24803139 ], [ -85.85040661, 10.24805546 ], [ -85.850412399999968, 10.24803139 ], [ -85.85042304, 10.24801063 ], [ -85.850412399999982, 10.24803139 ] ] ], [ [ [ -85.850427259999989, 10.24813894 ], [ -85.850446549999987, 10.24816232 ], [ -85.850427259999975, 10.24813894 ], [ -85.850415229999982, 10.24811009 ], [ -85.850427259999989, 10.24813894 ] ] ], [ [ [ -85.85079426999998, 10.24841185 ], [ -85.85082017000002, 10.24842562 ], [ -85.850794269999966, 10.24841185 ], [ -85.85077168, 10.24840376 ], [ -85.85079426999998, 10.24841185 ] ] ], [ [ [ -85.85136989999998, 10.2484403 ], [ -85.85139408, 10.24845651 ], [ -85.851369899999966, 10.2484403 ], [ -85.85134237, 10.24842897 ], [ -85.85136989999998, 10.2484403 ] ] ], [ [ [ -85.851379439999988, 10.24863852 ], [ -85.85135668, 10.2486616 ], [ -85.851379439999974, 10.24863852 ], [ -85.85139736, 10.24861212 ], [ -85.851379439999988, 10.24863852 ] ] ], [ [ [ -85.851110059999982, 10.24891542 ], [ -85.851087199999981, 10.24893859 ], [ -85.85106205, 10.24896016 ], [ -85.851087199999967, 10.24893859 ], [ -85.851110059999968, 10.24891542 ], [ -85.85112794, 10.2488995 ], [ -85.851110059999982, 10.24891542 ] ] ], [ [ [ -85.851022939999979, 10.2489968 ], [ -85.85100343000002, 10.24901516 ], [ -85.851022939999964, 10.2489968 ], [ -85.85104253999998, 10.24897852 ], [ -85.851022939999979, 10.2489968 ] ] ], [ [ [ -85.850941639999988, 10.24907507 ], [ -85.850920499999987, 10.2490958 ], [ -85.850941639999974, 10.24907507 ], [ -85.850965159999987, 10.24905587 ], [ -85.850941639999988, 10.24907507 ] ] ], [ [ [ -85.850901330000013, 10.24936196 ], [ -85.850936159999989, 10.24935734 ], [ -85.850901330000013, 10.24936196 ], [ -85.850884735, 10.249363095 ], [ -85.850901330000013, 10.24936196 ] ] ], [ [ [ -85.85134275999998, 10.24932881 ], [ -85.85137029, 10.24934022 ], [ -85.851342759999966, 10.24932881 ], [ -85.85132699, 10.249323525000042 ], [ -85.85134275999998, 10.24932881 ] ] ], [ [ [ -85.851426759999981, 10.2493709 ], [ -85.851455799999982, 10.24939035 ], [ -85.851484929999984, 10.2494097 ], [ -85.851514719999983, 10.24943312 ], [ -85.85148492999997, 10.2494097 ], [ -85.851455799999982, 10.24939035 ], [ -85.851426759999967, 10.2493709 ], [ -85.85140258, 10.24935477 ], [ -85.851426759999981, 10.2493709 ] ] ], [ [ [ -85.851652569999985, 10.2495565 ], [ -85.8516792, 10.24958473 ], [ -85.85165256999997, 10.2495565 ], [ -85.85162604, 10.24952828 ], [ -85.851652569999985, 10.2495565 ] ] ], [ [ [ -85.851839149999989, 10.24982051 ], [ -85.85185356, 10.24985106 ], [ -85.851839149999975, 10.24982051 ], [ -85.85182389, 10.24978589 ], [ -85.851839149999989, 10.24982051 ] ] ], [ [ [ -85.851836739999982, 10.25012923 ], [ -85.85183017, 10.25015973 ], [ -85.851836739999982, 10.25012923 ], [ -85.85184178, 10.25010119 ], [ -85.851836739999982, 10.25012923 ] ] ], [ [ [ -85.851826509999981, 10.25023747 ], [ -85.85182805, 10.25026638 ], [ -85.851826509999967, 10.25023747 ], [ -85.85182829, 10.25021423 ], [ -85.851826509999981, 10.25023747 ] ] ], [ [ [ -85.851987369999989, 10.25045643 ], [ -85.85201083, 10.2504581 ], [ -85.851987369999975, 10.25045643 ], [ -85.85196153, 10.25045305 ], [ -85.851987369999989, 10.25045643 ] ] ], [ [ [ -85.852496209999984, 10.25056233 ], [ -85.85250016, 10.25058238 ], [ -85.852496209999984, 10.25056233 ], [ -85.85248415, 10.25054388 ], [ -85.852496209999984, 10.25056233 ] ] ], [ [ [ -85.852135059999981, 10.25087573 ], [ -85.852113169999981, 10.25089248 ], [ -85.85209119, 10.25090923 ], [ -85.852113169999967, 10.25089248 ], [ -85.852135059999966, 10.25087573 ], [ -85.852158679999988, 10.25085661 ], [ -85.852135059999981, 10.25087573 ] ] ], [ [ [ -85.852015589999979, 10.25096344 ], [ -85.851991219999988, 10.25097849 ], [ -85.852015589999979, 10.25096344 ], [ -85.85204004, 10.2509483 ], [ -85.852015589999979, 10.25096344 ] ] ], [ [ [ -85.851890629999986, 10.25103337 ], [ -85.85186542, 10.25104445 ], [ -85.851890629999986, 10.25103337 ], [ -85.85191975, 10.25102146 ], [ -85.851890629999986, 10.25103337 ] ] ], [ [ [ -85.851501809999988, 10.2512167 ], [ -85.85147506, 10.25123023 ], [ -85.851501809999974, 10.2512167 ], [ -85.85152216, 10.25120239 ], [ -85.851501809999988, 10.2512167 ] ] ], [ [ [ -85.851335979999988, 10.25133621 ], [ -85.85131732, 10.25135864 ], [ -85.851335979999973, 10.25133621 ], [ -85.85135311, 10.25131623 ], [ -85.851335979999988, 10.25133621 ] ] ], [ [ [ -85.851339019999983, 10.25154396 ], [ -85.851363289999981, 10.25156009 ], [ -85.851339019999969, 10.25154396 ], [ -85.85131722, 10.25152944 ], [ -85.851339019999983, 10.25154396 ] ] ], [ [ [ -85.851736569999986, 10.25187553 ], [ -85.851741369999985, 10.25189963 ], [ -85.851736569999971, 10.25187553 ], [ -85.8517294, 10.25184982 ], [ -85.851736569999986, 10.25187553 ] ] ], [ [ [ -85.851711779999988, 10.25197409 ], [ -85.85169148, 10.25199879 ], [ -85.851711779999988, 10.25197409 ], [ -85.85172816, 10.25195005 ], [ -85.851711779999988, 10.25197409 ] ] ], [ [ [ -85.852820709999989, 10.25223292 ], [ -85.85292313, 10.25230482 ], [ -85.852820709999975, 10.25223292 ], [ -85.85270513, 10.25219065 ], [ -85.852820709999989, 10.25223292 ] ] ], [ [ [ -85.852971559999986, 10.25234756 ], [ -85.852986, 10.25236763 ], [ -85.852971559999972, 10.25234756 ], [ -85.85294816, 10.25232501 ], [ -85.852971559999986, 10.25234756 ] ] ], [ [ [ -85.853069759999983, 10.25246186 ], [ -85.853094699999986, 10.25248205 ], [ -85.853069759999968, 10.25246186 ], [ -85.8530536, 10.25244415 ], [ -85.853069759999983, 10.25246186 ] ] ], [ [ [ -85.853178679999985, 10.25253462 ], [ -85.85319809, 10.25254752 ], [ -85.853178679999971, 10.25253462 ], [ -85.85315286, 10.25252085 ], [ -85.853178679999985, 10.25253462 ] ] ], [ [ [ -85.853309260000017, 10.25266356 ], [ -85.853333509999985, 10.2526589 ], [ -85.853309260000017, 10.25266356 ], [ -85.85328243, 10.25267709 ], [ -85.853309260000017, 10.25266356 ] ] ], [ [ [ -85.853407169999983, 10.25268008 ], [ -85.85343051, 10.25269224 ], [ -85.853407169999969, 10.25268008 ], [ -85.85338613, 10.25266954 ], [ -85.853407169999983, 10.25268008 ] ] ], [ [ [ -85.853788289999983, 10.25272526 ], [ -85.85378901, 10.25273972 ], [ -85.853788289999969, 10.25272526 ], [ -85.853768960000011, 10.25271236 ], [ -85.853788289999983, 10.25272526 ] ] ], [ [ [ -85.853648599999985, 10.25297721 ], [ -85.85363384999998, 10.2529988 ], [ -85.853619199999983, 10.25302039 ], [ -85.85363384999998, 10.2529988 ], [ -85.853648599999971, 10.25297721 ], [ -85.85366325, 10.25295561 ], [ -85.853648599999985, 10.25297721 ] ] ], [ [ [ -85.853536869999985, 10.25312587 ], [ -85.8535166, 10.25314018 ], [ -85.853536869999971, 10.25312587 ], [ -85.853556469999987, 10.25310751 ], [ -85.853536869999985, 10.25312587 ] ] ], [ [ [ -85.853435459999986, 10.25316622 ], [ -85.85340874, 10.25316935 ], [ -85.853435459999972, 10.25316622 ], [ -85.85346552, 10.25315836 ], [ -85.853435459999986, 10.25316622 ] ] ], [ [ [ -85.852745749999983, 10.25313482 ], [ -85.85273184, 10.25316038 ], [ -85.852745749999983, 10.25313482 ], [ -85.852758019999982, 10.25311161 ], [ -85.852745749999983, 10.25313482 ] ] ], [ [ [ -85.852729599999989, 10.25327752 ], [ -85.852741629999983, 10.25330646 ], [ -85.85275445, 10.25332898 ], [ -85.852741629999969, 10.25330646 ], [ -85.852729599999975, 10.25327752 ], [ -85.85272526, 10.253260645000449 ], [ -85.852729599999989, 10.25327752 ] ] ], [ [ [ -85.852893629999983, 10.25352294 ], [ -85.852915309999986, 10.25354785 ], [ -85.852893629999983, 10.25352294 ], [ -85.85287433, 10.25349955 ], [ -85.852893629999983, 10.25352294 ] ] ], [ [ [ -85.852809989999983, 10.25388906 ], [ -85.85279696, 10.2539082 ], [ -85.852809989999969, 10.25388906 ], [ -85.85282712, 10.25386908 ], [ -85.852809989999983, 10.25388906 ] ] ], [ [ [ -85.852790229999982, 10.25395948 ], [ -85.852799819999987, 10.25397642 ], [ -85.85282322, 10.25399897 ], [ -85.852799819999973, 10.25397642 ], [ -85.852790229999968, 10.25395948 ], [ -85.85278879, 10.25393066 ], [ -85.852790229999982, 10.25395948 ] ] ], [ [ [ -85.853165099999984, 10.25412255 ], [ -85.8531894, 10.25412828 ], [ -85.85316509999997, 10.25412255 ], [ -85.85313356, 10.25411197 ], [ -85.853165099999984, 10.25412255 ] ] ], [ [ [ -85.853360519999981, 10.25422852 ], [ -85.85336438, 10.25427992 ], [ -85.853360519999967, 10.25422852 ], [ -85.85332826, 10.25420349 ], [ -85.853360519999981, 10.25422852 ] ] ], [ [ [ -85.853345189999985, 10.25438568 ], [ -85.853340249999988, 10.25441372 ], [ -85.853333579999983, 10.25444413 ], [ -85.853340249999974, 10.25441372 ], [ -85.85334518999997, 10.25438568 ], [ -85.85335261, 10.25435925 ], [ -85.853345189999985, 10.25438568 ] ] ], [ [ [ -85.85327762999998, 10.25462998 ], [ -85.85325966, 10.2546459 ], [ -85.853277629999965, 10.25462998 ], [ -85.85329157, 10.25459393 ], [ -85.85327762999998, 10.25462998 ] ] ], [ [ [ -85.852897639999981, 10.25499707 ], [ -85.85291944, 10.25501159 ], [ -85.852897639999981, 10.25499707 ], [ -85.85287499, 10.25497849 ], [ -85.852897639999981, 10.25499707 ] ] ], [ [ [ -85.852954839999981, 10.2550422 ], [ -85.852970119999981, 10.25506634 ], [ -85.852954839999967, 10.2550422 ], [ -85.85293876, 10.25502449 ], [ -85.852954839999981, 10.2550422 ] ] ], [ [ [ -85.85296504999998, 10.25510486 ], [ -85.85294156, 10.25511349 ], [ -85.852965049999966, 10.25510486 ], [ -85.85297642, 10.25509847 ], [ -85.85296504999998, 10.25510486 ] ] ], [ [ [ -85.852378589999987, 10.25498892 ], [ -85.852355099999983, 10.25499755 ], [ -85.852378589999972, 10.25498892 ], [ -85.85240869, 10.25497058 ], [ -85.852378589999987, 10.25498892 ] ] ], [ [ [ -85.852223749999979, 10.25503544 ], [ -85.852196939999985, 10.25503848 ], [ -85.852223749999979, 10.25503544 ], [ -85.85225209, 10.25502994 ], [ -85.852223749999979, 10.25503544 ] ] ], [ [ [ -85.851943489999982, 10.25504372 ], [ -85.851943489999968, 10.25504372 ], [ -85.85196858, 10.25504304 ], [ -85.851943489999982, 10.25504372 ] ] ], [ [ [ -85.851792169999982, 10.2551937 ], [ -85.85181472, 10.25521228 ], [ -85.851792169999982, 10.2551937 ], [ -85.851777629999987, 10.25517363 ], [ -85.851792169999982, 10.2551937 ] ] ], [ [ [ -85.851835679999979, 10.25522282 ], [ -85.85185509999998, 10.25523573 ], [ -85.851835679999965, 10.25522282 ], [ -85.85181472, 10.25521228 ], [ -85.851835679999979, 10.25522282 ] ] ], [ [ [ -85.851927739999979, 10.2552842 ], [ -85.85194866, 10.25530514 ], [ -85.851927739999965, 10.2552842 ], [ -85.85190271, 10.25526401 ], [ -85.851927739999979, 10.2552842 ] ] ], [ [ [ -85.851962319999984, 10.25533172 ], [ -85.85197351, 10.2553566 ], [ -85.85196231999997, 10.25533172 ], [ -85.85194866, 10.25530514 ], [ -85.851962319999984, 10.25533172 ] ] ], [ [ [ -85.85197445999998, 10.25548981 ], [ -85.85198327, 10.25551307 ], [ -85.851974459999965, 10.25548981 ], [ -85.851968909999982, 10.25546164 ], [ -85.85197445999998, 10.25548981 ] ] ], [ [ [ -85.852021859999979, 10.25555976 ], [ -85.85204776, 10.25557353 ], [ -85.852021859999965, 10.25555976 ], [ -85.85200093, 10.25553882 ], [ -85.852021859999979, 10.25555976 ] ] ], [ [ [ -85.852241140000018, 10.25559456 ], [ -85.85226873, 10.25558501 ], [ -85.852241140000018, 10.25559456 ], [ -85.85221117, 10.25560242 ], [ -85.852241140000018, 10.25559456 ] ] ], [ [ [ -85.852436269999984, 10.25560267 ], [ -85.8524483, 10.25563161 ], [ -85.85243626999997, 10.25560267 ], [ -85.85242098, 10.25557854 ], [ -85.852436269999984, 10.25560267 ] ] ], [ [ [ -85.852500549999988, 10.25570488 ], [ -85.85252473, 10.25572101 ], [ -85.852500549999974, 10.25570488 ], [ -85.85247963, 10.25568394 ], [ -85.852500549999988, 10.25570488 ] ] ], [ [ [ -85.852831939999987, 10.25582842 ], [ -85.85285289, 10.25583888 ], [ -85.852831939999973, 10.25582842 ], [ -85.85280688, 10.25581862 ], [ -85.852831939999987, 10.25582842 ] ] ], [ [ [ -85.852866099999986, 10.25595927 ], [ -85.85285307, 10.2559785 ], [ -85.852866099999972, 10.25595927 ], [ -85.85288322, 10.25593929 ], [ -85.852866099999986, 10.25595927 ] ] ], [ [ [ -85.852834819999984, 10.25655907 ], [ -85.85285415, 10.25657197 ], [ -85.85283481999997, 10.25655907 ], [ -85.85281465, 10.2565421 ], [ -85.852834819999984, 10.25655907 ] ] ], [ [ [ -85.852941349999981, 10.25663013 ], [ -85.85296231, 10.25664067 ], [ -85.852941349999966, 10.25663013 ], [ -85.85292193, 10.25661722 ], [ -85.852941349999981, 10.25663013 ] ] ], [ [ [ -85.853651749999983, 10.25673461 ], [ -85.85366055999998, 10.25675797 ], [ -85.853651749999969, 10.25673461 ], [ -85.8536311, 10.25665113 ], [ -85.853651749999983, 10.25673461 ] ] ], [ [ [ -85.85374247999998, 10.25689631 ], [ -85.853751280000012, 10.25691958 ], [ -85.853742479999966, 10.25689631 ], [ -85.85372957, 10.25687379 ], [ -85.85374247999998, 10.25689631 ] ] ], [ [ [ -85.853758359999986, 10.25694529 ], [ -85.853762279999984, 10.25697582 ], [ -85.853758359999972, 10.25694529 ], [ -85.853751280000012, 10.25691958 ], [ -85.853758359999986, 10.25694529 ] ] ], [ [ [ -85.853673169999979, 10.25715337 ], [ -85.85364796, 10.25716453 ], [ -85.853673169999965, 10.25715337 ], [ -85.85369343, 10.25713906 ], [ -85.853673169999979, 10.25715337 ] ] ], [ [ [ -85.853595279999979, 10.25717469 ], [ -85.853562919999987, 10.25718093 ], [ -85.853538589999985, 10.25718567 ], [ -85.853562919999973, 10.25718093 ], [ -85.853595279999979, 10.25717469 ], [ -85.85361961, 10.25717003 ], [ -85.853595279999979, 10.25717469 ] ] ], [ [ [ -85.853417539999981, 10.25725478 ], [ -85.85340213, 10.2572724 ], [ -85.853417539999967, 10.25725478 ], [ -85.853439529999989, 10.25723811 ], [ -85.853417539999981, 10.25725478 ] ] ], [ [ [ -85.853471389999982, 10.25733608 ], [ -85.85349729, 10.25734984 ], [ -85.853471389999967, 10.25733608 ], [ -85.85344796, 10.25732392 ], [ -85.853471389999982, 10.25733608 ] ] ], [ [ [ -85.853602919999986, 10.25743781 ], [ -85.853603609999979, 10.25746266 ], [ -85.853593839999988, 10.25747708 ], [ -85.853575959999986, 10.257493 ], [ -85.853593839999974, 10.25747708 ], [ -85.853603609999965, 10.25746266 ], [ -85.853602919999986, 10.25743781 ], [ -85.85359249, 10.2574169 ], [ -85.853602919999986, 10.25743781 ] ] ], [ [ [ -85.853553219999981, 10.25750569 ], [ -85.85352153, 10.25751599 ], [ -85.853553219999966, 10.25750569 ], [ -85.853575959999986, 10.257493 ], [ -85.853553219999981, 10.25750569 ] ] ], [ [ [ -85.853264669999987, 10.25754683 ], [ -85.8532388, 10.25755394 ], [ -85.853264669999973, 10.25754683 ], [ -85.85329311, 10.25754133 ], [ -85.853264669999987, 10.25754683 ] ] ], [ [ [ -85.853193319999988, 10.25757932 ], [ -85.85316573, 10.25758887 ], [ -85.853193319999974, 10.25757932 ], [ -85.85321606, 10.25756663 ], [ -85.853193319999988, 10.25757932 ] ] ], [ [ [ -85.853088559999989, 10.25762456 ], [ -85.853060189999979, 10.25764045 ], [ -85.853088559999989, 10.25762456 ], [ -85.85310967, 10.25761423 ], [ -85.853088559999989, 10.25762456 ] ] ], [ [ [ -85.852989439999988, 10.25769788 ], [ -85.85297068, 10.25772021 ], [ -85.852989439999973, 10.25769788 ], [ -85.85301305, 10.25767867 ], [ -85.852989439999988, 10.25769788 ] ] ], [ [ [ -85.852665759999979, 10.25789565 ], [ -85.85264548, 10.25790715 ], [ -85.852665759999979, 10.25789565 ], [ -85.85269146, 10.25789044 ], [ -85.852665759999979, 10.25789565 ] ] ], [ [ [ -85.852625509999982, 10.25792444 ], [ -85.85260818, 10.25794207 ], [ -85.852625509999967, 10.25792444 ], [ -85.85264548, 10.25790715 ], [ -85.852625509999982, 10.25792444 ] ] ], [ [ [ -85.852605729999979, 10.2579466 ], [ -85.85259663, 10.25796346 ], [ -85.852605729999965, 10.2579466 ], [ -85.85260818, 10.25794207 ], [ -85.852605729999979, 10.2579466 ] ] ], [ [ [ -85.852841799999979, 10.25832401 ], [ -85.85291055, 10.25839456 ], [ -85.852841799999979, 10.25832401 ], [ -85.85281252, 10.25828348 ], [ -85.852841799999979, 10.25832401 ] ] ], [ [ [ -85.853208829999986, 10.25855046 ], [ -85.85323727, 10.25856142 ], [ -85.853208829999971, 10.25855046 ], [ -85.853183050000013, 10.25854239 ], [ -85.853208829999986, 10.25855046 ] ] ], [ [ [ -85.853302639999981, 10.25859873 ], [ -85.85332427, 10.25861632 ], [ -85.853302639999967, 10.25859873 ], [ -85.85328322, 10.25858601 ], [ -85.853302639999981, 10.25859873 ] ] ], [ [ [ -85.853331919999988, 10.25867655 ], [ -85.85333024, 10.25870087 ], [ -85.853331919999974, 10.25867655 ], [ -85.85333315, 10.25865305 ], [ -85.853331919999988, 10.25867655 ] ] ], [ [ [ -85.853327599999986, 10.25874852 ], [ -85.853327599999972, 10.25874852 ], [ -85.85332619, 10.25872692 ], [ -85.853327599999986, 10.25874852 ] ] ], [ [ [ -85.853613309999986, 10.25892492 ], [ -85.853613309999972, 10.25892492 ], [ -85.853599859999989, 10.25891831 ], [ -85.853613309999986, 10.25892492 ] ] ], [ [ [ -85.853681849999987, 10.25891242 ], [ -85.85370669, 10.25891544 ], [ -85.853681849999987, 10.25891242 ], [ -85.853681849999987, 10.25891242 ] ] ], [ [ [ -85.853746709999982, 10.25903559 ], [ -85.85373051, 10.25905818 ], [ -85.853746709999967, 10.25903559 ], [ -85.85376292, 10.25901308 ], [ -85.853746709999982, 10.25903559 ] ] ], [ [ [ -85.853679899999989, 10.25912544 ], [ -85.853667049999984, 10.25914467 ], [ -85.853679899999975, 10.25912544 ], [ -85.85369537, 10.25910239 ], [ -85.853679899999989, 10.25912544 ] ] ], [ [ [ -85.853636279999989, 10.25918741 ], [ -85.85362417, 10.25920709 ], [ -85.853636279999989, 10.25918741 ], [ -85.85365293, 10.25916409 ], [ -85.853636279999989, 10.25918741 ] ] ], [ [ [ -85.853484169999987, 10.25937481 ], [ -85.85346331, 10.25938098 ], [ -85.853484169999973, 10.25937481 ], [ -85.85350478, 10.25935734 ], [ -85.853484169999987, 10.25937481 ] ] ], [ [ [ -85.853564030000015, 10.25900193 ], [ -85.85355717, 10.258991350000178 ], [ -85.853564030000015, 10.25900193 ], [ -85.85357983, 10.25902 ], [ -85.853564030000015, 10.25900193 ] ] ], [ [ [ -85.853389649999983, 10.25901711 ], [ -85.853383004999984, 10.259027090000156 ], [ -85.853389649999968, 10.25901711 ], [ -85.85340614, 10.25899587 ], [ -85.853389649999983, 10.25901711 ] ] ], [ [ [ -85.853330879999987, 10.25909336 ], [ -85.85331154, 10.25911055 ], [ -85.853330879999987, 10.25909336 ], [ -85.85334526, 10.25907186 ], [ -85.853330879999987, 10.25909336 ] ] ], [ [ [ -85.85320102999998, 10.25923246 ], [ -85.85318124, 10.25925038 ], [ -85.85320102999998, 10.25923246 ], [ -85.85322134, 10.25921038 ], [ -85.85320102999998, 10.25923246 ] ] ], [ [ [ -85.852948989999987, 10.25944926 ], [ -85.85292607, 10.25946177 ], [ -85.852948989999973, 10.25944926 ], [ -85.85296696, 10.25943235 ], [ -85.852948989999987, 10.25944926 ] ] ], [ [ [ -85.852662879999983, 10.25948686 ], [ -85.852644089999984, 10.25950323 ], [ -85.852662879999968, 10.25948686 ], [ -85.85268193, 10.2594684 ], [ -85.852662879999983, 10.25948686 ] ] ], [ [ [ -85.852622739999987, 10.25952016 ], [ -85.85260496, 10.25953834 ], [ -85.852622739999973, 10.25952016 ], [ -85.852644089999984, 10.25950323 ], [ -85.852622739999987, 10.25952016 ] ] ], [ [ [ -85.852571859999983, 10.25957287 ], [ -85.85255054000001, 10.25959314 ], [ -85.852571859999969, 10.25957287 ], [ -85.85258773, 10.2595557 ], [ -85.852571859999983, 10.25957287 ] ] ], [ [ [ -85.852545119999988, 10.26013641 ], [ -85.852558099999982, 10.26015703 ], [ -85.852545119999974, 10.26013641 ], [ -85.852536499999985, 10.26011413 ], [ -85.852545119999988, 10.26013641 ] ] ], [ [ [ -85.852712989999986, 10.26041551 ], [ -85.852724699999982, 10.26043641 ], [ -85.852712989999972, 10.26041551 ], [ -85.852698, 10.26039463 ], [ -85.852712989999986, 10.26041551 ] ] ], [ [ [ -85.852920679999983, 10.26071527 ], [ -85.8529352, 10.26073362 ], [ -85.852920679999968, 10.26071527 ], [ -85.85290806, 10.26069591 ], [ -85.852920679999983, 10.26071527 ] ] ], [ [ [ -85.852951469999979, 10.26075431 ], [ -85.85297247, 10.26078158 ], [ -85.852951469999979, 10.26075431 ], [ -85.8529352, 10.26073362 ], [ -85.852951469999979, 10.26075431 ] ] ], [ [ [ -85.853100149999989, 10.26088713 ], [ -85.853125439999985, 10.26088942 ], [ -85.853100149999975, 10.26088713 ], [ -85.853035599999984, 10.26086355 ], [ -85.853100149999989, 10.26088713 ] ] ], [ [ [ -85.853332869999988, 10.26090948 ], [ -85.853332869999988, 10.26090948 ], [ -85.85330832, 10.26090772 ], [ -85.853332869999988, 10.26090948 ] ] ], [ [ [ -85.853946429999979, 10.26088238 ], [ -85.85397127, 10.26088541 ], [ -85.853946429999965, 10.26088238 ], [ -85.853921690000021, 10.26087945 ], [ -85.853946429999979, 10.26088238 ] ] ], [ [ [ -85.85429732999998, 10.26103311 ], [ -85.85432108, 10.26103767 ], [ -85.85429732999998, 10.26103311 ], [ -85.85427439999998, 10.26102908 ], [ -85.85429732999998, 10.26103311 ] ] ], [ [ [ -85.854344309999988, 10.26104631 ], [ -85.85435683, 10.26105008000002 ], [ -85.854344309999973, 10.26104631 ], [ -85.85432108, 10.26103767 ], [ -85.854344309999988, 10.26104631 ] ] ], [ [ [ -85.85459539999998, 10.26110606 ], [ -85.85460855, 10.26110806 ], [ -85.854595399999965, 10.26110606 ], [ -85.85456983, 10.26110259 ], [ -85.85459539999998, 10.26110606 ] ] ], [ [ [ -85.854648829999988, 10.26111461 ], [ -85.854672019999981, 10.26111655 ], [ -85.854648829999974, 10.26111461 ], [ -85.854635265, 10.261112335 ], [ -85.854648829999988, 10.26111461 ] ] ], [ [ [ -85.854737609999987, 10.26114528 ], [ -85.854744965, 10.261155085000153 ], [ -85.854737609999972, 10.26114528 ], [ -85.85471746, 10.26113202 ], [ -85.854737609999987, 10.26114528 ] ] ], [ [ [ -85.854760389999981, 10.2611878 ], [ -85.85476017, 10.26121311 ], [ -85.854760389999967, 10.2611878 ], [ -85.854756354999978, 10.261176345000207 ], [ -85.854760389999981, 10.2611878 ] ] ], [ [ [ -85.854736549999984, 10.26124515 ], [ -85.85472325, 10.2612651 ], [ -85.854736549999984, 10.26124515 ], [ -85.854751209999989, 10.26122491 ], [ -85.854736549999984, 10.26124515 ] ] ], [ [ [ -85.854710679999982, 10.26128551 ], [ -85.854696299999986, 10.26130701 ], [ -85.85468218, 10.26132652 ], [ -85.854696299999972, 10.26130701 ], [ -85.854710679999968, 10.26128551 ], [ -85.85472325, 10.2612651 ], [ -85.854710679999982, 10.26128551 ] ] ], [ [ [ -85.854666969999982, 10.26134748 ], [ -85.85465313, 10.26136817 ], [ -85.854666969999968, 10.26134748 ], [ -85.85468218, 10.26132652 ], [ -85.854666969999982, 10.26134748 ] ] ], [ [ [ -85.854617569999988, 10.2614498 ], [ -85.85463198, 10.26146481 ], [ -85.854617569999974, 10.2614498 ], [ -85.85461392, 10.26143518 ], [ -85.854617569999988, 10.2614498 ] ] ], [ [ [ -85.854674679999988, 10.2614961 ], [ -85.85469457, 10.26151135 ], [ -85.854674679999988, 10.2614961 ], [ -85.85465581, 10.26148256 ], [ -85.854674679999988, 10.2614961 ] ] ], [ [ [ -85.854725099999982, 10.26162993 ], [ -85.85472616, 10.26165495 ], [ -85.854725099999968, 10.26162993 ], [ -85.854723649999983, 10.26160029 ], [ -85.854725099999982, 10.26162993 ] ] ], [ [ [ -85.85471871999998, 10.26175612 ], [ -85.8547237, 10.2617804 ], [ -85.854718719999966, 10.26175612 ], [ -85.85471811, 10.26173037 ], [ -85.85471871999998, 10.26175612 ] ] ], [ [ [ -85.854998669999986, 10.2616327 ], [ -85.85502111, 10.26164748 ], [ -85.854998669999972, 10.2616327 ], [ -85.85497614, 10.26161801 ], [ -85.854998669999986, 10.2616327 ] ] ], [ [ [ -85.855010009999987, 10.2617926 ], [ -85.85499998, 10.26182582 ], [ -85.855010009999972, 10.2617926 ], [ -85.85501351, 10.26176727 ], [ -85.855010009999987, 10.2617926 ] ] ], [ [ [ -85.854950089999988, 10.2619388 ], [ -85.854936419999987, 10.26195749 ], [ -85.854950089999974, 10.2619388 ], [ -85.85496081, 10.26191605 ], [ -85.854950089999988, 10.2619388 ] ] ], [ [ [ -85.854905059999979, 10.26197783 ], [ -85.854905059999965, 10.26197783 ], [ -85.85491918, 10.26197494 ], [ -85.854905059999979, 10.26197783 ] ] ], [ [ [ -85.854712799999987, 10.26191431 ], [ -85.854715129999988, 10.26193906 ], [ -85.85471673, 10.26196336 ], [ -85.854715129999974, 10.26193906 ], [ -85.854712799999973, 10.26191431 ], [ -85.85471369, 10.26189614 ], [ -85.854712799999987, 10.26191431 ] ] ], [ [ [ -85.854653699999986, 10.26218594 ], [ -85.854640119999985, 10.26220464 ], [ -85.8546252, 10.26222687 ], [ -85.854640119999985, 10.26220464 ], [ -85.854653699999972, 10.26218594 ], [ -85.85467044, 10.26216262 ], [ -85.854653699999986, 10.26218594 ] ] ], [ [ [ -85.854242879999987, 10.26232177 ], [ -85.85423227, 10.2623325 ], [ -85.854242879999973, 10.26232177 ], [ -85.85426575, 10.26231577 ], [ -85.854242879999987, 10.26232177 ] ] ], [ [ [ -85.854352909999989, 10.26257066 ], [ -85.85437454, 10.26257162 ], [ -85.854352909999974, 10.26257066 ], [ -85.85433349, 10.26255794 ], [ -85.854352909999989, 10.26257066 ] ] ], [ [ [ -85.854397480000017, 10.26246738 ], [ -85.854401975, 10.262456510000185 ], [ -85.854397480000017, 10.26246738 ], [ -85.8543906, 10.26249264 ], [ -85.854397480000017, 10.26246738 ] ] ], [ [ [ -85.854853309999982, 10.26242953 ], [ -85.85486237, 10.26245099 ], [ -85.854853309999967, 10.26242953 ], [ -85.854846019999982, 10.26241701 ], [ -85.854853309999982, 10.26242953 ] ] ], [ [ [ -85.854869899999983, 10.26255307 ], [ -85.85486529, 10.26257659 ], [ -85.854869899999969, 10.26255307 ], [ -85.854869, 10.26252271 ], [ -85.854869899999983, 10.26255307 ] ] ], [ [ [ -85.854749709999979, 10.26283102 ], [ -85.85473379, 10.26285488 ], [ -85.854749709999965, 10.26283102 ], [ -85.8547631, 10.26281106 ], [ -85.854749709999979, 10.26283102 ] ] ], [ [ [ -85.854625729999981, 10.26300813 ], [ -85.85460979, 10.26302865 ], [ -85.854625729999967, 10.26300813 ], [ -85.85463931, 10.26298944 ], [ -85.854625729999981, 10.26300813 ] ] ], [ [ [ -85.854185709999982, 10.26325411 ], [ -85.85415971, 10.26325471 ], [ -85.854185709999967, 10.26325411 ], [ -85.854210509999987, 10.26325044 ], [ -85.854185709999982, 10.26325411 ] ] ], [ [ [ -85.853944499999983, 10.26327799 ], [ -85.85391789, 10.26328266 ], [ -85.853944499999983, 10.26327799 ], [ -85.853968219999985, 10.26327587 ], [ -85.853944499999983, 10.26327799 ] ] ], [ [ [ -85.853409720000016, 10.2631238 ], [ -85.85338728, 10.26310901 ], [ -85.853409720000016, 10.2631238 ], [ -85.8534229, 10.263130770000075 ], [ -85.853409720000016, 10.2631238 ] ] ], [ [ [ -85.852752169999988, 10.26269458 ], [ -85.852743509999982, 10.26271162 ], [ -85.852752169999974, 10.26269458 ], [ -85.85276629, 10.26267507 ], [ -85.852752169999988, 10.26269458 ] ] ], [ [ [ -85.852778929999985, 10.26276293 ], [ -85.8528022, 10.26277816 ], [ -85.852778929999971, 10.26276293 ], [ -85.852757769999982, 10.26274795 ], [ -85.852778929999985, 10.26276293 ] ] ], [ [ [ -85.852894699999979, 10.26327513 ], [ -85.852909409999981, 10.26329475 ], [ -85.85292211, 10.26331419 ], [ -85.852909409999967, 10.26329475 ], [ -85.852894699999965, 10.26327513 ], [ -85.85287844, 10.26325787 ], [ -85.852894699999979, 10.26327513 ] ] ], [ [ [ -85.852720629999979, 10.26345371 ], [ -85.85271583, 10.26347587 ], [ -85.852720629999965, 10.26345371 ], [ -85.85272755, 10.26343505 ], [ -85.852720629999979, 10.26345371 ] ] ], [ [ [ -85.852684499999981, 10.26353272 ], [ -85.852664979999986, 10.26354855 ], [ -85.852646729999989, 10.2635642 ], [ -85.85262538, 10.26358113 ], [ -85.852646729999975, 10.2635642 ], [ -85.852664979999986, 10.26354855 ], [ -85.852684499999967, 10.26353272 ], [ -85.852700179999985, 10.26351428 ], [ -85.852684499999981, 10.26353272 ] ] ], [ [ [ -85.852628969999984, 10.2636807 ], [ -85.85264813, 10.2636955 ], [ -85.852628969999969, 10.2636807 ], [ -85.85260965, 10.26366798 ], [ -85.852628969999984, 10.2636807 ] ] ], [ [ [ -85.852712919999988, 10.26372695 ], [ -85.85273279, 10.26373894 ], [ -85.852712919999973, 10.26372695 ], [ -85.852688969999988, 10.26372112 ], [ -85.852712919999988, 10.26372695 ] ] ], [ [ [ -85.852841309999988, 10.26380682 ], [ -85.852866919999983, 10.26381689 ], [ -85.85289196, 10.26382452 ], [ -85.852866919999968, 10.26381689 ], [ -85.852841309999974, 10.26380682 ], [ -85.85281962, 10.26379583 ], [ -85.852841309999988, 10.26380682 ] ] ], [ [ [ -85.853197019999982, 10.26384356 ], [ -85.85321799, 10.26385727 ], [ -85.853197019999982, 10.26384356 ], [ -85.85317302, 10.2638278 ], [ -85.853197019999982, 10.26384356 ] ] ], [ [ [ -85.853334469999979, 10.26411489 ], [ -85.853353519999985, 10.26412816 ], [ -85.85343487, 10.26419818 ], [ -85.85335351999997, 10.26412816 ], [ -85.853334469999979, 10.26411489 ], [ -85.85331231, 10.26410146 ], [ -85.853334469999979, 10.26411489 ] ] ], [ [ [ -85.853529709999989, 10.26437658 ], [ -85.85352819, 10.26439882 ], [ -85.853529709999975, 10.26437658 ], [ -85.85352319, 10.26435466 ], [ -85.853529709999989, 10.26437658 ] ] ], [ [ [ -85.853408609999988, 10.26449927 ], [ -85.853391819999985, 10.26451591 ], [ -85.85337258, 10.2645331 ], [ -85.85339181999997, 10.26451591 ], [ -85.853408609999974, 10.26449927 ], [ -85.85342813, 10.26448335 ], [ -85.853408609999988, 10.26449927 ] ] ], [ [ [ -85.853202139999979, 10.26497464 ], [ -85.85322434, 10.26499475 ], [ -85.853202139999965, 10.26497464 ], [ -85.85318297, 10.26495658 ], [ -85.853202139999979, 10.26497464 ] ] ], [ [ [ -85.853243759999984, 10.26500748 ], [ -85.85326283, 10.26502219 ], [ -85.85324375999997, 10.26500748 ], [ -85.85322434, 10.26499475 ], [ -85.853243759999984, 10.26500748 ] ] ], [ [ [ -85.853372459999989, 10.26518685 ], [ -85.85338226, 10.26520885 ], [ -85.853372459999974, 10.26518685 ], [ -85.85336512, 10.26516439 ], [ -85.853372459999989, 10.26518685 ] ] ], [ [ [ -85.853372129999983, 10.26527063 ], [ -85.85335956, 10.26529113 ], [ -85.853372129999968, 10.26527063 ], [ -85.853382159999981, 10.26525404 ], [ -85.853372129999983, 10.26527063 ] ] ], [ [ [ -85.853272929999989, 10.26553581 ], [ -85.85324919, 10.26554787 ], [ -85.853272929999974, 10.26553581 ], [ -85.85329501, 10.26551942 ], [ -85.853272929999989, 10.26553581 ] ] ], [ [ [ -85.852855729999987, 10.26573602 ], [ -85.852876969999983, 10.26574764 ], [ -85.852855729999973, 10.26573602 ], [ -85.852845139999985, 10.26572017 ], [ -85.852855729999987, 10.26573602 ] ] ], [ [ [ -85.852948919999989, 10.26577172 ], [ -85.85297427, 10.26578396 ], [ -85.852948919999974, 10.26577172 ], [ -85.85292751, 10.26576209 ], [ -85.852948919999989, 10.26577172 ] ] ], [ [ [ -85.852969389999984, 10.26587129 ], [ -85.85296938999997, 10.26587129 ], [ -85.85298717, 10.26586965 ], [ -85.852969389999984, 10.26587129 ] ] ], [ [ [ -85.852819239999988, 10.26599762 ], [ -85.852941369999968, 10.26587036 ], [ -85.852941369999982, 10.26587036 ], [ -85.852819239999988, 10.26599762 ] ] ], [ [ [ -85.852509989999987, 10.26631475 ], [ -85.85251424, 10.26632485 ], [ -85.852509989999973, 10.26631475 ], [ -85.85273297, 10.26608675 ], [ -85.852509989999987, 10.26631475 ] ] ], [ [ [ -85.852338069999988, 10.26664333 ], [ -85.85233403, 10.26666938 ], [ -85.852338069999973, 10.26664333 ], [ -85.85233953, 10.26661115 ], [ -85.852338069999988, 10.26664333 ] ] ], [ [ [ -85.852338009999983, 10.26689845 ], [ -85.852347089999981, 10.26692325 ], [ -85.8523601, 10.26694722 ], [ -85.852347089999981, 10.26692325 ], [ -85.852338009999968, 10.26689845 ], [ -85.852335389999979, 10.26687244 ], [ -85.852338009999983, 10.26689845 ] ] ], [ [ [ -85.852503699999986, 10.26713094 ], [ -85.85248884, 10.26714991 ], [ -85.852503699999971, 10.26713094 ], [ -85.85251935, 10.26710916 ], [ -85.852503699999986, 10.26713094 ] ] ], [ [ [ -85.85218777999998, 10.26728484 ], [ -85.85220256, 10.26730111 ], [ -85.852187779999966, 10.26728484 ], [ -85.85218282, 10.2672639 ], [ -85.85218777999998, 10.26728484 ] ] ], [ [ [ -85.852223129999985, 10.26730696 ], [ -85.85222312999997, 10.26730696 ], [ -85.85220256, 10.26730111 ], [ -85.852223129999985, 10.26730696 ] ] ], [ [ [ -85.852373339999986, 10.26732589 ], [ -85.85238571, 10.26735068 ], [ -85.852373339999971, 10.26732589 ], [ -85.85236351, 10.26731393 ], [ -85.852373339999986, 10.26732589 ] ] ], [ [ [ -85.852499419999987, 10.26750917 ], [ -85.85252389999998, 10.26751418 ], [ -85.85254998, 10.26752696 ], [ -85.85252389999998, 10.26751418 ], [ -85.852499419999987, 10.26750917 ], [ -85.85247383, 10.26750236 ], [ -85.852499419999987, 10.26750917 ] ] ], [ [ [ -85.852588119999979, 10.26768336 ], [ -85.85259081, 10.26770612 ], [ -85.852588119999965, 10.26768336 ], [ -85.8525826, 10.26765989 ], [ -85.852588119999979, 10.26768336 ] ] ], [ [ [ -85.852587319999984, 10.26776461 ], [ -85.852576309999989, 10.26778609 ], [ -85.85256090999998, 10.26780579 ], [ -85.852576309999975, 10.26778609 ], [ -85.852587319999969, 10.26776461 ], [ -85.85259134, 10.26773521 ], [ -85.852587319999984, 10.26776461 ] ] ], [ [ [ -85.852157959999985, 10.26767949 ], [ -85.852134279999987, 10.26768821 ], [ -85.85210751, 10.2676983 ], [ -85.852134279999973, 10.26768821 ], [ -85.852157959999971, 10.26767949 ], [ -85.85218683, 10.26766974 ], [ -85.852157959999985, 10.26767949 ] ] ], [ [ [ -85.851392709999985, 10.26823666 ], [ -85.85137985999998, 10.2682559 ], [ -85.851392709999985, 10.26823666 ], [ -85.85141051, 10.26822183 ], [ -85.851392709999985, 10.26823666 ] ] ], [ [ [ -85.851311259999989, 10.26887028 ], [ -85.85133971, 10.26897621 ], [ -85.851311259999974, 10.26887028 ], [ -85.85130838, 10.26884626 ], [ -85.851311259999989, 10.26887028 ] ] ], [ [ [ -85.851626519999982, 10.26908926 ], [ -85.85163538, 10.26910611 ], [ -85.851626519999968, 10.26908926 ], [ -85.85162627, 10.26907806 ], [ -85.851626519999982, 10.26908926 ] ] ], [ [ [ -85.851661119999989, 10.26920257 ], [ -85.85166948, 10.26922683 ], [ -85.851661119999974, 10.26920257 ], [ -85.85165331, 10.26917758 ], [ -85.851661119999989, 10.26920257 ] ] ], [ [ [ -85.851771839999984, 10.26941215 ], [ -85.85178411, 10.26943566 ], [ -85.851771839999969, 10.26941215 ], [ -85.8517615, 10.26939097 ], [ -85.851771839999984, 10.26941215 ] ] ], [ [ [ -85.851852269999981, 10.26957535 ], [ -85.85186145, 10.26960015 ], [ -85.851852269999966, 10.26957535 ], [ -85.85184189, 10.26954758 ], [ -85.851852269999981, 10.26957535 ] ] ], [ [ [ -85.851905299999984, 10.26970293 ], [ -85.851909, 10.26972749 ], [ -85.85190529999997, 10.26970293 ], [ -85.8518951, 10.26967641 ], [ -85.851905299999984, 10.26970293 ] ] ], [ [ [ -85.851908219999984, 10.26975017 ], [ -85.85190192, 10.26978139 ], [ -85.85190821999997, 10.26975017 ], [ -85.851909, 10.26972749 ], [ -85.851908219999984, 10.26975017 ] ] ], [ [ [ -85.851802889999988, 10.26987106 ], [ -85.85178565, 10.26988842 ], [ -85.851802889999973, 10.26987106 ], [ -85.85182296, 10.26985441 ], [ -85.851802889999988, 10.26987106 ] ] ], [ [ [ -85.851766339999983, 10.26990896 ], [ -85.851753579999979, 10.2699281 ], [ -85.851766339999969, 10.26990896 ], [ -85.85178565, 10.26988842 ], [ -85.851766339999983, 10.26990896 ] ] ], [ [ [ -85.851693089999983, 10.26997832 ], [ -85.85163007, 10.27002939 ], [ -85.851693089999969, 10.26997832 ], [ -85.851753579999979, 10.2699281 ], [ -85.851693089999983, 10.26997832 ] ] ], [ [ [ -85.850929040000011, 10.2696268 ], [ -85.85093945, 10.269620415000063 ], [ -85.850929040000011, 10.2696268 ], [ -85.8509064, 10.26964067 ], [ -85.850929040000011, 10.2696268 ] ] ], [ [ [ -85.850758319999983, 10.26962859 ], [ -85.85075015, 10.26965087 ], [ -85.850758319999969, 10.26962859 ], [ -85.85076702, 10.26960224 ], [ -85.850758319999983, 10.26962859 ] ] ], [ [ [ -85.850466520000012, 10.26958299 ], [ -85.85044661, 10.26956439 ], [ -85.850466520000012, 10.26958299 ], [ -85.85048697, 10.26960077 ], [ -85.850466520000012, 10.26958299 ] ] ], [ [ [ -85.850122409999983, 10.26937709 ], [ -85.85011352, 10.26940209 ], [ -85.850122409999969, 10.26937709 ], [ -85.85013531, 10.26935126 ], [ -85.850122409999983, 10.26937709 ] ] ], [ [ [ -85.850039789999983, 10.26960567 ], [ -85.85003295, 10.26963761 ], [ -85.850039789999968, 10.26960567 ], [ -85.850040570000019, 10.26958289 ], [ -85.850039789999983, 10.26960567 ] ] ], [ [ [ -85.849943559999986, 10.26994123 ], [ -85.84993255, 10.26996271 ], [ -85.849943559999971, 10.26994123 ], [ -85.84995775, 10.26991846 ], [ -85.849943559999986, 10.26994123 ] ] ], [ [ [ -85.849940529999984, 10.27004752 ], [ -85.84996456, 10.27005326 ], [ -85.849940529999969, 10.27004752 ], [ -85.84992709, 10.27004416 ], [ -85.849940529999984, 10.27004752 ] ] ], [ [ [ -85.850117449999985, 10.27012487 ], [ -85.85022451, 10.27015977 ], [ -85.850117449999971, 10.27012487 ], [ -85.85009336, 10.2701091 ], [ -85.850117449999985, 10.27012487 ] ] ], [ [ [ -85.850317209999986, 10.27028468 ], [ -85.85032765, 10.27030586 ], [ -85.850317209999972, 10.27028468 ], [ -85.85030531, 10.27026252 ], [ -85.850317209999986, 10.27028468 ] ] ], [ [ [ -85.850337949999982, 10.27039879 ], [ -85.85033133, 10.27042206 ], [ -85.850337949999968, 10.27039879 ], [ -85.85034558, 10.27037733 ], [ -85.850337949999982, 10.27039879 ] ] ], [ [ [ -85.850074609999979, 10.27028896 ], [ -85.850051969999981, 10.27030282 ], [ -85.850042479999985, 10.27031869 ], [ -85.850051969999967, 10.27030282 ], [ -85.850074609999979, 10.27028896 ], [ -85.85010215, 10.27028609 ], [ -85.850074609999979, 10.27028896 ] ] ], [ [ [ -85.850021379999987, 10.27036346 ], [ -85.85002332, 10.27038233 ], [ -85.850021379999973, 10.27036346 ], [ -85.8500322, 10.27034071 ], [ -85.850021379999987, 10.27036346 ] ] ], [ [ [ -85.850055269999984, 10.27040113 ], [ -85.85007543, 10.27041439 ], [ -85.85005526999997, 10.27040113 ], [ -85.850033399999987, 10.27038896 ], [ -85.850055269999984, 10.27040113 ] ] ], [ [ [ -85.850085439999987, 10.2704728 ], [ -85.85007575, 10.27050069 ], [ -85.850085439999972, 10.2704728 ], [ -85.85009234, 10.2704508 ], [ -85.850085439999987, 10.2704728 ] ] ], [ [ [ -85.850018099999986, 10.27074015 ], [ -85.85004041, 10.27076361 ], [ -85.850018099999971, 10.27074015 ], [ -85.8500081, 10.27073017 ], [ -85.850018099999986, 10.27074015 ] ] ], [ [ [ -85.850079369999989, 10.27079357 ], [ -85.85010034, 10.27080737 ], [ -85.850079369999975, 10.27079357 ], [ -85.85005902, 10.27077914 ], [ -85.850079369999989, 10.27079357 ] ] ], [ [ [ -85.850174269999982, 10.27087355 ], [ -85.85019289, 10.27088908 ], [ -85.850174269999982, 10.27087355 ], [ -85.8501554, 10.27086001 ], [ -85.850174269999982, 10.27087355 ] ] ], [ [ [ -85.850226899999981, 10.27097989 ], [ -85.85023424, 10.27100235 ], [ -85.850226899999981, 10.27097989 ], [ -85.850217380000018, 10.27095925 ], [ -85.850226899999981, 10.27097989 ] ] ], [ [ [ -85.850239239999979, 10.27102989 ], [ -85.85024495, 10.27105462 ], [ -85.850239239999965, 10.27102989 ], [ -85.85023424, 10.27100235 ], [ -85.850239239999979, 10.27102989 ] ] ], [ [ [ -85.850249649999981, 10.27107763 ], [ -85.85025436, 10.27110391 ], [ -85.850249649999967, 10.27107763 ], [ -85.85024495, 10.27105462 ], [ -85.850249649999981, 10.27107763 ] ] ], [ [ [ -85.850254099999987, 10.27126278 ], [ -85.850252039999987, 10.27128575 ], [ -85.850254099999972, 10.27126278 ], [ -85.8502594, 10.27123311 ], [ -85.850254099999987, 10.27126278 ] ] ], [ [ [ -85.850171279999984, 10.27144156 ], [ -85.850158449999981, 10.27146405 ], [ -85.850171279999969, 10.27144156 ], [ -85.85018521, 10.27142078 ], [ -85.850171279999984, 10.27144156 ] ] ], [ [ [ -85.850165809999979, 10.2716931 ], [ -85.85017955, 10.2717176 ], [ -85.850165809999979, 10.2716931 ], [ -85.85015208999998, 10.27167194 ], [ -85.850165809999979, 10.2716931 ] ] ], [ [ [ -85.850529509999973, 10.27198808 ], [ -85.850529509999973, 10.27198808 ], [ -85.85050602, 10.27198152 ], [ -85.850529509999973, 10.27198808 ] ] ], [ [ [ -85.851009959999985, 10.27208682 ], [ -85.85102652, 10.27210869 ], [ -85.851009959999971, 10.27208682 ], [ -85.85099553, 10.27206847 ], [ -85.851009959999985, 10.27208682 ] ] ], [ [ [ -85.851019259999987, 10.27227294 ], [ -85.85100516, 10.2722957 ], [ -85.851019259999973, 10.27227294 ], [ -85.85102953, 10.27225092 ], [ -85.851019259999987, 10.27227294 ] ] ], [ [ [ -85.850980779999986, 10.27234049 ], [ -85.85096493, 10.272361 ], [ -85.850980779999972, 10.27234049 ], [ -85.850991879999981, 10.272319 ], [ -85.850980779999986, 10.27234049 ] ] ], [ [ [ -85.850806100000014, 10.27238161 ], [ -85.850801459999985, 10.27236862 ], [ -85.850806100000014, 10.27238161 ], [ -85.8508159, 10.272388605000078 ], [ -85.850806100000014, 10.27238161 ] ] ], [ [ [ -85.850747989999988, 10.27235338 ], [ -85.85074083, 10.27237746 ], [ -85.850747989999974, 10.27235338 ], [ -85.850755919999983, 10.27233653 ], [ -85.850747989999988, 10.27235338 ] ] ], [ [ [ -85.850719059999989, 10.27251007 ], [ -85.85072169999998, 10.27253943 ], [ -85.850719059999975, 10.27251007 ], [ -85.85071586, 10.2724781 ], [ -85.850719059999989, 10.27251007 ] ] ], [ [ [ -85.850738379999981, 10.27258461 ], [ -85.850752379999989, 10.27260703 ], [ -85.85075625, 10.27262942 ], [ -85.850752379999975, 10.27260703 ], [ -85.850738379999967, 10.27258461 ], [ -85.85072922, 10.27256315 ], [ -85.850738379999981, 10.27258461 ] ] ], [ [ [ -85.850703249999981, 10.27275706 ], [ -85.850681359999982, 10.27275818 ], [ -85.850703249999967, 10.27275706 ], [ -85.850723639999984, 10.27274836 ], [ -85.850703249999981, 10.27275706 ] ] ], [ [ [ -85.850525389999987, 10.2726912 ], [ -85.85051931, 10.27271365 ], [ -85.850525389999973, 10.2726912 ], [ -85.85052844, 10.2726666 ], [ -85.850525389999987, 10.2726912 ] ] ], [ [ [ -85.850447689999982, 10.27293402 ], [ -85.85044417, 10.272956 ], [ -85.850447689999967, 10.27293402 ], [ -85.85045952, 10.27291308 ], [ -85.850447689999982, 10.27293402 ] ] ], [ [ [ -85.850424909999987, 10.27308146 ], [ -85.85042094, 10.27310417 ], [ -85.850424909999973, 10.27308146 ], [ -85.850428789999981, 10.2730574 ], [ -85.850424909999987, 10.27308146 ] ] ], [ [ [ -85.850091580000012, 10.273098 ], [ -85.85006443, 10.27309012 ], [ -85.850091580000012, 10.273098 ], [ -85.85012, 10.27310552 ], [ -85.850091580000012, 10.273098 ] ] ], [ [ [ -85.849968369999985, 10.27310883 ], [ -85.849954239999988, 10.27312825 ], [ -85.849940569999987, 10.27314694 ], [ -85.849927279999989, 10.2731669 ], [ -85.849914429999984, 10.27318613 ], [ -85.849927279999974, 10.2731669 ], [ -85.849940569999973, 10.27314694 ], [ -85.849954239999974, 10.27312825 ], [ -85.849968369999971, 10.27310883 ], [ -85.8499902, 10.27309777 ], [ -85.849968369999985, 10.27310883 ] ] ], [ [ [ -85.849858429999983, 10.27326978 ], [ -85.84984251, 10.27329354 ], [ -85.849858429999983, 10.27326978 ], [ -85.84987027, 10.27324883 ], [ -85.849858429999983, 10.27326978 ] ] ], [ [ [ -85.849782809999979, 10.27341453 ], [ -85.84977158, 10.27344469 ], [ -85.849782809999965, 10.27341453 ], [ -85.8497938, 10.27338971 ], [ -85.849782809999979, 10.27341453 ] ] ], [ [ [ -85.849716859999987, 10.2736065 ], [ -85.84971326, 10.27363182 ], [ -85.849716859999972, 10.2736065 ], [ -85.84972064, 10.27358253 ], [ -85.849716859999987, 10.2736065 ] ] ], [ [ [ -85.849706449999985, 10.27368365 ], [ -85.84970658, 10.27370696 ], [ -85.849706449999971, 10.27368365 ], [ -85.849709499999989, 10.27365914 ], [ -85.849706449999985, 10.27368365 ] ] ], [ [ [ -85.849676549999984, 10.2739402 ], [ -85.8496671, 10.27396267 ], [ -85.84967654999997, 10.2739402 ], [ -85.84967762, 10.27393541 ], [ -85.849676549999984, 10.2739402 ] ] ], [ [ [ -85.849585499999989, 10.27420967 ], [ -85.84956914, 10.27423751 ], [ -85.849585499999975, 10.27420967 ], [ -85.84959504, 10.27418712 ], [ -85.849585499999989, 10.27420967 ] ] ], [ [ [ -85.849305839999985, 10.27470109 ], [ -85.84929283, 10.27472231 ], [ -85.849305839999971, 10.27470109 ], [ -85.84932439, 10.27467342 ], [ -85.849305839999985, 10.27470109 ] ] ], [ [ [ -85.849283289999988, 10.27474478 ], [ -85.849275669999983, 10.27476958 ], [ -85.84927107, 10.27479311 ], [ -85.849275669999969, 10.27476958 ], [ -85.849283289999974, 10.27474478 ], [ -85.84929283, 10.27472231 ], [ -85.849283289999988, 10.27474478 ] ] ], [ [ [ -85.849174079999983, 10.2752983 ], [ -85.84916852, 10.27532996 ], [ -85.849174079999983, 10.2752983 ], [ -85.84917685, 10.27527244 ], [ -85.849174079999983, 10.2752983 ] ] ], [ [ [ -85.849158799999984, 10.27546277 ], [ -85.849157049999988, 10.275475435000256 ], [ -85.849158799999984, 10.27546277 ], [ -85.8491608, 10.27542987 ], [ -85.849158799999984, 10.27546277 ] ] ], [ [ [ -85.849140319999989, 10.27567381 ], [ -85.84914118, 10.27569757 ], [ -85.849140319999989, 10.27567381 ], [ -85.84914053, 10.2756485 ], [ -85.849140319999989, 10.27567381 ] ] ], [ [ [ -85.849128869999987, 10.27580763 ], [ -85.84912583, 10.27583548 ], [ -85.849128869999973, 10.27580763 ], [ -85.84913347, 10.27578419 ], [ -85.849128869999987, 10.27580763 ] ] ], [ [ [ -85.849101979999986, 10.27603299 ], [ -85.84910535, 10.27606288 ], [ -85.849101979999972, 10.27603299 ], [ -85.849099519999982, 10.27600155 ], [ -85.849101979999986, 10.27603299 ] ] ], [ [ [ -85.849098479999981, 10.27635663 ], [ -85.84909752999998, 10.2763814 ], [ -85.849095559999981, 10.27640437 ], [ -85.84909512, 10.27643835 ], [ -85.849095559999967, 10.27640437 ], [ -85.849097529999966, 10.2763814 ], [ -85.849098479999967, 10.27635663 ], [ -85.84909813, 10.27632871 ], [ -85.849098479999981, 10.27635663 ] ] ], [ [ [ -85.849092409999983, 10.27647406 ], [ -85.849097679999986, 10.27661522 ], [ -85.84910815, 10.27693731 ], [ -85.849097679999971, 10.27661522 ], [ -85.849092409999969, 10.27647406 ], [ -85.84909512, 10.27643835 ], [ -85.849092409999983, 10.27647406 ] ] ], [ [ [ -85.849102779999981, 10.27720258 ], [ -85.84910016, 10.27734896 ], [ -85.849102779999967, 10.27720258 ], [ -85.84910815, 10.27693731 ], [ -85.849102779999981, 10.27720258 ] ] ], [ [ [ -85.849707269999982, 10.28047506 ], [ -85.849809169999986, 10.28077753 ], [ -85.84989745, 10.28104278 ], [ -85.849809169999972, 10.28077753 ], [ -85.849707269999968, 10.28047506 ], [ -85.84966478, 10.28032933 ], [ -85.849707269999982, 10.28047506 ] ] ], [ [ [ -85.850406059999983, 10.28230636 ], [ -85.85044997, 10.28240298 ], [ -85.850406059999969, 10.28230636 ], [ -85.85032713, 10.28215676 ], [ -85.850406059999983, 10.28230636 ] ] ], [ [ [ -85.850528559999987, 10.2825493 ], [ -85.85053949, 10.2825759 ], [ -85.850528559999972, 10.2825493 ], [ -85.85051594, 10.28252823 ], [ -85.850528559999987, 10.2825493 ] ] ], [ [ [ -85.850548119999985, 10.28260097 ], [ -85.85055876, 10.2826264 ], [ -85.850548119999971, 10.28260097 ], [ -85.85053949, 10.2825759 ], [ -85.850548119999985, 10.28260097 ] ] ], [ [ [ -85.850682619999986, 10.28285108 ], [ -85.85070219, 10.28287347 ], [ -85.850682619999986, 10.28285108 ], [ -85.85065779, 10.28283287 ], [ -85.850682619999986, 10.28285108 ] ] ], [ [ [ -85.850751869999982, 10.28292777 ], [ -85.85076887, 10.28294737 ], [ -85.850751869999968, 10.28292777 ], [ -85.8507337, 10.2829098 ], [ -85.850751869999982, 10.28292777 ] ] ], [ [ [ -85.850809949999984, 10.28301384 ], [ -85.85082121, 10.28303519 ], [ -85.85080994999997, 10.28301384 ], [ -85.85079707, 10.28299493 ], [ -85.850809949999984, 10.28301384 ] ] ], [ [ [ -85.850862979999988, 10.28310888 ], [ -85.850878149999986, 10.28312939 ], [ -85.850862979999974, 10.28310888 ], [ -85.850846319999988, 10.28308394 ], [ -85.850862979999988, 10.28310888 ] ] ], [ [ [ -85.850900219999986, 10.28317274 ], [ -85.850912509999986, 10.28319915 ], [ -85.85092395, 10.28322167 ], [ -85.850912509999986, 10.28319915 ], [ -85.850900219999971, 10.28317274 ], [ -85.85088995, 10.28314993 ], [ -85.850900219999986, 10.28317274 ] ] ], [ [ [ -85.850931919999979, 10.28324287 ], [ -85.850940489999985, 10.28327128 ], [ -85.85095032, 10.28329951 ], [ -85.850940489999971, 10.28327128 ], [ -85.850931919999965, 10.28324287 ], [ -85.85092395, 10.28322167 ], [ -85.850931919999979, 10.28324287 ] ] ], [ [ [ -85.851242769999985, 10.28387532 ], [ -85.851255109999983, 10.28389505 ], [ -85.85126792, 10.28391738 ], [ -85.851255109999968, 10.28389505 ], [ -85.851242769999971, 10.28387532 ], [ -85.85122743, 10.28385806 ], [ -85.851242769999985, 10.28387532 ] ] ], [ [ [ -85.851444659999984, 10.28408591 ], [ -85.85146248, 10.28410605 ], [ -85.85144465999997, 10.28408591 ], [ -85.85142887, 10.28406947 ], [ -85.851444659999984, 10.28408591 ] ] ], [ [ [ -85.851679639999986, 10.28480719 ], [ -85.85168707, 10.2848292 ], [ -85.851679639999986, 10.28480719 ], [ -85.85167358, 10.28478499 ], [ -85.851679639999986, 10.28480719 ] ] ], [ [ [ -85.851691069999987, 10.28484183 ], [ -85.851694879999982, 10.28485373 ], [ -85.85170588, 10.28486235 ], [ -85.851694879999982, 10.28485373 ], [ -85.851691069999973, 10.28484183 ], [ -85.85168707, 10.2848292 ], [ -85.851691069999987, 10.28484183 ] ] ], [ [ [ -85.851743729999981, 10.28492214 ], [ -85.85176101, 10.28494301 ], [ -85.851743729999967, 10.28492214 ], [ -85.85173665, 10.284912780000139 ], [ -85.851743729999981, 10.28492214 ] ] ], [ [ [ -85.852080939999979, 10.28530221 ], [ -85.852095309999982, 10.28532554 ], [ -85.852080939999965, 10.28530221 ], [ -85.85206331, 10.2852687 ], [ -85.852080939999979, 10.28530221 ] ] ], [ [ [ -85.852135919999981, 10.28538947 ], [ -85.852146919999981, 10.28541281 ], [ -85.852135919999967, 10.28538947 ], [ -85.85212457, 10.28536821 ], [ -85.852135919999981, 10.28538947 ] ] ], [ [ [ -85.85233153999998, 10.28599466 ], [ -85.85233146, 10.28602729 ], [ -85.852331539999966, 10.28599466 ], [ -85.85233391, 10.28596365 ], [ -85.85233153999998, 10.28599466 ] ] ], [ [ [ -85.852333179999988, 10.28608819 ], [ -85.85233675, 10.28612224 ], [ -85.852333179999974, 10.28608819 ], [ -85.85233191, 10.28605919 ], [ -85.852333179999988, 10.28608819 ] ] ], [ [ [ -85.852352669999988, 10.28647342 ], [ -85.85234834, 10.28649749 ], [ -85.852352669999974, 10.28647342 ], [ -85.85235391, 10.28645064 ], [ -85.852352669999988, 10.28647342 ] ] ], [ [ [ -85.852552409999987, 10.28692478 ], [ -85.852573119999988, 10.28693903 ], [ -85.85259236, 10.2869522 ], [ -85.852573119999974, 10.28693903 ], [ -85.852552409999973, 10.28692478 ], [ -85.8525319, 10.28691188 ], [ -85.852552409999987, 10.28692478 ] ] ], [ [ [ -85.852650739999987, 10.28699561 ], [ -85.852666529999979, 10.28701215 ], [ -85.852650739999973, 10.28699561 ], [ -85.85263077, 10.2869819 ], [ -85.852650739999987, 10.28699561 ] ] ], [ [ [ -85.85303537999998, 10.28741843 ], [ -85.85303614999998, 10.28748883 ], [ -85.853035379999966, 10.28741843 ], [ -85.8530032, 10.28737198 ], [ -85.85303537999998, 10.28741843 ] ] ], [ [ [ -85.853037769999986, 10.28751584 ], [ -85.85303736, 10.28753925 ], [ -85.853037769999972, 10.28751584 ], [ -85.85303614999998, 10.28748883 ], [ -85.853037769999986, 10.28751584 ] ] ], [ [ [ -85.853032829999989, 10.28770267 ], [ -85.85303276, 10.28770511 ], [ -85.853032829999975, 10.28770267 ], [ -85.853033669999988, 10.28767302 ], [ -85.853032829999989, 10.28770267 ] ] ], [ [ [ -85.853025389999985, 10.28775639 ], [ -85.853030389999986, 10.28778338 ], [ -85.853025389999971, 10.28775639 ], [ -85.85302864, 10.28773378 ], [ -85.853025389999985, 10.28775639 ] ] ], [ [ [ -85.853043779999979, 10.28784223 ], [ -85.85305277, 10.28786522 ], [ -85.853043779999965, 10.28784223 ], [ -85.85303732, 10.28781407 ], [ -85.853043779999979, 10.28784223 ] ] ], [ [ [ -85.853149769999987, 10.28806819 ], [ -85.85316305, 10.28809305 ], [ -85.853149769999973, 10.28806819 ], [ -85.85313863, 10.28803689 ], [ -85.853149769999987, 10.28806819 ] ] ], [ [ [ -85.853246219999988, 10.28828643 ], [ -85.85325877, 10.28831084 ], [ -85.853246219999974, 10.28828643 ], [ -85.85323293, 10.28826156 ], [ -85.853246219999988, 10.28828643 ] ] ], [ [ [ -85.853274729999981, 10.28857419 ], [ -85.85326994, 10.28859907 ], [ -85.853274729999967, 10.28857419 ], [ -85.853276029999989, 10.28854797 ], [ -85.853274729999981, 10.28857419 ] ] ], [ [ [ -85.853189799999981, 10.28895424 ], [ -85.85318501, 10.28897903 ], [ -85.853189799999981, 10.28895424 ], [ -85.85319227, 10.288940130000316 ], [ -85.853189799999981, 10.28895424 ] ] ], [ [ [ -85.853111249999984, 10.28925527 ], [ -85.853104819999984, 10.28927898 ], [ -85.853111249999969, 10.28925527 ], [ -85.85311631, 10.28923165 ], [ -85.853111249999984, 10.28925527 ] ] ], [ [ [ -85.853106019999984, 10.2893294 ], [ -85.85310972, 10.28935333 ], [ -85.85310601999997, 10.2893294 ], [ -85.85310259, 10.2893034 ], [ -85.853106019999984, 10.2893294 ] ] ], [ [ [ -85.853149609999988, 10.28941672 ], [ -85.85317256, 10.28942464 ], [ -85.853149609999974, 10.28941672 ], [ -85.8531311, 10.28940409 ], [ -85.853149609999988, 10.28941672 ] ] ], [ [ [ -85.853609169999984, 10.28966894 ], [ -85.85361618, 10.28969629 ], [ -85.85360916999997, 10.28966894 ], [ -85.85360366, 10.28964602 ], [ -85.853609169999984, 10.28966894 ] ] ], [ [ [ -85.853851489999983, 10.28997157 ], [ -85.853880899999979, 10.28999282 ], [ -85.853851489999968, 10.28997157 ], [ -85.85383151, 10.28995786 ], [ -85.853851489999983, 10.28997157 ] ] ], [ [ [ -85.853959119999985, 10.29010398 ], [ -85.853960449999988, 10.29012964 ], [ -85.85396132, 10.29015277 ], [ -85.853960449999974, 10.29012964 ], [ -85.853959119999971, 10.29010398 ], [ -85.85395149999998, 10.29008071 ], [ -85.853959119999985, 10.29010398 ] ] ], [ [ [ -85.853975819999988, 10.29021342 ], [ -85.85398336999998, 10.29024003 ], [ -85.853975819999974, 10.29021342 ], [ -85.853971110000018, 10.29018769 ], [ -85.853975819999988, 10.29021342 ] ] ], [ [ [ -85.854064009999988, 10.29084525 ], [ -85.854078119999983, 10.29087065 ], [ -85.854092159999979, 10.2908994 ], [ -85.854078119999969, 10.29087065 ], [ -85.854064009999973, 10.29084525 ], [ -85.85405538, 10.29082017 ], [ -85.854064009999988, 10.29084525 ] ] ], [ [ [ -85.854108599999989, 10.29094901 ], [ -85.854113049999981, 10.29097691 ], [ -85.854108599999975, 10.29094901 ], [ -85.8541028, 10.29092482 ], [ -85.854108599999989, 10.29094901 ] ] ], [ [ [ -85.854115399999984, 10.29100437 ], [ -85.85411964, 10.29102757 ], [ -85.854115399999969, 10.29100437 ], [ -85.854113049999981, 10.29097691 ], [ -85.854115399999984, 10.29100437 ] ] ], [ [ [ -85.854137129999984, 10.29124012 ], [ -85.85413759, 10.29127202 ], [ -85.85413712999997, 10.29124012 ], [ -85.85413679, 10.29121292 ], [ -85.854137129999984, 10.29124012 ] ] ], [ [ [ -85.854048039999981, 10.29168951 ], [ -85.85402421, 10.29170239 ], [ -85.854048039999967, 10.29168951 ], [ -85.854071819999987, 10.29168323 ], [ -85.854048039999981, 10.29168951 ] ] ], [ [ [ -85.854000439999979, 10.29174129 ], [ -85.85398815, 10.29176215 ], [ -85.854000439999965, 10.29174129 ], [ -85.854011989999989, 10.2917199 ], [ -85.854000439999979, 10.29174129 ] ] ], [ [ [ -85.854047369999989, 10.29207432 ], [ -85.854047369999989, 10.29207432 ], [ -85.85402104, 10.29206643 ], [ -85.854047369999989, 10.29207432 ] ] ], [ [ [ -85.85412623000002, 10.29204621 ], [ -85.85414879, 10.29203352 ], [ -85.85412623000002, 10.29204621 ], [ -85.85409631, 10.29206283 ], [ -85.85412623000002, 10.29204621 ] ] ], [ [ [ -85.854515899999981, 10.29200141 ], [ -85.85454128, 10.2920188 ], [ -85.854515899999981, 10.29200141 ], [ -85.85449364, 10.29198609 ], [ -85.854515899999981, 10.29200141 ] ] ], [ [ [ -85.854561729999986, 10.29203513 ], [ -85.854576099999989, 10.29205855 ], [ -85.854561729999986, 10.29203513 ], [ -85.85454128, 10.2920188 ], [ -85.854561729999986, 10.29203513 ] ] ], [ [ [ -85.854593649999984, 10.29210996 ], [ -85.854598079999988, 10.29213442 ], [ -85.85460551, 10.29215643 ], [ -85.854598079999974, 10.29213442 ], [ -85.85459364999997, 10.29210996 ], [ -85.85458648, 10.29208596 ], [ -85.854593649999984, 10.29210996 ] ] ], [ [ [ -85.854618389999985, 10.29217534 ], [ -85.854616219999983, 10.29219306 ], [ -85.854618389999985, 10.29217534 ], [ -85.85460551, 10.29215643 ], [ -85.854618389999985, 10.29217534 ] ] ], [ [ [ -85.854630709999981, 10.29244078 ], [ -85.85463814, 10.2924627 ], [ -85.854630709999967, 10.29244078 ], [ -85.854625189999979, 10.29241777 ], [ -85.854630709999981, 10.29244078 ] ] ], [ [ [ -85.854661189999987, 10.29253378 ], [ -85.8546616, 10.29255763 ], [ -85.854661189999973, 10.29253378 ], [ -85.85465876, 10.29250957 ], [ -85.854661189999987, 10.29253378 ] ] ], [ [ [ -85.854680819999984, 10.29269182 ], [ -85.85468196, 10.29271621 ], [ -85.85468081999997, 10.29269182 ], [ -85.85467465, 10.29266637 ], [ -85.854680819999984, 10.29269182 ] ] ], [ [ [ -85.854695369999988, 10.29276232 ], [ -85.854712669999984, 10.29278644 ], [ -85.85473193, 10.29280286 ], [ -85.854712669999969, 10.29278644 ], [ -85.854695369999973, 10.29276232 ], [ -85.85468604, 10.2927414 ], [ -85.854695369999988, 10.29276232 ] ] ], [ [ [ -85.854853419999984, 10.29283832 ], [ -85.854875899999982, 10.29284352 ], [ -85.854853419999969, 10.29283832 ], [ -85.854829399999986, 10.29283547 ], [ -85.854853419999984, 10.29283832 ] ] ], [ [ [ -85.855570889999981, 10.2924372 ], [ -85.855558499999987, 10.29245679 ], [ -85.855570889999967, 10.2924372 ], [ -85.85558573, 10.29241588 ], [ -85.855570889999981, 10.2924372 ] ] ], [ [ [ -85.855534579999983, 10.29267283 ], [ -85.855552209999985, 10.29269152 ], [ -85.85557046, 10.29270615 ], [ -85.855552209999971, 10.29269152 ], [ -85.855534579999969, 10.29267283 ], [ -85.855521129999985, 10.2926514 ], [ -85.855534579999983, 10.29267283 ] ] ], [ [ [ -85.85559963999998, 10.29275072 ], [ -85.85561099, 10.29277189 ], [ -85.855599639999966, 10.29275072 ], [ -85.8555862, 10.29272919 ], [ -85.85559963999998, 10.29275072 ] ] ], [ [ [ -85.855573300000017, 10.2928181 ], [ -85.855562735, 10.292813735000028 ], [ -85.855573300000017, 10.2928181 ], [ -85.855573300000017, 10.2928181 ] ] ], [ [ [ -85.855434959999982, 10.29273982 ], [ -85.855448519999968, 10.29273333 ], [ -85.855448519999982, 10.29273333 ], [ -85.855434959999982, 10.29273982 ] ] ], [ [ [ -85.855396109999987, 10.29277619 ], [ -85.855380469999986, 10.29280041 ], [ -85.855396109999973, 10.29277619 ], [ -85.85541424, 10.29275494 ], [ -85.855396109999987, 10.29277619 ] ] ], [ [ [ -85.855182569999982, 10.29318093 ], [ -85.85515578, 10.29318849 ], [ -85.855182569999968, 10.29318093 ], [ -85.85520498, 10.29317475 ], [ -85.855182569999982, 10.29318093 ] ] ], [ [ [ -85.855131289999989, 10.29319767 ], [ -85.855131289999974, 10.29319767 ], [ -85.85515578, 10.29318849 ], [ -85.855131289999989, 10.29319767 ] ] ], [ [ [ -85.855069019999988, 10.29322378 ], [ -85.85505062, 10.29324386 ], [ -85.855069019999974, 10.29322378 ], [ -85.855082309999986, 10.29320139 ], [ -85.855069019999988, 10.29322378 ] ] ], [ [ [ -85.85494881000001, 10.29320269 ], [ -85.854937865000011, 10.293196385000062 ], [ -85.85494881000001, 10.29320269 ], [ -85.85497332, 10.2932115 ], [ -85.85494881000001, 10.29320269 ] ] ], [ [ [ -85.854649649999985, 10.29298037 ], [ -85.85462476, 10.29298368 ], [ -85.854649649999971, 10.29298037 ], [ -85.85467901, 10.2929756 ], [ -85.854649649999985, 10.29298037 ] ] ], [ [ [ -85.85390018, 10.29302868 ], [ -85.85392358999998, 10.29302104 ], [ -85.85392358999998, 10.29302104 ], [ -85.85390018, 10.29302868 ] ] ], [ [ [ -85.85379116999998, 10.29318143 ], [ -85.853740619999982, 10.29327089 ], [ -85.85373072, 10.29329336 ], [ -85.853740619999968, 10.29327089 ], [ -85.853791169999965, 10.29318143 ], [ -85.85383411, 10.29310615 ], [ -85.85379116999998, 10.29318143 ] ] ], [ [ [ -85.853670439999988, 10.29351945 ], [ -85.853675259999989, 10.29354852 ], [ -85.853670439999988, 10.29351945 ], [ -85.85366582, 10.29349499 ], [ -85.853670439999988, 10.29351945 ] ] ], [ [ [ -85.853679899999989, 10.29360887 ], [ -85.8536818, 10.29363714 ], [ -85.853679899999975, 10.29360887 ], [ -85.85367643, 10.29357617 ], [ -85.853679899999989, 10.29360887 ] ] ], [ [ [ -85.853769839999984, 10.29385182 ], [ -85.853788079999987, 10.29386635 ], [ -85.85376983999997, 10.29385182 ], [ -85.85376444, 10.2938335 ], [ -85.853769839999984, 10.29385182 ] ] ], [ [ [ -85.853632939999983, 10.29388098 ], [ -85.853622209999983, 10.29390291 ], [ -85.853632939999969, 10.29388098 ], [ -85.85364413, 10.29385832 ], [ -85.853632939999983, 10.29388098 ] ] ], [ [ [ -85.853408589999987, 10.29393504 ], [ -85.85338808, 10.29395477 ], [ -85.853408589999972, 10.29393504 ], [ -85.85343104, 10.29391891 ], [ -85.853408589999987, 10.29393504 ] ] ], [ [ [ -85.853162019999985, 10.29413888 ], [ -85.85314123, 10.29415735 ], [ -85.853162019999971, 10.29413888 ], [ -85.853184679999984, 10.29412737 ], [ -85.853162019999985, 10.29413888 ] ] ], [ [ [ -85.852935589999987, 10.29447872 ], [ -85.852936209999982, 10.29450718 ], [ -85.85294192, 10.2945301 ], [ -85.852936209999982, 10.29450718 ], [ -85.852935589999973, 10.29447872 ], [ -85.85293799, 10.29445231 ], [ -85.852935589999987, 10.29447872 ] ] ], [ [ [ -85.853018169999984, 10.29461787 ], [ -85.85303528, 10.29464064 ], [ -85.85301816999997, 10.29461787 ], [ -85.85300056, 10.29460243 ], [ -85.853018169999984, 10.29461787 ] ] ], [ [ [ -85.853061299999979, 10.29468974 ], [ -85.853069759999983, 10.2947168 ], [ -85.853074299999989, 10.29474461 ], [ -85.85307573, 10.29477027 ], [ -85.853074299999975, 10.29474461 ], [ -85.853069759999968, 10.2947168 ], [ -85.853061299999965, 10.29468974 ], [ -85.85305047, 10.2946645 ], [ -85.853061299999979, 10.29468974 ] ] ], [ [ [ -85.853075899999979, 10.29479955 ], [ -85.85307813, 10.2948224 ], [ -85.853075899999965, 10.29479955 ], [ -85.85307573, 10.29477027 ], [ -85.853075899999979, 10.29479955 ] ] ], [ [ [ -85.853427969999984, 10.29512857 ], [ -85.85342531, 10.29515696 ], [ -85.85342796999997, 10.29512857 ], [ -85.8534208, 10.29510457 ], [ -85.853427969999984, 10.29512857 ] ] ], [ [ [ -85.853383709999989, 10.2952219 ], [ -85.85336943, 10.29524584 ], [ -85.853383709999974, 10.2952219 ], [ -85.85339619, 10.29520231 ], [ -85.853383709999989, 10.2952219 ] ] ], [ [ [ -85.853297739999988, 10.29531494 ], [ -85.85327757, 10.29532924 ], [ -85.853297739999974, 10.29531494 ], [ -85.853320729999979, 10.295298 ], [ -85.853297739999988, 10.29531494 ] ] ], [ [ [ -85.85321571999998, 10.29536466 ], [ -85.853191149999986, 10.29537718 ], [ -85.853168219999986, 10.29538734 ], [ -85.853191149999972, 10.29537718 ], [ -85.853215719999966, 10.29536466 ], [ -85.853236269999982, 10.29535288 ], [ -85.85321571999998, 10.29536466 ] ] ], [ [ [ -85.853159139999988, 10.29559995 ], [ -85.853183909999984, 10.29560668 ], [ -85.85320977, 10.29561195 ], [ -85.85318390999997, 10.29560668 ], [ -85.853159139999974, 10.29559995 ], [ -85.85314274, 10.29558766 ], [ -85.853159139999988, 10.29559995 ] ] ], [ [ [ -85.853286469999986, 10.29566637 ], [ -85.85326266, 10.29566804 ], [ -85.853286469999972, 10.29566637 ], [ -85.85330558, 10.29565686 ], [ -85.853286469999986, 10.29566637 ] ] ], [ [ [ -85.853208869999989, 10.29575384 ], [ -85.85320673, 10.29577817 ], [ -85.853208869999975, 10.29575384 ], [ -85.853214449999982, 10.29572616 ], [ -85.853208869999989, 10.29575384 ] ] ], [ [ [ -85.853174399999986, 10.29594581 ], [ -85.853179060000016, 10.29596359 ], [ -85.853174399999972, 10.29594581 ], [ -85.85316548, 10.29591956 ], [ -85.853174399999986, 10.29594581 ] ] ], [ [ [ -85.853165939999982, 10.29599728 ], [ -85.8531426, 10.29600166 ], [ -85.853165939999968, 10.29599728 ], [ -85.8531739, 10.29598585 ], [ -85.853165939999982, 10.29599728 ] ] ], [ [ [ -85.853048119999983, 10.29599579 ], [ -85.85302462, 10.29600342 ], [ -85.853048119999968, 10.29599579 ], [ -85.853072749999967, 10.29599456 ], [ -85.853048119999983, 10.29599579 ] ] ], [ [ [ -85.852930979999982, 10.2960486 ], [ -85.85290447, 10.29605752 ], [ -85.852930979999968, 10.2960486 ], [ -85.8529581, 10.29603561 ], [ -85.852930979999982, 10.2960486 ] ] ], [ [ [ -85.852797579999987, 10.29606789 ], [ -85.85276903, 10.29606977 ], [ -85.852797579999972, 10.29606789 ], [ -85.85282795, 10.29606492 ], [ -85.852797579999987, 10.29606789 ] ] ], [ [ [ -85.85232646999998, 10.2962 ], [ -85.85232515, 10.29622486 ], [ -85.852326469999966, 10.2962 ], [ -85.85233104, 10.29617052 ], [ -85.85232646999998, 10.2962 ] ] ], [ [ [ -85.852586769999988, 10.29634763 ], [ -85.852574759999982, 10.29636984 ], [ -85.852586769999974, 10.29634763 ], [ -85.85259741, 10.2963257 ], [ -85.852586769999988, 10.29634763 ] ] ], [ [ [ -85.85244634999998, 10.2965552 ], [ -85.85242613, 10.2965762 ], [ -85.85244634999998, 10.2965552 ], [ -85.8524603, 10.2965366 ], [ -85.85244634999998, 10.2965552 ] ] ], [ [ [ -85.852177119999979, 10.29670658 ], [ -85.85215236, 10.29671784 ], [ -85.852177119999979, 10.29670658 ], [ -85.85220277, 10.29669261 ], [ -85.852177119999979, 10.29670658 ] ] ], [ [ [ -85.85213487999998, 10.29672499 ], [ -85.852058159999984, 10.2968064 ], [ -85.852134879999966, 10.29672499 ], [ -85.85215236, 10.29671784 ], [ -85.85213487999998, 10.29672499 ] ] ], [ [ [ -85.851656010000013, 10.29624704 ], [ -85.851651679999989, 10.29622393 ], [ -85.851656010000013, 10.29624704 ], [ -85.85166757, 10.29627282 ], [ -85.851656010000013, 10.29624704 ] ] ], [ [ [ -85.85173709999998, 10.29588138 ], [ -85.8517106, 10.2958903 ], [ -85.85173709999998, 10.29588138 ], [ -85.85176086, 10.29587175 ], [ -85.85173709999998, 10.29588138 ] ] ], [ [ [ -85.851014939999985, 10.29530984 ], [ -85.85099213, 10.2953247 ], [ -85.85101493999997, 10.29530984 ], [ -85.85103888, 10.29529813 ], [ -85.851014939999985, 10.29530984 ] ] ], [ [ [ -85.850974799999989, 10.29534323 ], [ -85.85096598, 10.29536416 ], [ -85.850974799999989, 10.29534323 ], [ -85.85099213, 10.2953247 ], [ -85.850974799999989, 10.29534323 ] ] ], [ [ [ -85.85081976, 10.29540503 ], [ -85.850833519999966, 10.29540324 ], [ -85.850833519999966, 10.29540324 ], [ -85.85081976, 10.29540503 ] ] ], [ [ [ -85.85080250999998, 10.29542022 ], [ -85.8507795, 10.29543382 ], [ -85.850802509999966, 10.29542022 ], [ -85.85081976, 10.29540503 ], [ -85.85080250999998, 10.29542022 ] ] ], [ [ [ -85.850674159999983, 10.29553835 ], [ -85.850667099999981, 10.29556496 ], [ -85.850659959999987, 10.29559157 ], [ -85.85064797, 10.29561703 ], [ -85.850659959999973, 10.29559157 ], [ -85.850667099999967, 10.29556496 ], [ -85.850674159999969, 10.29553835 ], [ -85.85068433, 10.29551389 ], [ -85.850674159999983, 10.29553835 ] ] ], [ [ [ -85.850602989999985, 10.29564928 ], [ -85.850577949999987, 10.29565928 ], [ -85.85060298999997, 10.29564928 ], [ -85.850625379999983, 10.29563985 ], [ -85.850602989999985, 10.29564928 ] ] ], [ [ [ -85.850236339999981, 10.29583999 ], [ -85.850215689999985, 10.29585176 ], [ -85.8501885, 10.2958681 ], [ -85.850215689999985, 10.29585176 ], [ -85.850236339999967, 10.29583999 ], [ -85.850260899999981, 10.29582747 ], [ -85.850236339999981, 10.29583999 ] ] ], [ [ [ -85.849989279999988, 10.29594479 ], [ -85.849966859999981, 10.29595088 ], [ -85.849989279999974, 10.29594479 ], [ -85.850013509999982, 10.29593769 ], [ -85.849989279999988, 10.29594479 ] ] ], [ [ [ -85.849821309999982, 10.29604498 ], [ -85.84979594, 10.2960603 ], [ -85.849821309999967, 10.29604498 ], [ -85.84984362, 10.2960209 ], [ -85.849821309999982, 10.29604498 ] ] ], [ [ [ -85.849760259999982, 10.29609214 ], [ -85.849740579999988, 10.2961124 ], [ -85.849760259999968, 10.29609214 ], [ -85.84977631, 10.29607388 ], [ -85.849760259999982, 10.29609214 ] ] ], [ [ [ -85.849499650000013, 10.29603172 ], [ -85.849482559999984, 10.29601221 ], [ -85.849499650000013, 10.29603172 ], [ -85.849517, 10.29604916 ], [ -85.849499650000013, 10.29603172 ] ] ], [ [ [ -85.849040799999983, 10.29552808 ], [ -85.84901307, 10.29553049 ], [ -85.849040799999969, 10.29552808 ], [ -85.84906706, 10.29552458 ], [ -85.849040799999983, 10.29552808 ] ] ], [ [ [ -85.848754909999982, 10.29559406 ], [ -85.84873006, 10.29560531 ], [ -85.848754909999982, 10.29559406 ], [ -85.84877872, 10.29559229 ], [ -85.848754909999982, 10.29559406 ] ] ], [ [ [ -85.848653789999986, 10.29567127 ], [ -85.84863647, 10.2956898 ], [ -85.848653789999972, 10.29567127 ], [ -85.84867267, 10.29565381 ], [ -85.848653789999986, 10.29567127 ] ] ], [ [ [ -85.847950719999986, 10.29613492 ], [ -85.84791282, 10.29614839 ], [ -85.847950719999972, 10.29613492 ], [ -85.84801476, 10.29609985 ], [ -85.847950719999986, 10.29613492 ] ] ], [ [ [ -85.84762637999998, 10.2962107 ], [ -85.84760195, 10.29621653 ], [ -85.847626379999966, 10.2962107 ], [ -85.84765181, 10.29620667 ], [ -85.84762637999998, 10.2962107 ] ] ], [ [ [ -85.84754903, 10.29621765 ], [ -85.847572109999973, 10.29621535 ], [ -85.847572109999987, 10.29621535 ], [ -85.84754903, 10.29621765 ] ] ], [ [ [ -85.847340779999982, 10.29623203 ], [ -85.84731397, 10.29623634 ], [ -85.847340779999982, 10.29623203 ], [ -85.84736593, 10.29622673 ], [ -85.847340779999982, 10.29623203 ] ] ], [ [ [ -85.847212629999987, 10.2962437 ], [ -85.84718429, 10.29625027 ], [ -85.847212629999987, 10.2962437 ], [ -85.84723759, 10.29623705 ], [ -85.847212629999987, 10.2962437 ] ] ], [ [ [ -85.846406189999982, 10.29657201 ], [ -85.846385539999986, 10.29658379 ], [ -85.84636071, 10.2965983 ], [ -85.846385539999972, 10.29658379 ], [ -85.846406189999968, 10.29657201 ], [ -85.84642703, 10.2965615 ], [ -85.846406189999982, 10.29657201 ] ] ], [ [ [ -85.846308029999989, 10.29662535 ], [ -85.84628247, 10.29663942 ], [ -85.846308029999975, 10.29662535 ], [ -85.846333879999989, 10.29661264 ], [ -85.846308029999989, 10.29662535 ] ] ], [ [ [ -85.846212709999989, 10.29667949 ], [ -85.84618498, 10.29669664 ], [ -85.846212709999975, 10.29667949 ], [ -85.84623645, 10.29666652 ], [ -85.846212709999989, 10.29667949 ] ] ], [ [ [ -85.846069569999983, 10.2967798 ], [ -85.84604665, 10.29679331 ], [ -85.846069569999969, 10.2967798 ], [ -85.846096569999986, 10.29676212 ], [ -85.846069569999983, 10.2967798 ] ] ], [ [ [ -85.845667029999987, 10.29698309 ], [ -85.845640849999981, 10.29700122 ], [ -85.84561657, 10.29701501 ], [ -85.845640849999967, 10.29700122 ], [ -85.845667029999973, 10.29698309 ], [ -85.84568822, 10.2969705 ], [ -85.845667029999987, 10.29698309 ] ] ], [ [ [ -85.845588639999988, 10.2970308 ], [ -85.845564429999982, 10.29704124 ], [ -85.845539319999986, 10.29705449 ], [ -85.845564429999968, 10.29704124 ], [ -85.845588639999974, 10.2970308 ], [ -85.84561657, 10.29701501 ], [ -85.845588639999988, 10.2970308 ] ] ], [ [ [ -85.845497839999979, 10.29707678 ], [ -85.84547383, 10.29709192 ], [ -85.845497839999965, 10.29707678 ], [ -85.84551922, 10.29706554 ], [ -85.845497839999979, 10.29707678 ] ] ], [ [ [ -85.845370909999986, 10.29717339 ], [ -85.845352299999988, 10.29718886 ], [ -85.845370909999986, 10.29717339 ], [ -85.84539317, 10.297156 ], [ -85.845370909999986, 10.29717339 ] ] ], [ [ [ -85.845255189999989, 10.29746957 ], [ -85.845263179999989, 10.29749401 ], [ -85.845255189999989, 10.29746957 ], [ -85.84524564, 10.29744404 ], [ -85.845255189999989, 10.29746957 ] ] ], [ [ [ -85.845286269999988, 10.29762085 ], [ -85.845281969999988, 10.29763362 ], [ -85.845286269999974, 10.29762085 ], [ -85.84528546, 10.29759103 ], [ -85.845286269999988, 10.29762085 ] ] ], [ [ [ -85.845240419999982, 10.29764461 ], [ -85.845240419999982, 10.29764461 ], [ -85.8452655, 10.29764266 ], [ -85.845240419999982, 10.29764461 ] ] ], [ [ [ -85.844915209999982, 10.29768063 ], [ -85.84488896, 10.29768746 ], [ -85.844915209999982, 10.29768063 ], [ -85.84493788, 10.29767245 ], [ -85.844915209999982, 10.29768063 ] ] ], [ [ [ -85.844817369999987, 10.29771065 ], [ -85.84480704, 10.29771312 ], [ -85.844817369999973, 10.29771065 ], [ -85.84483997, 10.29770582 ], [ -85.844817369999987, 10.29771065 ] ] ], [ [ [ -85.844794219999983, 10.2977162 ], [ -85.844768519999988, 10.29772231 ], [ -85.84474428999998, 10.29772941 ], [ -85.844722159999989, 10.29773686 ], [ -85.844700779999982, 10.29774809 ], [ -85.844722159999975, 10.29773686 ], [ -85.844744289999966, 10.29772941 ], [ -85.844768519999974, 10.29772231 ], [ -85.844794219999969, 10.2977162 ], [ -85.84480704, 10.29771312 ], [ -85.844794219999983, 10.2977162 ] ] ], [ [ [ -85.84449386999998, 10.29793065 ], [ -85.8444768, 10.29794711 ], [ -85.844493869999965, 10.29793065 ], [ -85.84451357, 10.29791364 ], [ -85.84449386999998, 10.29793065 ] ] ], [ [ [ -85.844433169999988, 10.29797573 ], [ -85.84441509, 10.29799038 ], [ -85.844433169999974, 10.29797573 ], [ -85.84445535, 10.29796169 ], [ -85.844433169999988, 10.29797573 ] ] ], [ [ [ -85.843861819999987, 10.29862208 ], [ -85.84384962, 10.29864294 ], [ -85.843861819999972, 10.29862208 ], [ -85.84387638, 10.29859941 ], [ -85.843861819999987, 10.29862208 ] ] ], [ [ [ -85.843748739999981, 10.29882453 ], [ -85.84373473, 10.29884639 ], [ -85.843748739999967, 10.29882453 ], [ -85.84376323, 10.2988052 ], [ -85.843748739999981, 10.29882453 ] ] ], [ [ [ -85.843658929999989, 10.29894759 ], [ -85.84364147, 10.29897272 ], [ -85.843658929999975, 10.29894759 ], [ -85.84367269, 10.29892772 ], [ -85.843658929999989, 10.29894759 ] ] ], [ [ [ -85.843570609999986, 10.29906033 ], [ -85.843557139999987, 10.29908147 ], [ -85.843570609999986, 10.29906033 ], [ -85.84358699, 10.29903665 ], [ -85.843570609999986, 10.29906033 ] ] ], [ [ [ -85.843536589999985, 10.29912587 ], [ -85.84352668, 10.29914824 ], [ -85.843536589999971, 10.29912587 ], [ -85.84354621, 10.29910213 ], [ -85.843536589999985, 10.29912587 ] ] ], [ [ [ -85.843500459999987, 10.29919105 ], [ -85.84348666, 10.29921752 ], [ -85.843500459999973, 10.29919105 ], [ -85.84351285, 10.29917146 ], [ -85.843500459999987, 10.29919105 ] ] ], [ [ [ -85.843406159999986, 10.29935814 ], [ -85.8433925, 10.29937801 ], [ -85.843406159999972, 10.29935814 ], [ -85.84342174, 10.29933727 ], [ -85.843406159999986, 10.29935814 ] ] ], [ [ [ -85.843377939999982, 10.2994006 ], [ -85.84336201, 10.29942346 ], [ -85.843377939999968, 10.2994006 ], [ -85.8433925, 10.29937801 ], [ -85.843377939999982, 10.2994006 ] ] ], [ [ [ -85.843334479999982, 10.29949113 ], [ -85.843333459999982, 10.29950397 ], [ -85.84334671, 10.29952414 ], [ -85.843333459999968, 10.29950397 ], [ -85.843334479999967, 10.29949113 ], [ -85.84333761, 10.29946527 ], [ -85.843334479999982, 10.29949113 ] ] ], [ [ [ -85.843370209999989, 10.29964221 ], [ -85.84336597, 10.29966627 ], [ -85.843370209999975, 10.29964221 ], [ -85.84337573, 10.29961796 ], [ -85.843370209999989, 10.29964221 ] ] ], [ [ [ -85.84329083999998, 10.29980262 ], [ -85.84327493, 10.29982883 ], [ -85.843290839999966, 10.29980262 ], [ -85.84330722, 10.29977894 ], [ -85.84329083999998, 10.29980262 ] ] ], [ [ [ -85.843228259999989, 10.29994857 ], [ -85.84324823999998, 10.29996219 ], [ -85.843228259999989, 10.29994857 ], [ -85.84321893, 10.29992766 ], [ -85.843228259999989, 10.29994857 ] ] ], [ [ [ -85.843327659999986, 10.30012387 ], [ -85.84332087, 10.3001484 ], [ -85.843327659999972, 10.30012387 ], [ -85.84333117, 10.30009927 ], [ -85.843327659999986, 10.30012387 ] ] ], [ [ [ -85.843455559999981, 10.30028925 ], [ -85.84345629, 10.30028978 ], [ -85.843455559999967, 10.30028925 ], [ -85.84343132, 10.30026381 ], [ -85.843455559999981, 10.30028925 ] ] ], [ [ [ -85.843612989999983, 10.30052639 ], [ -85.84363141999998, 10.30054237 ], [ -85.843612989999968, 10.30052639 ], [ -85.84359543, 10.30050435 ], [ -85.843612989999983, 10.30052639 ] ] ], [ [ [ -85.84339714, 10.30067936 ], [ -85.843417519999988, 10.30066957 ], [ -85.843417519999988, 10.30066957 ], [ -85.84339714, 10.30067936 ] ] ], [ [ [ -85.843386359999982, 10.30069334 ], [ -85.8433834, 10.30071712 ], [ -85.843386359999968, 10.30069334 ], [ -85.84339714, 10.30067936 ], [ -85.843386359999982, 10.30069334 ] ] ], [ [ [ -85.843203339999988, 10.30081024 ], [ -85.84319261, 10.30081753 ], [ -85.843203339999988, 10.30081024 ], [ -85.84323095, 10.30080312 ], [ -85.843203339999988, 10.30081024 ] ] ], [ [ [ -85.843184799999989, 10.30084026 ], [ -85.843178269999981, 10.30086271 ], [ -85.84317477, 10.30087267 ], [ -85.843178269999967, 10.30086271 ], [ -85.843184799999975, 10.30084026 ], [ -85.84319261, 10.30081753 ], [ -85.843184799999989, 10.30084026 ] ] ], [ [ [ -85.843120610000014, 10.30081685 ], [ -85.843113370000012, 10.3007962 ], [ -85.843120610000014, 10.30081685 ], [ -85.84313169, 10.30084002 ], [ -85.843120610000014, 10.30081685 ] ] ], [ [ [ -85.843005729999987, 10.30078805 ], [ -85.84298157, 10.30079189 ], [ -85.843005729999973, 10.30078805 ], [ -85.843031089999982, 10.30078736 ], [ -85.843005729999987, 10.30078805 ] ] ], [ [ [ -85.842491629999984, 10.30085957 ], [ -85.842509709999987, 10.30084492 ], [ -85.842509709999987, 10.30084492 ], [ -85.842491629999984, 10.30085957 ] ] ], [ [ [ -85.842589259999983, 10.30109308 ], [ -85.84257822, 10.30110914 ], [ -85.842589259999983, 10.30109308 ], [ -85.84259216, 10.30107255 ], [ -85.842589259999983, 10.30109308 ] ] ], [ [ [ -85.842415609999989, 10.30109515 ], [ -85.84239152, 10.30109556 ], [ -85.842415609999975, 10.30109515 ], [ -85.84243979, 10.30109465 ], [ -85.842415609999989, 10.30109515 ] ] ], [ [ [ -85.842305939999989, 10.30116193 ], [ -85.84229192, 10.30118379 ], [ -85.842305939999974, 10.30116193 ], [ -85.84232402, 10.30114728 ], [ -85.842305939999989, 10.30116193 ] ] ], [ [ [ -85.842266509999988, 10.30122379 ], [ -85.84225944, 10.30124705 ], [ -85.842266509999973, 10.30122379 ], [ -85.84227871, 10.30120293 ], [ -85.842266509999988, 10.30122379 ] ] ], [ [ [ -85.842210469999984, 10.30137982 ], [ -85.84220543, 10.30140669 ], [ -85.842210469999969, 10.30137982 ], [ -85.84221989, 10.30135148 ], [ -85.842210469999984, 10.30137982 ] ] ], [ [ [ -85.842194939999985, 10.30145456 ], [ -85.84218996, 10.30147808 ], [ -85.84219493999997, 10.30145456 ], [ -85.842199719999982, 10.30142977 ], [ -85.842194939999985, 10.30145456 ] ] ], [ [ [ -85.842170019999983, 10.30153305 ], [ -85.84216094, 10.30155597 ], [ -85.842170019999969, 10.30153305 ], [ -85.842182289999982, 10.30150876 ], [ -85.842170019999983, 10.30153305 ] ] ], [ [ [ -85.842110209999987, 10.30168314 ], [ -85.84210505, 10.3017054 ], [ -85.842110209999973, 10.30168314 ], [ -85.842114169999988, 10.30165772 ], [ -85.842110209999987, 10.30168314 ] ] ], [ [ [ -85.842155799999986, 10.30199015 ], [ -85.842164239999988, 10.30199923 ], [ -85.842164729999979, 10.30201974 ], [ -85.84215409, 10.30204167 ], [ -85.842164729999965, 10.30201974 ], [ -85.842164239999974, 10.30199923 ], [ -85.842155799999972, 10.30199015 ], [ -85.84213549, 10.30198186 ], [ -85.842155799999986, 10.30199015 ] ] ], [ [ [ -85.842122549999985, 10.30209544 ], [ -85.84210934, 10.3021145 ], [ -85.842122549999971, 10.30209544 ], [ -85.842139, 10.30206842 ], [ -85.842122549999985, 10.30209544 ] ] ], [ [ [ -85.842095719999989, 10.30214223 ], [ -85.84208718, 10.30216451 ], [ -85.842095719999975, 10.30214223 ], [ -85.84210934, 10.3021145 ], [ -85.842095719999989, 10.30214223 ] ] ], [ [ [ -85.841993009999982, 10.30230693 ], [ -85.84198296000001, 10.30232145 ], [ -85.841993009999968, 10.30230693 ], [ -85.84201012, 10.30228379 ], [ -85.841993009999982, 10.30230693 ] ] ], [ [ [ -85.841504389999983, 10.30260324 ], [ -85.84149064, 10.30262311 ], [ -85.841504389999969, 10.30260324 ], [ -85.841522, 10.30258606 ], [ -85.841504389999983, 10.30260324 ] ] ], [ [ [ -85.84229885000002, 10.30272235 ], [ -85.842312174999989, 10.302721865 ], [ -85.84229885000002, 10.30272235 ], [ -85.842286125, 10.302722695 ], [ -85.84229885000002, 10.30272235 ] ] ], [ [ [ -85.842356359999982, 10.30300715 ], [ -85.84237224, 10.30302359 ], [ -85.842356359999968, 10.30300715 ], [ -85.84234966, 10.30298577 ], [ -85.842356359999982, 10.30300715 ] ] ], [ [ [ -85.842446439999989, 10.30315033 ], [ -85.842465119999986, 10.30314615 ], [ -85.842465119999986, 10.30314615 ], [ -85.842446439999989, 10.30315033 ] ] ], [ [ [ -85.84239642, 10.30322734 ], [ -85.842407149999971, 10.30322005 ], [ -85.842407149999985, 10.30322005 ], [ -85.84239642, 10.30322734 ] ] ], [ [ [ -85.841968129999984, 10.30331898 ], [ -85.84193763, 10.30333189 ], [ -85.84196812999997, 10.30331898 ], [ -85.84199189, 10.30330926 ], [ -85.841968129999984, 10.30331898 ] ] ], [ [ [ -85.841817789999979, 10.30335933 ], [ -85.841817789999979, 10.30335933 ], [ -85.841831559999989, 10.30335744 ], [ -85.841817789999979, 10.30335933 ] ] ], [ [ [ -85.841515729999983, 10.30320335 ], [ -85.8414934, 10.30322417 ], [ -85.841515729999969, 10.30320335 ], [ -85.841531959999983, 10.30318644 ], [ -85.841515729999983, 10.30320335 ] ] ], [ [ [ -85.84096169999998, 10.30408474 ], [ -85.84094837, 10.30411383 ], [ -85.840961699999966, 10.30408474 ], [ -85.84097107, 10.304063 ], [ -85.84096169999998, 10.30408474 ] ] ], [ [ [ -85.840792149999984, 10.30449456 ], [ -85.840782709999985, 10.30451964 ], [ -85.84079214999997, 10.30449456 ], [ -85.84080206, 10.30447218 ], [ -85.840792149999984, 10.30449456 ] ] ], [ [ [ -85.840617199999983, 10.30501194 ], [ -85.84061425, 10.30503907 ], [ -85.840617199999969, 10.30501194 ], [ -85.84062144, 10.30498788 ], [ -85.840617199999983, 10.30501194 ] ] ], [ [ [ -85.840610859999984, 10.30517809 ], [ -85.84061255, 10.30520175 ], [ -85.84061085999997, 10.30517809 ], [ -85.84060908, 10.30515451 ], [ -85.840610859999984, 10.30517809 ] ] ], [ [ [ -85.840614869999982, 10.3052246 ], [ -85.84061349, 10.30525281 ], [ -85.840614869999968, 10.3052246 ], [ -85.84061255, 10.30520175 ], [ -85.840614869999982, 10.3052246 ] ] ], [ [ [ -85.840611949999982, 10.3052877 ], [ -85.84061338, 10.30531336 ], [ -85.840611949999968, 10.3052877 ], [ -85.84061349, 10.30525281 ], [ -85.840611949999982, 10.3052877 ] ] ], [ [ [ -85.840570459999981, 10.30565341 ], [ -85.8405644, 10.30567847 ], [ -85.840570459999967, 10.30565341 ], [ -85.84057441, 10.30562799 ], [ -85.840570459999981, 10.30565341 ] ] ], [ [ [ -85.840531519999985, 10.30583221 ], [ -85.84053038, 10.30585508 ], [ -85.840531519999971, 10.30583221 ], [ -85.84053527, 10.30580227 ], [ -85.840531519999985, 10.30583221 ] ] ], [ [ [ -85.840529319999987, 10.30587786 ], [ -85.84052968, 10.3059084 ], [ -85.840529319999973, 10.30587786 ], [ -85.84053038, 10.30585508 ], [ -85.840529319999987, 10.30587786 ] ] ], [ [ [ -85.84052905999998, 10.30624125 ], [ -85.84053422, 10.3062649 ], [ -85.840529059999966, 10.30624125 ], [ -85.84052499, 10.30621606 ], [ -85.84052905999998, 10.30624125 ] ] ], [ [ [ -85.840544649999984, 10.30631689 ], [ -85.84055365, 10.30634314 ], [ -85.840544649999984, 10.30631689 ], [ -85.8405393, 10.30629189 ], [ -85.840544649999984, 10.30631689 ] ] ], [ [ [ -85.840578809999982, 10.30641638 ], [ -85.840585919999981, 10.30644706 ], [ -85.840597079999981, 10.30646697 ], [ -85.840585919999967, 10.30644706 ], [ -85.840578809999982, 10.30641638 ], [ -85.840570820000011, 10.30639193 ], [ -85.840578809999982, 10.30641638 ] ] ], [ [ [ -85.840714219999981, 10.30663295 ], [ -85.84072524, 10.30664491 ], [ -85.840714219999981, 10.30663295 ], [ -85.84069396, 10.30661807 ], [ -85.840714219999981, 10.30663295 ] ] ], [ [ [ -85.840700269999985, 10.30716994 ], [ -85.84070543, 10.30719359 ], [ -85.840700269999971, 10.30716994 ], [ -85.8407014, 10.30714372 ], [ -85.840700269999985, 10.30716994 ] ] ], [ [ [ -85.840770439999986, 10.30740388 ], [ -85.840774509999989, 10.30742907 ], [ -85.840770439999972, 10.30740388 ], [ -85.84075949, 10.30738858 ], [ -85.840770439999986, 10.30740388 ] ] ], [ [ [ -85.840951529999984, 10.30767722 ], [ -85.840961609999979, 10.30769867 ], [ -85.840976519999984, 10.30772118 ], [ -85.84098714000001, 10.30774181 ], [ -85.84097651999997, 10.30772118 ], [ -85.840961609999965, 10.30769867 ], [ -85.84095152999997, 10.30767722 ], [ -85.840878069999988, 10.30759668 ], [ -85.840951529999984, 10.30767722 ] ] ], [ [ [ -85.840989789999981, 10.30775933 ], [ -85.840976579999989, 10.30777838 ], [ -85.841165819999986, 10.30816454 ], [ -85.840976579999975, 10.30777838 ], [ -85.840989789999966, 10.30775933 ], [ -85.84098714000001, 10.30774181 ], [ -85.840989789999981, 10.30775933 ] ] ], [ [ [ -85.841211499999986, 10.30880314 ], [ -85.84119829, 10.30882219 ], [ -85.841211499999972, 10.30880314 ], [ -85.84122243, 10.30878247 ], [ -85.841211499999986, 10.30880314 ] ] ], [ [ [ -85.841045919999985, 10.30904854 ], [ -85.84103063, 10.30907068 ], [ -85.841045919999971, 10.30904854 ], [ -85.84105949, 10.30902741 ], [ -85.841045919999985, 10.30904854 ] ] ], [ [ [ -85.841003939999979, 10.30911087 ], [ -85.84099221, 10.30913434 ], [ -85.841003939999979, 10.30911087 ], [ -85.84101614, 10.30909001 ], [ -85.841003939999979, 10.30911087 ] ] ], [ [ [ -85.840934049999987, 10.30933268 ], [ -85.840927799999989, 10.30935648 ], [ -85.840934049999987, 10.30933268 ], [ -85.84094084, 10.30930815 ], [ -85.840934049999987, 10.30933268 ] ] ], [ [ [ -85.840913339999986, 10.30944432 ], [ -85.84092631999998, 10.30946322 ], [ -85.840913339999972, 10.30944432 ], [ -85.84091151, 10.30942734 ], [ -85.840913339999986, 10.30944432 ] ] ], [ [ [ -85.840872889999986, 10.30966135 ], [ -85.840860619999987, 10.30968555 ], [ -85.84084972, 10.30970956 ], [ -85.840860619999972, 10.30968555 ], [ -85.840872889999972, 10.30966135 ], [ -85.84088562, 10.30963643 ], [ -85.840872889999986, 10.30966135 ] ] ], [ [ [ -85.840838799999986, 10.30973023 ], [ -85.84082497, 10.30975335 ], [ -85.840838799999986, 10.30973023 ], [ -85.84084972, 10.30970956 ], [ -85.840838799999986, 10.30973023 ] ] ], [ [ [ -85.840803359999981, 10.30980309 ], [ -85.84080255, 10.30980544 ], [ -85.840803359999967, 10.30980309 ], [ -85.84081197, 10.3097771 ], [ -85.840803359999981, 10.30980309 ] ] ], [ [ [ -85.84103220999998, 10.31006586 ], [ -85.84104675, 10.31008584 ], [ -85.841032209999966, 10.31006586 ], [ -85.841023959999987, 10.3100434 ], [ -85.84103220999998, 10.31006586 ] ] ], [ [ [ -85.841063439999985, 10.31013192 ], [ -85.84106704, 10.31015459 ], [ -85.841063439999985, 10.31013192 ], [ -85.841057009999986, 10.31010855 ], [ -85.841063439999985, 10.31013192 ] ] ], [ [ [ -85.84101545999998, 10.31030915 ], [ -85.84098995, 10.31031652 ], [ -85.841015459999966, 10.31030915 ], [ -85.84103935, 10.31030413 ], [ -85.84101545999998, 10.31030915 ] ] ], [ [ [ -85.84095944, 10.31046852 ], [ -85.840983589999965, 10.31046142 ], [ -85.840983589999979, 10.31046142 ], [ -85.84095944, 10.31046852 ] ] ], [ [ [ -85.84087273999998, 10.31059364 ], [ -85.84085568, 10.31061009 ], [ -85.840872739999966, 10.31059364 ], [ -85.840888039999982, 10.3105715 ], [ -85.84087273999998, 10.31059364 ] ] ], [ [ [ -85.840736400000011, 10.31068732 ], [ -85.84071299, 10.31068031 ], [ -85.840736400000011, 10.31068732 ], [ -85.840736400000011, 10.31068732 ] ] ], [ [ [ -85.84047409999998, 10.31065384 ], [ -85.84044545, 10.31070172 ], [ -85.840474099999966, 10.31065384 ], [ -85.84048913, 10.31063378 ], [ -85.84047409999998, 10.31065384 ] ] ], [ [ [ -85.840123729999988, 10.31201794 ], [ -85.84012988, 10.31204013 ], [ -85.840123729999974, 10.31201794 ], [ -85.84011662, 10.31198734 ], [ -85.840123729999988, 10.31201794 ] ] ], [ [ [ -85.840204139999983, 10.31214554 ], [ -85.84021719, 10.3121611 ], [ -85.840204139999969, 10.31214554 ], [ -85.84018389, 10.31213065 ], [ -85.840204139999983, 10.31214554 ] ] ], [ [ [ -85.840220619999982, 10.31224765 ], [ -85.84020583, 10.31237046 ], [ -85.840220619999968, 10.31224765 ], [ -85.840220699999989, 10.31218376 ], [ -85.840220619999982, 10.31224765 ] ] ], [ [ [ -85.840085429999988, 10.3132015 ], [ -85.840047789999986, 10.31358233 ], [ -85.840085429999974, 10.3132015 ], [ -85.8401123, 10.3130314 ], [ -85.840085429999988, 10.3132015 ] ] ], [ [ [ -85.840038709999988, 10.31400484 ], [ -85.84003978, 10.31410955 ], [ -85.840038709999988, 10.31400484 ], [ -85.840034939999981, 10.31371583 ], [ -85.840038709999988, 10.31400484 ] ] ], [ [ [ -85.840213439999985, 10.31495746 ], [ -85.840219819999987, 10.31501732 ], [ -85.840181079999979, 10.31533257 ], [ -85.840219819999973, 10.31501732 ], [ -85.840213439999971, 10.31495746 ], [ -85.84019447, 10.31480039 ], [ -85.840213439999985, 10.31495746 ] ] ], [ [ [ -85.840148649999989, 10.31600918 ], [ -85.84015191, 10.3161471 ], [ -85.840148649999975, 10.31600918 ], [ -85.84014015, 10.31567677 ], [ -85.840148649999989, 10.31600918 ] ] ], [ [ [ -85.840820549999989, 10.31879266 ], [ -85.84085672, 10.31904578 ], [ -85.840820549999975, 10.31879266 ], [ -85.84078518, 10.31864062 ], [ -85.840820549999989, 10.31879266 ] ] ], [ [ [ -85.840878029999985, 10.31919865 ], [ -85.84090028, 10.31931652 ], [ -85.840878029999971, 10.31919865 ], [ -85.84085672, 10.31904578 ], [ -85.840878029999985, 10.31919865 ] ] ], [ [ [ -85.842050979999982, 10.32234234 ], [ -85.84216987, 10.32252341 ], [ -85.842050979999968, 10.32234234 ], [ -85.84198488, 10.32224187 ], [ -85.842050979999982, 10.32234234 ] ] ], [ [ [ -85.842455769999987, 10.32300437 ], [ -85.842468309999987, 10.32302681 ], [ -85.84248022, 10.32305005 ], [ -85.842468309999987, 10.32302681 ], [ -85.842455769999972, 10.32300437 ], [ -85.84244273, 10.32297472 ], [ -85.842455769999987, 10.32300437 ] ] ], [ [ [ -85.842523159999985, 10.32315292 ], [ -85.842534429999986, 10.32317563 ], [ -85.842523159999971, 10.32315292 ], [ -85.84251145, 10.32313103 ], [ -85.842523159999985, 10.32315292 ] ] ], [ [ [ -85.842550119999984, 10.32322073 ], [ -85.84255905, 10.32324978 ], [ -85.84255011999997, 10.32322073 ], [ -85.84254223, 10.32319818 ], [ -85.842550119999984, 10.32322073 ] ] ], [ [ [ -85.84269270999998, 10.32354056 ], [ -85.84269951, 10.32356456 ], [ -85.842692709999966, 10.32354056 ], [ -85.84268727, 10.32351628 ], [ -85.84269270999998, 10.32354056 ] ] ], [ [ [ -85.84271760999998, 10.32361597 ], [ -85.84272568, 10.32363978 ], [ -85.842717609999966, 10.32361597 ], [ -85.84270797, 10.32359099 ], [ -85.84271760999998, 10.32361597 ] ] ], [ [ [ -85.842743829999989, 10.32371505 ], [ -85.84274274, 10.3237325 ], [ -85.842743829999975, 10.32371505 ], [ -85.8427383, 10.32369077 ], [ -85.842743829999989, 10.32371505 ] ] ], [ [ [ -85.842751629999981, 10.3237535 ], [ -85.842761879999983, 10.32377441 ], [ -85.842751629999981, 10.3237535 ], [ -85.84274274, 10.3237325 ], [ -85.842751629999981, 10.3237535 ] ] ], [ [ [ -85.842839839999982, 10.32394974 ], [ -85.84284645, 10.32397248 ], [ -85.842839839999968, 10.32394974 ], [ -85.84282994, 10.32392684 ], [ -85.842839839999982, 10.32394974 ] ] ], [ [ [ -85.842895919999989, 10.32411417 ], [ -85.84290636, 10.32413625 ], [ -85.842895919999989, 10.32411417 ], [ -85.84288621, 10.32409254 ], [ -85.842895919999989, 10.32411417 ] ] ], [ [ [ -85.842939099999981, 10.32427406 ], [ -85.84294617, 10.32429607 ], [ -85.842939099999967, 10.32427406 ], [ -85.84292956, 10.32424908 ], [ -85.842939099999981, 10.32427406 ] ] ], [ [ [ -85.843099629999983, 10.32469492 ], [ -85.84311527, 10.32471625 ], [ -85.843099629999983, 10.32469492 ], [ -85.843086, 10.32467403 ], [ -85.843099629999983, 10.32469492 ] ] ], [ [ [ -85.843155449999983, 10.32478316 ], [ -85.84316981, 10.32480459 ], [ -85.843155449999969, 10.32478316 ], [ -85.84314271, 10.32475938 ], [ -85.843155449999983, 10.32478316 ] ] ], [ [ [ -85.843335499999981, 10.32515763 ], [ -85.84334514, 10.32518261 ], [ -85.843335499999981, 10.32515763 ], [ -85.843323309999988, 10.32513321 ], [ -85.843335499999981, 10.32515763 ] ] ], [ [ [ -85.843699199999989, 10.32578545 ], [ -85.84371264, 10.32580517 ], [ -85.843699199999989, 10.32578545 ], [ -85.84368229, 10.3257644 ], [ -85.843699199999989, 10.32578545 ] ] ], [ [ [ -85.843886649999988, 10.32604935 ], [ -85.84390524, 10.32607609 ], [ -85.843886649999973, 10.32604935 ], [ -85.84387228, 10.32602793 ], [ -85.843886649999988, 10.32604935 ] ] ], [ [ [ -85.843996189999984, 10.3262095 ], [ -85.8440088, 10.32622868 ], [ -85.843996189999984, 10.3262095 ], [ -85.84398147, 10.32619007 ], [ -85.843996189999984, 10.3262095 ] ] ], [ [ [ -85.844022239999987, 10.3262483 ], [ -85.844036059999979, 10.32627055 ], [ -85.844022239999973, 10.3262483 ], [ -85.8440088, 10.32622868 ], [ -85.844022239999987, 10.3262483 ] ] ], [ [ [ -85.844112949999982, 10.32640431 ], [ -85.844126349999982, 10.32643189 ], [ -85.84413889, 10.32645432 ], [ -85.844126349999982, 10.32643189 ], [ -85.844112949999968, 10.32640431 ], [ -85.84410324, 10.32638268 ], [ -85.844112949999982, 10.32640431 ] ] ], [ [ [ -85.844328419999982, 10.32668342 ], [ -85.84434441, 10.32670266 ], [ -85.844328419999968, 10.32668342 ], [ -85.844309519999982, 10.32666662 ], [ -85.844328419999982, 10.32668342 ] ] ], [ [ [ -85.844466089999983, 10.32686337 ], [ -85.84448189, 10.32688136 ], [ -85.844466089999969, 10.32686337 ], [ -85.84444797, 10.32683926 ], [ -85.844466089999983, 10.32686337 ] ] ], [ [ [ -85.844592399999982, 10.32700354 ], [ -85.84460858, 10.32702406 ], [ -85.844592399999968, 10.32700354 ], [ -85.84457128, 10.32698188 ], [ -85.844592399999982, 10.32700354 ] ] ], [ [ [ -85.844693739999983, 10.32711927 ], [ -85.844710459999988, 10.32713906 ], [ -85.844693739999968, 10.32711927 ], [ -85.844675259999988, 10.32709715 ], [ -85.844693739999983, 10.32711927 ] ] ], [ [ [ -85.844777099999988, 10.3272201 ], [ -85.844795029999986, 10.32724296 ], [ -85.844777099999973, 10.3272201 ], [ -85.84476193, 10.32720139 ], [ -85.844777099999988, 10.3272201 ] ] ], [ [ [ -85.845036379999982, 10.3275483 ], [ -85.84504609, 10.32756993 ], [ -85.845036379999968, 10.3275483 ], [ -85.84502467, 10.32752641 ], [ -85.845036379999982, 10.3275483 ] ] ], [ [ [ -85.845067639999982, 10.32761807 ], [ -85.845082119999987, 10.3276442 ], [ -85.845067639999968, 10.32761807 ], [ -85.84505491, 10.32759429 ], [ -85.845067639999982, 10.32761807 ] ] ], [ [ [ -85.845144189999985, 10.32773492 ], [ -85.845157, 10.3277617 ], [ -85.845144189999971, 10.32773492 ], [ -85.84514139, 10.32772908 ], [ -85.845144189999985, 10.32773492 ] ] ], [ [ [ -85.845187829999986, 10.32783681 ], [ -85.845198819999979, 10.32785816 ], [ -85.84521143, 10.32787725 ], [ -85.845198819999965, 10.32785816 ], [ -85.845187829999972, 10.32783681 ], [ -85.845177349999986, 10.32780668 ], [ -85.845187829999986, 10.32783681 ] ] ], [ [ [ -85.845238579999986, 10.32793042 ], [ -85.84525077, 10.32795493 ], [ -85.845238579999972, 10.32793042 ], [ -85.845225439999979, 10.32790085 ], [ -85.845238579999986, 10.32793042 ] ] ], [ [ [ -85.845348759999979, 10.32816945 ], [ -85.845357379999982, 10.32819254 ], [ -85.84536976, 10.32821831 ], [ -85.845357379999967, 10.32819254 ], [ -85.845348759999965, 10.32816945 ], [ -85.8453347, 10.3281379 ], [ -85.845348759999979, 10.32816945 ] ] ], [ [ [ -85.845392819999987, 10.32825957 ], [ -85.84540482, 10.32828273 ], [ -85.845392819999972, 10.32825957 ], [ -85.84538311, 10.32823794 ], [ -85.845392819999987, 10.32825957 ] ] ], [ [ [ -85.845456879999986, 10.32838419 ], [ -85.84547366, 10.32841193 ], [ -85.845456879999972, 10.32838419 ], [ -85.84544422, 10.32835706 ], [ -85.845456879999986, 10.32838419 ] ] ], [ [ [ -85.845511689999981, 10.32848645 ], [ -85.845522139999986, 10.32850862 ], [ -85.845530019999984, 10.32853117 ], [ -85.845522139999972, 10.32850862 ], [ -85.845511689999967, 10.32848645 ], [ -85.84550307, 10.32846337 ], [ -85.845511689999981, 10.32848645 ] ] ], [ [ [ -85.845674479999985, 10.32879423 ], [ -85.84569218, 10.32882377 ], [ -85.845674479999971, 10.32879423 ], [ -85.84565809, 10.32876911 ], [ -85.845674479999985, 10.32879423 ] ] ], [ [ [ -85.845748039999989, 10.32890398 ], [ -85.84576718, 10.32892999 ], [ -85.845748039999975, 10.32890398 ], [ -85.84572863, 10.3288767 ], [ -85.845748039999989, 10.32890398 ] ] ], [ [ [ -85.84577978999998, 10.32894916 ], [ -85.84580195, 10.32897723 ], [ -85.845779789999966, 10.32894916 ], [ -85.84576718, 10.32892999 ], [ -85.84577978999998, 10.32894916 ] ] ], [ [ [ -85.845877029999983, 10.32906428 ], [ -85.84589394, 10.32908533 ], [ -85.845877029999968, 10.32906428 ], [ -85.84585598, 10.32903919 ], [ -85.845877029999983, 10.32906428 ] ] ], [ [ [ -85.846084059999981, 10.32932156 ], [ -85.84610076, 10.32935265 ], [ -85.846084059999967, 10.32932156 ], [ -85.84606922, 10.32929752 ], [ -85.846084059999981, 10.32932156 ] ] ], [ [ [ -85.846118259999983, 10.32938083 ], [ -85.84612689, 10.32940392 ], [ -85.846118259999969, 10.32938083 ], [ -85.84610076, 10.32935265 ], [ -85.846118259999983, 10.32938083 ] ] ], [ [ [ -85.846151909999989, 10.32957946 ], [ -85.84614421, 10.32960463 ], [ -85.846151909999975, 10.32957946 ], [ -85.84615404, 10.32955261 ], [ -85.846151909999989, 10.32957946 ] ] ], [ [ [ -85.846137219999989, 10.32962699 ], [ -85.84613389, 10.32965078 ], [ -85.846137219999974, 10.32962699 ], [ -85.84614421, 10.32960463 ], [ -85.846137219999989, 10.32962699 ] ] ], [ [ [ -85.846125769999986, 10.32969727 ], [ -85.846124639999985, 10.32972259 ], [ -85.84613447, 10.32974883 ], [ -85.846124639999971, 10.32972259 ], [ -85.846125769999972, 10.32969727 ], [ -85.8461291, 10.32967349 ], [ -85.846125769999986, 10.32969727 ] ] ], [ [ [ -85.847174399999986, 10.33103864 ], [ -85.84718931, 10.33105934 ], [ -85.847174399999972, 10.33103864 ], [ -85.8471595, 10.33101785 ], [ -85.847174399999986, 10.33103864 ] ] ], [ [ [ -85.847242959999988, 10.33115058 ], [ -85.84725907, 10.33117434 ], [ -85.847242959999974, 10.33115058 ], [ -85.84722859, 10.33112906 ], [ -85.847242959999988, 10.33115058 ] ] ], [ [ [ -85.847359299999979, 10.33130291 ], [ -85.84737548, 10.33132342 ], [ -85.847359299999979, 10.33130291 ], [ -85.84735231, 10.33129346000014 ], [ -85.847359299999979, 10.33130291 ] ] ], [ [ [ -85.847556979999979, 10.33152066 ], [ -85.84757009, 10.33154706 ], [ -85.847556979999979, 10.33152066 ], [ -85.84754491, 10.33150085 ], [ -85.847556979999979, 10.33152066 ] ] ], [ [ [ -85.847679099999979, 10.331738 ], [ -85.84782688, 10.3319632 ], [ -85.847679099999965, 10.331738 ], [ -85.84763121, 10.33166619 ], [ -85.847679099999979, 10.331738 ] ] ], [ [ [ -85.847974689999987, 10.33214346 ], [ -85.84798868, 10.33216236 ], [ -85.847974689999972, 10.33214346 ], [ -85.84795688, 10.33212522 ], [ -85.847974689999987, 10.33214346 ] ] ], [ [ [ -85.848019099999988, 10.33219978 ], [ -85.84803529, 10.3322203 ], [ -85.848019099999973, 10.33219978 ], [ -85.84800413, 10.33218234 ], [ -85.848019099999988, 10.33219978 ] ] ], [ [ [ -85.848052289999984, 10.33224134 ], [ -85.84807441, 10.33226146 ], [ -85.84805228999997, 10.33224134 ], [ -85.84803529, 10.3322203 ], [ -85.848052289999984, 10.33224134 ] ] ], [ [ [ -85.848288309999987, 10.33244405 ], [ -85.848308839999987, 10.33245858 ], [ -85.848288309999973, 10.33244405 ], [ -85.84826696, 10.33242908 ], [ -85.848288309999987, 10.33244405 ] ] ], [ [ [ -85.848475869999987, 10.33258658 ], [ -85.848496399999988, 10.3326011 ], [ -85.84851747, 10.33261481 ], [ -85.848496399999974, 10.3326011 ], [ -85.848475869999973, 10.33258658 ], [ -85.84845736, 10.33257241 ], [ -85.848475869999987, 10.33258658 ] ] ], [ [ [ -85.848588459999988, 10.33264215 ], [ -85.8486096, 10.33265251 ], [ -85.848588459999974, 10.33264215 ], [ -85.84856559, 10.33263396 ], [ -85.848588459999988, 10.33264215 ] ] ], [ [ [ -85.848887399999981, 10.33286889 ], [ -85.84890103, 10.33288978 ], [ -85.848887399999967, 10.33286889 ], [ -85.84886959, 10.33285065 ], [ -85.848887399999981, 10.33286889 ] ] ], [ [ [ -85.848934179999986, 10.33295529 ], [ -85.848942799999989, 10.33297838 ], [ -85.848957639999981, 10.33300242 ], [ -85.848942799999975, 10.33297838 ], [ -85.848934179999986, 10.33295529 ], [ -85.84892301, 10.33293258 ], [ -85.848934179999986, 10.33295529 ] ] ], [ [ [ -85.849005619999986, 10.33306008 ], [ -85.84902634, 10.33307586 ], [ -85.849005619999971, 10.33306008 ], [ -85.848989619999983, 10.33304083 ], [ -85.849005619999986, 10.33306008 ] ] ], [ [ [ -85.849092429999985, 10.33314182 ], [ -85.84911145, 10.33316313 ], [ -85.84909242999997, 10.33314182 ], [ -85.84907306, 10.33312241 ], [ -85.849092429999985, 10.33314182 ] ] ], [ [ [ -85.849265439999982, 10.33335338 ], [ -85.84933365, 10.3334383 ], [ -85.849265439999968, 10.33335338 ], [ -85.84925001, 10.33333336 ], [ -85.849265439999982, 10.33335338 ] ] ], [ [ [ -85.849492179999984, 10.33360928 ], [ -85.84950541, 10.33362385 ], [ -85.84949217999997, 10.33360928 ], [ -85.84940422, 10.33351878 ], [ -85.849492179999984, 10.33360928 ] ] ], [ [ [ -85.84963390999998, 10.33382131 ], [ -85.84969956, 10.33392403 ], [ -85.849633909999966, 10.33382131 ], [ -85.84950541, 10.33362385 ], [ -85.84963390999998, 10.33382131 ] ] ], [ [ [ -85.849789339999987, 10.33410806 ], [ -85.849840909999983, 10.3342395 ], [ -85.849850119999985, 10.33426351 ], [ -85.849840909999969, 10.3342395 ], [ -85.849789339999987, 10.33410806 ], [ -85.84977254, 10.33407463 ], [ -85.849789339999987, 10.33410806 ] ] ], [ [ [ -85.849880319999983, 10.33435434 ], [ -85.84992217, 10.33440914 ], [ -85.849880319999968, 10.33435434 ], [ -85.849850119999985, 10.33426351 ], [ -85.849880319999983, 10.33435434 ] ] ], [ [ [ -85.849964009999979, 10.33446403 ], [ -85.849998869999979, 10.33450965 ], [ -85.849964009999965, 10.33446403 ], [ -85.84992217, 10.33440914 ], [ -85.849964009999979, 10.33446403 ] ] ], [ [ [ -85.850040719999981, 10.33456444 ], [ -85.85008465, 10.33461634 ], [ -85.850040719999967, 10.33456444 ], [ -85.849998869999979, 10.33450965 ], [ -85.850040719999981, 10.33456444 ] ] ], [ [ [ -85.850483839999981, 10.33501946 ], [ -85.85054205, 10.33506349 ], [ -85.850483839999967, 10.33501946 ], [ -85.8504347, 10.33498169 ], [ -85.850483839999981, 10.33501946 ] ] ], [ [ [ -85.851425959999986, 10.33607294 ], [ -85.851468, 10.33611463 ], [ -85.851425959999972, 10.33607294 ], [ -85.85138902, 10.33603022 ], [ -85.851425959999986, 10.33607294 ] ] ], [ [ [ -85.851780719999979, 10.33646348 ], [ -85.85182049, 10.33652127 ], [ -85.851780719999965, 10.33646348 ], [ -85.85173981, 10.33641365 ], [ -85.851780719999979, 10.33646348 ] ] ], [ [ [ -85.851960059999982, 10.33677423 ], [ -85.8519847, 10.33682181 ], [ -85.851960059999968, 10.33677423 ], [ -85.85194042, 10.33672582 ], [ -85.851960059999982, 10.33677423 ] ] ], [ [ [ -85.852254029999983, 10.33730357 ], [ -85.852287750000016, 10.33735733 ], [ -85.852254029999969, 10.33730357 ], [ -85.85221531, 10.33723782 ], [ -85.852254029999983, 10.33730357 ] ] ], [ [ [ -85.852360379999979, 10.33746373 ], [ -85.85240223, 10.33751853 ], [ -85.852360379999979, 10.33746373 ], [ -85.852324489999987, 10.33741306 ], [ -85.852360379999979, 10.33746373 ] ] ], [ [ [ -85.852586189999982, 10.33771394 ], [ -85.852634189999989, 10.33775975 ], [ -85.852586189999968, 10.33771394 ], [ -85.85253809, 10.33766804 ], [ -85.852586189999982, 10.33771394 ] ] ], [ [ [ -85.852726409999988, 10.33784436 ], [ -85.852763349999989, 10.33788707 ], [ -85.852726409999974, 10.33784436 ], [ -85.852676229999986, 10.33780154 ], [ -85.852726409999988, 10.33784436 ] ] ], [ [ [ -85.852967709999987, 10.33810731 ], [ -85.85299625, 10.33813335 ], [ -85.852967709999973, 10.33810731 ], [ -85.852958449999988, 10.338099905000085 ], [ -85.852967709999987, 10.33810731 ] ] ], [ [ [ -85.853037729999983, 10.33817261 ], [ -85.853058279999985, 10.33819101 ], [ -85.853037729999969, 10.33817261 ], [ -85.85301718, 10.33815429 ], [ -85.853037729999983, 10.33817261 ] ] ], [ [ [ -85.853288419999984, 10.33833889 ], [ -85.853327799999988, 10.33834599 ], [ -85.853327799999974, 10.33834599 ], [ -85.85328841999997, 10.33833889 ], [ -85.8532586, 10.33832741 ], [ -85.853288419999984, 10.33833889 ] ] ], [ [ [ -85.853527299999982, 10.33826649 ], [ -85.853556029999979, 10.33827943 ], [ -85.853527299999968, 10.33826649 ], [ -85.85349138, 10.33825748 ], [ -85.853527299999982, 10.33826649 ] ] ], [ [ [ -85.853662199999988, 10.33829906 ], [ -85.85368006, 10.33832444 ], [ -85.853662199999974, 10.33829906 ], [ -85.85363138, 10.33828912 ], [ -85.853662199999988, 10.33829906 ] ] ], [ [ [ -85.853901039999982, 10.33843758 ], [ -85.85392112, 10.33845337 ], [ -85.853901039999968, 10.33843758 ], [ -85.853901039999982, 10.33843758 ] ] ], [ [ [ -85.854140539999989, 10.33836111 ], [ -85.85416667, 10.33838111 ], [ -85.854140539999975, 10.33836111 ], [ -85.85411799, 10.33834578 ], [ -85.854140539999989, 10.33836111 ] ] ], [ [ [ -85.854180699999986, 10.33839287 ], [ -85.85419245, 10.33842063 ], [ -85.854180699999972, 10.33839287 ], [ -85.85416667, 10.33838111 ], [ -85.854180699999986, 10.33839287 ] ] ], [ [ [ -85.854209519999984, 10.33849826 ], [ -85.85423173, 10.33850454 ], [ -85.854209519999969, 10.33849826 ], [ -85.85420361, 10.33848763 ], [ -85.854209519999984, 10.33849826 ] ] ], [ [ [ -85.854374459999988, 10.33842374 ], [ -85.85439861, 10.33843364 ], [ -85.854374459999974, 10.33842374 ], [ -85.854374459999988, 10.33842374 ] ] ], [ [ [ -85.854449089999989, 10.33859104 ], [ -85.85445428, 10.33861876 ], [ -85.854449089999974, 10.33859104 ], [ -85.85444245, 10.33856234 ], [ -85.854449089999989, 10.33859104 ] ] ], [ [ [ -85.854669209999983, 10.33917819 ], [ -85.85467737, 10.33921447 ], [ -85.854669209999969, 10.33917819 ], [ -85.85466414, 10.339161545000442 ], [ -85.854669209999983, 10.33917819 ] ] ], [ [ [ -85.854765409999985, 10.34037516 ], [ -85.854774139999989, 10.34040095 ], [ -85.85478281, 10.34043317 ], [ -85.854774139999975, 10.34040095 ], [ -85.85476540999997, 10.34037516 ], [ -85.85475673, 10.34034295 ], [ -85.854765409999985, 10.34037516 ] ] ], [ [ [ -85.854805129999988, 10.34050335 ], [ -85.85481674, 10.34053762 ], [ -85.854805129999974, 10.34050335 ], [ -85.85479395, 10.340465 ], [ -85.854805129999988, 10.34050335 ] ] ], [ [ [ -85.854922799999983, 10.34088007 ], [ -85.854933029999984, 10.34091335 ], [ -85.854922799999969, 10.34088007 ], [ -85.85491166, 10.34084832 ], [ -85.854922799999983, 10.34088007 ] ] ], [ [ [ -85.854999269999979, 10.34106398 ], [ -85.85501305, 10.34109526 ], [ -85.854999269999965, 10.34106398 ], [ -85.854984019999989, 10.34103163 ], [ -85.854999269999979, 10.34106398 ] ] ], [ [ [ -85.855081359999986, 10.3412429 ], [ -85.85509869, 10.34127226 ], [ -85.855081359999986, 10.3412429 ], [ -85.855066590000021, 10.34121307 ], [ -85.855081359999986, 10.3412429 ] ] ], [ [ [ -85.855159889999982, 10.34138867 ], [ -85.85517722, 10.34141803 ], [ -85.855159889999968, 10.34138867 ], [ -85.855144019999983, 10.34136029 ], [ -85.855159889999982, 10.34138867 ] ] ], [ [ [ -85.855222219999987, 10.34149703 ], [ -85.85523653, 10.34152433 ], [ -85.855222219999973, 10.34149703 ], [ -85.85520886, 10.34147469 ], [ -85.855222219999987, 10.34149703 ] ] ], [ [ [ -85.855283049999983, 10.3415978 ], [ -85.85529595, 10.34161761 ], [ -85.855283049999983, 10.3415978 ], [ -85.85526567, 10.34157495 ], [ -85.855283049999983, 10.3415978 ] ] ], [ [ [ -85.855346399999988, 10.34167606 ], [ -85.855362839999984, 10.34169386 ], [ -85.85539232, 10.34172487 ], [ -85.85536283999997, 10.34169386 ], [ -85.855346399999974, 10.34167606 ], [ -85.8553284, 10.34165719 ], [ -85.855346399999988, 10.34167606 ] ] ], [ [ [ -85.855622919999988, 10.34218516 ], [ -85.85563676, 10.34220994 ], [ -85.855622919999973, 10.34218516 ], [ -85.855611109999984, 10.3421639 ], [ -85.855622919999988, 10.34218516 ] ] ], [ [ [ -85.855662349999989, 10.34226257 ], [ -85.855675189999985, 10.34228888 ], [ -85.855662349999974, 10.34226257 ], [ -85.8556496, 10.34223625 ], [ -85.855662349999989, 10.34226257 ] ] ], [ [ [ -85.855712059999988, 10.34236675 ], [ -85.85572637, 10.34239405 ], [ -85.855712059999973, 10.34236675 ], [ -85.85569776, 10.34233936 ], [ -85.855712059999988, 10.34236675 ] ] ], [ [ [ -85.855751909999981, 10.34245319 ], [ -85.85576319, 10.34247843 ], [ -85.855751909999967, 10.34245319 ], [ -85.855739679999985, 10.34242289 ], [ -85.855751909999981, 10.34245319 ] ] ], [ [ [ -85.855804919999983, 10.34257498 ], [ -85.85581861, 10.34260626 ], [ -85.855804919999969, 10.34257498 ], [ -85.85579113999998, 10.3425436 ], [ -85.855804919999983, 10.34257498 ] ] ], [ [ [ -85.855832919999983, 10.34263356 ], [ -85.85584973, 10.34266699 ], [ -85.855832919999969, 10.34263356 ], [ -85.85581861, 10.34260626 ], [ -85.855832919999983, 10.34263356 ] ] ], [ [ [ -85.855957119999985, 10.34284774 ], [ -85.85597445, 10.34287711 ], [ -85.855957119999971, 10.34284774 ], [ -85.85593832, 10.3428174 ], [ -85.855957119999985, 10.34284774 ] ] ], [ [ [ -85.856096759999986, 10.34308128 ], [ -85.856114, 10.34311064 ], [ -85.856096759999971, 10.34308128 ], [ -85.85607688, 10.34305238 ], [ -85.856096759999986, 10.34308128 ] ] ], [ [ [ -85.856270629999983, 10.34332934 ], [ -85.856296, 10.34335983 ], [ -85.856270629999969, 10.34332934 ], [ -85.856247719999985, 10.34329838 ], [ -85.856270629999983, 10.34332934 ] ] ], [ [ [ -85.85642353999998, 10.34352131 ], [ -85.85644588, 10.34354974 ], [ -85.85642353999998, 10.34352131 ], [ -85.856406059999983, 10.34349846 ], [ -85.85642353999998, 10.34352131 ] ] ], [ [ [ -85.856508139999988, 10.34362945 ], [ -85.856531569999987, 10.34365643 ], [ -85.856508139999974, 10.34362945 ], [ -85.85648726, 10.34360201 ], [ -85.856508139999988, 10.34362945 ] ] ], [ [ [ -85.856841609999989, 10.34402788 ], [ -85.856865039999988, 10.34405485 ], [ -85.856841609999975, 10.34402788 ], [ -85.85682073, 10.34400052 ], [ -85.856841609999989, 10.34402788 ] ] ], [ [ [ -85.857534799999982, 10.34466254 ], [ -85.857557809999989, 10.34468039 ], [ -85.85758044, 10.3446958 ], [ -85.857557809999975, 10.34468039 ], [ -85.857534799999968, 10.34466254 ], [ -85.85751363, 10.34464811 ], [ -85.857534799999982, 10.34466254 ] ] ], [ [ [ -85.857741909999987, 10.34482112 ], [ -85.857766479999981, 10.34484005 ], [ -85.85778802999998, 10.34485692 ], [ -85.857766479999967, 10.34484005 ], [ -85.857741909999973, 10.34482112 ], [ -85.85771578, 10.34480121 ], [ -85.857741909999987, 10.34482112 ] ] ], [ [ [ -85.857890949999984, 10.34492925 ], [ -85.85791311, 10.34494205 ], [ -85.85789094999997, 10.34492925 ], [ -85.85786538, 10.34491178 ], [ -85.857890949999984, 10.34492925 ] ] ], [ [ [ -85.85819893999998, 10.34509277 ], [ -85.8582231, 10.34510266 ], [ -85.85819893999998, 10.34509277 ], [ -85.85817578, 10.34508142 ], [ -85.85819893999998, 10.34509277 ] ] ], [ [ [ -85.85824780999998, 10.34511508 ], [ -85.85827097, 10.34512651 ], [ -85.858247809999966, 10.34511508 ], [ -85.8582231, 10.34510266 ], [ -85.85824780999998, 10.34511508 ] ] ], [ [ [ -85.858339449999988, 10.34516208 ], [ -85.85836516, 10.34517305 ], [ -85.858339449999974, 10.34516208 ], [ -85.85831473, 10.34514966 ], [ -85.858339449999988, 10.34516208 ] ] ], [ [ [ -85.858660909999983, 10.34527112 ], [ -85.8587068, 10.34528486 ], [ -85.858660909999969, 10.34527112 ], [ -85.858636139999987, 10.34526529 ], [ -85.858660909999983, 10.34527112 ] ] ], [ [ [ -85.85901287999998, 10.34533939 ], [ -85.85903926, 10.34533978 ], [ -85.859012879999966, 10.34533939 ], [ -85.85899005, 10.34533709 ], [ -85.85901287999998, 10.34533939 ] ] ], [ [ [ -85.860233489999985, 10.34451177 ], [ -85.86026072, 10.34451713 ], [ -85.86023348999997, 10.34451177 ], [ -85.86020919, 10.34450839 ], [ -85.860233489999985, 10.34451177 ] ] ], [ [ [ -85.860336500000017, 10.3445072 ], [ -85.86035609, 10.3444854 ], [ -85.860336500000017, 10.3445072 ], [ -85.86031603, 10.34451744 ], [ -85.860336500000017, 10.3445072 ] ] ], [ [ [ -85.860810339999986, 10.34428495 ], [ -85.86082183, 10.34429717 ], [ -85.860810339999972, 10.34428495 ], [ -85.86079564, 10.34428377 ], [ -85.860810339999986, 10.34428495 ] ] ], [ [ [ -85.860848679999989, 10.34430009 ], [ -85.860848679999975, 10.34430009 ], [ -85.86082183, 10.34429717 ], [ -85.860848679999989, 10.34430009 ] ] ], [ [ [ -85.860975719999985, 10.34428327 ], [ -85.86100805, 10.34428778 ], [ -85.860975719999985, 10.34428327 ], [ -85.860975719999985, 10.34428327 ] ] ], [ [ [ -85.861090889999986, 10.34434424 ], [ -85.861096689999982, 10.34436788 ], [ -85.861104180000012, 10.344376290000111 ], [ -85.861096689999982, 10.34436788 ], [ -85.861090889999971, 10.34434424 ], [ -85.86107975, 10.3443124 ], [ -85.861090889999986, 10.34434424 ] ] ], [ [ [ -85.86113487999998, 10.34438953 ], [ -85.86113487999998, 10.34438953 ], [ -85.861123275000011, 10.344387115 ], [ -85.86113487999998, 10.34438953 ] ] ], [ [ [ -85.861350699999988, 10.34436949 ], [ -85.86137291999998, 10.34437587 ], [ -85.861350699999988, 10.34436949 ], [ -85.861335265, 10.34436777 ], [ -85.861350699999988, 10.34436949 ] ] ], [ [ [ -85.861416779999985, 10.34446282 ], [ -85.86139975, 10.34448416 ], [ -85.861416779999971, 10.34446282 ], [ -85.86142676999998, 10.34443891 ], [ -85.861416779999985, 10.34446282 ] ] ], [ [ [ -85.861355419999981, 10.34453529 ], [ -85.8613347, 10.34456515 ], [ -85.861355419999967, 10.34453529 ], [ -85.86137808, 10.34450895 ], [ -85.861355419999981, 10.34453529 ] ] ], [ [ [ -85.861491189999981, 10.34454427 ], [ -85.86149913, 10.34455841 ], [ -85.861491189999967, 10.34454427 ], [ -85.86146856, 10.34452886 ], [ -85.861491189999981, 10.34454427 ] ] ], [ [ [ -85.861578509999987, 10.34453997 ], [ -85.86158702, 10.34454362 ], [ -85.861578509999973, 10.34453997 ], [ -85.86155072, 10.34453209 ], [ -85.861578509999987, 10.34453997 ] ] ], [ [ [ -85.861689159999983, 10.34480873 ], [ -85.86169998, 10.34483144 ], [ -85.861689159999969, 10.34480873 ], [ -85.86167433, 10.34478541 ], [ -85.861689159999983, 10.34480873 ] ] ], [ [ [ -85.861689139999982, 10.34516018 ], [ -85.86167929, 10.34517768 ], [ -85.861689139999967, 10.34516018 ], [ -85.86170919, 10.34514091 ], [ -85.861689139999982, 10.34516018 ] ] ], [ [ [ -85.861612619999988, 10.34543328 ], [ -85.8616119, 10.34545036 ], [ -85.861612619999974, 10.34543328 ], [ -85.86160758, 10.34539906 ], [ -85.861612619999988, 10.34543328 ] ] ], [ [ [ -85.861600859999982, 10.34579221 ], [ -85.86157972, 10.34581294 ], [ -85.861600859999967, 10.34579221 ], [ -85.86160158, 10.34577513 ], [ -85.861600859999982, 10.34579221 ] ] ], [ [ [ -85.861565679999984, 10.34604726 ], [ -85.86154636, 10.34608461 ], [ -85.861565679999984, 10.34604726 ], [ -85.861580299999986, 10.34601989 ], [ -85.861565679999984, 10.34604726 ] ] ], [ [ [ -85.861425219999987, 10.34635814 ], [ -85.86142832, 10.34638876 ], [ -85.861425219999973, 10.34635814 ], [ -85.86144037, 10.34632669 ], [ -85.861425219999987, 10.34635814 ] ] ], [ [ [ -85.861450759999983, 10.34641719 ], [ -85.861478819999988, 10.3464407 ], [ -85.861450759999983, 10.34641719 ], [ -85.86142832, 10.34638876 ], [ -85.861450759999983, 10.34641719 ] ] ], [ [ [ -85.862009599999979, 10.34627704 ], [ -85.86201701, 10.34629525 ], [ -85.862009599999965, 10.34627704 ], [ -85.86199482, 10.34624721 ], [ -85.862009599999979, 10.34627704 ] ] ], [ [ [ -85.862165479999987, 10.34633705 ], [ -85.862163149999986, 10.34635957 ], [ -85.862165479999973, 10.34633705 ], [ -85.862158629999982, 10.34632137 ], [ -85.862165479999987, 10.34633705 ] ] ], [ [ [ -85.862408349999981, 10.34647609 ], [ -85.862417889999989, 10.34648471 ], [ -85.862408349999981, 10.34647609 ], [ -85.86238675, 10.34646573 ], [ -85.862408349999981, 10.34647609 ] ] ], [ [ [ -85.862325589999983, 10.3465889 ], [ -85.86231258, 10.34661075 ], [ -85.862325589999983, 10.3465889 ], [ -85.862334579999981, 10.34656643 ], [ -85.862325589999983, 10.3465889 ] ] ], [ [ [ -85.862221059999982, 10.3466627 ], [ -85.862199339999989, 10.34669401 ], [ -85.862221059999968, 10.3466627 ], [ -85.86223777, 10.34663233 ], [ -85.862221059999982, 10.3466627 ] ] ], [ [ [ -85.862175599999986, 10.3467218 ], [ -85.86215856, 10.34674313 ], [ -85.862175599999972, 10.3467218 ], [ -85.862199339999989, 10.34669401 ], [ -85.862175599999986, 10.3467218 ] ] ], [ [ [ -85.862256299999984, 10.34695702 ], [ -85.86227117, 10.34698685 ], [ -85.86225629999997, 10.34695702 ], [ -85.86224, 10.34693262 ], [ -85.862256299999984, 10.34695702 ] ] ], [ [ [ -85.862355669999985, 10.34703118 ], [ -85.862369709999982, 10.34704294 ], [ -85.862355669999971, 10.34703118 ], [ -85.86232835, 10.34702583 ], [ -85.862355669999985, 10.34703118 ] ] ], [ [ [ -85.862258209999979, 10.34738889 ], [ -85.86226741, 10.34741713 ], [ -85.862258209999965, 10.34738889 ], [ -85.86224504, 10.34735354 ], [ -85.862258209999979, 10.34738889 ] ] ], [ [ [ -85.86221983999998, 10.34758468 ], [ -85.86220583, 10.34760808 ], [ -85.862219839999966, 10.34758468 ], [ -85.86221915, 10.34756001 ], [ -85.86221983999998, 10.34758468 ] ] ], [ [ [ -85.862190069999983, 10.3476435 ], [ -85.86218363, 10.3476655 ], [ -85.862190069999969, 10.3476435 ], [ -85.86220583, 10.34760808 ], [ -85.862190069999983, 10.3476435 ] ] ], [ [ [ -85.862267889999984, 10.34787007 ], [ -85.86228502, 10.34791244 ], [ -85.86226788999997, 10.34787007 ], [ -85.86224862, 10.3478371 ], [ -85.862267889999984, 10.34787007 ] ] ], [ [ [ -85.862550319999983, 10.34818546 ], [ -85.862574089999981, 10.34819282 ], [ -85.86259886, 10.34819864 ], [ -85.862574089999967, 10.34819282 ], [ -85.862550319999968, 10.34818546 ], [ -85.86252214, 10.34817496 ], [ -85.862550319999983, 10.34818546 ] ] ], [ [ [ -85.862870299999983, 10.34815279 ], [ -85.862904809999975, 10.34815431 ], [ -85.862870299999969, 10.34815279 ], [ -85.862870299999983, 10.34815279 ] ] ], [ [ [ -85.863292459999982, 10.34817439 ], [ -85.86331832, 10.34817885 ], [ -85.863292459999982, 10.34817439 ], [ -85.863292459999982, 10.34817439 ] ] ], [ [ [ -85.86342156000002, 10.34811951 ], [ -85.86344204, 10.34810927 ], [ -85.86342156000002, 10.34811951 ], [ -85.863415124999989, 10.348127230000097 ], [ -85.86342156000002, 10.34811951 ] ] ], [ [ [ -85.863612529999983, 10.34817046 ], [ -85.86362207, 10.34817917 ], [ -85.863612529999969, 10.34817046 ], [ -85.863612529999983, 10.34817046 ] ] ], [ [ [ -85.863744329999989, 10.34817231 ], [ -85.863748049999984, 10.34819895 ], [ -85.86375787, 10.34822321 ], [ -85.86374804999997, 10.34819895 ], [ -85.863744329999975, 10.34817231 ], [ -85.863727419999989, 10.34815199 ], [ -85.863744329999989, 10.34817231 ] ] ], [ [ [ -85.863900009999981, 10.34824534 ], [ -85.86390713, 10.34827656 ], [ -85.863900009999966, 10.34824534 ], [ -85.86389242, 10.34821158 ], [ -85.863900009999981, 10.34824534 ] ] ], [ [ [ -85.864366919999981, 10.3480843 ], [ -85.86437745, 10.34809147 ], [ -85.864366919999966, 10.3480843 ], [ -85.864348439999986, 10.3480629 ], [ -85.864366919999981, 10.3480843 ] ] ], [ [ [ -85.864467379999979, 10.3480802 ], [ -85.86446141, 10.34810472 ], [ -85.864467379999965, 10.3480802 ], [ -85.86446381, 10.34804705 ], [ -85.864467379999979, 10.3480802 ] ] ], [ [ [ -85.864552839999988, 10.34827021 ], [ -85.86456044, 10.3482754 ], [ -85.864552839999973, 10.34827021 ], [ -85.86453062, 10.34826392 ], [ -85.864552839999988, 10.34827021 ] ] ], [ [ [ -85.864520539999987, 10.34836465 ], [ -85.86449726, 10.34839497 ], [ -85.864520539999987, 10.34836465 ], [ -85.86454079, 10.34833236 ], [ -85.864520539999987, 10.34836465 ] ] ], [ [ [ -85.864952610000017, 10.34857976 ], [ -85.86499312, 10.34857881 ], [ -85.864952610000017, 10.34857976 ], [ -85.86491757, 10.34858223 ], [ -85.864952610000017, 10.34857976 ] ] ], [ [ [ -85.865424370000014, 10.34717193 ], [ -85.86541351, 10.34715564 ], [ -85.865424370000014, 10.34717193 ], [ -85.865435659999989, 10.34719717 ], [ -85.865424370000014, 10.34717193 ] ] ], [ [ [ -85.86561967999998, 10.34675338 ], [ -85.86562861, 10.34676607 ], [ -85.865619679999966, 10.34675338 ], [ -85.86560597, 10.34675065 ], [ -85.86561967999998, 10.34675338 ] ] ], [ [ [ -85.865628359999988, 10.34678568 ], [ -85.86561426, 10.34680908 ], [ -85.865628359999974, 10.34678568 ], [ -85.86562861, 10.34676607 ], [ -85.865628359999988, 10.34678568 ] ] ], [ [ [ -85.865575089999979, 10.34685268 ], [ -85.86555612, 10.3468705 ], [ -85.865575089999965, 10.34685268 ], [ -85.86559623, 10.34683186 ], [ -85.865575089999979, 10.34685268 ] ] ], [ [ [ -85.865874219999981, 10.34659737 ], [ -85.86588399, 10.346605715000111 ], [ -85.865874219999966, 10.34659737 ], [ -85.86585684, 10.34659069 ], [ -85.865874219999981, 10.34659737 ] ] ], [ [ [ -85.866033779999981, 10.34673941 ], [ -85.86604718, 10.34675216 ], [ -85.866033779999967, 10.34673941 ], [ -85.86602924, 10.34671296 ], [ -85.866033779999981, 10.34673941 ] ] ], [ [ [ -85.866410459999983, 10.34663285 ], [ -85.866407869999989, 10.34665699 ], [ -85.86640039, 10.34668867 ], [ -85.866407869999975, 10.34665699 ], [ -85.866410459999983, 10.34663285 ], [ -85.86640761, 10.34661389 ], [ -85.866410459999983, 10.34663285 ] ] ], [ [ [ -85.866575379999986, 10.34684698 ], [ -85.866566209999988, 10.34687116 ], [ -85.86655147, 10.34689402 ], [ -85.866566209999974, 10.34687116 ], [ -85.866575379999972, 10.34684698 ], [ -85.86658298, 10.34682172 ], [ -85.866575379999986, 10.34684698 ] ] ], [ [ [ -85.866691459999984, 10.34669095 ], [ -85.86669466, 10.346699430000113 ], [ -85.86669145999997, 10.34669095 ], [ -85.86667676, 10.34669023 ], [ -85.866691459999984, 10.34669095 ] ] ], [ [ [ -85.866752199999979, 10.34671446 ], [ -85.86675449, 10.34673099 ], [ -85.866752199999965, 10.34671446 ], [ -85.866752199999979, 10.34671446 ] ] ], [ [ [ -85.866758419999982, 10.3467785 ], [ -85.8667787, 10.34678064 ], [ -85.866758419999982, 10.3467785 ], [ -85.86675034, 10.34675405 ], [ -85.866758419999982, 10.3467785 ] ] ], [ [ [ -85.866720099999981, 10.34711906 ], [ -85.86669239, 10.34712509 ], [ -85.866720099999966, 10.34711906 ], [ -85.86674681, 10.34711457 ], [ -85.866720099999981, 10.34711906 ] ] ], [ [ [ -85.866665359999985, 10.34717017 ], [ -85.86666765, 10.34718669 ], [ -85.866665359999971, 10.34717017 ], [ -85.86664738, 10.34715445 ], [ -85.866665359999985, 10.34717017 ] ] ], [ [ [ -85.866657139999987, 10.34724649 ], [ -85.86666409999998, 10.34726597 ], [ -85.866664099999966, 10.34726597 ], [ -85.866657139999973, 10.34724649 ], [ -85.86666363, 10.34721636 ], [ -85.866657139999987, 10.34724649 ] ] ], [ [ [ -85.866946129999988, 10.34743631 ], [ -85.86697722, 10.34744526 ], [ -85.866946129999988, 10.34743631 ], [ -85.86691972, 10.34743023 ], [ -85.866946129999988, 10.34743631 ] ] ], [ [ [ -85.86713701, 10.34737926 ], [ -85.867111760000014, 10.34738474 ], [ -85.867111760000014, 10.34738474 ], [ -85.86713701, 10.34737926 ] ] ], [ [ [ -85.86775074000002, 10.3470604 ], [ -85.86775074000002, 10.3470604 ], [ -85.86772558, 10.34706588 ], [ -85.86775074000002, 10.3470604 ] ] ], [ [ [ -85.867758559999984, 10.34707183 ], [ -85.86778152, 10.34707992 ], [ -85.86775855999997, 10.34707183 ], [ -85.86775465, 10.34706611500005 ], [ -85.867758559999984, 10.34707183 ] ] ], [ [ [ -85.868085539999981, 10.34748103 ], [ -85.868084069999981, 10.34751014 ], [ -85.868085539999967, 10.34748103 ], [ -85.86808213, 10.34745954 ], [ -85.868085539999981, 10.34748103 ] ] ], [ [ [ -85.868235839999983, 10.34775453 ], [ -85.86823623, 10.34777405 ], [ -85.868235839999969, 10.34775453 ], [ -85.86824756, 10.3477297 ], [ -85.868235839999983, 10.34775453 ] ] ], [ [ [ -85.868239069999987, 10.3478231 ], [ -85.86822934, 10.34784485 ], [ -85.868239069999973, 10.3478231 ], [ -85.86824167, 10.34779896 ], [ -85.868239069999987, 10.3478231 ] ] ], [ [ [ -85.868214169999987, 10.34787168 ], [ -85.86820444, 10.34789343 ], [ -85.868214169999973, 10.34787168 ], [ -85.86822934, 10.34784485 ], [ -85.868214169999987, 10.34787168 ] ] ], [ [ [ -85.868272099999984, 10.34788265 ], [ -85.868292499999981, 10.34789129 ], [ -85.868272099999984, 10.34788265 ], [ -85.868272099999984, 10.34788265 ] ] ], [ [ [ -85.868334299999987, 10.3480445 ], [ -85.868349689999988, 10.34805417 ], [ -85.868334299999972, 10.3480445 ], [ -85.86832064, 10.34801864 ], [ -85.868334299999987, 10.3480445 ] ] ], [ [ [ -85.868370519999985, 10.34808893 ], [ -85.86836278, 10.3481076 ], [ -85.868370519999971, 10.34808893 ], [ -85.86836767, 10.34806988 ], [ -85.868370519999985, 10.34808893 ] ] ], [ [ [ -85.868422859999981, 10.3484033 ], [ -85.86841313, 10.34842505 ], [ -85.868422859999967, 10.3484033 ], [ -85.868421, 10.3483828 ], [ -85.868422859999981, 10.3484033 ] ] ], [ [ [ -85.868545669999989, 10.3484748 ], [ -85.86852722, 10.34848665 ], [ -85.868545669999975, 10.3484748 ], [ -85.86854896, 10.34845969 ], [ -85.868545669999989, 10.3484748 ] ] ], [ [ [ -85.868519729999988, 10.34857851 ], [ -85.86850741, 10.34859422 ], [ -85.868519729999974, 10.34857851 ], [ -85.8685183, 10.34855394 ], [ -85.868519729999988, 10.34857851 ] ] ], [ [ [ -85.868420379999989, 10.3486785 ], [ -85.868406539999981, 10.34869982 ], [ -85.86840693, 10.34871933 ], [ -85.868406539999967, 10.34869982 ], [ -85.868420379999975, 10.3486785 ], [ -85.86843611, 10.34865419 ], [ -85.868420379999989, 10.3486785 ] ] ], [ [ [ -85.868684210000012, 10.34876653 ], [ -85.868684210000012, 10.34876653 ], [ -85.86866009, 10.34877697 ], [ -85.868684210000012, 10.34876653 ] ] ], [ [ [ -85.868756659999988, 10.34885548 ], [ -85.86877391, 10.34885565 ], [ -85.868756659999974, 10.34885548 ], [ -85.8687331, 10.34883836 ], [ -85.868756659999988, 10.34885548 ] ] ], [ [ [ -85.869018359999984, 10.34865876 ], [ -85.86902761, 10.34866458 ], [ -85.86901835999997, 10.34865876 ], [ -85.869018359999984, 10.34865876 ] ] ], [ [ [ -85.869144979999987, 10.3486339 ], [ -85.86915231, 10.348646055000234 ], [ -85.869144979999973, 10.3486339 ], [ -85.86913132, 10.34860813 ], [ -85.869144979999987, 10.3486339 ] ] ], [ [ [ -85.869166599999986, 10.3487077 ], [ -85.869173859999989, 10.3487166 ], [ -85.869166599999971, 10.3487077 ], [ -85.86917019, 10.3486821 ], [ -85.869166599999986, 10.3487077 ] ] ], [ [ [ -85.869213229999986, 10.34887678 ], [ -85.869227759999987, 10.34889459 ], [ -85.86925515999998, 10.34892922 ], [ -85.86927639, 10.34895341 ], [ -85.86925515999998, 10.34892922 ], [ -85.869227759999973, 10.34889459 ], [ -85.869213229999971, 10.34887678 ], [ -85.86919499, 10.34884806 ], [ -85.869213229999986, 10.34887678 ] ] ], [ [ [ -85.86946949999998, 10.34907375 ], [ -85.86950119, 10.34909173 ], [ -85.869469499999965, 10.34907375 ], [ -85.86944373, 10.34905311 ], [ -85.86946949999998, 10.34907375 ] ] ], [ [ [ -85.869578569999987, 10.34908929 ], [ -85.86961064999997, 10.3490967 ], [ -85.86961064999997, 10.3490967 ], [ -85.869578569999973, 10.34908929 ], [ -85.869578569999987, 10.34908929 ] ] ], [ [ [ -85.870645919999987, 10.34832425 ], [ -85.870628059999987, 10.34834504 ], [ -85.870645919999973, 10.34832425 ], [ -85.87066633, 10.3483028 ], [ -85.870645919999987, 10.34832425 ] ] ], [ [ [ -85.870770899999982, 10.34837557 ], [ -85.870770899999968, 10.34837557 ], [ -85.87075819, 10.34837185 ], [ -85.870770899999982, 10.34837557 ] ] ], [ [ [ -85.870903789999986, 10.34839125 ], [ -85.87092774, 10.34839789 ], [ -85.870903789999971, 10.34839125 ], [ -85.870903789999986, 10.34839125 ] ] ], [ [ [ -85.870950349999987, 10.34847014 ], [ -85.87096833, 10.34848585 ], [ -85.870950349999973, 10.34847014 ], [ -85.870941699999989, 10.34844317 ], [ -85.870950349999987, 10.34847014 ] ] ], [ [ [ -85.871021719999987, 10.34850046 ], [ -85.8710231, 10.34851843 ], [ -85.871021719999987, 10.34850046 ], [ -85.87101087, 10.34848705 ], [ -85.871021719999987, 10.34850046 ] ] ], [ [ [ -85.871035209999988, 10.3485433 ], [ -85.87105687, 10.34856342 ], [ -85.871035209999974, 10.3485433 ], [ -85.8710231, 10.34851843 ], [ -85.871035209999988, 10.3485433 ] ] ], [ [ [ -85.87119835999998, 10.34865966 ], [ -85.87122079, 10.34867182 ], [ -85.871198359999966, 10.34865966 ], [ -85.87117514, 10.34863855 ], [ -85.87119835999998, 10.34865966 ] ] ], [ [ [ -85.871239849999981, 10.34871608 ], [ -85.871234709999982, 10.34874069 ], [ -85.87123911, 10.34876064 ], [ -85.871234709999982, 10.34874069 ], [ -85.871239849999967, 10.34871608 ], [ -85.8712399, 10.34869249 ], [ -85.871239849999981, 10.34871608 ] ] ], [ [ [ -85.871464399999979, 10.34870402 ], [ -85.871467379999984, 10.34872949 ], [ -85.871464399999965, 10.34870402 ], [ -85.871456439999989, 10.34868608 ], [ -85.871464399999979, 10.34870402 ] ] ], [ [ [ -85.871462889999989, 10.34875662 ], [ -85.871457309999982, 10.3487853 ], [ -85.871447709999984, 10.34881356 ], [ -85.871457309999982, 10.3487853 ], [ -85.871462889999975, 10.34875662 ], [ -85.871467379999984, 10.34872949 ], [ -85.871462889999989, 10.34875662 ] ] ], [ [ [ -85.871336339999985, 10.34887168 ], [ -85.87133231, 10.34890134 ], [ -85.871336339999971, 10.34887168 ], [ -85.8713433, 10.34886107 ], [ -85.871336339999985, 10.34887168 ] ] ], [ [ [ -85.871338579999986, 10.34891179 ], [ -85.87136011, 10.3489254 ], [ -85.871338579999971, 10.34891179 ], [ -85.87133231, 10.34890134 ], [ -85.871338579999986, 10.34891179 ] ] ], [ [ [ -85.87140445999998, 10.34897078 ], [ -85.871402859999989, 10.34899329 ], [ -85.87140969, 10.34900627 ], [ -85.871402859999975, 10.34899329 ], [ -85.871404459999965, 10.34897078 ], [ -85.87141562, 10.34894352 ], [ -85.87140445999998, 10.34897078 ] ] ], [ [ [ -85.87150588999998, 10.34900499 ], [ -85.871523609999983, 10.34900768 ], [ -85.871533989999989, 10.34901856 ], [ -85.871523609999969, 10.34900768 ], [ -85.87150588999998, 10.34900499 ], [ -85.87150588999998, 10.34900499 ] ] ], [ [ [ -85.871732789999982, 10.34931418 ], [ -85.871760759999987, 10.34932125 ], [ -85.871760759999987, 10.34932125 ], [ -85.871732789999967, 10.34931418 ], [ -85.87172052, 10.34930639 ], [ -85.871732789999982, 10.34931418 ] ] ], [ [ [ -85.872355819999981, 10.34894763 ], [ -85.8723681, 10.34895542 ], [ -85.872355819999967, 10.34894763 ], [ -85.872332, 10.3489475 ], [ -85.872355819999981, 10.34894763 ] ] ], [ [ [ -85.872386299999988, 10.34900773 ], [ -85.87240368, 10.34901441 ], [ -85.872386299999974, 10.34900773 ], [ -85.8723812, 10.34897875 ], [ -85.872386299999988, 10.34900773 ] ] ], [ [ [ -85.87255804, 10.34926483 ], [ -85.872587699999968, 10.34924921 ], [ -85.872587699999983, 10.34924921 ], [ -85.87255804, 10.34926483 ] ] ], [ [ [ -85.872396399999985, 10.3494176 ], [ -85.87238407, 10.34946339 ], [ -85.872396399999971, 10.3494176 ], [ -85.87241031, 10.3493792 ], [ -85.872396399999985, 10.3494176 ] ] ], [ [ [ -85.87238370999998, 10.34969502 ], [ -85.87238769, 10.34971903 ], [ -85.872383709999966, 10.34969502 ], [ -85.87237589, 10.34965358 ], [ -85.87238370999998, 10.34969502 ] ] ], [ [ [ -85.87249242999998, 10.349882 ], [ -85.87250622, 10.34991436 ], [ -85.872492429999966, 10.349882 ], [ -85.87246904, 10.34984788 ], [ -85.87249242999998, 10.349882 ] ] ], [ [ [ -85.872549399999983, 10.34997827 ], [ -85.87257677, 10.35000631 ], [ -85.872549399999969, 10.34997827 ], [ -85.87252403, 10.34994715 ], [ -85.872549399999983, 10.34997827 ] ] ], [ [ [ -85.872566299999988, 10.35021007 ], [ -85.872564699999984, 10.35023258 ], [ -85.872566299999974, 10.35021007 ], [ -85.872570059999987, 10.35016739 ], [ -85.872566299999988, 10.35021007 ] ] ], [ [ [ -85.872565949999981, 10.35027423 ], [ -85.87256647, 10.35030026 ], [ -85.872565949999967, 10.35027423 ], [ -85.872564699999984, 10.35023258 ], [ -85.872565949999981, 10.35027423 ] ] ], [ [ [ -85.872568449999989, 10.35032727 ], [ -85.87257368, 10.35036275 ], [ -85.872568449999974, 10.35032727 ], [ -85.87256647, 10.35030026 ], [ -85.872568449999989, 10.35032727 ] ] ], [ [ [ -85.872726809999989, 10.35037406 ], [ -85.87274479, 10.35038977 ], [ -85.872726809999989, 10.35037406 ], [ -85.87270031, 10.35036798 ], [ -85.872726809999989, 10.35037406 ] ] ], [ [ [ -85.872770339999988, 10.3504039 ], [ -85.872800430000012, 10.3504143 ], [ -85.872770339999974, 10.3504039 ], [ -85.87274479, 10.35038977 ], [ -85.872770339999988, 10.3504039 ] ] ], [ [ [ -85.872803279999985, 10.35043335 ], [ -85.87279753, 10.35044902 ], [ -85.872803279999971, 10.35043335 ], [ -85.872800430000012, 10.3504143 ], [ -85.872803279999985, 10.35043335 ] ] ], [ [ [ -85.872754679999986, 10.35062567 ], [ -85.87275965, 10.35064815 ], [ -85.872754679999971, 10.35062567 ], [ -85.87275044, 10.35058864 ], [ -85.872754679999986, 10.35062567 ] ] ], [ [ [ -85.872924489999988, 10.35066472 ], [ -85.87294347, 10.35067898 ], [ -85.872924489999974, 10.35066472 ], [ -85.872924489999988, 10.35066472 ] ] ], [ [ [ -85.872930759999988, 10.35081253 ], [ -85.87290162, 10.35082409 ], [ -85.872930759999974, 10.35081253 ], [ -85.87295544, 10.35080452 ], [ -85.872930759999988, 10.35081253 ] ] ], [ [ [ -85.87288574999998, 10.35084189 ], [ -85.8728889, 10.35085037 ], [ -85.872885749999966, 10.35084189 ], [ -85.87290162, 10.35082409 ], [ -85.87288574999998, 10.35084189 ] ] ], [ [ [ -85.87300476999998, 10.35087238 ], [ -85.87302707, 10.35087794 ], [ -85.873004769999966, 10.35087238 ], [ -85.87296309, 10.35086304 ], [ -85.87300476999998, 10.35087238 ] ] ], [ [ [ -85.873059149999989, 10.35088544 ], [ -85.8730911, 10.35088633 ], [ -85.873059149999989, 10.35088544 ], [ -85.87302707, 10.35087794 ], [ -85.873059149999989, 10.35088544 ] ] ], [ [ [ -85.873420109999984, 10.35132905 ], [ -85.87340905, 10.35135631 ], [ -85.873420109999969, 10.35132905 ], [ -85.87344796, 10.35129942 ], [ -85.873420109999984, 10.35132905 ] ] ], [ [ [ -85.873386129999986, 10.3514319 ], [ -85.87340524, 10.35145258 ], [ -85.873386129999972, 10.3514319 ], [ -85.873384619999982, 10.35140733 ], [ -85.873386129999986, 10.3514319 ] ] ], [ [ [ -85.87359696999998, 10.35141757 ], [ -85.87360238, 10.35143607 ], [ -85.873596969999966, 10.35141757 ], [ -85.873578599999988, 10.35141244 ], [ -85.87359696999998, 10.35141757 ] ] ], [ [ [ -85.87352122999998, 10.35151119 ], [ -85.87349836, 10.35153319 ], [ -85.87352122999998, 10.35151119 ], [ -85.873549669999989, 10.3514906 ], [ -85.87352122999998, 10.35151119 ] ] ], [ [ [ -85.873487629999985, 10.35155639 ], [ -85.8734885, 10.35157843 ], [ -85.873487629999971, 10.35155639 ], [ -85.87349836, 10.35153319 ], [ -85.873487629999985, 10.35155639 ] ] ], [ [ [ -85.873783549999985, 10.35157464 ], [ -85.873790639999982, 10.35160053 ], [ -85.873805169999983, 10.35161834 ], [ -85.873824019999986, 10.351626 ], [ -85.873824019999972, 10.351626 ], [ -85.873805169999969, 10.35161834 ], [ -85.873790639999967, 10.35160053 ], [ -85.87378354999997, 10.35157464 ], [ -85.87378312, 10.35154861 ], [ -85.873783549999985, 10.35157464 ] ] ], [ [ [ -85.873899159999979, 10.35155354 ], [ -85.87392069, 10.35156715 ], [ -85.873899159999965, 10.35155354 ], [ -85.873882640000019, 10.35153873 ], [ -85.873899159999979, 10.35155354 ] ] ], [ [ [ -85.874072559999988, 10.35145963 ], [ -85.874069969999979, 10.35148377 ], [ -85.87407862, 10.35151065 ], [ -85.874069969999965, 10.35148377 ], [ -85.874072559999973, 10.35145963 ], [ -85.87407183, 10.35144409 ], [ -85.874072559999988, 10.35145963 ] ] ], [ [ [ -85.874088599999979, 10.35156211 ], [ -85.87407913, 10.35159687 ], [ -85.874088599999965, 10.35156211 ], [ -85.87408873, 10.35153852 ], [ -85.874088599999979, 10.35156211 ] ] ], [ [ [ -85.873903429999984, 10.35173435 ], [ -85.87387896, 10.35174886 ], [ -85.873903429999984, 10.35173435 ], [ -85.87392198, 10.35172249 ], [ -85.873903429999984, 10.35173435 ] ] ], [ [ [ -85.873729589999982, 10.35180214 ], [ -85.873729589999968, 10.35180214 ], [ -85.87376387, 10.35179607 ], [ -85.873729589999982, 10.35180214 ] ] ], [ [ [ -85.873142619999982, 10.35212303 ], [ -85.87313505, 10.35215471 ], [ -85.873142619999967, 10.35212303 ], [ -85.87315079, 10.3521003 ], [ -85.873142619999982, 10.35212303 ] ] ], [ [ [ -85.873208099999985, 10.35229978 ], [ -85.87320732, 10.35233792 ], [ -85.873208099999971, 10.35229978 ], [ -85.8732107, 10.35227573 ], [ -85.873208099999985, 10.35229978 ] ] ], [ [ [ -85.873207189999988, 10.35236142 ], [ -85.87320909, 10.35240551 ], [ -85.873207189999974, 10.35236142 ], [ -85.87320732, 10.35233792 ], [ -85.873207189999988, 10.35236142 ] ] ], [ [ [ -85.873325939999987, 10.3527308 ], [ -85.87334677, 10.35276547 ], [ -85.873325939999972, 10.3527308 ], [ -85.87330557, 10.35269856 ], [ -85.873325939999987, 10.3527308 ] ] ], [ [ [ -85.873428950000019, 10.35280259 ], [ -85.87343924, 10.35278337 ], [ -85.873428950000019, 10.35280259 ], [ -85.873411399999981, 10.3528129 ], [ -85.873428950000019, 10.35280259 ] ] ], [ [ [ -85.873489359999979, 10.35261553 ], [ -85.87351378, 10.3526246 ], [ -85.873489359999965, 10.35261553 ], [ -85.87347656, 10.35261172 ], [ -85.873489359999979, 10.35261553 ] ] ], [ [ [ -85.87373780999998, 10.35255642 ], [ -85.873769329999988, 10.35256139 ], [ -85.873796309999989, 10.35256991 ], [ -85.87381585, 10.35258661 ], [ -85.873796309999975, 10.35256991 ], [ -85.873769329999973, 10.35256139 ], [ -85.873737809999966, 10.35255642 ], [ -85.87373780999998, 10.35255642 ] ] ], [ [ [ -85.873700879999987, 10.35280769 ], [ -85.873679569999979, 10.35283068 ], [ -85.87366158, 10.35284506 ], [ -85.873679569999979, 10.35283068 ], [ -85.873700879999973, 10.35280769 ], [ -85.87372674, 10.35278124 ], [ -85.873700879999987, 10.35280769 ] ] ], [ [ [ -85.873497689999979, 10.35288054 ], [ -85.87349505, 10.35289818 ], [ -85.873497689999965, 10.35288054 ], [ -85.87352168, 10.35286359 ], [ -85.873497689999979, 10.35288054 ] ] ], [ [ [ -85.87361307, 10.35296021 ], [ -85.873598500000014, 10.35296598 ], [ -85.873598500000014, 10.35296598 ], [ -85.87361307, 10.35296021 ] ] ], [ [ [ -85.873699619999982, 10.35314813 ], [ -85.873663210000018, 10.35315078 ], [ -85.873699619999968, 10.35314813 ], [ -85.87372607, 10.35313062 ], [ -85.873699619999982, 10.35314813 ] ] ], [ [ [ -85.873592139999985, 10.35317008 ], [ -85.873564249999987, 10.3531932 ], [ -85.87355446, 10.353211645000542 ], [ -85.873564249999973, 10.3531932 ], [ -85.873592139999971, 10.35317008 ], [ -85.87362582, 10.35315497 ], [ -85.873592139999985, 10.35317008 ] ] ], [ [ [ -85.873444009999986, 10.35353966 ], [ -85.873433279999986, 10.35356294 ], [ -85.873444009999972, 10.35353966 ], [ -85.87345529, 10.3535189 ], [ -85.873444009999986, 10.35353966 ] ] ], [ [ [ -85.873346989999987, 10.35373994 ], [ -85.87331957, 10.35376549 ], [ -85.873346989999973, 10.35373994 ], [ -85.87337072, 10.35370989 ], [ -85.873346989999987, 10.35373994 ] ] ], [ [ [ -85.873378709999983, 10.3538717 ], [ -85.87341338, 10.35388514 ], [ -85.873378709999969, 10.3538717 ], [ -85.87333617, 10.3538705 ], [ -85.873378709999983, 10.3538717 ] ] ], [ [ [ -85.873585579999983, 10.35394062 ], [ -85.873585579999983, 10.35394062 ], [ -85.873571309999988, 10.35393592 ], [ -85.873585579999983, 10.35394062 ] ] ], [ [ [ -85.873962779999985, 10.35389026 ], [ -85.87395275, 10.35392249 ], [ -85.873962779999971, 10.35389026 ], [ -85.87397679, 10.35385195 ], [ -85.873962779999985, 10.35389026 ] ] ], [ [ [ -85.874247159999982, 10.35396334 ], [ -85.87427258, 10.35397087 ], [ -85.874247159999967, 10.35396334 ], [ -85.87421564, 10.35395837 ], [ -85.874247159999982, 10.35396334 ] ] ], [ [ [ -85.874291549999981, 10.35398513 ], [ -85.87431723, 10.35400568 ], [ -85.874291549999967, 10.35398513 ], [ -85.87427258, 10.35397087 ], [ -85.874291549999981, 10.35398513 ] ] ], [ [ [ -85.874295049999986, 10.35406672 ], [ -85.87428671, 10.35407643 ], [ -85.874295049999972, 10.35406672 ], [ -85.87431429, 10.35406389 ], [ -85.874295049999986, 10.35406672 ] ] ], [ [ [ -85.874256659999986, 10.35414963 ], [ -85.87423954, 10.35415596 ], [ -85.874256659999986, 10.35414963 ], [ -85.874261525, 10.354138755000189 ], [ -85.874256659999986, 10.35414963 ] ] ], [ [ [ -85.873986499999987, 10.35413494 ], [ -85.873956239999984, 10.35414153 ], [ -85.873986499999972, 10.35413494 ], [ -85.87401404000002, 10.35411589 ], [ -85.873986499999987, 10.35413494 ] ] ], [ [ [ -85.873838639999988, 10.35424289 ], [ -85.873872619999972, 10.3542473 ], [ -85.873872619999972, 10.3542473 ], [ -85.873838639999974, 10.35424289 ], [ -85.87381054, 10.35422931 ], [ -85.873838639999988, 10.35424289 ] ] ], [ [ [ -85.873901329999981, 10.35423972 ], [ -85.87393298, 10.35425119 ], [ -85.873901329999967, 10.35423972 ], [ -85.873901329999981, 10.35423972 ] ] ], [ [ [ -85.873943859999983, 10.35437837 ], [ -85.8739197, 10.35438231 ], [ -85.873943859999969, 10.35437837 ], [ -85.87396427, 10.35435693 ], [ -85.873943859999983, 10.35437837 ] ] ], [ [ [ -85.87375532999998, 10.35430808 ], [ -85.873738509999981, 10.35433393 ], [ -85.873755329999966, 10.35430808 ], [ -85.87376865, 10.35429074 ], [ -85.87375532999998, 10.35430808 ] ] ], [ [ [ -85.873719179999981, 10.35438384 ], [ -85.87372601, 10.35439681 ], [ -85.873719179999966, 10.35438384 ], [ -85.87372178, 10.35435978 ], [ -85.873719179999981, 10.35438384 ] ] ], [ [ [ -85.873824529999979, 10.3546331 ], [ -85.873846319999984, 10.35465981 ], [ -85.873824529999965, 10.3546331 ], [ -85.87379773, 10.3546075 ], [ -85.873824529999979, 10.3546331 ] ] ], [ [ [ -85.873894399999983, 10.35468601 ], [ -85.87391223, 10.354691960000055 ], [ -85.873894399999969, 10.35468601 ], [ -85.87387356, 10.35468134 ], [ -85.873894399999983, 10.35468601 ] ] ], [ [ [ -85.874134589999983, 10.35486418 ], [ -85.874153299999975, 10.35486534 ], [ -85.874134589999969, 10.35486418 ], [ -85.87410748, 10.35484907 ], [ -85.874134589999983, 10.35486418 ] ] ], [ [ [ -85.874409729999982, 10.35465671 ], [ -85.87437358, 10.35467238 ], [ -85.874409729999968, 10.35465671 ], [ -85.874437180000015, 10.35463767 ], [ -85.874409729999982, 10.35465671 ] ] ], [ [ [ -85.874236569999979, 10.35479364 ], [ -85.87424781, 10.35482647 ], [ -85.874236569999979, 10.35479364 ], [ -85.87424336, 10.35475293 ], [ -85.874236569999979, 10.35479364 ] ] ], [ [ [ -85.874277549999988, 10.35493122 ], [ -85.874267819999986, 10.35495296 ], [ -85.874277549999988, 10.35493122 ], [ -85.87429856, 10.3549188 ], [ -85.874277549999988, 10.35493122 ] ] ], [ [ [ -85.874308629999987, 10.35510762 ], [ -85.87431161, 10.35513318 ], [ -85.874308629999973, 10.35510762 ], [ -85.87430007, 10.35508074 ], [ -85.874308629999987, 10.35510762 ] ] ], [ [ [ -85.874322849999984, 10.35516601 ], [ -85.87432284999997, 10.35516601 ], [ -85.87431057, 10.35515822 ], [ -85.874322849999984, 10.35516601 ] ] ], [ [ [ -85.874644979999985, 10.35492609 ], [ -85.87465683, 10.35493795 ], [ -85.874644979999971, 10.35492609 ], [ -85.874644979999985, 10.35492609 ] ] ], [ [ [ -85.874514239999982, 10.3550578 ], [ -85.87448679, 10.35507685 ], [ -85.874514239999982, 10.3550578 ], [ -85.874545199999986, 10.35503015 ], [ -85.874514239999982, 10.3550578 ] ] ], [ [ [ -85.874617819999983, 10.3552093 ], [ -85.874617819999969, 10.3552093 ], [ -85.87459128, 10.3551968 ], [ -85.874617819999983, 10.3552093 ] ] ], [ [ [ -85.874738099999988, 10.35525125 ], [ -85.87473852, 10.35527736 ], [ -85.874738099999988, 10.35525125 ], [ -85.874740689999982, 10.3552272 ], [ -85.874738099999988, 10.35525125 ] ] ], [ [ [ -85.874730349999979, 10.3553301 ], [ -85.8747396, 10.35533601 ], [ -85.874730349999965, 10.3553301 ], [ -85.87473493, 10.35530296 ], [ -85.874730349999979, 10.3553301 ] ] ], [ [ [ -85.87492195999998, 10.35525849 ], [ -85.87492718999998, 10.35529398 ], [ -85.87492853, 10.355312000000518 ], [ -85.874927189999966, 10.35529398 ], [ -85.874921959999966, 10.35525849 ], [ -85.87490899, 10.35524167 ], [ -85.87492195999998, 10.35525849 ] ] ], [ [ [ -85.874939549999979, 10.35536196 ], [ -85.8749581, 10.35538019 ], [ -85.874939549999965, 10.35536196 ], [ -85.87493471, 10.355345990000405 ], [ -85.874939549999979, 10.35536196 ] ] ], [ [ [ -85.87516137999998, 10.35533744 ], [ -85.87518762, 10.35536051 ], [ -85.875161379999966, 10.35533744 ], [ -85.875140149999979, 10.35531325 ], [ -85.87516137999998, 10.35533744 ] ] ], [ [ [ -85.875296959999972, 10.35525179 ], [ -85.875296959999972, 10.35525179 ], [ -85.875285239999982, 10.35524644 ], [ -85.875296959999972, 10.35525179 ] ] ], [ [ [ -85.875525739999986, 10.35527666 ], [ -85.87554139, 10.35529953 ], [ -85.875525739999986, 10.35527666 ], [ -85.87550408, 10.35525655 ], [ -85.875525739999986, 10.35527666 ] ] ], [ [ [ -85.875574499999985, 10.35534199 ], [ -85.87558315, 10.35536887 ], [ -85.875574499999971, 10.35534199 ], [ -85.87555739, 10.35531823 ], [ -85.875574499999985, 10.35534199 ] ] ], [ [ [ -85.875585949999987, 10.35557887 ], [ -85.87557878, 10.35560006 ], [ -85.875585949999973, 10.35557887 ], [ -85.875582539999982, 10.35555739 ], [ -85.875585949999987, 10.35557887 ] ] ], [ [ [ -85.87556601999998, 10.35564993 ], [ -85.8755543, 10.35567467 ], [ -85.875566019999965, 10.35564993 ], [ -85.87557263, 10.35562622 ], [ -85.87556601999998, 10.35564993 ] ] ], [ [ [ -85.875519629999985, 10.35579859 ], [ -85.87549961, 10.35580955 ], [ -85.875519629999971, 10.35579859 ], [ -85.87554163, 10.35578473 ], [ -85.875519629999985, 10.35579859 ] ] ], [ [ [ -85.875625289999988, 10.35586991 ], [ -85.87561102, 10.35589521 ], [ -85.875625289999974, 10.35586991 ], [ -85.87562978, 10.35584277 ], [ -85.875625289999988, 10.35586991 ] ] ], [ [ [ -85.875602409999985, 10.35592192 ], [ -85.87561426, 10.35593378 ], [ -85.875602409999971, 10.35592192 ], [ -85.87561102, 10.35589521 ], [ -85.875602409999985, 10.35592192 ] ] ], [ [ [ -85.87562493999998, 10.35596417 ], [ -85.87562018, 10.3559783 ], [ -85.875624939999966, 10.35596417 ], [ -85.87561426, 10.35593378 ], [ -85.87562493999998, 10.35596417 ] ] ], [ [ [ -85.875634529999985, 10.35607328 ], [ -85.87561166, 10.3560952 ], [ -85.875634529999971, 10.35607328 ], [ -85.87564227, 10.35605462 ], [ -85.875634529999985, 10.35607328 ] ] ], [ [ [ -85.875573349999982, 10.35613102 ], [ -85.87559834, 10.35614263 ], [ -85.875573349999968, 10.35613102 ], [ -85.87556553, 10.35611959 ], [ -85.875573349999982, 10.35613102 ] ] ], [ [ [ -85.875624449999989, 10.35615919 ], [ -85.87563029, 10.35617362 ], [ -85.875624449999975, 10.35615919 ], [ -85.87559834, 10.35614263 ], [ -85.875624449999989, 10.35615919 ] ] ], [ [ [ -85.875639799999988, 10.35622254 ], [ -85.875630069999985, 10.35624429 ], [ -85.875639799999973, 10.35622254 ], [ -85.87563781, 10.35619554 ], [ -85.875639799999988, 10.35622254 ] ] ], [ [ [ -85.875619909999983, 10.35627002 ], [ -85.875606289999979, 10.35629784 ], [ -85.875590729999985, 10.35630516 ], [ -85.875606289999965, 10.35629784 ], [ -85.875619909999969, 10.35627002 ], [ -85.875630069999985, 10.35624429 ], [ -85.875619909999983, 10.35627002 ] ] ], [ [ [ -85.875533099999984, 10.3563909 ], [ -85.87551455, 10.35640275 ], [ -85.87553309999997, 10.3563909 ], [ -85.87554416, 10.35636363 ], [ -85.875533099999984, 10.3563909 ] ] ], [ [ [ -85.87539504999998, 10.35642993 ], [ -85.87538031, 10.35645279 ], [ -85.875395049999966, 10.35642993 ], [ -85.87540404, 10.35642283 ], [ -85.87539504999998, 10.35642993 ] ] ], [ [ [ -85.875402269999981, 10.35659978 ], [ -85.87541839, 10.35662499 ], [ -85.875402269999967, 10.35659978 ], [ -85.87539362, 10.35657281 ], [ -85.875402269999981, 10.35659978 ] ] ], [ [ [ -85.875484359999987, 10.35674417 ], [ -85.87548903, 10.35677713 ], [ -85.875484359999987, 10.35674417 ], [ -85.87547727, 10.35671818 ], [ -85.875484359999987, 10.35674417 ] ] ], [ [ [ -85.875481459999989, 10.35680889 ], [ -85.875468839999982, 10.35683517 ], [ -85.87545556, 10.35685893 ], [ -85.875468839999968, 10.35683517 ], [ -85.875481459999975, 10.35680889 ], [ -85.87548903, 10.35677713 ], [ -85.875481459999989, 10.35680889 ] ] ], [ [ [ -85.875386079999984, 10.35696299 ], [ -85.875363079999985, 10.35697839 ], [ -85.87538607999997, 10.35696299 ], [ -85.87540148, 10.35694265 ], [ -85.875386079999984, 10.35696299 ] ] ], [ [ [ -85.875269139999986, 10.3569596 ], [ -85.8752429, 10.35696653 ], [ -85.875269139999972, 10.3569596 ], [ -85.87529361, 10.35694509 ], [ -85.875269139999986, 10.3569596 ] ] ], [ [ [ -85.87515687, 10.356912 ], [ -85.87517687999997, 10.35690104 ], [ -85.875176879999984, 10.35690104 ], [ -85.87515687, 10.356912 ] ] ], [ [ [ -85.875137409999979, 10.3569554 ], [ -85.87512254, 10.35697175 ], [ -85.875137409999965, 10.3569554 ], [ -85.87514303, 10.35693323 ], [ -85.875137409999979, 10.3569554 ] ] ], [ [ [ -85.87491006, 10.35678755 ], [ -85.874935779999973, 10.3567846 ], [ -85.874935779999973, 10.3567846 ], [ -85.87491006, 10.35678755 ] ] ], [ [ [ -85.874602449999983, 10.35704527 ], [ -85.874602449999983, 10.35704527 ], [ -85.874631149999985, 10.3570377 ], [ -85.874602449999983, 10.35704527 ] ] ], [ [ [ -85.874059179999989, 10.3570741 ], [ -85.874049449999987, 10.35709576 ], [ -85.874059179999975, 10.3570741 ], [ -85.87407492, 10.3570497 ], [ -85.874059179999989, 10.3570741 ] ] ], [ [ [ -85.874034789999982, 10.35731608 ], [ -85.874021769999985, 10.35735294 ], [ -85.874010309999989, 10.35739078 ], [ -85.87399929, 10.35742455 ], [ -85.874010309999974, 10.35739078 ], [ -85.87402176999997, 10.35735294 ], [ -85.874034789999968, 10.35731608 ], [ -85.87404369, 10.35727888 ], [ -85.874034789999982, 10.35731608 ] ] ], [ [ [ -85.874109839999988, 10.35745816 ], [ -85.87413971, 10.35746214 ], [ -85.874109839999988, 10.35745816 ], [ -85.874109839999988, 10.35745816 ] ] ], [ [ [ -85.874233869999983, 10.35748753 ], [ -85.87425683, 10.35749562 ], [ -85.874233869999969, 10.35748753 ], [ -85.874233869999983, 10.35748753 ] ] ], [ [ [ -85.874366289999983, 10.35753068 ], [ -85.87438527, 10.35754494 ], [ -85.874366289999969, 10.35753068 ], [ -85.87433477, 10.3575258 ], [ -85.874366289999983, 10.35753068 ] ] ], [ [ [ -85.874220509999986, 10.35755837 ], [ -85.874191669999988, 10.35755944 ], [ -85.874220509999986, 10.35755837 ], [ -85.874254359999966, 10.35755627 ], [ -85.874220509999986, 10.35755837 ] ] ], [ [ [ -85.874153969999981, 10.35757412 ], [ -85.87417697, 10.3575888 ], [ -85.874153969999966, 10.35757412 ], [ -85.8741487, 10.35756222 ], [ -85.874153969999981, 10.35757412 ] ] ], [ [ [ -85.874259719999984, 10.35759826 ], [ -85.87428358, 10.3576049 ], [ -85.874259719999969, 10.35759826 ], [ -85.87422063, 10.35759497 ], [ -85.874259719999984, 10.35759826 ] ] ], [ [ [ -85.874288939999985, 10.35764689 ], [ -85.87427078, 10.35767827 ], [ -85.874288939999971, 10.35764689 ], [ -85.87429409, 10.35762228 ], [ -85.874288939999985, 10.35764689 ] ] ], [ [ [ -85.874239779999982, 10.35769941 ], [ -85.874213069999982, 10.35770391 ], [ -85.8741911, 10.35772437 ], [ -85.874213069999968, 10.35770391 ], [ -85.874239779999982, 10.35769941 ], [ -85.87427078, 10.35767827 ], [ -85.874239779999982, 10.35769941 ] ] ], [ [ [ -85.874188589999989, 10.35777852 ], [ -85.87419715, 10.35780549 ], [ -85.874188589999974, 10.35777852 ], [ -85.87418392, 10.35774556 ], [ -85.874188589999989, 10.35777852 ] ] ], [ [ [ -85.874183229999986, 10.35784379 ], [ -85.874167359999987, 10.3578616 ], [ -85.874183229999971, 10.35784379 ], [ -85.87419715, 10.35780549 ], [ -85.874183229999986, 10.35784379 ] ] ], [ [ [ -85.873806369999983, 10.35789018 ], [ -85.87377437, 10.35791278 ], [ -85.873806369999969, 10.35789018 ], [ -85.873814365, 10.357884530000053 ], [ -85.873806369999983, 10.35789018 ] ] ], [ [ [ -85.873730789999982, 10.35796671 ], [ -85.873718599999989, 10.35798902 ], [ -85.87370632, 10.35801132 ], [ -85.873718599999989, 10.35798902 ], [ -85.873730789999968, 10.35796671 ], [ -85.87374463, 10.3579454 ], [ -85.873730789999982, 10.35796671 ] ] ], [ [ [ -85.873675579999983, 10.35807548 ], [ -85.873662689999989, 10.35811884 ], [ -85.87365837, 10.35815899 ], [ -85.873662689999975, 10.35811884 ], [ -85.873675579999983, 10.35807548 ], [ -85.87369314, 10.35803507 ], [ -85.873675579999983, 10.35807548 ] ] ], [ [ [ -85.873658019999979, 10.35819307 ], [ -85.87366671, 10.35822654 ], [ -85.873658019999965, 10.35819307 ], [ -85.87365837, 10.35815899 ], [ -85.873658019999979, 10.35819307 ] ] ], [ [ [ -85.873867259999983, 10.35836879 ], [ -85.873863199999988, 10.35839195 ], [ -85.873867259999983, 10.35836879 ], [ -85.87387639, 10.35833801 ], [ -85.873867259999983, 10.35836879 ] ] ], [ [ [ -85.873578030000019, 10.35838702 ], [ -85.87356805, 10.35836566 ], [ -85.873578030000019, 10.35838702 ], [ -85.87359412, 10.35840581 ], [ -85.873578030000019, 10.35838702 ] ] ], [ [ [ -85.873523469999981, 10.35842113 ], [ -85.87350332, 10.3584255 ], [ -85.873523469999967, 10.35842113 ], [ -85.87353675, 10.35839729 ], [ -85.873523469999981, 10.35842113 ] ] ], [ [ [ -85.873416209999988, 10.35847968 ], [ -85.87339692, 10.35850609 ], [ -85.873416209999974, 10.35847968 ], [ -85.87343393, 10.35845229 ], [ -85.873416209999988, 10.35847968 ] ] ], [ [ [ -85.873343619999986, 10.35855168 ], [ -85.873335700000013, 10.35858742 ], [ -85.873343619999972, 10.35855168 ], [ -85.87335092, 10.358537 ], [ -85.873343619999986, 10.35855168 ] ] ], [ [ [ -85.873326099999986, 10.35864568 ], [ -85.87333838, 10.35865347 ], [ -85.873326099999971, 10.35864568 ], [ -85.87332624, 10.35862218 ], [ -85.873326099999986, 10.35864568 ] ] ], [ [ [ -85.873491639999983, 10.35867128 ], [ -85.87350106, 10.35869021 ], [ -85.873491639999969, 10.35867128 ], [ -85.87346012, 10.35866632 ], [ -85.873491639999983, 10.35867128 ] ] ], [ [ [ -85.873421169999986, 10.3587768 ], [ -85.87341844, 10.35879443 ], [ -85.873421169999972, 10.3587768 ], [ -85.87344158, 10.35875544 ], [ -85.873421169999986, 10.3587768 ] ] ], [ [ [ -85.873351859999985, 10.35886378 ], [ -85.873345809999989, 10.35888993 ], [ -85.873351859999971, 10.35886378 ], [ -85.87336682, 10.35884751 ], [ -85.873351859999985, 10.35886378 ] ] ], [ [ [ -85.873198459999983, 10.35894673 ], [ -85.87318999, 10.35898003 ], [ -85.873198459999969, 10.35894673 ], [ -85.87321688, 10.35892836 ], [ -85.873198459999983, 10.35894673 ] ] ], [ [ [ -85.873074679999988, 10.35920509 ], [ -85.873090799999986, 10.35923039 ], [ -85.873074679999974, 10.35920509 ], [ -85.87305803, 10.35918386 ], [ -85.873074679999988, 10.35920509 ] ] ], [ [ [ -85.873053699999986, 10.35936138 ], [ -85.873022579999983, 10.35937602 ], [ -85.87299698, 10.35938548 ], [ -85.873022579999983, 10.35937602 ], [ -85.873053699999971, 10.35936138 ], [ -85.87307714, 10.3593419 ], [ -85.873053699999986, 10.35936138 ] ] ], [ [ [ -85.872788770000014, 10.35935217 ], [ -85.87277663, 10.35935088 ], [ -85.872788770000014, 10.35935217 ], [ -85.872802739999983, 10.35936745 ], [ -85.872788770000014, 10.35935217 ] ] ], [ [ [ -85.872728759999987, 10.35942138 ], [ -85.87274441, 10.35944415 ], [ -85.872728759999973, 10.35942138 ], [ -85.87271121, 10.35940169 ], [ -85.872728759999987, 10.35942138 ] ] ], [ [ [ -85.872572639999987, 10.35952197 ], [ -85.87253136, 10.35953224 ], [ -85.872572639999973, 10.35952197 ], [ -85.87261415, 10.3595182 ], [ -85.872572639999987, 10.35952197 ] ] ], [ [ [ -85.87235262999998, 10.35953039 ], [ -85.87235262999998, 10.35956048 ], [ -85.87233546, 10.3595904 ], [ -85.872352629999966, 10.35956048 ], [ -85.872352629999966, 10.35953039 ], [ -85.87235293, 10.3595199 ], [ -85.87235262999998, 10.35953039 ] ] ], [ [ [ -85.872196860000017, 10.35945954 ], [ -85.87216889, 10.35945247 ], [ -85.872196860000017, 10.35945954 ], [ -85.872223969999979, 10.35947456 ], [ -85.872196860000017, 10.35945954 ] ] ], [ [ [ -85.872048729999989, 10.35979902 ], [ -85.872048729999975, 10.35979902 ], [ -85.87207632, 10.35978648 ], [ -85.872048729999989, 10.35979902 ] ] ], [ [ [ -85.871619859999981, 10.35977169 ], [ -85.871590719999986, 10.35978325 ], [ -85.871619859999967, 10.35977169 ], [ -85.871650819999985, 10.35974404 ], [ -85.871619859999981, 10.35977169 ] ] ], [ [ [ -85.871394529999989, 10.35971453 ], [ -85.87139764, 10.3597466 ], [ -85.871394529999975, 10.35971453 ], [ -85.87139536, 10.35969998 ], [ -85.871394529999989, 10.35971453 ] ] ], [ [ [ -85.871405849999988, 10.35980764 ], [ -85.8714065, 10.35984017 ], [ -85.871405849999974, 10.35980764 ], [ -85.871400279999989, 10.35977613 ], [ -85.871405849999988, 10.35980764 ] ] ], [ [ [ -85.871306159999989, 10.35986452 ], [ -85.871321719999969, 10.3598572 ], [ -85.871321719999983, 10.3598572 ], [ -85.871306159999989, 10.35986452 ] ] ], [ [ [ -85.871238450000021, 10.35989881 ], [ -85.87121735, 10.35988113 ], [ -85.871238450000021, 10.35989881 ], [ -85.87124273, 10.35991234 ], [ -85.871238450000021, 10.35989881 ] ] ], [ [ [ -85.870914929999984, 10.36019792 ], [ -85.870888809999983, 10.36021145 ], [ -85.870914929999969, 10.36019792 ], [ -85.87093939, 10.36018341 ], [ -85.870914929999984, 10.36019792 ] ] ], [ [ [ -85.870863559999989, 10.36021683 ], [ -85.870863559999989, 10.36021683 ], [ -85.870888809999983, 10.36021145 ], [ -85.870863559999989, 10.36021683 ] ] ], [ [ [ -85.870719329999986, 10.3602756 ], [ -85.87069503, 10.36030312 ], [ -85.870719329999972, 10.3602756 ], [ -85.87074462, 10.36024654 ], [ -85.870719329999986, 10.3602756 ] ] ], [ [ [ -85.87067150999998, 10.36036968 ], [ -85.87069719, 10.36039032 ], [ -85.870671509999966, 10.36036968 ], [ -85.87066057, 10.36035637 ], [ -85.87067150999998, 10.36036968 ] ] ], [ [ [ -85.87076159999998, 10.36050842 ], [ -85.87075075, 10.3605252 ], [ -85.870761599999966, 10.36050842 ], [ -85.87076407, 10.36047777 ], [ -85.87076159999998, 10.36050842 ] ] ], [ [ [ -85.870747109999982, 10.36071175 ], [ -85.870747109999968, 10.36071175 ], [ -85.87077668, 10.36069613 ], [ -85.870747109999982, 10.36071175 ] ] ], [ [ [ -85.870563849999982, 10.36068345 ], [ -85.870563849999968, 10.36068345 ], [ -85.87058386, 10.36067258 ], [ -85.870563849999982, 10.36068345 ] ] ], [ [ [ -85.870496399999979, 10.36076084 ], [ -85.87049882, 10.36078387 ], [ -85.870496399999965, 10.36076084 ], [ -85.870482169999988, 10.36073254 ], [ -85.870496399999979, 10.36076084 ] ] ], [ [ [ -85.870301089999984, 10.36117994 ], [ -85.87032465, 10.36119697 ], [ -85.87030108999997, 10.36117994 ], [ -85.87029339999998, 10.36117501 ], [ -85.870301089999984, 10.36117994 ] ] ], [ [ [ -85.870316349999982, 10.36132047 ], [ -85.87033204, 10.36134975 ], [ -85.870316349999968, 10.36132047 ], [ -85.87031328, 10.361295 ], [ -85.870316349999982, 10.36132047 ] ] ], [ [ [ -85.870000869999984, 10.36148307 ], [ -85.87000086999997, 10.36148307 ], [ -85.87002646, 10.36147352 ], [ -85.870000869999984, 10.36148307 ] ] ], [ [ [ -85.869835199999983, 10.36142087 ], [ -85.869803939999983, 10.36142891 ], [ -85.869835199999969, 10.36142087 ], [ -85.86986637, 10.36141282 ], [ -85.869835199999983, 10.36142087 ] ] ], [ [ [ -85.869762519999981, 10.36143268 ], [ -85.86975236, 10.3614584 ], [ -85.869762519999966, 10.36143268 ], [ -85.86977899, 10.3614239 ], [ -85.869762519999981, 10.36143268 ] ] ], [ [ [ -85.869534560000019, 10.36131598 ], [ -85.86952401, 10.36129209 ], [ -85.869534560000019, 10.36131598 ], [ -85.869536679999982, 10.36134958 ], [ -85.869534560000019, 10.36131598 ] ] ], [ [ [ -85.869344249999983, 10.36123819 ], [ -85.869375639999973, 10.36123665 ], [ -85.869375639999987, 10.36123665 ], [ -85.869344249999983, 10.36123819 ] ] ], [ [ [ -85.86919529, 10.36156222 ], [ -85.869215309999973, 10.36155135 ], [ -85.869215309999987, 10.36155135 ], [ -85.86919529, 10.36156222 ] ] ], [ [ [ -85.869055729999985, 10.36165395 ], [ -85.86903061, 10.36166593 ], [ -85.869055729999971, 10.36165395 ], [ -85.86907829999997, 10.36164252 ], [ -85.869078299999984, 10.36164252 ], [ -85.869055729999985, 10.36165395 ] ] ], [ [ [ -85.868935449999981, 10.36171926 ], [ -85.86894319, 10.3617306 ], [ -85.868935449999967, 10.36171926 ], [ -85.86893861, 10.36169764 ], [ -85.868935449999981, 10.36171926 ] ] ], [ [ [ -85.868946259999987, 10.36175616 ], [ -85.868938, 10.36177889 ], [ -85.868946259999973, 10.36175616 ], [ -85.86894319, 10.3617306 ], [ -85.868946259999987, 10.36175616 ] ] ], [ [ [ -85.868608509999987, 10.36181234 ], [ -85.868608509999973, 10.36181234 ], [ -85.86862662999998, 10.36180447 ], [ -85.868608509999987, 10.36181234 ] ] ], [ [ [ -85.8685304, 10.36169197 ], [ -85.868546529999975, 10.36168718 ], [ -85.868546529999975, 10.36168718 ], [ -85.8685304, 10.36169197 ] ] ], [ [ [ -85.868503939999982, 10.36173957 ], [ -85.86850748, 10.36176756 ], [ -85.868503939999968, 10.36173957 ], [ -85.86851665, 10.36171329 ], [ -85.868503939999982, 10.36173957 ] ] ], [ [ [ -85.868327919999984, 10.36188754 ], [ -85.86835002, 10.36190377 ], [ -85.86832791999997, 10.36188754 ], [ -85.86829883, 10.3618756 ], [ -85.868327919999984, 10.36188754 ] ] ], [ [ [ -85.868234019999989, 10.36198252 ], [ -85.868206909999984, 10.3619975 ], [ -85.868180749999979, 10.36200452 ], [ -85.86816177, 10.36202035 ], [ -85.868180749999965, 10.36200452 ], [ -85.868206909999969, 10.3619975 ], [ -85.868234019999974, 10.36198252 ], [ -85.86824547, 10.36197477 ], [ -85.868234019999989, 10.36198252 ] ] ], [ [ [ -85.868159479999989, 10.36203401 ], [ -85.868164709999988, 10.3620695 ], [ -85.86817236, 10.36209792 ], [ -85.868164709999974, 10.3620695 ], [ -85.868159479999974, 10.36203401 ], [ -85.86816177, 10.36202035 ], [ -85.868159479999989, 10.36203401 ] ] ], [ [ [ -85.868220309999984, 10.36211761 ], [ -85.86824801, 10.36214167 ], [ -85.86822030999997, 10.36211761 ], [ -85.868184639999981, 10.36210571 ], [ -85.868220309999984, 10.36211761 ] ] ], [ [ [ -85.868275329999989, 10.36222339 ], [ -85.86828355, 10.36225434 ], [ -85.868275329999975, 10.36222339 ], [ -85.8682679, 10.36220147 ], [ -85.868275329999989, 10.36222339 ] ] ], [ [ [ -85.868290549999983, 10.36228024 ], [ -85.86829362, 10.36230579 ], [ -85.868290549999969, 10.36228024 ], [ -85.86828355, 10.36225434 ], [ -85.868290549999983, 10.36228024 ] ] ], [ [ [ -85.868361189999987, 10.36240228 ], [ -85.868334079999983, 10.36241735 ], [ -85.86830779, 10.36241777 ], [ -85.868334079999968, 10.36241735 ], [ -85.868361189999973, 10.36240228 ], [ -85.868375629999989, 10.36239 ], [ -85.868361189999987, 10.36240228 ] ] ], [ [ [ -85.86827501999997, 10.36247851 ], [ -85.86827501999997, 10.36247851 ], [ -85.86824249999998, 10.36247509 ], [ -85.86827501999997, 10.36247851 ] ] ], [ [ [ -85.868419849999981, 10.36253605 ], [ -85.86838915, 10.36254662 ], [ -85.868419849999967, 10.36253605 ], [ -85.86843827, 10.36251769 ], [ -85.868419849999981, 10.36253605 ] ] ], [ [ [ -85.867957329999982, 10.36257751 ], [ -85.867950279999988, 10.3626052 ], [ -85.86794972, 10.36263277 ], [ -85.867950279999974, 10.3626052 ], [ -85.867957329999967, 10.36257751 ], [ -85.86795435, 10.36255195 ], [ -85.867957329999982, 10.36257751 ] ] ], [ [ [ -85.867943059999988, 10.36267998 ], [ -85.867943059999973, 10.36267998 ], [ -85.86795806, 10.36267022 ], [ -85.867943059999988, 10.36267998 ] ] ], [ [ [ -85.867689249999984, 10.36242236 ], [ -85.86768868, 10.36244993 ], [ -85.86768924999997, 10.36242236 ], [ -85.86770715, 10.36240807 ], [ -85.867689249999984, 10.36242236 ] ] ], [ [ [ -85.867703469999981, 10.36248075 ], [ -85.86770904, 10.36251225 ], [ -85.867703469999967, 10.36248075 ], [ -85.86768868, 10.36244993 ], [ -85.867703469999981, 10.36248075 ] ] ], [ [ [ -85.867793559999981, 10.36261949 ], [ -85.86779209, 10.36264859 ], [ -85.867793559999967, 10.36261949 ], [ -85.86778202, 10.36259714 ], [ -85.867793559999981, 10.36261949 ] ] ], [ [ [ -85.867770899999982, 10.36270818 ], [ -85.867754169999984, 10.36273403 ], [ -85.867770899999968, 10.36270818 ], [ -85.867782059999982, 10.36268091 ], [ -85.867770899999982, 10.36270818 ] ] ], [ [ [ -85.867736869999987, 10.36275736 ], [ -85.86772827, 10.36278407 ], [ -85.867736869999973, 10.36275736 ], [ -85.867754169999984, 10.36273403 ], [ -85.867736869999987, 10.36275736 ] ] ], [ [ [ -85.867733969999989, 10.36279199 ], [ -85.86775494, 10.36280316 ], [ -85.867733969999975, 10.36279199 ], [ -85.86772827, 10.36278407 ], [ -85.867733969999989, 10.36279199 ] ] ], [ [ [ -85.867679919999986, 10.36291232 ], [ -85.867663619999988, 10.3629341 ], [ -85.86765558, 10.36296334 ], [ -85.867663619999973, 10.3629341 ], [ -85.867679919999986, 10.36291232 ], [ -85.86769458, 10.36290654 ], [ -85.867679919999986, 10.36291232 ] ] ], [ [ [ -85.867585709999986, 10.36301778 ], [ -85.86757041, 10.36303812 ], [ -85.867585709999972, 10.36301778 ], [ -85.86760201, 10.36299591 ], [ -85.867585709999986, 10.36301778 ] ] ], [ [ [ -85.867319869999989, 10.36307012 ], [ -85.86735393, 10.36310462 ], [ -85.867319869999989, 10.36307012 ], [ -85.86730646, 10.36305736 ], [ -85.867319869999989, 10.36307012 ] ] ], [ [ [ -85.867385839999983, 10.3631592 ], [ -85.86740066, 10.36319653 ], [ -85.867385839999969, 10.3631592 ], [ -85.8673742, 10.36313686 ], [ -85.867385839999983, 10.3631592 ] ] ], [ [ [ -85.867141659999987, 10.36368035 ], [ -85.867141659999973, 10.36368035 ], [ -85.867169899999979, 10.36367033 ], [ -85.867141659999987, 10.36368035 ] ] ], [ [ [ -85.86698613999998, 10.36383705 ], [ -85.86698, 10.36386329 ], [ -85.866986139999966, 10.36383705 ], [ -85.86700633, 10.3638091 ], [ -85.86698613999998, 10.36383705 ] ] ], [ [ [ -85.866990459999982, 10.36393426 ], [ -85.86695635, 10.36395344 ], [ -85.866990459999968, 10.36393426 ], [ -85.86701579, 10.3639117 ], [ -85.866990459999982, 10.36393426 ] ] ], [ [ [ -85.86667980999998, 10.36411274 ], [ -85.86666697, 10.36413252 ], [ -85.866679809999965, 10.36411274 ], [ -85.8667023, 10.36407122 ], [ -85.86667980999998, 10.36411274 ] ] ], [ [ [ -85.86649585, 10.36410559 ], [ -85.866514529999989, 10.36410024 ], [ -85.866514529999989, 10.36410024 ], [ -85.86649585, 10.36410559 ] ] ], [ [ [ -85.866489539999989, 10.36411873 ], [ -85.866478639999983, 10.36415901 ], [ -85.866489539999975, 10.36411873 ], [ -85.86649585, 10.36410559 ], [ -85.866489539999989, 10.36411873 ] ] ], [ [ [ -85.866384589999981, 10.36441485 ], [ -85.866389129999988, 10.3644413 ], [ -85.866394405, 10.364453245000229 ], [ -85.866389129999988, 10.3644413 ], [ -85.866384589999967, 10.36441485 ], [ -85.86637578, 10.36437487 ], [ -85.866384589999981, 10.36441485 ] ] ], [ [ [ -85.866535179999985, 10.36442663 ], [ -85.86656185, 10.36444572 ], [ -85.866535179999971, 10.36442663 ], [ -85.866499639999986, 10.36442123 ], [ -85.866535179999985, 10.36442663 ] ] ], [ [ [ -85.866694269999982, 10.36459624 ], [ -85.8666861, 10.36461897 ], [ -85.866694269999968, 10.36459624 ], [ -85.86670732, 10.36456589 ], [ -85.866694269999982, 10.36459624 ] ] ], [ [ [ -85.866670429999985, 10.36487083 ], [ -85.866675659999984, 10.36490632 ], [ -85.86668032999998, 10.36493937 ], [ -85.866675659999984, 10.36490632 ], [ -85.866670429999985, 10.36487083 ], [ -85.86667177, 10.36483522 ], [ -85.866670429999985, 10.36487083 ] ] ], [ [ [ -85.866691339999988, 10.36507296 ], [ -85.86667634, 10.36508281 ], [ -85.866691339999988, 10.36507296 ], [ -85.86669394, 10.36504891 ], [ -85.866691339999988, 10.36507296 ] ] ], [ [ [ -85.866688269999983, 10.36515477 ], [ -85.86670495, 10.3651825 ], [ -85.866688269999969, 10.36515477 ], [ -85.86666458, 10.36513114 ], [ -85.866688269999983, 10.36515477 ] ] ], [ [ [ -85.866739659999979, 10.36527963 ], [ -85.86674118, 10.3653042 ], [ -85.866739659999965, 10.36527963 ], [ -85.86673413, 10.36525472 ], [ -85.866739659999979, 10.36527963 ] ] ], [ [ [ -85.866670389999982, 10.36545029 ], [ -85.86666767, 10.36546793 ], [ -85.866670389999967, 10.36545029 ], [ -85.866694949999982, 10.36543587 ], [ -85.866670389999982, 10.36545029 ] ] ], [ [ [ -85.866677609999982, 10.36548279 ], [ -85.866691965, 10.365494045000201 ], [ -85.866677609999968, 10.36548279 ], [ -85.86666767, 10.36546793 ], [ -85.866677609999982, 10.36548279 ] ] ], [ [ [ -85.86673369, 10.36550334 ], [ -85.86670632000002, 10.3655053 ], [ -85.86670632000002, 10.3655053 ], [ -85.86673369, 10.36550334 ] ] ], [ [ [ -85.866876399999981, 10.36552736 ], [ -85.86686425, 10.36555608 ], [ -85.866876399999967, 10.36552736 ], [ -85.86686987, 10.3655039 ], [ -85.866876399999981, 10.36552736 ] ] ], [ [ [ -85.866854909999986, 10.36559734 ], [ -85.86685645999998, 10.36562842 ], [ -85.8668473, 10.36565269 ], [ -85.866856459999966, 10.36562842 ], [ -85.866854909999986, 10.36559734 ], [ -85.86685296, 10.36557684 ], [ -85.866854909999986, 10.36559734 ] ] ], [ [ [ -85.866859959999985, 10.3657101 ], [ -85.86685322, 10.36572722 ], [ -85.866859959999971, 10.3657101 ], [ -85.86685443, 10.3656851 ], [ -85.866859959999985, 10.3657101 ] ] ], [ [ [ -85.866992339999982, 10.36566956 ], [ -85.86699904, 10.36567603 ], [ -85.866992339999982, 10.36566956 ], [ -85.866992339999982, 10.36566956 ] ] ], [ [ [ -85.867025369999979, 10.3657292 ], [ -85.86703436, 10.36575201 ], [ -85.867025369999965, 10.3657292 ], [ -85.86701158, 10.36569683 ], [ -85.867025369999979, 10.3657292 ] ] ], [ [ [ -85.866913899999986, 10.36597177 ], [ -85.8669142, 10.36599129 ], [ -85.866913899999972, 10.36597177 ], [ -85.86689782, 10.36595298 ], [ -85.866913899999986, 10.36597177 ] ] ], [ [ [ -85.866569270000014, 10.36537542 ], [ -85.866555439999985, 10.36536665 ], [ -85.866569270000014, 10.36537542 ], [ -85.86657036, 10.36540397 ], [ -85.866569270000014, 10.36537542 ] ] ], [ [ [ -85.86646116999998, 10.36566307 ], [ -85.86643904, 10.36567052 ], [ -85.866461169999965, 10.36566307 ], [ -85.86649615, 10.36563593 ], [ -85.86646116999998, 10.36566307 ] ] ], [ [ [ -85.866351919999985, 10.36569461 ], [ -85.86634063, 10.36571537 ], [ -85.866351919999971, 10.36569461 ], [ -85.86636982, 10.36568032 ], [ -85.866351919999985, 10.36569461 ] ] ], [ [ [ -85.86633184999998, 10.36578926 ], [ -85.86630924, 10.36582427 ], [ -85.866331849999966, 10.36578926 ], [ -85.86633445, 10.36576511 ], [ -85.86633184999998, 10.36578926 ] ] ], [ [ [ -85.866327129999988, 10.36591716 ], [ -85.866327989999988, 10.3659392 ], [ -85.86631524, 10.36595898 ], [ -85.866327989999974, 10.3659392 ], [ -85.866327129999974, 10.36591716 ], [ -85.8663056, 10.36590355 ], [ -85.866327129999988, 10.36591716 ] ] ], [ [ [ -85.866217039999981, 10.36620789 ], [ -85.86618721, 10.36621041 ], [ -85.866217039999967, 10.36620789 ], [ -85.86624108, 10.36619745 ], [ -85.866217039999981, 10.36620789 ] ] ], [ [ [ -85.866046559999987, 10.36627358 ], [ -85.86601742, 10.36628514 ], [ -85.866046559999972, 10.36627358 ], [ -85.86607882, 10.366264 ], [ -85.866046559999987, 10.36627358 ] ] ], [ [ [ -85.866071350000013, 10.36615831 ], [ -85.86606654, 10.36614894 ], [ -85.866071350000013, 10.36615831 ], [ -85.866067215, 10.366169675000206 ], [ -85.866071350000013, 10.36615831 ] ] ], [ [ [ -85.866015569999988, 10.36615737 ], [ -85.865989409999983, 10.36619439 ], [ -85.8659751, 10.36621318 ], [ -85.865989409999969, 10.36619439 ], [ -85.866015569999973, 10.36615737 ], [ -85.86602755, 10.36614564 ], [ -85.866015569999988, 10.36615737 ] ] ], [ [ [ -85.865366219999984, 10.36652443 ], [ -85.86534706, 10.36655734 ], [ -85.86536621999997, 10.36652443 ], [ -85.86539039, 10.3664904 ], [ -85.865366219999984, 10.36652443 ] ] ], [ [ [ -85.865348739999988, 10.36673229 ], [ -85.865370559999988, 10.36676542 ], [ -85.865383789999981, 10.36679526 ], [ -85.86539534, 10.3668176 ], [ -85.865383789999967, 10.36679526 ], [ -85.865370559999974, 10.36676542 ], [ -85.865348739999988, 10.36673229 ], [ -85.8653365, 10.36670092 ], [ -85.865348739999988, 10.36673229 ] ] ], [ [ [ -85.866247429999987, 10.36690104 ], [ -85.866282109999986, 10.36691449 ], [ -85.866247429999973, 10.36690104 ], [ -85.866209739999988, 10.36688572 ], [ -85.866247429999987, 10.36690104 ] ] ], [ [ [ -85.866323869999988, 10.36695383 ], [ -85.866331869999982, 10.36697827 ], [ -85.86634894, 10.36699552 ], [ -85.866331869999968, 10.36697827 ], [ -85.866323869999974, 10.36695383 ], [ -85.86630722, 10.3669326 ], [ -85.866323869999988, 10.36695383 ] ] ], [ [ [ -85.866394379999988, 10.36699219 ], [ -85.86641634, 10.36700182 ], [ -85.866394379999988, 10.36699219 ], [ -85.866394379999988, 10.36699219 ] ] ], [ [ [ -85.866428229999983, 10.36706727 ], [ -85.86643178, 10.36709526 ], [ -85.866428229999968, 10.36706727 ], [ -85.86642559, 10.36703773 ], [ -85.866428229999983, 10.36706727 ] ] ], [ [ [ -85.86636077999998, 10.36717475 ], [ -85.86635674999998, 10.36720442 ], [ -85.866347149999982, 10.36723258 ], [ -85.866356749999966, 10.36720442 ], [ -85.866360779999965, 10.36717475 ], [ -85.86637405, 10.36715091 ], [ -85.86636077999998, 10.36717475 ] ] ], [ [ [ -85.866277329999988, 10.36723335 ], [ -85.86625947, 10.36725423 ], [ -85.866277329999974, 10.36723335 ], [ -85.86628689, 10.36722868 ], [ -85.866277329999988, 10.36723335 ] ] ], [ [ [ -85.866236910000012, 10.36726566 ], [ -85.86621551, 10.36725856 ], [ -85.866236910000012, 10.36726566 ], [ -85.866236910000012, 10.36726566 ] ] ], [ [ [ -85.86617003, 10.36720821 ], [ -85.866178889999972, 10.36719452 ], [ -85.866178889999986, 10.36719452 ], [ -85.86617003, 10.36720821 ] ] ], [ [ [ -85.866065649999982, 10.36733941 ], [ -85.866065649999982, 10.36733941 ], [ -85.86608252, 10.36732006 ], [ -85.866065649999982, 10.36733941 ] ] ], [ [ [ -85.865896349999986, 10.36735647 ], [ -85.86591316, 10.36739081 ], [ -85.865896349999971, 10.36735647 ], [ -85.86588498, 10.36731714 ], [ -85.865896349999986, 10.36735647 ] ] ], [ [ [ -85.866223369999986, 10.36738377 ], [ -85.86623474, 10.36739301 ], [ -85.866223369999972, 10.36738377 ], [ -85.866223369999986, 10.36738377 ] ] ], [ [ [ -85.866349989999989, 10.36749627 ], [ -85.866349989999975, 10.36749627 ], [ -85.86632647, 10.36748565 ], [ -85.866349989999989, 10.36749627 ] ] ], [ [ [ -85.86639324, 10.36736913 ], [ -85.866413939999973, 10.3673673 ], [ -85.866413939999973, 10.3673673 ], [ -85.86639324, 10.36736913 ] ] ], [ [ [ -85.866423979999979, 10.36730488 ], [ -85.86645697, 10.36731084 ], [ -85.866423979999965, 10.36730488 ], [ -85.866423979999979, 10.36730488 ] ] ], [ [ [ -85.866494930000016, 10.36730917 ], [ -85.866512285, 10.367304100000039 ], [ -85.866494930000016, 10.36730917 ], [ -85.86645697, 10.36731084 ], [ -85.866494930000016, 10.36730917 ] ] ], [ [ [ -85.866661169999986, 10.36723654 ], [ -85.86669359, 10.36723997 ], [ -85.866661169999986, 10.36723654 ], [ -85.866661169999986, 10.36723654 ] ] ], [ [ [ -85.86677075999998, 10.36727811 ], [ -85.86678598, 10.36730495 ], [ -85.866770759999966, 10.36727811 ], [ -85.8667491, 10.36725799 ], [ -85.86677075999998, 10.36727811 ] ] ], [ [ [ -85.866794969999987, 10.36732785 ], [ -85.866810790000017, 10.36736364 ], [ -85.866794969999972, 10.36732785 ], [ -85.86678598, 10.36730495 ], [ -85.866794969999987, 10.36732785 ] ] ], [ [ [ -85.866957519999985, 10.36749536 ], [ -85.8669762, 10.3675201 ], [ -85.866957519999971, 10.36749536 ], [ -85.86693586, 10.36747515 ], [ -85.866957519999985, 10.36749536 ] ] ], [ [ [ -85.866943029999987, 10.3676986 ], [ -85.86691475, 10.36770211 ], [ -85.866943029999973, 10.3676986 ], [ -85.866967149999979, 10.36768816 ], [ -85.866943029999987, 10.3676986 ] ] ], [ [ [ -85.866948899999983, 10.3677968 ], [ -85.866967749999986, 10.36780446 ], [ -85.8669933, 10.3678185 ], [ -85.866967749999972, 10.36780446 ], [ -85.866948899999983, 10.3677968 ], [ -85.866948899999983, 10.3677968 ] ] ], [ [ [ -85.867128189999988, 10.36793836 ], [ -85.86711072, 10.36797877 ], [ -85.867128189999988, 10.36793836 ], [ -85.86712823, 10.36791487 ], [ -85.867128189999988, 10.36793836 ] ] ], [ [ [ -85.867055959999988, 10.3683347 ], [ -85.8670615, 10.3683597 ], [ -85.867055959999973, 10.3683347 ], [ -85.86705687, 10.36830306 ], [ -85.867055959999988, 10.3683347 ] ] ], [ [ [ -85.867094169999987, 10.36840623 ], [ -85.86710382, 10.36843157 ], [ -85.867094169999973, 10.36840623 ], [ -85.86707662, 10.36838645 ], [ -85.867094169999987, 10.36840623 ] ] ], [ [ [ -85.867079639999986, 10.36849569 ], [ -85.867104289999986, 10.36851127 ], [ -85.867079639999972, 10.36849569 ], [ -85.86707294, 10.36848932 ], [ -85.867079639999986, 10.36849569 ] ] ], [ [ [ -85.867074189999983, 10.36863815 ], [ -85.867082020000012, 10.36864949 ], [ -85.867074189999968, 10.36863815 ], [ -85.867076790000013, 10.36861401 ], [ -85.867074189999983, 10.36863815 ] ] ], [ [ [ -85.86710721999998, 10.36872779 ], [ -85.86710721999998, 10.36872779 ], [ -85.867097700000016, 10.36870886 ], [ -85.86710721999998, 10.36872779 ] ] ], [ [ [ -85.867162549999989, 10.36876289 ], [ -85.86715715, 10.36877449 ], [ -85.867162549999975, 10.36876289 ], [ -85.86715447, 10.36873845 ], [ -85.867162549999989, 10.36876289 ] ] ], [ [ [ -85.867230889999988, 10.3689586 ], [ -85.86720673, 10.36896254 ], [ -85.867230889999973, 10.3689586 ], [ -85.867242869999984, 10.36894687 ], [ -85.867230889999988, 10.3689586 ] ] ], [ [ [ -85.866775319999988, 10.36846357 ], [ -85.86678029, 10.36848605 ], [ -85.866775319999988, 10.36846357 ], [ -85.8667802, 10.36845595 ], [ -85.866775319999988, 10.36846357 ] ] ], [ [ [ -85.86667864, 10.36852242 ], [ -85.866682059999974, 10.36851382 ], [ -85.866682059999988, 10.36851382 ], [ -85.86667864, 10.36852242 ] ] ], [ [ [ -85.866618839999987, 10.36862823 ], [ -85.86659126, 10.36864077 ], [ -85.866618839999973, 10.36862823 ], [ -85.866643399999987, 10.36861381 ], [ -85.866618839999987, 10.36862823 ] ] ], [ [ [ -85.866541579999989, 10.36866727 ], [ -85.86652343, 10.36866855 ], [ -85.866541579999975, 10.36866727 ], [ -85.86656259, 10.36865486 ], [ -85.866541579999989, 10.36866727 ] ] ], [ [ [ -85.866310379999987, 10.36837464 ], [ -85.866281799999982, 10.36838872 ], [ -85.866310379999987, 10.36837464 ], [ -85.866319499999989, 10.36837404 ], [ -85.866310379999987, 10.36837464 ] ] ], [ [ [ -85.865598390000017, 10.36781349 ], [ -85.86559026, 10.36778254 ], [ -85.865598390000017, 10.36781349 ], [ -85.865603919999984, 10.3678385 ], [ -85.865598390000017, 10.36781349 ] ] ], [ [ [ -85.8648508, 10.36677477 ], [ -85.864876489999972, 10.36676531 ], [ -85.864876489999986, 10.36676531 ], [ -85.8648508, 10.36677477 ] ] ], [ [ [ -85.864720189999986, 10.36688288 ], [ -85.864720189999986, 10.36688288 ], [ -85.86474435, 10.36687895 ], [ -85.864720189999986, 10.36688288 ] ] ], [ [ [ -85.863959709999989, 10.36602488 ], [ -85.863918899999987, 10.36603768 ], [ -85.863959709999975, 10.36602488 ], [ -85.86398388, 10.36602094 ], [ -85.863959709999989, 10.36602488 ] ] ], [ [ [ -85.863880629999983, 10.36604983 ], [ -85.86384336, 10.36606053 ], [ -85.863880629999969, 10.36604983 ], [ -85.863918899999987, 10.36603768 ], [ -85.863880629999983, 10.36604983 ] ] ], [ [ [ -85.863680089999988, 10.36640335 ], [ -85.86365752, 10.36641478 ], [ -85.863680089999974, 10.36640335 ], [ -85.86369427, 10.36637805 ], [ -85.863680089999988, 10.36640335 ] ] ], [ [ [ -85.863497080000016, 10.36641815 ], [ -85.863506639999983, 10.36641348 ], [ -85.863506639999983, 10.36641348 ], [ -85.863497080000016, 10.36641815 ] ] ], [ [ [ -85.863387779999982, 10.36650337 ], [ -85.863387779999968, 10.36650337 ], [ -85.86339941, 10.36647854 ], [ -85.863387779999982, 10.36650337 ] ] ], [ [ [ -85.863222019999981, 10.36644116 ], [ -85.86321428, 10.36645982 ], [ -85.863222019999967, 10.36644116 ], [ -85.86322116, 10.36641911 ], [ -85.863222019999981, 10.36644116 ] ] ], [ [ [ -85.863179819999985, 10.36648297 ], [ -85.86315812, 10.36648644 ], [ -85.863179819999971, 10.36648297 ], [ -85.86320282, 10.36646757 ], [ -85.863179819999985, 10.36648297 ] ] ], [ [ [ -85.862972039999988, 10.36644568 ], [ -85.862966159999985, 10.36645475 ], [ -85.862972039999974, 10.36644568 ], [ -85.862964389999988, 10.36641717 ], [ -85.862972039999988, 10.36644568 ] ] ], [ [ [ -85.862890280000016, 10.36643459 ], [ -85.86287857, 10.36639923 ], [ -85.862890280000016, 10.36643459 ], [ -85.862902349999985, 10.36645286 ], [ -85.862890280000016, 10.36643459 ] ] ], [ [ [ -85.86279583000001, 10.36635958 ], [ -85.86278804, 10.36632465 ], [ -85.86279583000001, 10.36635958 ], [ -85.86280356, 10.36637093 ], [ -85.86279583000001, 10.36635958 ] ] ], [ [ [ -85.862021249999984, 10.3662803 ], [ -85.86200023, 10.36629271 ], [ -85.86202124999997, 10.3662803 ], [ -85.86204637, 10.36626831 ], [ -85.862021249999984, 10.3662803 ] ] ], [ [ [ -85.861411709999985, 10.36655892 ], [ -85.86138326, 10.36657942 ], [ -85.86141170999997, 10.36655892 ], [ -85.86143726, 10.36654286 ], [ -85.861411709999985, 10.36655892 ] ] ], [ [ [ -85.861355709999984, 10.36659846 ], [ -85.861332280000013, 10.36661794 ], [ -85.86135570999997, 10.36659846 ], [ -85.86138326, 10.36657942 ], [ -85.861355709999984, 10.36659846 ] ] ], [ [ [ -85.861213119999988, 10.36671831 ], [ -85.86119068, 10.36673633 ], [ -85.861213119999974, 10.36671831 ], [ -85.861237549999984, 10.36669738 ], [ -85.861213119999988, 10.36671831 ] ] ], [ [ [ -85.861168239999984, 10.36675426 ], [ -85.861147699999989, 10.36676911 ], [ -85.861168239999984, 10.36675426 ], [ -85.86119068, 10.36673633 ], [ -85.861168239999984, 10.36675426 ] ] ], [ [ [ -85.861044239999984, 10.36683867 ], [ -85.861023139999986, 10.36685108 ], [ -85.86104423999997, 10.36683867 ], [ -85.86106824, 10.36682172 ], [ -85.861044239999984, 10.36683867 ] ] ], [ [ [ -85.860998669999987, 10.36686559 ], [ -85.860971559999982, 10.36688057 ], [ -85.86094855, 10.36689606 ], [ -85.860971559999967, 10.36688057 ], [ -85.860998669999987, 10.36686559 ], [ -85.861023139999986, 10.36685108 ], [ -85.860998669999987, 10.36686559 ] ] ], [ [ [ -85.860773099999989, 10.36701646 ], [ -85.86074712, 10.36703649 ], [ -85.860773099999975, 10.36701646 ], [ -85.86080099, 10.36699344 ], [ -85.860773099999989, 10.36701646 ] ] ], [ [ [ -85.860399009999981, 10.36738011 ], [ -85.860379159999979, 10.367404 ], [ -85.860399009999966, 10.36738011 ], [ -85.86042876, 10.3673475 ], [ -85.860399009999981, 10.36738011 ] ] ], [ [ [ -85.860304089999985, 10.36761391 ], [ -85.860298809999989, 10.36763202 ], [ -85.860304089999971, 10.36761391 ], [ -85.860299429999984, 10.36758086 ], [ -85.860304089999985, 10.36761391 ] ] ], [ [ [ -85.860174719999989, 10.36782378 ], [ -85.86016598, 10.36784398 ], [ -85.860174719999975, 10.36782378 ], [ -85.86019214, 10.36780687 ], [ -85.860174719999989, 10.36782378 ] ] ], [ [ [ -85.85989412, 10.36789897 ], [ -85.859911669999988, 10.36788865 ], [ -85.859911669999988, 10.36788865 ], [ -85.85989412, 10.36789897 ] ] ], [ [ [ -85.85989696999998, 10.36791793 ], [ -85.85990994, 10.36793475 ], [ -85.859896969999966, 10.36791793 ], [ -85.85989412, 10.36789897 ], [ -85.85989696999998, 10.36791793 ] ] ], [ [ [ -85.859723389999985, 10.36789146 ], [ -85.85970211, 10.36792095 ], [ -85.859723389999971, 10.36789146 ], [ -85.85975127, 10.36786843 ], [ -85.859723389999985, 10.36789146 ] ] ], [ [ [ -85.859766429999979, 10.36808623 ], [ -85.85976613, 10.36809672 ], [ -85.859766429999965, 10.36808623 ], [ -85.85974935, 10.36806898 ], [ -85.859766429999979, 10.36808623 ] ] ], [ [ [ -85.859623619999979, 10.36813938 ], [ -85.85965743, 10.36816088 ], [ -85.859623619999965, 10.36813938 ], [ -85.85960209, 10.36812577 ], [ -85.859623619999979, 10.36813938 ] ] ], [ [ [ -85.859678529999982, 10.36817856 ], [ -85.8596854, 10.36819795 ], [ -85.859678529999968, 10.36817856 ], [ -85.85965743, 10.36816088 ], [ -85.859678529999982, 10.36817856 ] ] ], [ [ [ -85.859617769999986, 10.36829242 ], [ -85.85959434, 10.36831189 ], [ -85.859617769999971, 10.36829242 ], [ -85.85968065, 10.36821207 ], [ -85.859617769999986, 10.36829242 ] ] ], [ [ [ -85.859515339999987, 10.36847421 ], [ -85.85949519, 10.36847857 ], [ -85.859515339999973, 10.36847421 ], [ -85.85953523, 10.36845683 ], [ -85.859515339999987, 10.36847421 ] ] ], [ [ [ -85.859387899999987, 10.3682088 ], [ -85.8593569, 10.36822994 ], [ -85.859387899999973, 10.3682088 ], [ -85.859416139999979, 10.36819878 ], [ -85.859387899999987, 10.3682088 ] ] ], [ [ [ -85.859248039999983, 10.368281 ], [ -85.85922879, 10.36828382 ], [ -85.859248039999969, 10.368281 ], [ -85.859271469999982, 10.36826153 ], [ -85.859248039999983, 10.368281 ] ] ], [ [ [ -85.85893412999998, 10.36803249 ], [ -85.85891515, 10.36804841 ], [ -85.858934129999966, 10.36803249 ], [ -85.85896158, 10.36801344 ], [ -85.85893412999998, 10.36803249 ] ] ], [ [ [ -85.858290650000015, 10.36723154 ], [ -85.858275, 10.36720867 ], [ -85.858290650000015, 10.36723154 ], [ -85.85831607, 10.36723907 ], [ -85.858290650000015, 10.36723154 ] ] ], [ [ [ -85.85776824, 10.36682282 ], [ -85.857794919999975, 10.36681182 ], [ -85.857794919999989, 10.36681182 ], [ -85.85776824, 10.36682282 ] ] ], [ [ [ -85.857781319999987, 10.36701352 ], [ -85.85776757, 10.36703484 ], [ -85.857781319999972, 10.36701352 ], [ -85.85779875, 10.3669967 ], [ -85.857781319999987, 10.36701352 ] ] ], [ [ [ -85.857366089999985, 10.36659343 ], [ -85.85733981, 10.36659395 ], [ -85.857366089999971, 10.36659343 ], [ -85.85739191, 10.36659048 ], [ -85.857366089999985, 10.36659343 ] ] ], [ [ [ -85.856617519999986, 10.36671515 ], [ -85.856585269999982, 10.36672473 ], [ -85.856617519999972, 10.36671515 ], [ -85.85664779, 10.36670856 ], [ -85.856617519999986, 10.36671515 ] ] ], [ [ [ -85.856498279999983, 10.36675542 ], [ -85.85646214, 10.36677108 ], [ -85.856498279999983, 10.36675542 ], [ -85.85652487, 10.36674433 ], [ -85.856498279999983, 10.36675542 ] ] ], [ [ [ -85.85633147999998, 10.36682552 ], [ -85.85629377, 10.36684029 ], [ -85.85633147999998, 10.36682552 ], [ -85.85636062, 10.36681396 ], [ -85.85633147999998, 10.36682552 ] ] ], [ [ [ -85.856105959999979, 10.3669228 ], [ -85.85607526, 10.36693337 ], [ -85.856105959999965, 10.3669228 ], [ -85.8561341, 10.36691278 ], [ -85.856105959999979, 10.3669228 ] ] ], [ [ [ -85.855879609999988, 10.36703463 ], [ -85.8558516, 10.36705124 ], [ -85.855879609999974, 10.36703463 ], [ -85.85590772, 10.36701811 ], [ -85.855879609999988, 10.36703463 ] ] ], [ [ [ -85.855745019999986, 10.36711882 ], [ -85.85571402, 10.36713987 ], [ -85.855745019999972, 10.36711882 ], [ -85.85577403, 10.36710076 ], [ -85.855745019999986, 10.36711882 ] ] ], [ [ [ -85.855466309999983, 10.36732828 ], [ -85.855434869999982, 10.36735341 ], [ -85.855466309999983, 10.36732828 ], [ -85.85549419, 10.36730526 ], [ -85.855466309999983, 10.36732828 ] ] ], [ [ [ -85.854910479999987, 10.36780197 ], [ -85.85487606, 10.36783163 ], [ -85.854910479999972, 10.36780197 ], [ -85.85493037, 10.36778459 ], [ -85.854910479999987, 10.36780197 ] ] ], [ [ [ -85.854668169999982, 10.36800878 ], [ -85.8546443, 10.36803232 ], [ -85.854668169999968, 10.36800878 ], [ -85.85469805, 10.36798267 ], [ -85.854668169999982, 10.36800878 ] ] ], [ [ [ -85.854587579999986, 10.36808642 ], [ -85.85455826, 10.36811506 ], [ -85.854587579999972, 10.36808642 ], [ -85.854615419999988, 10.36805689 ], [ -85.854587579999986, 10.36808642 ] ] ], [ [ [ -85.854476799999986, 10.36820075 ], [ -85.85444895, 10.36823028 ], [ -85.854476799999972, 10.36820075 ], [ -85.85450555, 10.36816959 ], [ -85.854476799999986, 10.36820075 ] ] ], [ [ [ -85.85423953999998, 10.36849022 ], [ -85.85421934999998, 10.36851818 ], [ -85.854239539999966, 10.36849022 ], [ -85.85425926, 10.36845975 ], [ -85.85423953999998, 10.36849022 ] ] ], [ [ [ -85.854143019999981, 10.36863926 ], [ -85.85411756, 10.36868541 ], [ -85.854143019999981, 10.36863926 ], [ -85.85416028, 10.36860943 ], [ -85.854143019999981, 10.36863926 ] ] ], [ [ [ -85.854072579999979, 10.36882855 ], [ -85.8540644, 10.36885128 ], [ -85.854072579999965, 10.36882855 ], [ -85.85407928, 10.36880483 ], [ -85.854072579999979, 10.36882855 ] ] ], [ [ [ -85.854060509999982, 10.36888745 ], [ -85.85406673, 10.36892139 ], [ -85.854060509999968, 10.36888745 ], [ -85.8540644, 10.36885128 ], [ -85.854060509999982, 10.36888745 ] ] ], [ [ [ -85.854074419999989, 10.36895632 ], [ -85.85407952, 10.3689853 ], [ -85.854074419999975, 10.36895632 ], [ -85.85406673, 10.36892139 ], [ -85.854074419999989, 10.36895632 ] ] ], [ [ [ -85.854038529999983, 10.36912236 ], [ -85.85402069, 10.369131455000131 ], [ -85.854038529999983, 10.36912236 ], [ -85.85406096, 10.36910443 ], [ -85.854038529999983, 10.36912236 ] ] ], [ [ [ -85.853687879999981, 10.36919189 ], [ -85.853667869999981, 10.36920276 ], [ -85.853687879999967, 10.36919189 ], [ -85.85372658, 10.36917558 ], [ -85.853687879999981, 10.36919189 ] ] ], [ [ [ -85.853626869999985, 10.36923255 ], [ -85.853610009999983, 10.3692519 ], [ -85.853626869999971, 10.36923255 ], [ -85.85364486, 10.36921817 ], [ -85.853626869999985, 10.36923255 ] ] ], [ [ [ -85.853592709999987, 10.36927531 ], [ -85.85357797, 10.36929808 ], [ -85.853592709999972, 10.36927531 ], [ -85.853610009999983, 10.3692519 ], [ -85.853592709999987, 10.36927531 ] ] ], [ [ [ -85.853565689999982, 10.36932038 ], [ -85.853553969999979, 10.36934512 ], [ -85.853565689999968, 10.36932038 ], [ -85.85357797, 10.36929808 ], [ -85.853565689999982, 10.36932038 ] ] ], [ [ [ -85.853535759999986, 10.36940008 ], [ -85.85353216999998, 10.36942577 ], [ -85.85353852, 10.36946622 ], [ -85.85353216999998, 10.36942577 ], [ -85.853535759999971, 10.36940008 ], [ -85.8535429, 10.36937239 ], [ -85.853535759999986, 10.36940008 ] ] ], [ [ [ -85.853743849999987, 10.36981541 ], [ -85.853746659999985, 10.36985796 ], [ -85.853743849999972, 10.36981541 ], [ -85.853728029999985, 10.36977962 ], [ -85.853743849999987, 10.36981541 ] ] ], [ [ [ -85.853760019999982, 10.3698943 ], [ -85.853773979999985, 10.36990967 ], [ -85.85379097, 10.36992684 ], [ -85.853773979999971, 10.36990967 ], [ -85.853760019999982, 10.3698943 ], [ -85.853746659999985, 10.36985796 ], [ -85.853760019999982, 10.3698943 ] ] ], [ [ [ -85.853809039999987, 10.36997264 ], [ -85.8538003, 10.36999284 ], [ -85.853809039999973, 10.36997264 ], [ -85.85380921, 10.36995565 ], [ -85.853809039999987, 10.36997264 ] ] ], [ [ [ -85.853782439999989, 10.37004383 ], [ -85.85377984, 10.37006797 ], [ -85.853782439999975, 10.37004383 ], [ -85.85379113, 10.37001712 ], [ -85.853782439999989, 10.37004383 ] ] ], [ [ [ -85.85383668999998, 10.37012756 ], [ -85.85384253, 10.37014198 ], [ -85.853836689999966, 10.37012756 ], [ -85.85380747, 10.37010902 ], [ -85.85383668999998, 10.37012756 ] ] ], [ [ [ -85.853655889999985, 10.3704872 ], [ -85.85363514, 10.37051262 ], [ -85.85365588999997, 10.3704872 ], [ -85.853674179999985, 10.37046233 ], [ -85.853655889999985, 10.3704872 ] ] ], [ [ [ -85.853661889999984, 10.3705919 ], [ -85.85366188999997, 10.3705919 ], [ -85.85367858, 10.37058955 ], [ -85.853661889999984, 10.3705919 ] ] ], [ [ [ -85.853435860000019, 10.3705257 ], [ -85.853435860000019, 10.3705257 ], [ -85.853455705, 10.370531865000062 ], [ -85.853435860000019, 10.3705257 ] ] ], [ [ [ -85.85353130999998, 10.37070653 ], [ -85.85355638999998, 10.37071804 ], [ -85.85358025, 10.37072468 ], [ -85.853556389999966, 10.37071804 ], [ -85.853531309999966, 10.37070653 ], [ -85.853508309999981, 10.37069184 ], [ -85.85353130999998, 10.37070653 ] ] ], [ [ [ -85.853780289999989, 10.37078073 ], [ -85.85380035, 10.370784865000026 ], [ -85.853780289999975, 10.37078073 ], [ -85.8537569, 10.37077662 ], [ -85.853780289999989, 10.37078073 ] ] ], [ [ [ -85.853705349999984, 10.37094998 ], [ -85.85368472, 10.37098191 ], [ -85.85370534999997, 10.37094998 ], [ -85.85373475, 10.37092143 ], [ -85.853705349999984, 10.37094998 ] ] ], [ [ [ -85.853726529999989, 10.37099775 ], [ -85.85374594, 10.37100794 ], [ -85.853726529999975, 10.37099775 ], [ -85.853726529999989, 10.37099775 ] ] ], [ [ [ -85.853748789999983, 10.37102691 ], [ -85.85373305, 10.37105122 ], [ -85.853748789999983, 10.37102691 ], [ -85.85374594, 10.37100794 ], [ -85.853748789999983, 10.37102691 ] ] ], [ [ [ -85.853281530000018, 10.37119625 ], [ -85.853257109999987, 10.37118708 ], [ -85.853281530000018, 10.37119625 ], [ -85.853293290000011, 10.371201515000044 ], [ -85.853281530000018, 10.37119625 ] ] ], [ [ [ -85.851905029999983, 10.37103546 ], [ -85.851905029999983, 10.37103546 ], [ -85.851943419999984, 10.37102972 ], [ -85.851905029999983, 10.37103546 ] ] ], [ [ [ -85.851690629999979, 10.37099169 ], [ -85.851671909999979, 10.37102053 ], [ -85.85164294, 10.3710451 ], [ -85.851671909999965, 10.37102053 ], [ -85.851690629999965, 10.37099169 ], [ -85.85170097, 10.37097898 ], [ -85.851690629999979, 10.37099169 ] ] ], [ [ [ -85.851423350000019, 10.37104962 ], [ -85.85139438, 10.37104409 ], [ -85.851423350000019, 10.37104962 ], [ -85.85145633, 10.37105549 ], [ -85.851423350000019, 10.37104962 ] ] ], [ [ [ -85.851486149999985, 10.37122042 ], [ -85.851457829999987, 10.37124743 ], [ -85.851486149999971, 10.37122042 ], [ -85.85149757, 10.37120617 ], [ -85.851486149999985, 10.37122042 ] ] ], [ [ [ -85.85135932999998, 10.37126227 ], [ -85.85133089, 10.37128286 ], [ -85.85135932999998, 10.37126227 ], [ -85.851388039999975, 10.3712547 ], [ -85.851388039999975, 10.3712547 ], [ -85.85135932999998, 10.37126227 ] ] ], [ [ [ -85.850443610000013, 10.37049667 ], [ -85.85043263, 10.37047685 ], [ -85.850443610000013, 10.37049667 ], [ -85.85045312, 10.3705156 ], [ -85.850443610000013, 10.37049667 ] ] ], [ [ [ -85.85010149999998, 10.37041912 ], [ -85.850060809999988, 10.37043842 ], [ -85.85004494, 10.37045622 ], [ -85.850060809999974, 10.37043842 ], [ -85.850101499999965, 10.37041912 ], [ -85.85012722, 10.37041617 ], [ -85.85010149999998, 10.37041912 ] ] ], [ [ [ -85.850038459999979, 10.37048644 ], [ -85.8500433, 10.37050241 ], [ -85.850038459999979, 10.37048644 ], [ -85.85004494, 10.37045622 ], [ -85.850038459999979, 10.37048644 ] ] ], [ [ [ -85.850034759999986, 10.37072658 ], [ -85.8500102, 10.3707411 ], [ -85.850034759999971, 10.37072658 ], [ -85.85005149, 10.37070073 ], [ -85.850034759999986, 10.37072658 ] ] ], [ [ [ -85.849932109999983, 10.3707645 ], [ -85.849915249999981, 10.37078385 ], [ -85.849932109999969, 10.3707645 ], [ -85.849959659999982, 10.37074545 ], [ -85.849932109999983, 10.3707645 ] ] ], [ [ [ -85.849818269999986, 10.37082317 ], [ -85.849818269999986, 10.37082317 ], [ -85.849862239999979, 10.37081894 ], [ -85.849818269999986, 10.37082317 ] ] ], [ [ [ -85.849768900000015, 10.37077899 ], [ -85.84974746, 10.37068811 ], [ -85.849768900000015, 10.37077899 ], [ -85.84976362, 10.3707971 ], [ -85.849768900000015, 10.37077899 ] ] ], [ [ [ -85.84919591, 10.37067945 ], [ -85.849224189999973, 10.37067594 ], [ -85.849224189999987, 10.37067594 ], [ -85.84919591, 10.37067945 ] ] ], [ [ [ -85.849040909999985, 10.3707549 ], [ -85.84901181, 10.37077305 ], [ -85.849040909999971, 10.3707549 ], [ -85.849083369999988, 10.3707261 ], [ -85.849040909999985, 10.3707549 ] ] ], [ [ [ -85.848629089999989, 10.37113331 ], [ -85.84861335, 10.37115762 ], [ -85.848629089999974, 10.37113331 ], [ -85.84864483, 10.37110891 ], [ -85.848629089999989, 10.37113331 ] ] ], [ [ [ -85.848581219999986, 10.3712038 ], [ -85.848566479999988, 10.37122666 ], [ -85.848581219999971, 10.3712038 ], [ -85.84859951, 10.37117893 ], [ -85.848581219999986, 10.3712038 ] ] ], [ [ [ -85.84852927999998, 10.37129745 ], [ -85.84850982, 10.37134094 ], [ -85.848529279999966, 10.37129745 ], [ -85.848542, 10.37127117 ], [ -85.84852927999998, 10.37129745 ] ] ], [ [ [ -85.84844846999998, 10.37169691 ], [ -85.84843874, 10.37171866 ], [ -85.848448469999965, 10.37169691 ], [ -85.84847477, 10.3716664 ], [ -85.84844846999998, 10.37169691 ] ] ], [ [ [ -85.848454069999988, 10.37191938 ], [ -85.84844145, 10.37194566 ], [ -85.848454069999974, 10.37191938 ], [ -85.84848321, 10.37190782 ], [ -85.848454069999988, 10.37191938 ] ] ], [ [ [ -85.84831874, 10.37201803 ], [ -85.848342339999974, 10.37201166 ], [ -85.848342339999988, 10.37201166 ], [ -85.84831874, 10.37201803 ] ] ], [ [ [ -85.84796225, 10.37168462 ], [ -85.84800565999997, 10.37167777 ], [ -85.84800565999997, 10.37167777 ], [ -85.84796225, 10.37168462 ] ] ], [ [ [ -85.847748059999986, 10.37173754 ], [ -85.847714249999981, 10.37174614 ], [ -85.847748059999972, 10.37173754 ], [ -85.84778222, 10.37172487 ], [ -85.847748059999986, 10.37173754 ] ] ], [ [ [ -85.847414609999987, 10.37186083 ], [ -85.84735659, 10.37189695 ], [ -85.847414609999973, 10.37186083 ], [ -85.84744618, 10.37184221 ], [ -85.847414609999987, 10.37186083 ] ] ], [ [ [ -85.847277029999987, 10.37194955 ], [ -85.847254029999988, 10.37196496 ], [ -85.84722903, 10.37198345 ], [ -85.847254029999988, 10.37196496 ], [ -85.847277029999972, 10.37194955 ], [ -85.84730548, 10.37192896 ], [ -85.847277029999987, 10.37194955 ] ] ], [ [ [ -85.847201489999989, 10.37200249 ], [ -85.847171049999986, 10.37202607 ], [ -85.847201489999975, 10.37200249 ], [ -85.84722903, 10.37198345 ], [ -85.847201489999989, 10.37200249 ] ] ], [ [ [ -85.847048289999989, 10.37215213 ], [ -85.84702455, 10.37218209 ], [ -85.847048289999989, 10.37215213 ], [ -85.847072589999982, 10.3721246 ], [ -85.847048289999989, 10.37215213 ] ] ], [ [ [ -85.846984939999984, 10.37222994 ], [ -85.8469641, 10.37225536 ], [ -85.84698493999997, 10.37222994 ], [ -85.8470057, 10.37220452 ], [ -85.846984939999984, 10.37222994 ] ] ], [ [ [ -85.846767899999989, 10.37254514 ], [ -85.846754849999982, 10.3725754 ], [ -85.846743129999979, 10.37260023 ], [ -85.846754849999968, 10.3725754 ], [ -85.846767899999975, 10.37254514 ], [ -85.84678162, 10.37251732 ], [ -85.846767899999989, 10.37254514 ] ] ], [ [ [ -85.84663888999998, 10.3728818 ], [ -85.84662886, 10.37291403 ], [ -85.846638889999966, 10.3728818 ], [ -85.84666052, 10.37281823 ], [ -85.84663888999998, 10.3728818 ] ] ], [ [ [ -85.846593609999985, 10.37303551 ], [ -85.84658556, 10.37306465 ], [ -85.846593609999971, 10.37303551 ], [ -85.84660308, 10.37300075 ], [ -85.846593609999985, 10.37303551 ] ] ], [ [ [ -85.846553379999989, 10.3732417 ], [ -85.8465522, 10.37329033 ], [ -85.846553379999975, 10.3732417 ], [ -85.84655787, 10.37321456 ], [ -85.846553379999989, 10.3732417 ] ] ], [ [ [ -85.846771619999984, 10.3736614 ], [ -85.84677161999997, 10.3736614 ], [ -85.8467542, 10.37364812 ], [ -85.846771619999984, 10.3736614 ] ] ], [ [ [ -85.846784199999988, 10.37365861 ], [ -85.846810709999986, 10.3736647 ], [ -85.846784199999973, 10.37365861 ], [ -85.846784199999988, 10.37365861 ] ] ], [ [ [ -85.846999069999981, 10.37411051 ], [ -85.84699903, 10.374134 ], [ -85.846999069999967, 10.37411051 ], [ -85.84701594, 10.37409107 ], [ -85.846999069999981, 10.37411051 ] ] ], [ [ [ -85.847045849999986, 10.37414874 ], [ -85.84707382, 10.37415571 ], [ -85.847045849999986, 10.37414874 ], [ -85.84702034, 10.3741412 ], [ -85.847045849999986, 10.37414874 ] ] ], [ [ [ -85.847299579999984, 10.37434619 ], [ -85.84731674, 10.37434636 ], [ -85.847299579999969, 10.37434619 ], [ -85.84727549, 10.37433304 ], [ -85.847299579999984, 10.37434619 ] ] ], [ [ [ -85.847344189999987, 10.37440458 ], [ -85.84732992, 10.37442988 ], [ -85.847344189999973, 10.37440458 ], [ -85.84735751, 10.37438724 ], [ -85.847344189999987, 10.37440458 ] ] ], [ [ [ -85.847337609999983, 10.37443471 ], [ -85.84733515, 10.37446536 ], [ -85.847337609999983, 10.37443471 ], [ -85.84732992, 10.37442988 ], [ -85.847337609999983, 10.37443471 ] ] ], [ [ [ -85.84691429999998, 10.37509551 ], [ -85.84693583, 10.37510912 ], [ -85.846914299999966, 10.37509551 ], [ -85.84688261, 10.37507753 ], [ -85.84691429999998, 10.37509551 ] ] ], [ [ [ -85.846891459999981, 10.3752312 ], [ -85.846891409999984, 10.37525479 ], [ -85.846891459999966, 10.3752312 ], [ -85.84690806, 10.37519884 ], [ -85.846891459999981, 10.3752312 ] ] ], [ [ [ -85.846966419999987, 10.37534319 ], [ -85.84699638, 10.37534718 ], [ -85.846966419999973, 10.37534319 ], [ -85.84694346, 10.3753351 ], [ -85.846966419999987, 10.37534319 ] ] ], [ [ [ -85.847146599999988, 10.37556049 ], [ -85.847168989999986, 10.37556615 ], [ -85.847146599999974, 10.37556049 ], [ -85.847146599999988, 10.37556049 ] ] ], [ [ [ -85.847140239999987, 10.37590846 ], [ -85.8471616, 10.37590916 ], [ -85.847140239999973, 10.37590846 ], [ -85.8471121, 10.37588847 ], [ -85.847140239999987, 10.37590846 ] ] ], [ [ [ -85.84723203999998, 10.37588733 ], [ -85.84726602, 10.37589175 ], [ -85.84723203999998, 10.37588733 ], [ -85.84723203999998, 10.37588733 ] ] ], [ [ [ -85.847283099999984, 10.37590891 ], [ -85.84728336, 10.37592201 ], [ -85.84728309999997, 10.37590891 ], [ -85.84726602, 10.37589175 ], [ -85.847283099999984, 10.37590891 ] ] ], [ [ [ -85.847249869999985, 10.3760339 ], [ -85.847270970000011, 10.3760515 ], [ -85.84724986999997, 10.3760339 ], [ -85.84723189, 10.3760181 ], [ -85.847249869999985, 10.3760339 ] ] ], [ [ [ -85.847382509999989, 10.37611366 ], [ -85.84735882, 10.37612012 ], [ -85.847382509999974, 10.37611366 ], [ -85.84739207, 10.376109 ], [ -85.847382509999989, 10.37611366 ] ] ], [ [ [ -85.847295569999986, 10.37612076 ], [ -85.84727399, 10.37613064 ], [ -85.847295569999972, 10.37612076 ], [ -85.84732739, 10.37611515 ], [ -85.847295569999986, 10.37612076 ] ] ], [ [ [ -85.847345099999984, 10.37625522 ], [ -85.84734449, 10.37627628 ], [ -85.84734509999997, 10.37625522 ], [ -85.84731998, 10.37623711 ], [ -85.847345099999984, 10.37625522 ] ] ], [ [ [ -85.84738427, 10.37631871 ], [ -85.847349330000014, 10.37632234 ], [ -85.847349330000014, 10.37632234 ], [ -85.84738427, 10.37631871 ] ] ], [ [ [ -85.847510639999982, 10.37631093 ], [ -85.84751047, 10.37632792 ], [ -85.847510639999967, 10.37631093 ], [ -85.84749966, 10.37629102 ], [ -85.847510639999982, 10.37631093 ] ] ], [ [ [ -85.847549939999979, 10.37638083 ], [ -85.84756092, 10.37640074 ], [ -85.847549939999965, 10.37638083 ], [ -85.84752684999998, 10.37636624 ], [ -85.847549939999979, 10.37638083 ] ] ], [ [ [ -85.847377329999986, 10.37641301 ], [ -85.84741568, 10.37643086 ], [ -85.847377329999972, 10.37641301 ], [ -85.84733765, 10.37640076 ], [ -85.847377329999986, 10.37641301 ] ] ], [ [ [ -85.84750775, 10.37659671 ], [ -85.847543689999966, 10.37659153 ], [ -85.847543689999981, 10.37659153 ], [ -85.84750775, 10.37659671 ] ] ], [ [ [ -85.847440479999989, 10.37662691 ], [ -85.84743589, 10.37665414 ], [ -85.847440479999989, 10.37662691 ], [ -85.84745345, 10.37661374 ], [ -85.847440479999989, 10.37662691 ] ] ], [ [ [ -85.847482439999979, 10.37676305 ], [ -85.847516679999984, 10.37678047 ], [ -85.847482439999965, 10.37676305 ], [ -85.8474463, 10.3767487 ], [ -85.847482439999979, 10.37676305 ] ] ], [ [ [ -85.847587369999985, 10.37684893 ], [ -85.84759234, 10.3768714 ], [ -85.847587369999971, 10.37684893 ], [ -85.84756917, 10.37682662 ], [ -85.847587369999985, 10.37684893 ] ] ], [ [ [ -85.847556489999988, 10.37690658 ], [ -85.84753137, 10.37691857 ], [ -85.847556489999974, 10.37690658 ], [ -85.84758148, 10.37688809 ], [ -85.847556489999988, 10.37690658 ] ] ], [ [ [ -85.847508070000018, 10.37691445 ], [ -85.84749523, 10.37690422 ], [ -85.847508070000018, 10.37691445 ], [ -85.84753137, 10.37691857 ], [ -85.847508070000018, 10.37691445 ] ] ], [ [ [ -85.847462969999981, 10.3769439 ], [ -85.847472739999986, 10.37697575 ], [ -85.84746845, 10.3769924 ], [ -85.847472739999972, 10.37697575 ], [ -85.847462969999981, 10.3769439 ], [ -85.8474494, 10.37691804 ], [ -85.847462969999981, 10.3769439 ] ] ], [ [ [ -85.847315059999985, 10.37693797 ], [ -85.8473093, 10.37698374 ], [ -85.847315059999971, 10.37693797 ], [ -85.84732397, 10.37690069 ], [ -85.847315059999985, 10.37693797 ] ] ], [ [ [ -85.84699978, 10.37728103 ], [ -85.847029619999972, 10.37727842 ], [ -85.847029619999972, 10.37727842 ], [ -85.84699978, 10.37728103 ] ] ], [ [ [ -85.846711590000012, 10.37710674 ], [ -85.84670061, 10.37708683 ], [ -85.846711590000012, 10.37710674 ], [ -85.846718355, 10.377116370000151 ], [ -85.846711590000012, 10.37710674 ] ] ], [ [ [ -85.846506819999988, 10.37714849 ], [ -85.84648866, 10.37717986 ], [ -85.846506819999973, 10.37714849 ], [ -85.84651344, 10.37712478 ], [ -85.846506819999988, 10.37714849 ] ] ], [ [ [ -85.846439569999987, 10.37729257 ], [ -85.84645812, 10.37731072 ], [ -85.846439569999973, 10.37729257 ], [ -85.84642717, 10.37727818 ], [ -85.846439569999987, 10.37729257 ] ] ], [ [ [ -85.84645983999998, 10.37732472 ], [ -85.84644834, 10.37735605 ], [ -85.846459839999966, 10.37732472 ], [ -85.84645812, 10.37731072 ], [ -85.84645983999998, 10.37732472 ] ] ], [ [ [ -85.846354419999983, 10.37748103 ], [ -85.846332839999988, 10.37749092 ], [ -85.846332839999988, 10.37749092 ], [ -85.846354419999969, 10.37748103 ], [ -85.8463753, 10.37746212 ], [ -85.846354419999983, 10.37748103 ] ] ], [ [ [ -85.84611944, 10.37739852 ], [ -85.846150269999967, 10.37739446 ], [ -85.846150269999981, 10.37739446 ], [ -85.84611944, 10.37739852 ] ] ], [ [ [ -85.846149559999986, 10.37752279 ], [ -85.8461678, 10.37755151 ], [ -85.846149559999972, 10.37752279 ], [ -85.84611528, 10.37749886 ], [ -85.846149559999986, 10.37752279 ] ] ], [ [ [ -85.846144019999983, 10.37760515 ], [ -85.846157239999982, 10.37763499 ], [ -85.846144019999969, 10.37760515 ], [ -85.84614216, 10.37758455 ], [ -85.846144019999983, 10.37760515 ] ] ], [ [ [ -85.846124329999981, 10.37771922 ], [ -85.84610405, 10.37774717 ], [ -85.846124329999967, 10.37771922 ], [ -85.84614565, 10.37769633 ], [ -85.846124329999981, 10.37771922 ] ] ], [ [ [ -85.846219069999989, 10.37799829 ], [ -85.84632539, 10.37802497 ], [ -85.846219069999975, 10.37799829 ], [ -85.84620455, 10.37798048 ], [ -85.846219069999989, 10.37799829 ] ] ], [ [ [ -85.846066489999984, 10.3779895 ], [ -85.846062639999985, 10.37800208 ], [ -85.84606973, 10.37802798 ], [ -85.846062639999971, 10.37800208 ], [ -85.84606648999997, 10.3779895 ], [ -85.84608465, 10.37798813 ], [ -85.846066489999984, 10.3779895 ] ] ], [ [ [ -85.846077789999981, 10.37824998 ], [ -85.846111859999979, 10.3782543 ], [ -85.8461464, 10.37826124 ], [ -85.846111859999965, 10.3782543 ], [ -85.846077789999981, 10.37824998 ], [ -85.84605522, 10.37823131 ], [ -85.846077789999981, 10.37824998 ] ] ], [ [ [ -85.846265149999979, 10.378416 ], [ -85.84629382, 10.37843201 ], [ -85.846265149999965, 10.378416 ], [ -85.84623091, 10.37839857 ], [ -85.846265149999979, 10.378416 ] ] ], [ [ [ -85.846319019999981, 10.37848021 ], [ -85.84630786, 10.37850748 ], [ -85.846319019999967, 10.37848021 ], [ -85.84632334, 10.37847007 ], [ -85.846319019999981, 10.37848021 ] ] ], [ [ [ -85.84636854999998, 10.37861467 ], [ -85.84640254, 10.37861909 ], [ -85.846368549999966, 10.37861467 ], [ -85.846355279999983, 10.37860842 ], [ -85.84636854999998, 10.37861467 ] ] ], [ [ [ -85.846447319999982, 10.3786604 ], [ -85.84642959, 10.37868779 ], [ -85.846447319999967, 10.3786604 ], [ -85.846451479999985, 10.37863724 ], [ -85.846447319999982, 10.3786604 ] ] ], [ [ [ -85.845725069999986, 10.37859063 ], [ -85.84571132, 10.37861194 ], [ -85.845725069999972, 10.37859063 ], [ -85.84574734, 10.37855959 ], [ -85.845725069999986, 10.37859063 ] ] ], [ [ [ -85.845675299999982, 10.37866421 ], [ -85.84566012, 10.37869104 ], [ -85.845675299999968, 10.37866421 ], [ -85.84569303, 10.37863681 ], [ -85.845675299999982, 10.37866421 ] ] ], [ [ [ -85.845646409999986, 10.37871887 ], [ -85.84564031, 10.378729975000198 ], [ -85.845646409999972, 10.37871887 ], [ -85.84566012, 10.37869104 ], [ -85.845646409999986, 10.37871887 ] ] ], [ [ [ -85.845563499999983, 10.37891735 ], [ -85.84555493, 10.37895056 ], [ -85.845563499999969, 10.37891735 ], [ -85.84557553, 10.37888203 ], [ -85.845563499999983, 10.37891735 ] ] ], [ [ [ -85.845548809999983, 10.37916776 ], [ -85.84555279, 10.37919169 ], [ -85.845548809999968, 10.37916776 ], [ -85.84554116, 10.37913925 ], [ -85.845548809999983, 10.37916776 ] ] ], [ [ [ -85.845745629999982, 10.37946649 ], [ -85.84576569, 10.37950921 ], [ -85.845745629999968, 10.37946649 ], [ -85.84572337, 10.37943725 ], [ -85.845745629999982, 10.37946649 ] ] ], [ [ [ -85.845852619999988, 10.37963948 ], [ -85.845894, 10.3796593 ], [ -85.845852619999974, 10.37963948 ], [ -85.84583265, 10.37962685 ], [ -85.845852619999988, 10.37963948 ] ] ], [ [ [ -85.846108269999988, 10.37977375 ], [ -85.84612971, 10.37978745 ], [ -85.846108269999974, 10.37977375 ], [ -85.84607191, 10.3797529 ], [ -85.846108269999988, 10.37977375 ] ] ], [ [ [ -85.846188459999979, 10.37984405 ], [ -85.84620225, 10.37987632 ], [ -85.846188459999965, 10.37984405 ], [ -85.84616464, 10.37981382 ], [ -85.846188459999979, 10.37984405 ] ] ], [ [ [ -85.846211739999987, 10.38006262 ], [ -85.846211739999987, 10.38006262 ], [ -85.846235, 10.38006022 ], [ -85.846211739999987, 10.38006262 ] ] ], [ [ [ -85.846138239999988, 10.38005897 ], [ -85.84615462, 10.38009729 ], [ -85.846138239999974, 10.38005897 ], [ -85.84613318, 10.380044990000311 ], [ -85.846138239999988, 10.38005897 ] ] ], [ [ [ -85.846075639999981, 10.38037338 ], [ -85.846075639999981, 10.38037338 ], [ -85.84609734, 10.38037 ], [ -85.846075639999981, 10.38037338 ] ] ], [ [ [ -85.845881039999981, 10.38028213 ], [ -85.84587027, 10.38029882 ], [ -85.845881039999966, 10.38028213 ], [ -85.84589518, 10.38028034 ], [ -85.845881039999981, 10.38028213 ] ] ], [ [ [ -85.845692219999989, 10.38033609 ], [ -85.845708209999984, 10.38035488 ], [ -85.845692219999975, 10.38033609 ], [ -85.84566944, 10.380311 ], [ -85.845692219999989, 10.38033609 ] ] ], [ [ [ -85.845764499999987, 10.38044213 ], [ -85.8457776, 10.38046546 ], [ -85.845764499999973, 10.38044213 ], [ -85.84575027, 10.38041375 ], [ -85.845764499999987, 10.38044213 ] ] ], [ [ [ -85.845798259999981, 10.38048712 ], [ -85.84582636, 10.38050061 ], [ -85.845798259999967, 10.38048712 ], [ -85.8457776, 10.38046546 ], [ -85.845798259999981, 10.38048712 ] ] ], [ [ [ -85.845881569999989, 10.38052921 ], [ -85.845896139999979, 10.38055353 ], [ -85.845881569999975, 10.38052921 ], [ -85.84585637, 10.3805111 ], [ -85.845881569999989, 10.38052921 ] ] ], [ [ [ -85.845963889999979, 10.38060293 ], [ -85.845987099999988, 10.38062413 ], [ -85.84598727, 10.38063714 ], [ -85.845987099999974, 10.38062413 ], [ -85.845963889999965, 10.38060293 ], [ -85.84593565, 10.38058294 ], [ -85.845963889999979, 10.38060293 ] ] ], [ [ [ -85.845772519999983, 10.38065753 ], [ -85.845786049999987, 10.38067679 ], [ -85.845803599999982, 10.38069658 ], [ -85.84581816, 10.38072089 ], [ -85.845803599999968, 10.38069658 ], [ -85.845786049999987, 10.38067679 ], [ -85.845772519999969, 10.38065753 ], [ -85.84577399, 10.38062842 ], [ -85.845772519999983, 10.38065753 ] ] ], [ [ [ -85.845849029999982, 10.38080051 ], [ -85.845846, 10.38082864 ], [ -85.845849029999968, 10.38080051 ], [ -85.84583736, 10.38077166 ], [ -85.845849029999982, 10.38080051 ] ] ], [ [ [ -85.845689429999979, 10.3809031 ], [ -85.84570227, 10.38091342 ], [ -85.845689429999965, 10.3809031 ], [ -85.84567823, 10.38087678 ], [ -85.845689429999979, 10.3809031 ] ] ], [ [ [ -85.845908439999988, 10.38114078 ], [ -85.84592841, 10.3811535 ], [ -85.845908439999974, 10.38114078 ], [ -85.84589534, 10.38111745 ], [ -85.845908439999988, 10.38114078 ] ] ], [ [ [ -85.845862860000011, 10.38116771 ], [ -85.84583722, 10.38115358 ], [ -85.845862860000011, 10.38116771 ], [ -85.845862860000011, 10.38116771 ] ] ], [ [ [ -85.845476399999981, 10.38093749 ], [ -85.84544929, 10.38095256 ], [ -85.845476399999967, 10.38093749 ], [ -85.84549944, 10.38092859 ], [ -85.845476399999981, 10.38093749 ] ] ], [ [ [ -85.845297679999987, 10.38107959 ], [ -85.84527239, 10.38110856 ], [ -85.845297679999973, 10.38107959 ], [ -85.84532311, 10.38105703 ], [ -85.845297679999987, 10.38107959 ] ] ], [ [ [ -85.845243629999985, 10.38113973 ], [ -85.8452179, 10.38117277 ], [ -85.84524362999997, 10.38113973 ], [ -85.84527239, 10.38110856 ], [ -85.845243629999985, 10.38113973 ] ] ], [ [ [ -85.845093659999989, 10.38135793 ], [ -85.845080899999985, 10.38137771 ], [ -85.845093659999989, 10.38135793 ], [ -85.84511039, 10.38133208 ], [ -85.845093659999989, 10.38135793 ] ] ], [ [ [ -85.845004529999983, 10.38152247 ], [ -85.84499134, 10.38154623 ], [ -85.845004529999969, 10.38152247 ], [ -85.84501426, 10.38150073 ], [ -85.845004529999983, 10.38152247 ] ] ], [ [ [ -85.844936610000019, 10.38223699 ], [ -85.84496588, 10.38223194 ], [ -85.844936610000019, 10.38223699 ], [ -85.844918920000012, 10.38224079 ], [ -85.844936610000019, 10.38223699 ] ] ], [ [ [ -85.844874139999988, 10.38245062 ], [ -85.84486822, 10.38248328 ], [ -85.844874139999973, 10.38245062 ], [ -85.84488301, 10.38243693 ], [ -85.844874139999988, 10.38245062 ] ] ], [ [ [ -85.844888519999984, 10.3825992 ], [ -85.844891499999989, 10.38262476 ], [ -85.844888519999969, 10.3825992 ], [ -85.844880139999987, 10.38255524 ], [ -85.844888519999984, 10.3825992 ] ] ], [ [ [ -85.844894479999979, 10.38265023 ], [ -85.84490758, 10.38267356 ], [ -85.844894479999965, 10.38265023 ], [ -85.844891499999989, 10.38262476 ], [ -85.844894479999979, 10.38265023 ] ] ], [ [ [ -85.844996529999989, 10.38263338 ], [ -85.8450037, 10.38264228 ], [ -85.844996529999975, 10.38263338 ], [ -85.844996529999989, 10.38263338 ] ] ], [ [ [ -85.845026919999981, 10.38266339 ], [ -85.84505446, 10.38267443 ], [ -85.845026919999981, 10.38266339 ], [ -85.8450037, 10.38264228 ], [ -85.845026919999981, 10.38266339 ] ] ], [ [ [ -85.845058509999987, 10.38275864 ], [ -85.84506975, 10.38279147 ], [ -85.845058509999973, 10.38275864 ], [ -85.845050949999987, 10.38273012 ], [ -85.845058509999987, 10.38275864 ] ] ], [ [ [ -85.844944139999981, 10.38289847 ], [ -85.844970249999989, 10.38291504 ], [ -85.844944139999981, 10.38289847 ], [ -85.84492948, 10.38287424 ], [ -85.844944139999981, 10.38289847 ] ] ], [ [ [ -85.84500629999998, 10.38297655 ], [ -85.84497716, 10.38298811 ], [ -85.845006299999966, 10.38297655 ], [ -85.84502161, 10.38295622 ], [ -85.84500629999998, 10.38297655 ] ] ], [ [ [ -85.844669149999987, 10.38292147 ], [ -85.84464692, 10.38292891 ], [ -85.844669149999973, 10.38292147 ], [ -85.84471299, 10.38291064 ], [ -85.844669149999987, 10.38292147 ] ] ], [ [ [ -85.844604889999985, 10.38295374 ], [ -85.84456904, 10.38298892 ], [ -85.844604889999971, 10.38295374 ], [ -85.84462435, 10.38294034 ], [ -85.844604889999985, 10.38295374 ] ] ], [ [ [ -85.844436049999985, 10.38369007 ], [ -85.84442869999998, 10.38372834 ], [ -85.84443781, 10.38375775 ], [ -85.844428699999966, 10.38372834 ], [ -85.84443604999997, 10.38369007 ], [ -85.84445932, 10.38365758 ], [ -85.844436049999985, 10.38369007 ] ] ], [ [ [ -85.844453769999987, 10.38376995 ], [ -85.844483769999982, 10.38378044 ], [ -85.84449272, 10.38379683 ], [ -85.844483769999968, 10.38378044 ], [ -85.844453769999973, 10.38376995 ], [ -85.84443781, 10.38375775 ], [ -85.844453769999987, 10.38376995 ] ] ], [ [ [ -85.844966959999965, 10.38403549 ], [ -85.844966959999965, 10.38403549 ], [ -85.84494513, 10.38403236 ], [ -85.844966959999965, 10.38403549 ] ] ], [ [ [ -85.845129749999984, 10.38399497 ], [ -85.84513904, 10.3840073 ], [ -85.84512974999997, 10.38399497 ], [ -85.84514662, 10.38397563 ], [ -85.845129749999984, 10.38399497 ] ] ], [ [ [ -85.845069759999987, 10.38417796 ], [ -85.84508969, 10.38418417 ], [ -85.845069759999973, 10.38417796 ], [ -85.84506047, 10.38416563 ], [ -85.845069759999987, 10.38417796 ] ] ], [ [ [ -85.845263079999981, 10.38411386 ], [ -85.845288630000013, 10.38412799 ], [ -85.845263079999967, 10.38411386 ], [ -85.84524025, 10.38411227 ], [ -85.845263079999981, 10.38411386 ] ] ], [ [ [ -85.845314179999988, 10.38414203 ], [ -85.845314179999974, 10.38414203 ], [ -85.845288630000013, 10.38412799 ], [ -85.845314179999988, 10.38414203 ] ] ], [ [ [ -85.845444409999985, 10.38412167 ], [ -85.84545665, 10.38415305 ], [ -85.845444409999971, 10.38412167 ], [ -85.845424709999989, 10.38409196 ], [ -85.845444409999985, 10.38412167 ] ] ], [ [ [ -85.845455819999984, 10.38424479 ], [ -85.84543325, 10.38425621 ], [ -85.84545581999997, 10.38424479 ], [ -85.84547026, 10.3842325 ], [ -85.845455819999984, 10.38424479 ] ] ], [ [ [ -85.845563589999983, 10.38437972 ], [ -85.84555312, 10.38441593 ], [ -85.845563589999969, 10.38437972 ], [ -85.84557332, 10.38435798 ], [ -85.845563589999983, 10.38437972 ] ] ], [ [ [ -85.845548789999981, 10.38445617 ], [ -85.8455462, 10.38448023 ], [ -85.845548789999967, 10.38445617 ], [ -85.84555312, 10.38441593 ], [ -85.845548789999981, 10.38445617 ] ] ], [ [ [ -85.84536147999998, 10.38459489 ], [ -85.84538931, 10.38462545 ], [ -85.845361479999966, 10.38459489 ], [ -85.84534224, 10.38456762 ], [ -85.84536147999998, 10.38459489 ] ] ], [ [ [ -85.845363979999988, 10.38492916 ], [ -85.84534824, 10.38495347 ], [ -85.845363979999973, 10.38492916 ], [ -85.84536727, 10.38491405 ], [ -85.845363979999988, 10.38492916 ] ] ], [ [ [ -85.845334669999986, 10.38495771 ], [ -85.845308509999981, 10.38496473 ], [ -85.845334669999971, 10.38495771 ], [ -85.84534824, 10.38495347 ], [ -85.845334669999986, 10.38495771 ] ] ], [ [ [ -85.845029449999984, 10.38507098 ], [ -85.845001339999982, 10.3850875 ], [ -85.8449856, 10.3851119 ], [ -85.845001339999968, 10.3850875 ], [ -85.84502944999997, 10.38507098 ], [ -85.84505059, 10.38506508 ], [ -85.845029449999984, 10.38507098 ] ] ], [ [ [ -85.844972409999983, 10.38513565 ], [ -85.844954549999983, 10.38515654 ], [ -85.844933569999981, 10.38517546 ], [ -85.844954549999969, 10.38515654 ], [ -85.844972409999968, 10.38513565 ], [ -85.8449856, 10.3851119 ], [ -85.844972409999983, 10.38513565 ] ] ], [ [ [ -85.844809879999985, 10.38511201 ], [ -85.84479769, 10.38513431 ], [ -85.844809879999971, 10.38511201 ], [ -85.844825319999984, 10.38509818 ], [ -85.844809879999985, 10.38511201 ] ] ], [ [ [ -85.844557419999987, 10.3850398 ], [ -85.844557419999987, 10.3850398 ], [ -85.84457412, 10.38503754 ], [ -85.844557419999987, 10.3850398 ] ] ], [ [ [ -85.843804180000021, 10.38368837 ], [ -85.843767089999986, 10.38368207 ], [ -85.843804180000021, 10.38368837 ], [ -85.84383873, 10.38369531 ], [ -85.843804180000021, 10.38368837 ] ] ], [ [ [ -85.84341795, 10.38366871 ], [ -85.843458459999979, 10.38366649 ], [ -85.843458459999979, 10.38366649 ], [ -85.84341795, 10.38366871 ] ] ], [ [ [ -85.843385649999988, 10.38367179 ], [ -85.843352269999983, 10.38367641 ], [ -85.84332399, 10.38367992 ], [ -85.843352269999968, 10.38367641 ], [ -85.843385649999973, 10.38367179 ], [ -85.84341795, 10.38366871 ], [ -85.843385649999988, 10.38367179 ] ] ], [ [ [ -85.843169939999981, 10.38370023 ], [ -85.843140099999985, 10.38370275 ], [ -85.84310983, 10.38370934 ], [ -85.843140099999971, 10.38370275 ], [ -85.843169939999981, 10.38370023 ], [ -85.84319675, 10.38369574 ], [ -85.843169939999981, 10.38370023 ] ] ], [ [ [ -85.842995299999984, 10.38372898 ], [ -85.84296758, 10.38373492 ], [ -85.84299529999997, 10.38372898 ], [ -85.84302457, 10.38372393 ], [ -85.842995299999984, 10.38372898 ] ] ], [ [ [ -85.842839899999987, 10.38378482 ], [ -85.84281209, 10.38379085 ], [ -85.842839899999973, 10.38378482 ], [ -85.84286649, 10.38377382 ], [ -85.842839899999987, 10.38378482 ] ] ], [ [ [ -85.842638879999981, 10.38381399 ], [ -85.84260862, 10.38382058 ], [ -85.842638879999967, 10.38381399 ], [ -85.84266915, 10.38380749 ], [ -85.842638879999981, 10.38381399 ] ] ], [ [ [ -85.842538619999985, 10.38383833 ], [ -85.8425058, 10.38384548 ], [ -85.842538619999985, 10.38383833 ], [ -85.84257489, 10.38382918 ], [ -85.842538619999985, 10.38383833 ] ] ], [ [ [ -85.842440379999985, 10.38386619 ], [ -85.84241124, 10.38387774 ], [ -85.842440379999971, 10.38386619 ], [ -85.84247198, 10.38385408 ], [ -85.842440379999985, 10.38386619 ] ] ], [ [ [ -85.842322289999984, 10.38391793 ], [ -85.84229116, 10.38393256 ], [ -85.84232228999997, 10.38391793 ], [ -85.842348969999989, 10.38390693 ], [ -85.842322289999984, 10.38391793 ] ] ], [ [ [ -85.841990899999985, 10.38409831 ], [ -85.84196132, 10.38411385 ], [ -85.841990899999985, 10.38409831 ], [ -85.84201546, 10.3840838 ], [ -85.841990899999985, 10.38409831 ] ] ], [ [ [ -85.841611269999987, 10.38449063 ], [ -85.84158952, 10.3845176 ], [ -85.841611269999973, 10.38449063 ], [ -85.841633879999989, 10.38445562 ], [ -85.841611269999987, 10.38449063 ] ] ], [ [ [ -85.841457029999987, 10.38455803 ], [ -85.8414364, 10.38458996 ], [ -85.841457029999972, 10.38455803 ], [ -85.841477309999988, 10.38453008 ], [ -85.841457029999987, 10.38455803 ] ] ], [ [ [ -85.841206249999985, 10.38463068 ], [ -85.84123366, 10.38463522 ], [ -85.841206249999971, 10.38463068 ], [ -85.84115500999998, 10.3846261 ], [ -85.841206249999985, 10.38463068 ] ] ], [ [ [ -85.841256049999984, 10.38464079 ], [ -85.84128615, 10.38465128 ], [ -85.84125604999997, 10.38464079 ], [ -85.84123366, 10.38463522 ], [ -85.841256049999984, 10.38464079 ] ] ], [ [ [ -85.841279729999982, 10.38477169 ], [ -85.84126689, 10.38479156 ], [ -85.841279729999968, 10.38477169 ], [ -85.84129223, 10.38473891 ], [ -85.841279729999982, 10.38477169 ] ] ], [ [ [ -85.841224729999979, 10.38480978 ], [ -85.841193469999979, 10.38481792 ], [ -85.84115464, 10.38482763 ], [ -85.841193469999965, 10.38481792 ], [ -85.841224729999965, 10.38480978 ], [ -85.8412489, 10.38480585 ], [ -85.841224729999979, 10.38480978 ] ] ], [ [ [ -85.841094539999986, 10.38483674 ], [ -85.8410724, 10.3848441 ], [ -85.841094539999972, 10.38483674 ], [ -85.84115464, 10.38482763 ], [ -85.841094539999986, 10.38483674 ] ] ], [ [ [ -85.840652219999981, 10.38487371 ], [ -85.84064106, 10.38490097 ], [ -85.840652219999967, 10.38487371 ], [ -85.840677379999988, 10.38483814 ], [ -85.840652219999981, 10.38487371 ] ] ], [ [ [ -85.840795629999988, 10.38518792 ], [ -85.84080674, 10.38521434 ], [ -85.840795629999974, 10.38518792 ], [ -85.84077895, 10.38516019 ], [ -85.840795629999988, 10.38518792 ] ] ], [ [ [ -85.840834569999984, 10.38532209 ], [ -85.840832279999987, 10.38533565 ], [ -85.84083456999997, 10.38532209 ], [ -85.8408236, 10.38530227 ], [ -85.840834569999984, 10.38532209 ] ] ], [ [ [ -85.840822119999984, 10.38536138 ], [ -85.84080625, 10.38537927 ], [ -85.84082211999997, 10.38536138 ], [ -85.840832279999987, 10.38533565 ], [ -85.840822119999984, 10.38536138 ] ] ], [ [ [ -85.840695859999983, 10.38540575 ], [ -85.84069866, 10.3854483 ], [ -85.840695859999968, 10.38540575 ], [ -85.840679169999987, 10.38537801 ], [ -85.840695859999983, 10.38540575 ] ] ], [ [ [ -85.840796449999985, 10.38559198 ], [ -85.84080055, 10.3856225 ], [ -85.840796449999971, 10.38559198 ], [ -85.840788889999985, 10.38556355 ], [ -85.840796449999985, 10.38559198 ] ] ], [ [ [ -85.840684049999979, 10.38575891 ], [ -85.84068971, 10.38579032 ], [ -85.840684049999979, 10.38575891 ], [ -85.84066948, 10.38573459 ], [ -85.840684049999979, 10.38575891 ] ] ], [ [ [ -85.840628849999987, 10.38595135 ], [ -85.84059915, 10.38596038 ], [ -85.840628849999973, 10.38595135 ], [ -85.84064684, 10.38593697 ], [ -85.840628849999987, 10.38595135 ] ] ], [ [ [ -85.840569439999982, 10.3859695 ], [ -85.84054229, 10.38597797 ], [ -85.840569439999967, 10.3859695 ], [ -85.84059915, 10.38596038 ], [ -85.840569439999982, 10.3859695 ] ] ], [ [ [ -85.84037687999998, 10.38585158 ], [ -85.84036183, 10.38588493 ], [ -85.840376879999965, 10.38585158 ], [ -85.84039374, 10.38583224 ], [ -85.84037687999998, 10.38585158 ] ] ], [ [ [ -85.84019208, 10.38587596 ], [ -85.840211669999974, 10.38586907 ], [ -85.840211669999974, 10.38586907 ], [ -85.84019208, 10.38587596 ] ] ], [ [ [ -85.840114199999988, 10.38593605 ], [ -85.84007536999998, 10.38594576 ], [ -85.840114199999974, 10.38593605 ], [ -85.84013422, 10.38592509 ], [ -85.840114199999988, 10.38593605 ] ] ], [ [ [ -85.839994170000011, 10.38593719 ], [ -85.83995436, 10.38591835 ], [ -85.839994170000011, 10.38593719 ], [ -85.84003283, 10.38594447 ], [ -85.839994170000011, 10.38593719 ] ] ], [ [ [ -85.839711529999988, 10.38593167 ], [ -85.83968952, 10.38594563 ], [ -85.839711529999974, 10.38593167 ], [ -85.83973354, 10.38591781 ], [ -85.839711529999988, 10.38593167 ] ] ], [ [ [ -85.839526149999983, 10.38609089 ], [ -85.8395063, 10.38611486 ], [ -85.839526149999969, 10.38609089 ], [ -85.83954492, 10.38606855 ], [ -85.839526149999983, 10.38609089 ] ] ], [ [ [ -85.839271469999986, 10.38651104 ], [ -85.83925741, 10.38654284 ], [ -85.839271469999971, 10.38651104 ], [ -85.83928319, 10.38648621 ], [ -85.839271469999986, 10.38651104 ] ] ], [ [ [ -85.839218749999986, 10.38664284 ], [ -85.83921057, 10.38666548 ], [ -85.839218749999972, 10.38664284 ], [ -85.83922735, 10.38661604 ], [ -85.839218749999986, 10.38664284 ] ] ], [ [ [ -85.839104379999981, 10.38692654 ], [ -85.839074629999985, 10.38695915 ], [ -85.83904631, 10.38698625 ], [ -85.839074629999985, 10.38695915 ], [ -85.839104379999981, 10.38692654 ], [ -85.83912125, 10.38690719 ], [ -85.839104379999981, 10.38692654 ] ] ], [ [ [ -85.838960599999979, 10.387065 ], [ -85.83894473, 10.38708281 ], [ -85.838960599999965, 10.387065 ], [ -85.83899347, 10.38703436 ], [ -85.838960599999979, 10.387065 ] ] ], [ [ [ -85.838621169999982, 10.38749567 ], [ -85.83859933, 10.38752264 ], [ -85.838621169999968, 10.38749567 ], [ -85.83863994, 10.38747324 ], [ -85.838621169999982, 10.38749567 ] ] ], [ [ [ -85.838504359999988, 10.38767266 ], [ -85.83848862, 10.38769706 ], [ -85.838504359999973, 10.38767266 ], [ -85.83852152999998, 10.38764283 ], [ -85.838504359999988, 10.38767266 ] ] ], [ [ [ -85.838374799999983, 10.38783942 ], [ -85.838356939999983, 10.38786031 ], [ -85.838374799999968, 10.38783942 ], [ -85.83839556, 10.38781399 ], [ -85.838374799999983, 10.38783942 ] ] ], [ [ [ -85.838125309999981, 10.38818119 ], [ -85.838110569999984, 10.38820405 ], [ -85.838125309999967, 10.38818119 ], [ -85.83814105, 10.38815688 ], [ -85.838125309999981, 10.38818119 ] ] ], [ [ [ -85.837955869999988, 10.38841288 ], [ -85.837936019999987, 10.38843676 ], [ -85.837955869999973, 10.38841288 ], [ -85.83797274, 10.38839354 ], [ -85.837955869999988, 10.38841288 ] ] ], [ [ [ -85.837732049999985, 10.38863142 ], [ -85.83770463, 10.38865697 ], [ -85.837732049999985, 10.38863142 ], [ -85.83775492, 10.38860942 ], [ -85.837732049999985, 10.38863142 ] ] ], [ [ [ -85.837505309999983, 10.38891468 ], [ -85.83749203, 10.38893844 ], [ -85.837505309999969, 10.38891468 ], [ -85.837525459999981, 10.38888023 ], [ -85.837505309999983, 10.38891468 ] ] ], [ [ [ -85.837476289999984, 10.38896284 ], [ -85.837460119999989, 10.38899122 ], [ -85.83744338, 10.38901707 ], [ -85.837460119999974, 10.38899122 ], [ -85.837476289999969, 10.38896284 ], [ -85.83749203, 10.38893844 ], [ -85.837476289999984, 10.38896284 ] ] ], [ [ [ -85.83742651999998, 10.38904604 ], [ -85.83742422, 10.38904998 ], [ -85.837426519999966, 10.38904604 ], [ -85.83744338, 10.38901707 ], [ -85.83742651999998, 10.38904604 ] ] ], [ [ [ -85.837372579999979, 10.38913306 ], [ -85.837364495, 10.389147250000324 ], [ -85.837372579999965, 10.38913306 ], [ -85.837381165, 10.389118145000356 ], [ -85.837372579999979, 10.38913306 ] ] ], [ [ [ -85.837165659999982, 10.38966717 ], [ -85.83715467, 10.38970745 ], [ -85.837165659999968, 10.38966717 ], [ -85.83716972, 10.38964401 ], [ -85.837165659999982, 10.38966717 ] ] ], [ [ [ -85.837141869999982, 10.38975081 ], [ -85.83713096000001, 10.38979109 ], [ -85.837141869999968, 10.38975081 ], [ -85.83715467, 10.38970745 ], [ -85.837141869999982, 10.38975081 ] ] ], [ [ [ -85.837120399999989, 10.38982739 ], [ -85.83710804, 10.38986668 ], [ -85.837120399999975, 10.38982739 ], [ -85.83713096000001, 10.38979109 ], [ -85.837120399999989, 10.38982739 ] ] ], [ [ [ -85.837069409999984, 10.38994309 ], [ -85.83705812, 10.38996385 ], [ -85.837069409999984, 10.38994309 ], [ -85.83709047, 10.38990709 ], [ -85.837069409999984, 10.38994309 ] ] ], [ [ [ -85.836929899999987, 10.390125 ], [ -85.83689915, 10.39015915 ], [ -85.836929899999973, 10.390125 ], [ -85.83694605, 10.39010841000044 ], [ -85.836929899999987, 10.390125 ] ] ], [ [ [ -85.836791079999983, 10.39028593 ], [ -85.83677578, 10.39030626 ], [ -85.836791079999969, 10.39028593 ], [ -85.836819799999986, 10.39024826 ], [ -85.836791079999983, 10.39028593 ] ] ], [ [ [ -85.836675359999987, 10.39046137 ], [ -85.836661509999985, 10.39048269 ], [ -85.83664923, 10.39050499 ], [ -85.836661509999985, 10.39048269 ], [ -85.836675359999973, 10.39046137 ], [ -85.8366994, 10.39042093 ], [ -85.836675359999987, 10.39046137 ] ] ], [ [ [ -85.836554389999989, 10.39066161 ], [ -85.83652935, 10.3907036 ], [ -85.836554389999975, 10.39066161 ], [ -85.83656767, 10.39063777 ], [ -85.836554389999989, 10.39066161 ] ] ], [ [ [ -85.836475419999985, 10.39080033 ], [ -85.83646413, 10.39082109 ], [ -85.836475419999971, 10.39080033 ], [ -85.8364887, 10.39077658 ], [ -85.836475419999985, 10.39080033 ] ] ], [ [ [ -85.836412179999982, 10.39091474 ], [ -85.836399, 10.39093859 ], [ -85.836412179999968, 10.39091474 ], [ -85.83642447, 10.39089253 ], [ -85.836412179999982, 10.39091474 ] ] ], [ [ [ -85.836383159999983, 10.3909629 ], [ -85.836369979999986, 10.39098674 ], [ -85.83635536, 10.39101602 ], [ -85.836369979999972, 10.39098674 ], [ -85.836383159999968, 10.3909629 ], [ -85.836399, 10.39093859 ], [ -85.836383159999983, 10.3909629 ] ] ], [ [ [ -85.836242649999988, 10.39122362 ], [ -85.836230929999985, 10.39124835 ], [ -85.836242649999974, 10.39122362 ], [ -85.83625593, 10.39119977 ], [ -85.836242649999988, 10.39122362 ] ] ], [ [ [ -85.836153469999985, 10.39141165 ], [ -85.83614373, 10.39143339 ], [ -85.836153469999971, 10.39141165 ], [ -85.8361641, 10.39138836 ], [ -85.836153469999985, 10.39141165 ] ] ], [ [ [ -85.836097409999979, 10.39153497 ], [ -85.83608136, 10.39156985 ], [ -85.836097409999965, 10.39153497 ], [ -85.83610913, 10.39151023 ], [ -85.836097409999979, 10.39153497 ] ] ], [ [ [ -85.836073189999979, 10.39159258 ], [ -85.836063019999983, 10.39161831 ], [ -85.836073189999979, 10.39159258 ], [ -85.83608136, 10.39156985 ], [ -85.836073189999979, 10.39159258 ] ] ], [ [ [ -85.836028069999983, 10.39172921 ], [ -85.836019899999982, 10.39175194 ], [ -85.836011289999988, 10.39177865 ], [ -85.836019899999968, 10.39175194 ], [ -85.836028069999969, 10.39172921 ], [ -85.83603854, 10.39169291 ], [ -85.836028069999983, 10.39172921 ] ] ], [ [ [ -85.836003149999982, 10.3918078 ], [ -85.83599554, 10.39183306 ], [ -85.836003149999968, 10.3918078 ], [ -85.836011289999988, 10.39177865 ], [ -85.836003149999982, 10.3918078 ] ] ], [ [ [ -85.835987929999988, 10.39185823 ], [ -85.83598122, 10.39188194 ], [ -85.835987929999973, 10.39185823 ], [ -85.83599554, 10.39183306 ], [ -85.835987929999988, 10.39185823 ] ] ], [ [ [ -85.835814729999981, 10.39238365 ], [ -85.835804559999985, 10.39240937 ], [ -85.83579496, 10.39243762 ], [ -85.835804559999971, 10.39240937 ], [ -85.835814729999967, 10.39238365 ], [ -85.83582333, 10.39235694 ], [ -85.835814729999981, 10.39238365 ] ] ], [ [ [ -85.835732969999981, 10.39259369 ], [ -85.83572168, 10.39261445 ], [ -85.835732969999967, 10.39259369 ], [ -85.83574413, 10.39256643 ], [ -85.835732969999981, 10.39259369 ] ] ], [ [ [ -85.835686179999982, 10.39269274 ], [ -85.83567445, 10.39271757 ], [ -85.835686179999982, 10.39269274 ], [ -85.8356979, 10.392668 ], [ -85.835686179999982, 10.39269274 ] ] ], [ [ [ -85.835664719999983, 10.39273922 ], [ -85.83565308999998, 10.39276405 ], [ -85.83564293, 10.39278977 ], [ -85.835653089999965, 10.39276405 ], [ -85.835664719999968, 10.39273922 ], [ -85.83567445, 10.39271757 ], [ -85.835664719999983, 10.39273922 ] ] ], [ [ [ -85.835538299999982, 10.39302173 ], [ -85.835532719999989, 10.393035360000297 ], [ -85.835538299999982, 10.39302173 ], [ -85.83554803, 10.39299998 ], [ -85.835538299999982, 10.39302173 ] ] ], [ [ [ -85.835397019999988, 10.393511 ], [ -85.83538874, 10.39354675 ], [ -85.835397019999974, 10.393511 ], [ -85.83540387, 10.39348087 ], [ -85.835397019999988, 10.393511 ] ] ], [ [ [ -85.835383349999987, 10.39357795 ], [ -85.83537753, 10.39361323 ], [ -85.835383349999972, 10.39357795 ], [ -85.83538874, 10.39354675 ], [ -85.835383349999987, 10.39357795 ] ] ], [ [ [ -85.835355059999983, 10.39378272 ], [ -85.835353749999982, 10.39380785 ], [ -85.835355059999983, 10.39378272 ], [ -85.83535988, 10.39374898 ], [ -85.835355059999983, 10.39378272 ] ] ], [ [ [ -85.835318289999989, 10.39406643 ], [ -85.83531598, 10.39409301 ], [ -85.835318289999975, 10.39406643 ], [ -85.83532271, 10.39404327 ], [ -85.835318289999989, 10.39406643 ] ] ], [ [ [ -85.835242419999986, 10.39453481 ], [ -85.83523856, 10.3945605 ], [ -85.835242419999972, 10.39453481 ], [ -85.835247289999984, 10.39450768 ], [ -85.835242419999986, 10.39453481 ] ] ], [ [ [ -85.835230859999982, 10.3946183 ], [ -85.83522912, 10.3946475 ], [ -85.835230859999967, 10.3946183 ], [ -85.83523525, 10.39458863 ], [ -85.835230859999982, 10.3946183 ] ] ], [ [ [ -85.835194329999979, 10.39492812 ], [ -85.835192489999983, 10.39495732 ], [ -85.835194329999979, 10.39492812 ], [ -85.835197640000018, 10.3949 ], [ -85.835194329999979, 10.39492812 ] ] ], [ [ [ -85.83518300999998, 10.39503772 ], [ -85.83517819, 10.39507145 ], [ -85.835183009999966, 10.39503772 ], [ -85.83518688, 10.39501212 ], [ -85.83518300999998, 10.39503772 ] ] ], [ [ [ -85.835161389999982, 10.39517964 ], [ -85.835157519999981, 10.39520532 ], [ -85.83515266, 10.39523246 ], [ -85.835157519999967, 10.39520532 ], [ -85.835161389999982, 10.39517964 ], [ -85.83516616, 10.3951525 ], [ -85.835161389999982, 10.39517964 ] ] ], [ [ [ -85.835084879999982, 10.39583401 ], [ -85.835082089999986, 10.39585807 ], [ -85.835078789999983, 10.39588628 ], [ -85.835077389999981, 10.39591141 ], [ -85.83507361, 10.3959371 ], [ -85.835077389999981, 10.39591141 ], [ -85.835078789999969, 10.39588628 ], [ -85.835082089999972, 10.39585807 ], [ -85.835084879999968, 10.39583401 ], [ -85.835090189999988, 10.3957897 ], [ -85.835084879999982, 10.39583401 ] ] ], [ [ [ -85.835072299999979, 10.39596223 ], [ -85.835070459999983, 10.39599134 ], [ -85.83506759, 10.39601549 ], [ -85.835070459999969, 10.39599134 ], [ -85.835072299999965, 10.39596223 ], [ -85.83507361, 10.3959371 ], [ -85.835072299999979, 10.39596223 ] ] ], [ [ [ -85.835062219999983, 10.3960964 ], [ -85.83505982, 10.39612308 ], [ -85.835062219999969, 10.3960964 ], [ -85.835066269999984, 10.39604062 ], [ -85.835062219999983, 10.3960964 ] ] ], [ [ [ -85.835041529999984, 10.39630619 ], [ -85.83503727, 10.39634236 ], [ -85.83504152999997, 10.39630619 ], [ -85.8350438, 10.39627292 ], [ -85.835041529999984, 10.39630619 ] ] ], [ [ [ -85.835034329999985, 10.39641621 ], [ -85.83503149, 10.39644695 ], [ -85.835034329999971, 10.39641621 ], [ -85.83503564, 10.39639108 ], [ -85.835034329999985, 10.39641621 ] ] ], [ [ [ -85.835034089999979, 10.39657852 ], [ -85.835034329999985, 10.39660464 ], [ -85.83503245, 10.39662733 ], [ -85.835034329999971, 10.39660464 ], [ -85.835034089999965, 10.39657852 ], [ -85.83503285, 10.39655395 ], [ -85.835034089999979, 10.39657852 ] ] ], [ [ [ -85.835021459999979, 10.39683896 ], [ -85.835022699999982, 10.39686353 ], [ -85.835023939999985, 10.3968882 ], [ -85.835022339999981, 10.39694342 ], [ -85.835023939999985, 10.3968882 ], [ -85.835022699999968, 10.39686353 ], [ -85.835021459999965, 10.39683896 ], [ -85.83502277, 10.39681383 ], [ -85.835021459999979, 10.39683896 ] ] ], [ [ [ -85.835021459999979, 10.39702739 ], [ -85.83501968, 10.39704999 ], [ -85.835021459999965, 10.39702739 ], [ -85.835022779999989, 10.39700225 ], [ -85.835021459999979, 10.39702739 ] ] ], [ [ [ -85.83501751999998, 10.39710278 ], [ -85.83501724, 10.39713288 ], [ -85.83501751999998, 10.39710278 ], [ -85.835018839999989, 10.39707765 ], [ -85.83501751999998, 10.39710278 ] ] ], [ [ [ -85.835046819999988, 10.39739903 ], [ -85.835051609999979, 10.3974216 ], [ -85.835056869999988, 10.39744669 ], [ -85.835051609999965, 10.3974216 ], [ -85.835046819999974, 10.39739903 ], [ -85.83503937, 10.39735732 ], [ -85.835046819999988, 10.39739903 ] ] ], [ [ [ -85.83507969999998, 10.39763689 ], [ -85.83508815, 10.39767706 ], [ -85.835079699999966, 10.39763689 ], [ -85.835076, 10.39761278 ], [ -85.83507969999998, 10.39763689 ] ] ], [ [ [ -85.835184449999986, 10.39803402 ], [ -85.835197869999988, 10.39806657 ], [ -85.835184449999971, 10.39803402 ], [ -85.83516687, 10.39799445 ], [ -85.835184449999986, 10.39803402 ] ] ], [ [ [ -85.835225809999983, 10.39813021 ], [ -85.83523821, 10.3981577 ], [ -85.835225809999969, 10.39813021 ], [ -85.83521286, 10.39810019 ], [ -85.835225809999983, 10.39813021 ] ] ], [ [ [ -85.835272679999989, 10.39821471 ], [ -85.835292169999988, 10.39823819 ], [ -85.835272679999974, 10.39821471 ], [ -85.83525518, 10.39818824 ], [ -85.835272679999989, 10.39821471 ] ] ], [ [ [ -85.835314679999982, 10.39826363 ], [ -85.83533617, 10.39828412 ], [ -85.835314679999968, 10.39826363 ], [ -85.835292169999988, 10.39823819 ], [ -85.835314679999982, 10.39826363 ] ] ], [ [ [ -85.835470229999984, 10.39835592 ], [ -85.835497729999986, 10.39836073 ], [ -85.83547022999997, 10.39835592 ], [ -85.83543923, 10.39834661 ], [ -85.835470229999984, 10.39835592 ] ] ], [ [ [ -85.835651359999986, 10.39840621 ], [ -85.83567596, 10.39842857 ], [ -85.835651359999972, 10.39840621 ], [ -85.83564156, 10.39838467 ], [ -85.835651359999986, 10.39840621 ] ] ], [ [ [ -85.836723779999986, 10.39859066 ], [ -85.83672665, 10.398597920000084 ], [ -85.836723779999986, 10.39859066 ], [ -85.83670186, 10.39857425 ], [ -85.836723779999986, 10.39859066 ] ] ], [ [ [ -85.836549669999982, 10.39871159 ], [ -85.83654015, 10.39872276 ], [ -85.836549669999968, 10.39871159 ], [ -85.83657558, 10.39870891 ], [ -85.836549669999982, 10.39871159 ] ] ], [ [ [ -85.836506319999984, 10.3987441 ], [ -85.83648197, 10.39874785 ], [ -85.83650631999997, 10.3987441 ], [ -85.83652154, 10.39874094 ], [ -85.836506319999984, 10.3987441 ] ] ], [ [ [ -85.836153669999987, 10.39882077 ], [ -85.836153669999973, 10.39882077 ], [ -85.83613266, 10.3988029 ], [ -85.836153669999987, 10.39882077 ] ] ], [ [ [ -85.836249559999985, 10.39881145 ], [ -85.83626888, 10.39882191 ], [ -85.83624955999997, 10.39881145 ], [ -85.83622261, 10.39880917 ], [ -85.836249559999985, 10.39881145 ] ] ], [ [ [ -85.836594509999983, 10.39879267 ], [ -85.836603669999988, 10.39879858 ], [ -85.836594509999969, 10.39879267 ], [ -85.836594509999983, 10.39879267 ] ] ], [ [ [ -85.836857179999981, 10.39895437 ], [ -85.8368451, 10.39896601 ], [ -85.836857179999981, 10.39895437 ], [ -85.83688252, 10.39894917 ], [ -85.836857179999981, 10.39895437 ] ] ], [ [ [ -85.836896679999981, 10.39899725 ], [ -85.8369099, 10.39901028 ], [ -85.836896679999967, 10.39899725 ], [ -85.83687116, 10.39898945 ], [ -85.836896679999981, 10.39899725 ] ] ], [ [ [ -85.836917319999984, 10.3991082 ], [ -85.83690329, 10.39912934 ], [ -85.836917319999969, 10.3991082 ], [ -85.83692438, 10.39909759 ], [ -85.836917319999984, 10.3991082 ] ] ], [ [ [ -85.836741219999979, 10.3991694 ], [ -85.83675405, 10.39919292 ], [ -85.836741219999965, 10.3991694 ], [ -85.83672233, 10.39915496 ], [ -85.836741219999979, 10.3991694 ] ] ], [ [ [ -85.836753689999981, 10.39921 ], [ -85.83674935, 10.39923307 ], [ -85.836753689999966, 10.39921 ], [ -85.83675405, 10.39919292 ], [ -85.836753689999981, 10.39921 ] ] ], [ [ [ -85.836787849999979, 10.3992906 ], [ -85.83679147, 10.3993016 ], [ -85.836787849999965, 10.3992906 ], [ -85.83676298, 10.39928522 ], [ -85.836787849999979, 10.3992906 ] ] ], [ [ [ -85.836668979999985, 10.39946036 ], [ -85.836653190000021, 10.399461 ], [ -85.83666897999997, 10.39946036 ], [ -85.83668862, 10.39944715 ], [ -85.836668979999985, 10.39946036 ] ] ], [ [ [ -85.836372749999981, 10.39942853 ], [ -85.83635872, 10.39944976 ], [ -85.836372749999967, 10.39942853 ], [ -85.83638634, 10.39941137 ], [ -85.836372749999981, 10.39942853 ] ] ], [ [ [ -85.836352299999987, 10.39947591 ], [ -85.83635965, 10.39949801 ], [ -85.836352299999973, 10.39947591 ], [ -85.83635872, 10.39944976 ], [ -85.836352299999987, 10.39947591 ] ] ], [ [ [ -85.836390179999981, 10.39956761 ], [ -85.83640392, 10.39957657 ], [ -85.836390179999967, 10.39956761 ], [ -85.83637726, 10.39954409 ], [ -85.836390179999981, 10.39956761 ] ] ], [ [ [ -85.836487889999987, 10.399605 ], [ -85.83649363, 10.39961952 ], [ -85.836487889999972, 10.399605 ], [ -85.83648028, 10.39960008 ], [ -85.836487889999987, 10.399605 ] ] ], [ [ [ -85.83656858999997, 10.39973097 ], [ -85.83656858999997, 10.39973097 ], [ -85.83655333, 10.39972763 ], [ -85.83656858999997, 10.39973097 ] ] ], [ [ [ -85.83669356999998, 10.39980987 ], [ -85.836692739999989, 10.39982452 ], [ -85.836693569999966, 10.39980987 ], [ -85.83668796, 10.39980186 ], [ -85.83669356999998, 10.39980987 ] ] ], [ [ [ -85.836709229999983, 10.39986554 ], [ -85.8367247, 10.3998885 ], [ -85.836709229999968, 10.39986554 ], [ -85.83669701, 10.39985106 ], [ -85.836709229999983, 10.39986554 ] ] ], [ [ [ -85.836739289999983, 10.39993261 ], [ -85.83672971999998, 10.39995029 ], [ -85.83671569, 10.39997151 ], [ -85.836729719999965, 10.39995029 ], [ -85.836739289999969, 10.39993261 ], [ -85.83673852, 10.39991056 ], [ -85.836739289999983, 10.39993261 ] ] ], [ [ [ -85.836413369999988, 10.39974081 ], [ -85.83640631, 10.39975142 ], [ -85.836413369999974, 10.39974081 ], [ -85.83642605, 10.39973812 ], [ -85.836413369999988, 10.39974081 ] ] ], [ [ [ -85.836396829999984, 10.39983182 ], [ -85.83639911, 10.39986145 ], [ -85.83639682999997, 10.39983182 ], [ -85.83639612, 10.39980317 ], [ -85.836396829999984, 10.39983182 ] ] ], [ [ [ -85.836408479999989, 10.39988706 ], [ -85.83641473, 10.39991061 ], [ -85.836408479999974, 10.39988706 ], [ -85.83639911, 10.39986145 ], [ -85.836408479999989, 10.39988706 ] ] ], [ [ [ -85.836411109999986, 10.40002522 ], [ -85.836397439999985, 10.40002928 ], [ -85.836411109999972, 10.40002522 ], [ -85.83642115, 10.40001007 ], [ -85.836411109999986, 10.40002522 ] ] ], [ [ [ -85.836286089999987, 10.39968849 ], [ -85.83627565, 10.39971421 ], [ -85.836286089999973, 10.39968849 ], [ -85.8362874, 10.39966336 ], [ -85.836286089999987, 10.39968849 ] ] ], [ [ [ -85.836241369999982, 10.39975273 ], [ -85.836244, 10.39976519 ], [ -85.836241369999968, 10.39975273 ], [ -85.83625851, 10.39973347 ], [ -85.836241369999982, 10.39975273 ] ] ], [ [ [ -85.835657539999985, 10.39972914 ], [ -85.83563422, 10.39973795 ], [ -85.835657539999971, 10.39972914 ], [ -85.83567917, 10.39971293 ], [ -85.835657539999985, 10.39972914 ] ] ], [ [ [ -85.835460549999979, 10.39979209 ], [ -85.83547602, 10.39981504 ], [ -85.835460549999965, 10.39979209 ], [ -85.83544935, 10.39978257 ], [ -85.835460549999979, 10.39979209 ] ] ], [ [ [ -85.835481239999979, 10.39989644 ], [ -85.835475209999984, 10.39991202 ], [ -85.83546211, 10.39991869 ], [ -85.835475209999984, 10.39991202 ], [ -85.835481239999979, 10.39989644 ], [ -85.835475979999984, 10.39987134 ], [ -85.835481239999979, 10.39989644 ] ] ], [ [ [ -85.83495903, 10.39909204 ], [ -85.834970109999986, 10.39908194 ], [ -85.834970109999986, 10.39908194 ], [ -85.83495903, 10.39909204 ] ] ], [ [ [ -85.83487394, 10.39912135 ], [ -85.834902879999973, 10.39912065 ], [ -85.834902879999987, 10.39912065 ], [ -85.83487394, 10.39912135 ] ] ], [ [ [ -85.834847769999982, 10.39914121 ], [ -85.83486008, 10.39915568 ], [ -85.834847769999968, 10.39914121 ], [ -85.834850709999984, 10.39913007 ], [ -85.834847769999982, 10.39914121 ] ] ], [ [ [ -85.834878089999989, 10.39919119 ], [ -85.83486917, 10.39921139 ], [ -85.834878089999989, 10.39919119 ], [ -85.834877449999979, 10.39917565 ], [ -85.834878089999989, 10.39919119 ] ] ], [ [ [ -85.834629179999979, 10.39910116 ], [ -85.83460702, 10.39912144 ], [ -85.834629179999965, 10.39910116 ], [ -85.83465803, 10.39908744 ], [ -85.834629179999979, 10.39910116 ] ] ], [ [ [ -85.834502289999989, 10.39922678 ], [ -85.834502289999989, 10.39922678 ], [ -85.83451998, 10.39922315 ], [ -85.834502289999989, 10.39922678 ] ] ], [ [ [ -85.834402699999984, 10.39927488 ], [ -85.83438051, 10.39928857 ], [ -85.834402699999984, 10.39927488 ], [ -85.83442542, 10.39925704 ], [ -85.834402699999984, 10.39927488 ] ] ], [ [ [ -85.834240420000015, 10.39910682 ], [ -85.834221449999987, 10.39907927 ], [ -85.834240420000015, 10.39910682 ], [ -85.83426147, 10.39913128 ], [ -85.834240420000015, 10.39910682 ] ] ], [ [ [ -85.833900749999984, 10.39859192 ], [ -85.83388725, 10.39860916 ], [ -85.833900749999984, 10.39859192 ], [ -85.83391186, 10.39858833 ], [ -85.833900749999984, 10.39859192 ] ] ], [ [ [ -85.832186439999987, 10.39680212 ], [ -85.832138819999983, 10.396808 ], [ -85.83211547, 10.39681021 ], [ -85.832138819999969, 10.396808 ], [ -85.832186439999987, 10.39680212 ], [ -85.8322098, 10.39679991 ], [ -85.832186439999987, 10.39680212 ] ] ], [ [ [ -85.831923219999979, 10.39682631 ], [ -85.83187707, 10.39683317 ], [ -85.831923219999979, 10.39682631 ], [ -85.8319506, 10.39682462 ], [ -85.831923219999979, 10.39682631 ] ] ], [ [ [ -85.831588179999983, 10.39688625 ], [ -85.8315644, 10.39689244 ], [ -85.831588179999969, 10.39688625 ], [ -85.83161207, 10.39688005 ], [ -85.831588179999983, 10.39688625 ] ] ], [ [ [ -85.831444919999981, 10.39692755 ], [ -85.83141759, 10.39693584 ], [ -85.831444919999967, 10.39692755 ], [ -85.83148948, 10.3969132 ], [ -85.831444919999981, 10.39692755 ] ] ], [ [ [ -85.831190619999987, 10.39699443 ], [ -85.83114763, 10.39700986 ], [ -85.831190619999973, 10.39699443 ], [ -85.83122207, 10.39698666 ], [ -85.831190619999987, 10.39699443 ] ] ], [ [ [ -85.830999299999988, 10.3970587 ], [ -85.83097607, 10.39706751 ], [ -85.830999299999974, 10.3970587 ], [ -85.83102762999998, 10.39704896 ], [ -85.830999299999988, 10.3970587 ] ] ], [ [ [ -85.830819649999981, 10.39712199 ], [ -85.83076601, 10.39714354 ], [ -85.830819649999967, 10.39712199 ], [ -85.830845429999982, 10.39711272 ], [ -85.830819649999981, 10.39712199 ] ] ], [ [ [ -85.830637519999982, 10.39719876 ], [ -85.83061075, 10.39720958 ], [ -85.830637519999968, 10.39719876 ], [ -85.830664389999981, 10.39718804 ], [ -85.830637519999982, 10.39719876 ] ] ], [ [ [ -85.830341669999981, 10.39732526 ], [ -85.83031281, 10.39733907 ], [ -85.830341669999967, 10.39732526 ], [ -85.83036845, 10.39731444 ], [ -85.830341669999981, 10.39732526 ] ] ], [ [ [ -85.830128099999982, 10.3974098 ], [ -85.83009678, 10.39742417 ], [ -85.830128099999968, 10.3974098 ], [ -85.83015496, 10.39739907 ], [ -85.830128099999982, 10.3974098 ] ] ], [ [ [ -85.829206929999984, 10.39784975 ], [ -85.82917509, 10.3978681 ], [ -85.82920692999997, 10.39784975 ], [ -85.82924379, 10.39783038 ], [ -85.829206929999984, 10.39784975 ] ] ], [ [ [ -85.829011379999983, 10.39795688 ], [ -85.82897798, 10.39797415 ], [ -85.829011379999983, 10.39795688 ], [ -85.82904213, 10.39793998 ], [ -85.829011379999983, 10.39795688 ] ] ], [ [ [ -85.828910829999984, 10.39801294 ], [ -85.82888054999998, 10.39803227 ], [ -85.82891082999997, 10.39801294 ], [ -85.82894258, 10.39799459 ], [ -85.828910829999984, 10.39801294 ] ] ], [ [ [ -85.828814869999988, 10.39807196 ], [ -85.82878704, 10.39809073 ], [ -85.828814869999974, 10.39807196 ], [ -85.82884416, 10.39805417 ], [ -85.828814869999988, 10.39807196 ] ] ], [ [ [ -85.828725909999989, 10.39812696 ], [ -85.82869818, 10.39814574 ], [ -85.828725909999974, 10.39812696 ], [ -85.82875775, 10.39810861 ], [ -85.828725909999989, 10.39812696 ] ] ], [ [ [ -85.828668889999989, 10.39816353 ], [ -85.82864115, 10.39818239 ], [ -85.828668889999975, 10.39816353 ], [ -85.82869818, 10.39814574 ], [ -85.828668889999989, 10.39816353 ] ] ], [ [ [ -85.82836014999998, 10.39839863 ], [ -85.828337, 10.39842045 ], [ -85.828360149999966, 10.39839863 ], [ -85.828385859999983, 10.39837634 ], [ -85.82836014999998, 10.39839863 ] ] ], [ [ [ -85.82830930999998, 10.39844582 ], [ -85.82828507, 10.3984691 ], [ -85.828309309999966, 10.39844582 ], [ -85.828337, 10.39842045 ], [ -85.82830930999998, 10.39844582 ] ] ], [ [ [ -85.828211069999981, 10.39853802 ], [ -85.82818939, 10.39856083 ], [ -85.828211069999966, 10.39853802 ], [ -85.82823266, 10.39851522 ], [ -85.828211069999981, 10.39853802 ] ] ], [ [ [ -85.828107929999987, 10.39865085 ], [ -85.828087239999988, 10.39867212 ], [ -85.82806768, 10.39869844 ], [ -85.828087239999974, 10.39867212 ], [ -85.828107929999973, 10.39865085 ], [ -85.828125979999982, 10.39863015 ], [ -85.828107929999987, 10.39865085 ] ] ], [ [ [ -85.827778359999982, 10.39913234 ], [ -85.82777808, 10.39916253 ], [ -85.827778359999968, 10.39913234 ], [ -85.82778426, 10.39911017 ], [ -85.827778359999982, 10.39913234 ] ] ], [ [ [ -85.827806339999981, 10.39920249 ], [ -85.8278106, 10.39922904 ], [ -85.827806339999967, 10.39920249 ], [ -85.82779709, 10.399189985000252 ], [ -85.827806339999981, 10.39920249 ] ] ], [ [ [ -85.827794059999988, 10.39932014 ], [ -85.827786639999985, 10.39934784 ], [ -85.827794059999974, 10.39932014 ], [ -85.827805019999985, 10.39929043 ], [ -85.827794059999988, 10.39932014 ] ] ], [ [ [ -85.827789589999981, 10.3993996 ], [ -85.82780298, 10.39942564 ], [ -85.827789589999966, 10.3993996 ], [ -85.82778178, 10.39937507 ], [ -85.827789589999981, 10.3993996 ] ] ], [ [ [ -85.827798359999989, 10.39966733 ], [ -85.827802189999986, 10.39969794 ], [ -85.827810469999989, 10.39972501 ], [ -85.827802189999971, 10.39969794 ], [ -85.827798359999974, 10.39966733 ], [ -85.827807199999981, 10.39963411 ], [ -85.827798359999989, 10.39966733 ] ] ], [ [ [ -85.827841359999979, 10.39977752 ], [ -85.82785938, 10.39980001 ], [ -85.827841359999965, 10.39977752 ], [ -85.82782598, 10.39975456 ], [ -85.827841359999979, 10.39977752 ] ] ], [ [ [ -85.827885089999981, 10.39984053 ], [ -85.827891809999983, 10.39986661 ], [ -85.827885089999967, 10.39984053 ], [ -85.82787273, 10.39981954 ], [ -85.827885089999981, 10.39984053 ] ] ], [ [ [ -85.827915809999979, 10.39994275 ], [ -85.8279292, 10.39996879 ], [ -85.827915809999965, 10.39994275 ], [ -85.82790445, 10.39992022 ], [ -85.827915809999979, 10.39994275 ] ] ], [ [ [ -85.827951519999985, 10.40008723 ], [ -85.827955259999982, 10.40011785 ], [ -85.82796061, 10.40014294 ], [ -85.827955259999968, 10.40011785 ], [ -85.827951519999971, 10.40008723 ], [ -85.82794869, 10.40005508 ], [ -85.827951519999985, 10.40008723 ] ] ], [ [ [ -85.828042339999982, 10.4004623 ], [ -85.82804405, 10.4004895 ], [ -85.828042339999968, 10.4004623 ], [ -85.828038079999985, 10.40043576 ], [ -85.828042339999982, 10.4004623 ] ] ], [ [ [ -85.828043449999981, 10.40054327 ], [ -85.828046809999989, 10.40057136 ], [ -85.82804796, 10.40059593 ], [ -85.828046809999975, 10.40057136 ], [ -85.828043449999967, 10.40054327 ], [ -85.82804377, 10.40051959 ], [ -85.828043449999981, 10.40054327 ] ] ], [ [ [ -85.82803389999998, 10.40098751 ], [ -85.82802492, 10.40101422 ], [ -85.828033899999966, 10.40098751 ], [ -85.82803979, 10.40096534 ], [ -85.82803389999998, 10.40098751 ] ] ], [ [ [ -85.827883889999981, 10.40101584 ], [ -85.82785802, 10.40102512 ], [ -85.827883889999967, 10.40101584 ], [ -85.82791223, 10.4010061 ], [ -85.827883889999981, 10.40101584 ] ] ], [ [ [ -85.82686409999998, 10.40126413 ], [ -85.82687204, 10.40129517 ], [ -85.826864099999966, 10.40126413 ], [ -85.826859839999983, 10.40123749 ], [ -85.82686409999998, 10.40126413 ] ] ], [ [ [ -85.826813569999985, 10.40153888 ], [ -85.82679962, 10.40157312 ], [ -85.82681356999997, 10.40153888 ], [ -85.82682856, 10.4015096 ], [ -85.826813569999985, 10.40153888 ] ] ], [ [ [ -85.826769379999988, 10.40178738 ], [ -85.82677428, 10.40182956 ], [ -85.826769379999973, 10.40178738 ], [ -85.82676958, 10.40174419 ], [ -85.826769379999988, 10.40178738 ] ] ], [ [ [ -85.826782449999982, 10.40196263 ], [ -85.826784679999989, 10.40198576 ], [ -85.826782449999968, 10.40196263 ], [ -85.826780099999979, 10.40191999 ], [ -85.826782449999982, 10.40196263 ] ] ], [ [ [ -85.826808319999984, 10.40258154 ], [ -85.82681716, 10.40261113 ], [ -85.826808319999969, 10.40258154 ], [ -85.826806405, 10.402566235000373 ], [ -85.826808319999984, 10.40258154 ] ] ], [ [ [ -85.826796759999979, 10.40285345 ], [ -85.826789869999985, 10.40287717 ], [ -85.82678656, 10.40290529 ], [ -85.826789869999971, 10.40287717 ], [ -85.826796759999979, 10.40285345 ], [ -85.82680261, 10.40282477 ], [ -85.826796759999979, 10.40285345 ] ] ], [ [ [ -85.826549039999989, 10.40334685 ], [ -85.826523809999983, 10.40337167 ], [ -85.82650013, 10.40339747 ], [ -85.826523809999969, 10.40337167 ], [ -85.826549039999975, 10.40334685 ], [ -85.82657561, 10.40331652 ], [ -85.826549039999989, 10.40334685 ] ] ], [ [ [ -85.826461559999984, 10.40345255 ], [ -85.82644801, 10.4034763 ], [ -85.82646155999997, 10.40345255 ], [ -85.82648057, 10.40342379 ], [ -85.826461559999984, 10.40345255 ] ] ], [ [ [ -85.826520859999988, 10.40357114 ], [ -85.82651245, 10.40360038 ], [ -85.826520859999974, 10.40357114 ], [ -85.826524729999988, 10.40354554 ], [ -85.826520859999988, 10.40357114 ] ] ], [ [ [ -85.826783489999983, 10.40378916 ], [ -85.82679325, 10.4038042 ], [ -85.826783489999983, 10.40378916 ], [ -85.82675802, 10.40377485 ], [ -85.826783489999983, 10.40378916 ] ] ], [ [ [ -85.826451479999989, 10.40415209 ], [ -85.82642773, 10.40416488 ], [ -85.826451479999974, 10.40415209 ], [ -85.8264783, 10.40414787 ], [ -85.826451479999989, 10.40415209 ] ] ], [ [ [ -85.826627699999989, 10.40442456 ], [ -85.826649139999986, 10.40443844 ], [ -85.8266686, 10.40445541 ], [ -85.826649139999972, 10.40443844 ], [ -85.826627699999975, 10.40442456 ], [ -85.8266038, 10.40441123 ], [ -85.826627699999989, 10.40442456 ] ] ], [ [ [ -85.826723549999983, 10.40453436 ], [ -85.82673435, 10.40455436 ], [ -85.826723549999969, 10.40453436 ], [ -85.82670865, 10.40451384 ], [ -85.826723549999983, 10.40453436 ] ] ], [ [ [ -85.827060739999979, 10.40468598 ], [ -85.827053889999988, 10.40471611 ], [ -85.82703744, 10.4047444 ], [ -85.827053889999974, 10.40471611 ], [ -85.827060739999965, 10.40468598 ], [ -85.82705605000001, 10.40466341 ], [ -85.827060739999979, 10.40468598 ] ] ], [ [ [ -85.827039469999974, 10.40481072 ], [ -85.827039469999974, 10.40481072 ], [ -85.827022649999989, 10.4048063 ], [ -85.827039469999974, 10.40481072 ] ] ], [ [ [ -85.827211879999979, 10.40478823 ], [ -85.82721398, 10.40480485 ], [ -85.827211879999979, 10.40478823 ], [ -85.82720258, 10.40477581 ], [ -85.827211879999979, 10.40478823 ] ] ], [ [ [ -85.827213229999984, 10.40483251 ], [ -85.827211389999988, 10.40486162 ], [ -85.82720808, 10.40488983 ], [ -85.827211389999974, 10.40486162 ], [ -85.82721322999997, 10.40483251 ], [ -85.82721398, 10.40480485 ], [ -85.827213229999984, 10.40483251 ] ] ], [ [ [ -85.827168599999979, 10.40495946 ], [ -85.82714332, 10.40497777 ], [ -85.827168599999965, 10.40495946 ], [ -85.82718664, 10.40493867 ], [ -85.827168599999979, 10.40495946 ] ] ], [ [ [ -85.827059319999989, 10.40506835 ], [ -85.82707306, 10.40507731 ], [ -85.827059319999975, 10.40506835 ], [ -85.82704593, 10.40504231 ], [ -85.827059319999989, 10.40506835 ] ] ], [ [ [ -85.827113749999981, 10.40515137 ], [ -85.8271342, 10.40516671 ], [ -85.827113749999967, 10.40515137 ], [ -85.82710192, 10.40512631 ], [ -85.827113749999981, 10.40515137 ] ] ], [ [ [ -85.827266349999988, 10.40512899 ], [ -85.82727312999998, 10.40514856 ], [ -85.827270819999981, 10.40517523 ], [ -85.827273129999966, 10.40514856 ], [ -85.827266349999974, 10.40512899 ], [ -85.82725005, 10.40512059 ], [ -85.827266349999988, 10.40512899 ] ] ], [ [ [ -85.827239369999987, 10.40524581 ], [ -85.82723092, 10.40526846 ], [ -85.827239369999972, 10.40524581 ], [ -85.827251369999985, 10.40522107 ], [ -85.827239369999987, 10.40524581 ] ] ], [ [ [ -85.827300149999985, 10.40535238 ], [ -85.82729529, 10.40537952 ], [ -85.827300149999971, 10.40535238 ], [ -85.82729649, 10.40533478 ], [ -85.827300149999985, 10.40535238 ] ] ], [ [ [ -85.82729372999998, 10.40550415 ], [ -85.827308169999981, 10.40552214 ], [ -85.82730871, 10.40553769 ], [ -85.827308169999966, 10.40552214 ], [ -85.827293729999965, 10.40550415 ], [ -85.8272693, 10.4054948 ], [ -85.82729372999998, 10.40550415 ] ] ], [ [ [ -85.826999179999987, 10.40573113 ], [ -85.8269913, 10.4057563 ], [ -85.826999179999973, 10.40573113 ], [ -85.82701879, 10.40571132 ], [ -85.826999179999987, 10.40573113 ] ] ], [ [ [ -85.82697908999998, 10.40582424 ], [ -85.82697622, 10.40584839 ], [ -85.826979089999966, 10.40582424 ], [ -85.82698591, 10.40578751 ], [ -85.82697908999998, 10.40582424 ] ] ], [ [ [ -85.826610659999986, 10.40620248 ], [ -85.82660013, 10.4062282 ], [ -85.826610659999972, 10.40620248 ], [ -85.82662157, 10.40617928 ], [ -85.826610659999986, 10.40620248 ] ] ], [ [ [ -85.826589219999988, 10.4062514 ], [ -85.82657765, 10.40627207 ], [ -85.826589219999974, 10.4062514 ], [ -85.82660013, 10.4062282 ], [ -85.826589219999988, 10.4062514 ] ] ], [ [ [ -85.82656369999998, 10.40636921 ], [ -85.82658109, 10.40637607 ], [ -85.82656369999998, 10.40636921 ], [ -85.8265539, 10.40634767 ], [ -85.82656369999998, 10.40636921 ] ] ], [ [ [ -85.82668812999998, 10.40636968 ], [ -85.826712, 10.40637659 ], [ -85.826688129999965, 10.40636968 ], [ -85.82666019, 10.40636893 ], [ -85.82668812999998, 10.40636968 ] ] ], [ [ [ -85.826728619999983, 10.40648693 ], [ -85.82675109, 10.40650587 ], [ -85.826728619999969, 10.40648693 ], [ -85.8267077, 10.40646906 ], [ -85.826728619999983, 10.40648693 ] ] ], [ [ [ -85.826763019999987, 10.40653093 ], [ -85.826773849999981, 10.40655743 ], [ -85.826763019999987, 10.40653093 ], [ -85.82675109, 10.40650587 ], [ -85.826763019999987, 10.40653093 ] ] ], [ [ [ -85.826783649999982, 10.40664179 ], [ -85.826784459999985, 10.40667043 ], [ -85.826783649999967, 10.40664179 ], [ -85.8267845, 10.40661413 ], [ -85.826783649999982, 10.40664179 ] ] ], [ [ [ -85.826707309999989, 10.40679369 ], [ -85.82668402, 10.40680891 ], [ -85.826707309999975, 10.40679369 ], [ -85.82672794, 10.40677893 ], [ -85.826707309999989, 10.40679369 ] ] ], [ [ [ -85.826649119999985, 10.40681869 ], [ -85.82662022, 10.406826 ], [ -85.826649119999971, 10.40681869 ], [ -85.82668402, 10.40680891 ], [ -85.826649119999985, 10.40681869 ] ] ], [ [ [ -85.825902789999986, 10.40717287 ], [ -85.8258872, 10.40719311 ], [ -85.825902789999972, 10.40717287 ], [ -85.82591426, 10.4071522 ], [ -85.825902789999986, 10.40717287 ] ] ], [ [ [ -85.825744449999988, 10.40730626 ], [ -85.82574672, 10.40733589 ], [ -85.825744449999974, 10.40730626 ], [ -85.82575644, 10.40728152 ], [ -85.825744449999988, 10.40730626 ] ] ], [ [ [ -85.825888479999989, 10.40741262 ], [ -85.82590386, 10.40743567 ], [ -85.825888479999975, 10.40741262 ], [ -85.825878735, 10.407400885000222 ], [ -85.825888479999989, 10.40741262 ] ] ], [ [ [ -85.825912269999989, 10.40753205 ], [ -85.82590797, 10.40756172 ], [ -85.825912269999975, 10.40753205 ], [ -85.825924269999987, 10.40750731 ], [ -85.825912269999989, 10.40753205 ] ] ], [ [ [ -85.825917209999986, 10.40758073 ], [ -85.825931559999987, 10.40759873 ], [ -85.825917209999972, 10.40758073 ], [ -85.82590797, 10.40756172 ], [ -85.825917209999986, 10.40758073 ] ] ], [ [ [ -85.825950329999984, 10.40771918 ], [ -85.82596922, 10.40773362 ], [ -85.825950329999969, 10.40771918 ], [ -85.82594355, 10.4076996 ], [ -85.825950329999984, 10.40771918 ] ] ], [ [ [ -85.826006039999982, 10.40777046 ], [ -85.826002139999986, 10.40778964 ], [ -85.825986589999985, 10.40781639 ], [ -85.82596751, 10.40783214 ], [ -85.825986589999971, 10.40781639 ], [ -85.826002139999972, 10.40778964 ], [ -85.826006039999967, 10.40777046 ], [ -85.825996239999981, 10.40774892 ], [ -85.826006039999982, 10.40777046 ] ] ], [ [ [ -85.825953519999985, 10.40785987 ], [ -85.825972279999988, 10.40786772 ], [ -85.82599472, 10.40788015 ], [ -85.825972279999974, 10.40786772 ], [ -85.82595351999997, 10.40785987 ], [ -85.82594881, 10.40785032 ], [ -85.825953519999985, 10.40785987 ] ] ], [ [ [ -85.825903429999983, 10.40806774 ], [ -85.8258843, 10.40808999 ], [ -85.825903429999983, 10.40806774 ], [ -85.82593064, 10.40805295 ], [ -85.825903429999983, 10.40806774 ] ] ], [ [ [ -85.825873859999987, 10.40811572 ], [ -85.825865439999987, 10.40814496 ], [ -85.825873859999973, 10.40811572 ], [ -85.8258843, 10.40808999 ], [ -85.825873859999987, 10.40811572 ] ] ], [ [ [ -85.825932519999981, 10.40847001 ], [ -85.82595257, 10.40849601 ], [ -85.825932519999967, 10.40847001 ], [ -85.825914019999985, 10.40844508 ], [ -85.825932519999981, 10.40847001 ] ] ], [ [ [ -85.825993409999981, 10.40853337 ], [ -85.82601992, 10.40853964 ], [ -85.825993409999967, 10.40853337 ], [ -85.82596994, 10.40851598 ], [ -85.825993409999981, 10.40853337 ] ] ], [ [ [ -85.826152189999988, 10.40883558 ], [ -85.826148319999987, 10.40886127 ], [ -85.82614554, 10.40888541 ], [ -85.826148319999973, 10.40886127 ], [ -85.826152189999988, 10.40883558 ], [ -85.82615801, 10.40880039 ], [ -85.826152189999988, 10.40883558 ] ] ], [ [ [ -85.826156339999983, 10.40896822 ], [ -85.82616773, 10.40899726 ], [ -85.826156339999969, 10.40896822 ], [ -85.82614494, 10.40893919 ], [ -85.826156339999983, 10.40896822 ] ] ], [ [ [ -85.826158529999987, 10.40911037 ], [ -85.826155139999983, 10.40913858 ], [ -85.82615127, 10.40916427 ], [ -85.826155139999969, 10.40913858 ], [ -85.826158529999972, 10.40911037 ], [ -85.82616287, 10.4090873 ], [ -85.826158529999987, 10.40911037 ] ] ], [ [ [ -85.82616625999998, 10.40938623 ], [ -85.82616252, 10.40941843 ], [ -85.82616625999998, 10.40938623 ], [ -85.82616609999998, 10.40936012 ], [ -85.82616625999998, 10.40938623 ] ] ], [ [ [ -85.826152149999984, 10.40951998 ], [ -85.82615745, 10.40955158 ], [ -85.82615214999997, 10.40951998 ], [ -85.82615347, 10.40949484 ], [ -85.826152149999984, 10.40951998 ] ] ], [ [ [ -85.826213089999982, 10.40971547 ], [ -85.826224049999979, 10.40974857 ], [ -85.826213089999968, 10.40971547 ], [ -85.826205799999983, 10.40968686 ], [ -85.826213089999982, 10.40971547 ] ] ], [ [ [ -85.826291969999986, 10.40998315 ], [ -85.82629726, 10.41001475 ], [ -85.826291969999971, 10.40998315 ], [ -85.826283589999989, 10.40995609 ], [ -85.826291969999986, 10.40998315 ] ] ], [ [ [ -85.826387089999983, 10.41026584 ], [ -85.826400439999986, 10.41028529 ], [ -85.826387089999969, 10.41026584 ], [ -85.82637418, 10.41024233 ], [ -85.826387089999983, 10.41026584 ] ] ], [ [ [ -85.826429379999979, 10.41047301 ], [ -85.826419339999987, 10.41048816 ], [ -85.82640431, 10.41051093 ], [ -85.826419339999973, 10.41048816 ], [ -85.826429379999965, 10.41047301 ], [ -85.82642867, 10.41044436 ], [ -85.826429379999979, 10.41047301 ] ] ], [ [ [ -85.826442689999979, 10.41073718 ], [ -85.82645098, 10.41076425 ], [ -85.826442689999965, 10.41073718 ], [ -85.82643488, 10.41071264 ], [ -85.826442689999979, 10.41073718 ] ] ], [ [ [ -85.826459589999985, 10.41081752 ], [ -85.8264613, 10.41084462 ], [ -85.82645958999997, 10.41081752 ], [ -85.8264568, 10.41079187 ], [ -85.826459589999985, 10.41081752 ] ] ], [ [ [ -85.826546669999985, 10.41098665 ], [ -85.82653161, 10.41100282 ], [ -85.826546669999971, 10.41098665 ], [ -85.826552689999986, 10.41097098 ], [ -85.826546669999985, 10.41098665 ] ] ], [ [ [ -85.826488719999986, 10.41116348 ], [ -85.826475689999981, 10.41118317 ], [ -85.826488719999972, 10.41116348 ], [ -85.826498769999986, 10.41114833 ], [ -85.826488719999986, 10.41116348 ] ] ], [ [ [ -85.825099619999989, 10.40929218 ], [ -85.82506926, 10.40929841 ], [ -85.825099619999975, 10.40929218 ], [ -85.82512951, 10.40928334 ], [ -85.825099619999989, 10.40929218 ] ] ], [ [ [ -85.824820839999987, 10.40934311 ], [ -85.824784379999983, 10.40935191 ], [ -85.824820839999987, 10.40934311 ], [ -85.824838575, 10.409339440000021 ], [ -85.824820839999987, 10.40934311 ] ] ], [ [ [ -85.824657409999986, 10.4094017 ], [ -85.824644849999984, 10.40942392 ], [ -85.82462883, 10.40944814 ], [ -85.824644849999984, 10.40942392 ], [ -85.824657409999972, 10.4094017 ], [ -85.82468255, 10.40937689 ], [ -85.824657409999986, 10.4094017 ] ] ], [ [ [ -85.82447295999998, 10.40975638 ], [ -85.824462519999983, 10.40978211 ], [ -85.824472959999966, 10.40975638 ], [ -85.82448639, 10.40972612 ], [ -85.82447295999998, 10.40975638 ] ] ], [ [ [ -85.824381049999985, 10.41001086 ], [ -85.824357829999983, 10.41001958 ], [ -85.824381049999971, 10.41001086 ], [ -85.82440022, 10.40999511 ], [ -85.824381049999985, 10.41001086 ] ] ], [ [ [ -85.824114080000015, 10.409816 ], [ -85.82408351, 10.40980271 ], [ -85.824114080000015, 10.409816 ], [ -85.82413652, 10.40982834 ], [ -85.824114080000015, 10.409816 ] ] ], [ [ [ -85.824013399999984, 10.40980274 ], [ -85.8239999, 10.4098199 ], [ -85.82401339999997, 10.40980274 ], [ -85.8240276, 10.40979453 ], [ -85.824013399999984, 10.40980274 ] ] ], [ [ [ -85.823989499999982, 10.40985213 ], [ -85.823985109999981, 10.4098818 ], [ -85.823989499999968, 10.40985213 ], [ -85.8239999, 10.4098199 ], [ -85.823989499999982, 10.40985213 ] ] ], [ [ [ -85.823905849999989, 10.41011406 ], [ -85.82389943, 10.4101403 ], [ -85.823905849999989, 10.41011406 ], [ -85.82391071, 10.41008692 ], [ -85.823905849999989, 10.41011406 ] ] ], [ [ [ -85.823982119999982, 10.41051452 ], [ -85.823971679999985, 10.41054016 ], [ -85.823982119999968, 10.41051452 ], [ -85.82398343, 10.4104893 ], [ -85.823982119999982, 10.41051452 ] ] ], [ [ [ -85.823995789999984, 10.41063599 ], [ -85.82398471, 10.41064609 ], [ -85.823995789999969, 10.41063599 ], [ -85.82399926, 10.41062088 ], [ -85.823995789999984, 10.41063599 ] ] ], [ [ [ -85.82376604000001, 10.41027897 ], [ -85.823769005, 10.410271185000095 ], [ -85.82376604000001, 10.41027897 ], [ -85.8237693, 10.41030715 ], [ -85.82376604000001, 10.41027897 ] ] ], [ [ [ -85.82380485, 10.40962192 ], [ -85.82378617000002, 10.40962718 ], [ -85.82378617000002, 10.40962718 ], [ -85.82380485, 10.40962192 ] ] ], [ [ [ -85.82256882999998, 10.40955232 ], [ -85.82259378, 10.40955769 ], [ -85.82256882999998, 10.40955232 ], [ -85.82253942, 10.40955059 ], [ -85.82256882999998, 10.40955232 ] ] ], [ [ [ -85.822055709999987, 10.40968303 ], [ -85.8220385, 10.40968918 ], [ -85.822055709999987, 10.40968303 ], [ -85.822065719999983, 10.40966128 ], [ -85.822055709999987, 10.40968303 ] ] ], [ [ [ -85.821645669999981, 10.40956209 ], [ -85.82161733, 10.40957192 ], [ -85.821645669999967, 10.40956209 ], [ -85.82165884, 10.409558765000019 ], [ -85.821645669999981, 10.40956209 ] ] ], [ [ [ -85.821429379999984, 10.40968397 ], [ -85.82141535, 10.4097052 ], [ -85.821429379999969, 10.40968397 ], [ -85.821446989999984, 10.40966724 ], [ -85.821429379999984, 10.40968397 ] ] ], [ [ [ -85.821385699999979, 10.40980288 ], [ -85.82138343, 10.40983606 ], [ -85.821385699999965, 10.40980288 ], [ -85.82138758, 10.40978028 ], [ -85.821385699999979, 10.40980288 ] ] ], [ [ [ -85.821407649999983, 10.40995142 ], [ -85.821408889999987, 10.40997608 ], [ -85.821409599999981, 10.41000464 ], [ -85.821408889999972, 10.40997608 ], [ -85.821407649999969, 10.40995142 ], [ -85.82140235, 10.40991982 ], [ -85.821407649999983, 10.40995142 ] ] ], [ [ [ -85.821539009999981, 10.41012329 ], [ -85.82151469, 10.41013345 ], [ -85.821539009999967, 10.41012329 ], [ -85.82155921, 10.41011251 ], [ -85.821539009999981, 10.41012329 ] ] ], [ [ [ -85.821341459999985, 10.41035893 ], [ -85.821341459999985, 10.41035893 ], [ -85.8213556, 10.41035731 ], [ -85.821341459999985, 10.41035893 ] ] ], [ [ [ -85.821039490000018, 10.41011112 ], [ -85.82100796, 10.41010579 ], [ -85.821039490000018, 10.41011112 ], [ -85.821071009999983, 10.41011637 ], [ -85.821039490000018, 10.41011112 ] ] ], [ [ [ -85.820928580000015, 10.40982907 ], [ -85.820956309999985, 10.40981029 ], [ -85.820928580000015, 10.40982907 ], [ -85.82090841, 10.40984635 ], [ -85.820928580000015, 10.40982907 ] ] ], [ [ [ -85.821056750000011, 10.40954619 ], [ -85.82105395, 10.40952054 ], [ -85.821056750000011, 10.40954619 ], [ -85.821063, 10.40956974 ], [ -85.821056750000011, 10.40954619 ] ] ], [ [ [ -85.820795160000017, 10.40839099 ], [ -85.8208066, 10.40836381 ], [ -85.820795160000017, 10.40839099 ], [ -85.820777189999987, 10.4084248 ], [ -85.820795160000017, 10.40839099 ] ] ], [ [ [ -85.82073167999998, 10.40819606 ], [ -85.820698639999989, 10.40819633 ], [ -85.820731679999966, 10.40819606 ], [ -85.820765629999983, 10.40819433 ], [ -85.82073167999998, 10.40819606 ] ] ], [ [ [ -85.819866480000016, 10.40727528 ], [ -85.81986408, 10.40723914 ], [ -85.819866480000016, 10.40727528 ], [ -85.819870219999984, 10.40730589 ], [ -85.819866480000016, 10.40727528 ] ] ], [ [ [ -85.819900600000011, 10.40514453 ], [ -85.81992275, 10.40512425 ], [ -85.819900600000011, 10.40514453 ], [ -85.819883489999981, 10.40517029 ], [ -85.819900600000011, 10.40514453 ] ] ], [ [ [ -85.82002402000002, 10.40490832 ], [ -85.820001619999985, 10.40490248 ], [ -85.82002402000002, 10.40490832 ], [ -85.82003633, 10.4049228 ], [ -85.82002402000002, 10.40490832 ] ] ], [ [ [ -85.820016780000017, 10.40425821 ], [ -85.82001291, 10.40422109 ], [ -85.820016780000017, 10.40425821 ], [ -85.820018059999981, 10.40428938 ], [ -85.820016780000017, 10.40425821 ] ] ], [ [ [ -85.819522890000016, 10.40179789 ], [ -85.819504919999986, 10.40176889 ], [ -85.819522890000016, 10.40179789 ], [ -85.81953429, 10.40182692 ], [ -85.819522890000016, 10.40179789 ] ] ], [ [ [ -85.819418400000018, 10.4016781 ], [ -85.81939887999998, 10.40164812 ], [ -85.819418400000018, 10.4016781 ], [ -85.81944247, 10.40170454 ], [ -85.819418400000018, 10.4016781 ] ] ], [ [ [ -85.817918700000021, 10.40085418 ], [ -85.817897245, 10.400846305000099 ], [ -85.817918700000021, 10.40085418 ], [ -85.81795209, 10.40086737 ], [ -85.817918700000021, 10.40085418 ] ] ], [ [ [ -85.817457750000017, 10.40066014 ], [ -85.81743387, 10.40064943 ], [ -85.817457750000017, 10.40066014 ], [ -85.81747630000001, 10.400670385000167 ], [ -85.817457750000017, 10.40066014 ] ] ], [ [ [ -85.81741116000002, 10.40063718 ], [ -85.81738982, 10.4006261 ], [ -85.81741116000002, 10.40063718 ], [ -85.81743387, 10.40064943 ], [ -85.81741116000002, 10.40063718 ] ] ], [ [ [ -85.815399430000014, 10.39997268 ], [ -85.815384035, 10.399970415 ], [ -85.815399430000014, 10.39997268 ], [ -85.8154262, 10.39997659 ], [ -85.815399430000014, 10.39997268 ] ] ], [ [ [ -85.813414939999987, 10.39978618 ], [ -85.8133904, 10.39978848 ], [ -85.813414939999973, 10.39978618 ], [ -85.8134435, 10.39978457 ], [ -85.813414939999987, 10.39978618 ] ] ], [ [ [ -85.81330442, 10.39979078 ], [ -85.81333288999997, 10.39978917 ], [ -85.813332889999984, 10.39978917 ], [ -85.81330442, 10.39979078 ] ] ], [ [ [ -85.813226389999983, 10.39979447 ], [ -85.81319891, 10.39979463 ], [ -85.813226389999969, 10.39979447 ], [ -85.813249839999983, 10.39979362 ], [ -85.813226389999983, 10.39979447 ] ] ], [ [ [ -85.81314442999998, 10.39979738 ], [ -85.813144429999966, 10.39979738 ], [ -85.81317299, 10.39979577 ], [ -85.81314442999998, 10.39979738 ] ] ], [ [ [ -85.812699269999982, 10.39982267 ], [ -85.81267071, 10.39982428 ], [ -85.812699269999982, 10.39982267 ], [ -85.81272892, 10.39981961 ], [ -85.812699269999982, 10.39982267 ] ] ], [ [ [ -85.812500549999982, 10.39984151 ], [ -85.8124771, 10.39984236 ], [ -85.812500549999967, 10.39984151 ], [ -85.8125302, 10.39983845 ], [ -85.812500549999982, 10.39984151 ] ] ], [ [ [ -85.812387859999987, 10.39984892 ], [ -85.8123582, 10.39985198 ], [ -85.812387859999987, 10.39984892 ], [ -85.81241751, 10.39984586 ], [ -85.812387859999987, 10.39984892 ] ] ], [ [ [ -85.812305099999989, 10.3998559 ], [ -85.81227545, 10.39985896 ], [ -85.812305099999989, 10.3998559 ], [ -85.81232964, 10.39985359 ], [ -85.812305099999989, 10.3998559 ] ] ], [ [ [ -85.812044469999989, 10.39987219 ], [ -85.81201444, 10.39987272 ], [ -85.812044469999975, 10.39987219 ], [ -85.812073039999987, 10.39987058 ], [ -85.812044469999989, 10.39987219 ] ] ], [ [ [ -85.81187208999998, 10.39988329 ], [ -85.81184755, 10.3998856 ], [ -85.811872089999966, 10.39988329 ], [ -85.81190174, 10.39988023 ], [ -85.81187208999998, 10.39988329 ] ] ], [ [ [ -85.811575299999987, 10.39991135 ], [ -85.81154564, 10.39991441 ], [ -85.811575299999987, 10.39991135 ], [ -85.81160641, 10.39990937 ], [ -85.811575299999987, 10.39991135 ] ] ], [ [ [ -85.811518549999988, 10.3999171 ], [ -85.81148781, 10.39992161 ], [ -85.811518549999974, 10.3999171 ], [ -85.81154564, 10.39991441 ], [ -85.811518549999988, 10.3999171 ] ] ], [ [ [ -85.811312169999979, 10.39993706 ], [ -85.81128252, 10.39994012 ], [ -85.811312169999965, 10.39993706 ], [ -85.81133927, 10.39993438 ], [ -85.811312169999979, 10.39993706 ] ] ], [ [ [ -85.810812199999987, 10.39997161 ], [ -85.810782169999982, 10.39997214 ], [ -85.81075214, 10.39997267 ], [ -85.810782169999968, 10.39997214 ], [ -85.810812199999987, 10.39997161 ], [ -85.810843319999989, 10.39996963 ], [ -85.810812199999987, 10.39997161 ] ] ], [ [ [ -85.810667529999989, 10.39997604 ], [ -85.810637499999984, 10.39997648 ], [ -85.810609029999981, 10.39997809 ], [ -85.81063749999997, 10.39997648 ], [ -85.810667529999989, 10.39997604 ], [ -85.81069865, 10.39997406 ], [ -85.810667529999989, 10.39997604 ] ] ], [ [ [ -85.810584489999982, 10.3999804 ], [ -85.81055592, 10.399982 ], [ -85.810584489999968, 10.3999804 ], [ -85.810609029999981, 10.39997809 ], [ -85.810584489999982, 10.3999804 ] ] ], [ [ [ -85.810419769999982, 10.39999036 ], [ -85.8103912, 10.39999197 ], [ -85.810419769999967, 10.39999036 ], [ -85.81044313, 10.39998951 ], [ -85.810419769999982, 10.39999036 ] ] ], [ [ [ -85.81004695999998, 10.39999202 ], [ -85.81001702, 10.39999255 ], [ -85.810046959999966, 10.39999202 ], [ -85.81007443, 10.39999186 ], [ -85.81004695999998, 10.39999202 ] ] ], [ [ [ -85.809788539999985, 10.39999628 ], [ -85.80975889, 10.39999934 ], [ -85.809788539999971, 10.39999628 ], [ -85.80981555, 10.3999936 ], [ -85.809788539999985, 10.39999628 ] ] ], [ [ [ -85.809434339999981, 10.4000431 ], [ -85.8094029, 10.40005169 ], [ -85.809434339999967, 10.4000431 ], [ -85.80946106, 10.40003789 ], [ -85.809434339999981, 10.4000431 ] ] ], [ [ [ -85.809348369999981, 10.40006356 ], [ -85.809303779999979, 10.40007141 ], [ -85.80927304, 10.40007592 ], [ -85.809303779999965, 10.40007141 ], [ -85.809348369999967, 10.40006356 ], [ -85.809363009999984, 10.400060765000012 ], [ -85.809348369999981, 10.40006356 ] ] ], [ [ [ -85.809245939999983, 10.4000786 ], [ -85.809217759999981, 10.40008274 ], [ -85.809245939999968, 10.4000786 ], [ -85.80927304, 10.40007592 ], [ -85.809245939999983, 10.4000786 ] ] ], [ [ [ -85.809157749999983, 10.40009284 ], [ -85.80913477, 10.40009622 ], [ -85.809157749999983, 10.40009284 ], [ -85.80919468, 10.40008612 ], [ -85.809157749999983, 10.40009284 ] ] ], [ [ [ -85.809081329999984, 10.40010664 ], [ -85.80905097, 10.40011368 ], [ -85.80908132999997, 10.40010664 ], [ -85.80910805, 10.40010143 ], [ -85.809081329999984, 10.40010664 ] ] ], [ [ [ -85.808924099999984, 10.40014919 ], [ -85.80890141, 10.4001551 ], [ -85.80892409999997, 10.40014919 ], [ -85.80895299, 10.40014108 ], [ -85.808924099999984, 10.40014919 ] ] ], [ [ [ -85.808622459999981, 10.40022328 ], [ -85.808598669999981, 10.40023065 ], [ -85.80857342, 10.40023694 ], [ -85.808598669999967, 10.40023065 ], [ -85.808622459999981, 10.40022328 ], [ -85.8086487, 10.40021554 ], [ -85.808622459999981, 10.40022328 ] ] ], [ [ [ -85.807367089999985, 10.40073682 ], [ -85.80732477, 10.40075983 ], [ -85.807367089999985, 10.40073682 ], [ -85.80739012, 10.40072431 ], [ -85.807367089999985, 10.40073682 ] ] ], [ [ [ -85.807044299999987, 10.40089689 ], [ -85.807033335, 10.400902420000051 ], [ -85.807044299999973, 10.40089689 ], [ -85.80706724, 10.40088447 ], [ -85.807044299999987, 10.40089689 ] ] ], [ [ [ -85.806916879999989, 10.40096358 ], [ -85.80689495, 10.40097455 ], [ -85.806916879999974, 10.40096358 ], [ -85.80693835, 10.40095008 ], [ -85.806916879999989, 10.40096358 ] ] ], [ [ [ -85.806637219999985, 10.40111481 ], [ -85.8065959, 10.40113638 ], [ -85.806637219999971, 10.40111481 ], [ -85.80666016, 10.4011023 ], [ -85.806637219999985, 10.40111481 ] ] ], [ [ [ -85.806530939999988, 10.40117443 ], [ -85.806491179999981, 10.40119716 ], [ -85.806469619999987, 10.40121065 ], [ -85.80644815, 10.40122415 ], [ -85.806469619999973, 10.40121065 ], [ -85.806491179999966, 10.40119716 ], [ -85.806530939999973, 10.40117443 ], [ -85.8065525, 10.40116093 ], [ -85.806530939999988, 10.40117443 ] ] ], [ [ [ -85.806109549999988, 10.40144494 ], [ -85.80609055, 10.40145806 ], [ -85.806109549999974, 10.40144494 ], [ -85.80614785, 10.40142114 ], [ -85.806109549999988, 10.40144494 ] ] ], [ [ [ -85.806068989999986, 10.40147165 ], [ -85.80604753, 10.40148515 ], [ -85.806068989999972, 10.40147165 ], [ -85.80609055, 10.40145806 ], [ -85.806068989999986, 10.40147165 ] ] ], [ [ [ -85.805986209999986, 10.40152137 ], [ -85.80596318, 10.40153379 ], [ -85.805986209999972, 10.40152137 ], [ -85.806025969999979, 10.40149864 ], [ -85.805986209999986, 10.40152137 ] ] ], [ [ [ -85.804887889999989, 10.40229683 ], [ -85.80485291, 10.40232531 ], [ -85.804887889999975, 10.40229683 ], [ -85.80491342, 10.4022749 ], [ -85.804887889999989, 10.40229683 ] ] ], [ [ [ -85.80475509999998, 10.40239798 ], [ -85.8047351, 10.40241255 ], [ -85.804755099999966, 10.40239798 ], [ -85.80479164, 10.40237057 ], [ -85.80475509999998, 10.40239798 ] ] ], [ [ [ -85.804348589999989, 10.40271549 ], [ -85.80431252, 10.40274543 ], [ -85.804348589999975, 10.40271549 ], [ -85.80437993, 10.40268884 ], [ -85.804348589999989, 10.40271549 ] ] ], [ [ [ -85.803836249999989, 10.40323514 ], [ -85.80382425, 10.40326024 ], [ -85.803836249999975, 10.40323514 ], [ -85.80385, 10.40321364 ], [ -85.803836249999989, 10.40323514 ] ] ], [ [ [ -85.80378082999998, 10.40334562 ], [ -85.80376079, 10.40336932 ], [ -85.803780829999965, 10.40334562 ], [ -85.80379714, 10.40332383 ], [ -85.80378082999998, 10.40334562 ] ] ], [ [ [ -85.803708879999988, 10.40358163 ], [ -85.80372251, 10.40360297 ], [ -85.803708879999974, 10.40358163 ], [ -85.80369851, 10.40355593 ], [ -85.803708879999988, 10.40358163 ] ] ], [ [ [ -85.803743899999986, 10.40362318 ], [ -85.80376802, 10.40362738 ], [ -85.803743899999972, 10.40362318 ], [ -85.80372251, 10.40360297 ], [ -85.803743899999986, 10.40362318 ] ] ], [ [ [ -85.803822649999987, 10.40363358 ], [ -85.80384545, 10.40364584 ], [ -85.803822649999972, 10.40363358 ], [ -85.80379659, 10.40362578 ], [ -85.803822649999987, 10.40363358 ] ] ], [ [ [ -85.80387288999998, 10.40365472 ], [ -85.80389895, 10.40366253 ], [ -85.803872889999965, 10.40365472 ], [ -85.80384545, 10.40364584 ], [ -85.80387288999998, 10.40365472 ] ] ], [ [ [ -85.80396306999998, 10.4037322 ], [ -85.80397089, 10.40375819 ], [ -85.803963069999966, 10.4037322 ], [ -85.80394868, 10.40370581 ], [ -85.80396306999998, 10.4037322 ] ] ], [ [ [ -85.803917769999984, 10.40382301 ], [ -85.80388925, 10.40383375 ], [ -85.80391776999997, 10.40382301 ], [ -85.80394155, 10.40381565 ], [ -85.803917769999984, 10.40382301 ] ] ], [ [ [ -85.803895039999986, 10.40395075 ], [ -85.803895039999986, 10.40395075 ], [ -85.80390634, 10.4039478 ], [ -85.803895039999986, 10.40395075 ] ] ], [ [ [ -85.803751139999989, 10.40415201 ], [ -85.80376368, 10.40417472 ], [ -85.803751139999974, 10.40415201 ], [ -85.80373201, 10.40412889 ], [ -85.803751139999989, 10.40415201 ] ] ], [ [ [ -85.80377267999998, 10.40419934 ], [ -85.80377756, 10.40422326 ], [ -85.803772679999966, 10.40419934 ], [ -85.80376368, 10.40417472 ], [ -85.80377267999998, 10.40419934 ] ] ], [ [ [ -85.803656869999983, 10.40431738 ], [ -85.80363276, 10.40433135 ], [ -85.803656869999969, 10.40431738 ], [ -85.80368018, 10.40430749 ], [ -85.803656869999983, 10.40431738 ] ] ], [ [ [ -85.80346720999998, 10.40438804 ], [ -85.803442389999987, 10.40440589 ], [ -85.803467209999965, 10.40438804 ], [ -85.80349458, 10.40436981 ], [ -85.80346720999998, 10.40438804 ] ] ], [ [ [ -85.803342069999985, 10.4044699 ], [ -85.80332936, 10.40449898 ], [ -85.803342069999971, 10.4044699 ], [ -85.80336093, 10.40444765 ], [ -85.803342069999985, 10.4044699 ] ] ], [ [ [ -85.803325879999989, 10.40452801 ], [ -85.80332897, 10.40455737 ], [ -85.803325879999974, 10.40452801 ], [ -85.80332936, 10.40449898 ], [ -85.803325879999989, 10.40452801 ] ] ], [ [ [ -85.803342229999984, 10.40476786 ], [ -85.80334569999998, 10.40479975 ], [ -85.80334222999997, 10.40476786 ], [ -85.803339899999983, 10.40474357 ], [ -85.803342229999984, 10.40476786 ] ] ], [ [ [ -85.803348559999989, 10.40485377 ], [ -85.80333656, 10.40487888 ], [ -85.803348559999989, 10.40485377 ], [ -85.80335172, 10.40483125 ], [ -85.803348559999989, 10.40485377 ] ] ], [ [ [ -85.803197249999982, 10.40490966 ], [ -85.80317276, 10.40492101 ], [ -85.803197249999968, 10.40490966 ], [ -85.80324809, 10.40490865 ], [ -85.803197249999982, 10.40490966 ] ] ], [ [ [ -85.803228299999986, 10.40503854 ], [ -85.80325077, 10.40505731 ], [ -85.803228299999972, 10.40503854 ], [ -85.80320554, 10.40501725 ], [ -85.803228299999986, 10.40503854 ] ] ], [ [ [ -85.803368899999981, 10.40529514 ], [ -85.80335278, 10.40530146 ], [ -85.803368899999967, 10.40529514 ], [ -85.803379389999989, 10.40527809 ], [ -85.803368899999981, 10.40529514 ] ] ], [ [ [ -85.802697200000011, 10.4048043 ], [ -85.80269449, 10.40477747 ], [ -85.802697200000011, 10.4048043 ], [ -85.80269991, 10.40483113 ], [ -85.802697200000011, 10.4048043 ] ] ], [ [ [ -85.80246266, 10.40462758 ], [ -85.802494489999972, 10.40462162 ], [ -85.802494489999972, 10.40462162 ], [ -85.80246266, 10.40462758 ] ] ], [ [ [ -85.802333939999983, 10.4046594 ], [ -85.802245409999983, 10.40465957 ], [ -85.802333939999968, 10.4046594 ], [ -85.80236724, 10.40465451 ], [ -85.802333939999983, 10.4046594 ] ] ], [ [ [ -85.801854619999986, 10.40469743 ], [ -85.80183183, 10.40470325 ], [ -85.801854619999972, 10.40469743 ], [ -85.80189547, 10.40468897 ], [ -85.801854619999986, 10.40469743 ] ] ], [ [ [ -85.801606369999988, 10.40478848 ], [ -85.80158279, 10.40479837 ], [ -85.801606369999973, 10.40478848 ], [ -85.80164982, 10.4047707 ], [ -85.801606369999988, 10.40478848 ] ] ], [ [ [ -85.80138239999998, 10.40489312 ], [ -85.8013581, 10.40490691 ], [ -85.801382399999966, 10.40489312 ], [ -85.80140296, 10.40488108 ], [ -85.80138239999998, 10.40489312 ] ] ], [ [ [ -85.80131068999998, 10.4049332 ], [ -85.80128602, 10.40494446 ], [ -85.80131068999998, 10.4049332 ], [ -85.801333809999988, 10.40492078 ], [ -85.80131068999998, 10.4049332 ] ] ], [ [ [ -85.801094359999979, 10.40506401 ], [ -85.80107082, 10.40508294 ], [ -85.801094359999965, 10.40506401 ], [ -85.801119449999987, 10.40504616 ], [ -85.801094359999979, 10.40506401 ] ] ], [ [ [ -85.801001719999988, 10.40513177 ], [ -85.80097672, 10.40514963 ], [ -85.801001719999988, 10.40513177 ], [ -85.80102082, 10.40511865 ], [ -85.801001719999988, 10.40513177 ] ] ], [ [ [ -85.800835119999988, 10.40526068 ], [ -85.800813059999982, 10.40528069 ], [ -85.80078952, 10.40529971 ], [ -85.800813059999967, 10.40528069 ], [ -85.800835119999974, 10.40526068 ], [ -85.80085719, 10.40524067 ], [ -85.800835119999988, 10.40526068 ] ] ], [ [ [ -85.80072586999998, 10.40535944 ], [ -85.80070271, 10.4053809 ], [ -85.800725869999965, 10.40535944 ], [ -85.80074794, 10.40533934 ], [ -85.80072586999998, 10.40535944 ] ] ], [ [ [ -85.800453069999989, 10.40562568 ], [ -85.800426179999988, 10.40564897 ], [ -85.800397119999985, 10.40567525 ], [ -85.800366969999985, 10.40570289 ], [ -85.80034273, 10.40572589 ], [ -85.80036696999997, 10.40570289 ], [ -85.800397119999971, 10.40567525 ], [ -85.800426179999974, 10.40564897 ], [ -85.800453069999975, 10.40562568 ], [ -85.80047987, 10.40560239 ], [ -85.800453069999989, 10.40562568 ] ] ], [ [ [ -85.800140469999988, 10.40590805 ], [ -85.800115749999989, 10.40592843 ], [ -85.800091509999987, 10.40595134 ], [ -85.800070529999985, 10.4059699 ], [ -85.800091509999987, 10.40595134 ], [ -85.800115749999975, 10.40592843 ], [ -85.800140469999974, 10.40590805 ], [ -85.80016618, 10.40588613 ], [ -85.800140469999988, 10.40590805 ] ] ], [ [ [ -85.799669349999988, 10.4063754 ], [ -85.799659049999988, 10.406385940000177 ], [ -85.799669349999974, 10.4063754 ], [ -85.79969586, 10.4063495 ], [ -85.799669349999988, 10.4063754 ] ] ], [ [ [ -85.799396089999988, 10.40665728 ], [ -85.799373689999982, 10.40668388 ], [ -85.799396089999973, 10.40665728 ], [ -85.79942222, 10.40662884 ], [ -85.799396089999988, 10.40665728 ] ] ], [ [ [ -85.798768739999986, 10.40740693 ], [ -85.79874375, 10.40744295 ], [ -85.798768739999971, 10.40740693 ], [ -85.79879265, 10.40737228 ], [ -85.798768739999986, 10.40740693 ] ] ], [ [ [ -85.798719849999983, 10.40747761 ], [ -85.79869557, 10.40750965 ], [ -85.798719849999969, 10.40747761 ], [ -85.79874375, 10.40744295 ], [ -85.798719849999983, 10.40747761 ] ] ], [ [ [ -85.798451459999981, 10.40782905 ], [ -85.79843044, 10.40785673 ], [ -85.798451459999967, 10.40782905 ], [ -85.79847683, 10.40779556 ], [ -85.798451459999981, 10.40782905 ] ] ], [ [ [ -85.798325659999989, 10.40800427 ], [ -85.79830511, 10.40803448 ], [ -85.798325659999975, 10.40800427 ], [ -85.79835065, 10.40796825 ], [ -85.798325659999989, 10.40800427 ] ] ], [ [ [ -85.798255039999987, 10.40810661 ], [ -85.798231139999984, 10.40814126 ], [ -85.798255039999987, 10.40810661 ], [ -85.798280029999987, 10.40807059 ], [ -85.798255039999987, 10.40810661 ] ] ], [ [ [ -85.79785314999998, 10.40870723 ], [ -85.7978318, 10.40874151 ], [ -85.79785314999998, 10.40870723 ], [ -85.79787558, 10.40867159 ], [ -85.79785314999998, 10.40870723 ] ] ], [ [ [ -85.797775929999986, 10.40883654 ], [ -85.79775722, 10.40887044 ], [ -85.797775929999972, 10.40883654 ], [ -85.79779619, 10.4088038 ], [ -85.797775929999986, 10.40883654 ] ] ], [ [ [ -85.797715609999983, 10.40893746 ], [ -85.79769436, 10.40897165 ], [ -85.797715609999969, 10.40893746 ], [ -85.79773695999998, 10.40890318 ], [ -85.797715609999983, 10.40893746 ] ] ], [ [ [ -85.797588459999986, 10.40914794 ], [ -85.79757038, 10.40917777 ], [ -85.797588459999972, 10.40914794 ], [ -85.79761052, 10.40910968 ], [ -85.797588459999986, 10.40914794 ] ] ], [ [ [ -85.797550959999981, 10.40921566 ], [ -85.79752744, 10.40925284 ], [ -85.797550959999981, 10.40921566 ], [ -85.79757038, 10.40917777 ], [ -85.797550959999981, 10.40921566 ] ] ], [ [ [ -85.797484039999986, 10.4093253 ], [ -85.79746416, 10.40936065 ], [ -85.797484039999972, 10.4093253 ], [ -85.79750501, 10.40928858 ], [ -85.797484039999986, 10.4093253 ] ] ], [ [ [ -85.797391709999985, 10.40949581 ], [ -85.79737301, 10.40952962 ], [ -85.797391709999971, 10.40949581 ], [ -85.79741013, 10.40945937 ], [ -85.797391709999985, 10.40949581 ] ] ], [ [ [ -85.797239839999989, 10.40977221 ], [ -85.79721192, 10.40982433 ], [ -85.797239839999975, 10.40977221 ], [ -85.79725863, 10.40973831 ], [ -85.797239839999989, 10.40977221 ] ] ], [ [ [ -85.797092399999983, 10.41004281 ], [ -85.79707851, 10.41007343 ], [ -85.797092399999968, 10.41004281 ], [ -85.79711228, 10.41000754 ], [ -85.797092399999983, 10.41004281 ] ] ], [ [ [ -85.796899769999982, 10.41040963 ], [ -85.7968763, 10.41045586 ], [ -85.796899769999968, 10.41040963 ], [ -85.79692371, 10.41036594 ], [ -85.796899769999982, 10.41040963 ] ] ], [ [ [ -85.796856419999983, 10.41049121 ], [ -85.79683512, 10.41053453 ], [ -85.796856419999969, 10.41049121 ], [ -85.7968763, 10.41045586 ], [ -85.796856419999983, 10.41049121 ] ] ], [ [ [ -85.796773349999981, 10.41065255 ], [ -85.79675673, 10.41068346 ], [ -85.796773349999981, 10.41065255 ], [ -85.79679277, 10.41061466 ], [ -85.796773349999981, 10.41065255 ] ] ], [ [ [ -85.796707489999989, 10.41078803 ], [ -85.79669025, 10.41082301 ], [ -85.796707489999989, 10.41078803 ], [ -85.796723639999982, 10.4107545 ], [ -85.796707489999989, 10.41078803 ] ] ], [ [ [ -85.796657479999979, 10.41088745 ], [ -85.79663798, 10.41092533 ], [ -85.796657479999965, 10.41088745 ], [ -85.79667292, 10.41085799 ], [ -85.796657479999979, 10.41088745 ] ] ], [ [ [ -85.796540939999986, 10.41111729 ], [ -85.79651964, 10.41116061 ], [ -85.796540939999971, 10.41111729 ], [ -85.79656261, 10.4110765 ], [ -85.796540939999986, 10.41111729 ] ] ], [ [ [ -85.796414449999986, 10.41139663 ], [ -85.79640086, 10.41142978 ], [ -85.796414449999972, 10.41139663 ], [ -85.79642843, 10.411366 ], [ -85.796414449999986, 10.41139663 ] ] ], [ [ [ -85.796216639999983, 10.41178228 ], [ -85.79619062, 10.41182897 ], [ -85.796216639999969, 10.41178228 ], [ -85.79623652, 10.41174701 ], [ -85.796216639999983, 10.41178228 ] ] ], [ [ [ -85.795992799999979, 10.41221462 ], [ -85.79597292, 10.41224998 ], [ -85.795992799999965, 10.41221462 ], [ -85.796013769999988, 10.41217781 ], [ -85.795992799999979, 10.41221462 ] ] ], [ [ [ -85.79559451999998, 10.41284071 ], [ -85.795575809999988, 10.41287462 ], [ -85.795594519999966, 10.41284071 ], [ -85.79561222, 10.41280835 ], [ -85.79559451999998, 10.41284071 ] ] ], [ [ [ -85.795533549999988, 10.41295475 ], [ -85.79551546, 10.41298458 ], [ -85.795533549999973, 10.41295475 ], [ -85.7955582, 10.41290707 ], [ -85.795533549999988, 10.41295475 ] ] ], [ [ [ -85.795471349999985, 10.4130611 ], [ -85.795454819999989, 10.4130921 ], [ -85.795471349999985, 10.4130611 ], [ -85.7954934, 10.41302284 ], [ -85.795471349999985, 10.4130611 ] ] ], [ [ [ -85.795394929999986, 10.4132046 ], [ -85.79537761, 10.41323958 ], [ -85.795394929999972, 10.4132046 ], [ -85.79541326, 10.41316816 ], [ -85.795394929999986, 10.4132046 ] ] ], [ [ [ -85.795307739999984, 10.41341078 ], [ -85.79529453, 10.41344646 ], [ -85.79530773999997, 10.41341078 ], [ -85.79532252, 10.41337617 ], [ -85.795307739999984, 10.41341078 ] ] ], [ [ [ -85.795283109999986, 10.41347671 ], [ -85.795269509999983, 10.41350977 ], [ -85.79525629, 10.41354545 ], [ -85.795269509999969, 10.41350977 ], [ -85.795283109999971, 10.41347671 ], [ -85.79529453, 10.41344646 ], [ -85.795283109999986, 10.41347671 ] ] ], [ [ [ -85.795242699999989, 10.41357861 ], [ -85.795226929999984, 10.41361466 ], [ -85.79520851, 10.4136511 ], [ -85.79522692999997, 10.41361466 ], [ -85.795242699999989, 10.41357861 ], [ -85.79525629, 10.41354545 ], [ -85.795242699999989, 10.41357861 ] ] ], [ [ [ -85.794980939999988, 10.41414898 ], [ -85.794966959999982, 10.41417961 ], [ -85.794980939999974, 10.41414898 ], [ -85.79499896999998, 10.41411002 ], [ -85.794980939999988, 10.41414898 ] ] ], [ [ [ -85.794815909999983, 10.41448845 ], [ -85.79480004, 10.41452451 ], [ -85.794815909999983, 10.41448845 ], [ -85.794833849999989, 10.41444949 ], [ -85.794815909999983, 10.41448845 ] ] ], [ [ [ -85.794729159999989, 10.41472445 ], [ -85.79471888, 10.41476229 ], [ -85.794729159999989, 10.41472445 ], [ -85.79473982, 10.41468915 ], [ -85.794729159999989, 10.41472445 ] ] ], [ [ [ -85.794696089999988, 10.41483191 ], [ -85.794690354999986, 10.414851555000618 ], [ -85.794696089999974, 10.41483191 ], [ -85.79470892, 10.41479361 ], [ -85.794696089999988, 10.41483191 ] ] ], [ [ [ -85.794658149999989, 10.41495169 ], [ -85.794647489999988, 10.414987 ], [ -85.7946306, 10.41503363 ], [ -85.794647489999974, 10.414987 ], [ -85.794658149999975, 10.41495169 ], [ -85.794671789999981, 10.41490941 ], [ -85.794658149999989, 10.41495169 ] ] ], [ [ [ -85.794473669999988, 10.41579582 ], [ -85.794467879999985, 10.41582541 ], [ -85.794473669999974, 10.41579582 ], [ -85.794502019999982, 10.41563453 ], [ -85.794473669999988, 10.41579582 ] ] ], [ [ [ -85.794438119999981, 10.41600127 ], [ -85.79443044, 10.41604786 ], [ -85.794438119999967, 10.41600127 ], [ -85.79444579, 10.41595468 ], [ -85.794438119999981, 10.41600127 ] ] ], [ [ [ -85.794421589999985, 10.41609598 ], [ -85.79441391, 10.41614257 ], [ -85.79442158999997, 10.41609598 ], [ -85.79443044, 10.41604786 ], [ -85.794421589999985, 10.41609598 ] ] ], [ [ [ -85.794293109999984, 10.41712842 ], [ -85.79429251, 10.41715192 ], [ -85.794293109999984, 10.41712842 ], [ -85.79429371, 10.41710492 ], [ -85.794293109999984, 10.41712842 ] ] ], [ [ [ -85.794294309999984, 10.41719448 ], [ -85.79429627, 10.41721751 ], [ -85.794294309999984, 10.41719448 ], [ -85.79429251, 10.41715192 ], [ -85.794294309999984, 10.41719448 ] ] ], [ [ [ -85.794306669999983, 10.41737669 ], [ -85.79430608, 10.4174002 ], [ -85.794306669999969, 10.41737669 ], [ -85.79430727, 10.41735319 ], [ -85.794306669999983, 10.41737669 ] ] ], [ [ [ -85.794328689999986, 10.41787417 ], [ -85.79433304, 10.41791617 ], [ -85.794328689999972, 10.41787417 ], [ -85.79432628, 10.4178356 ], [ -85.794328689999986, 10.41787417 ] ] ], [ [ [ -85.794388649999988, 10.41823823 ], [ -85.794397549999985, 10.41827677 ], [ -85.794388649999973, 10.41823823 ], [ -85.79438076, 10.41819815 ], [ -85.794388649999988, 10.41823823 ] ] ], [ [ [ -85.794404979999982, 10.41831432 ], [ -85.79441141, 10.41835342 ], [ -85.794404979999968, 10.41831432 ], [ -85.794397549999985, 10.41827677 ], [ -85.794404979999982, 10.41831432 ] ] ], [ [ [ -85.794457829999985, 10.41848872 ], [ -85.794474349999987, 10.41851926 ], [ -85.79445782999997, 10.41848872 ], [ -85.794445329999988, 10.4184586 ], [ -85.794457829999985, 10.41848872 ] ] ], [ [ [ -85.794563449999984, 10.41871135 ], [ -85.79457847, 10.4187344 ], [ -85.79456344999997, 10.41871135 ], [ -85.79454427, 10.4186942 ], [ -85.794563449999984, 10.41871135 ] ] ], [ [ [ -85.794427440000021, 10.41927316 ], [ -85.794399749999982, 10.41925253 ], [ -85.794427440000021, 10.41927316 ], [ -85.79445321, 10.41927726 ], [ -85.794427440000021, 10.41927316 ] ] ], [ [ [ -85.794239659999988, 10.41922622 ], [ -85.79421639, 10.41922816 ], [ -85.794239659999974, 10.41922622 ], [ -85.79426236, 10.41922185 ], [ -85.794239659999988, 10.41922622 ] ] ], [ [ [ -85.793947639999985, 10.41918394 ], [ -85.79392082, 10.4191878 ], [ -85.793947639999971, 10.41918394 ], [ -85.793973459999989, 10.41918154 ], [ -85.793947639999985, 10.41918394 ] ] ], [ [ [ -85.793684699999986, 10.41921524 ], [ -85.7936568, 10.41922064 ], [ -85.793684699999986, 10.41921524 ], [ -85.79371096, 10.41920886 ], [ -85.793684699999986, 10.41921524 ] ] ], [ [ [ -85.793547009999983, 10.41924321 ], [ -85.7935172, 10.4192516 ], [ -85.793547009999969, 10.41924321 ], [ -85.79357591, 10.41923627 ], [ -85.793547009999983, 10.41924321 ] ] ], [ [ [ -85.793220979999987, 10.41936732 ], [ -85.79319311, 10.41937922 ], [ -85.793220979999987, 10.41936732 ], [ -85.79324729, 10.41935443 ], [ -85.793220979999987, 10.41936732 ] ] ], [ [ [ -85.793171339999986, 10.41938865 ], [ -85.793144469999987, 10.41939902 ], [ -85.79311816, 10.41941191 ], [ -85.793144469999973, 10.41939902 ], [ -85.793171339999972, 10.41938865 ], [ -85.79319311, 10.41937922 ], [ -85.793171339999986, 10.41938865 ] ] ], [ [ [ -85.792937239999986, 10.41951315 ], [ -85.7929124, 10.41952711 ], [ -85.792937239999972, 10.41951315 ], [ -85.79296355, 10.41950026 ], [ -85.792937239999986, 10.41951315 ] ] ], [ [ [ -85.792888639999987, 10.41953945 ], [ -85.7928638, 10.41955341 ], [ -85.792888639999987, 10.41953945 ], [ -85.7929124, 10.41952711 ], [ -85.792888639999987, 10.41953945 ] ] ], [ [ [ -85.792785189999989, 10.41960103 ], [ -85.79275836, 10.41961799 ], [ -85.792785189999975, 10.41960103 ], [ -85.79281103, 10.4195857 ], [ -85.792785189999989, 10.41960103 ] ] ], [ [ [ -85.79265848999998, 10.41968407 ], [ -85.792628579999985, 10.41970548 ], [ -85.79260066, 10.4197238 ], [ -85.79262857999997, 10.41970548 ], [ -85.792658489999965, 10.41968407 ], [ -85.79268533, 10.4196672 ], [ -85.79265848999998, 10.41968407 ] ] ], [ [ [ -85.792450529999982, 10.41982821 ], [ -85.79242524999998, 10.41984615 ], [ -85.792450529999968, 10.41982821 ], [ -85.7924759, 10.41981035 ], [ -85.792450529999982, 10.41982821 ] ] ], [ [ [ -85.792377069999986, 10.41988149 ], [ -85.7923517, 10.41989934 ], [ -85.792377069999986, 10.41988149 ], [ -85.792403429999979, 10.41986209 ], [ -85.792377069999986, 10.41988149 ] ] ], [ [ [ -85.792254799999981, 10.41997399 ], [ -85.792230989999979, 10.41999293 ], [ -85.7922051, 10.42001476 ], [ -85.792230989999965, 10.41999293 ], [ -85.792254799999967, 10.41997399 ], [ -85.79227615, 10.41995553 ], [ -85.792254799999981, 10.41997399 ] ] ], [ [ [ -85.792067569999986, 10.42013627 ], [ -85.79204423, 10.42015764 ], [ -85.792067569999972, 10.42013627 ], [ -85.79209091, 10.42011481 ], [ -85.792067569999986, 10.42013627 ] ] ], [ [ [ -85.792000539999989, 10.42019602 ], [ -85.79198075, 10.42021547 ], [ -85.792000539999989, 10.42019602 ], [ -85.79201933, 10.42017811 ], [ -85.792000539999989, 10.42019602 ] ] ], [ [ [ -85.791807599999984, 10.42038282 ], [ -85.79178682, 10.42040373 ], [ -85.79180759999997, 10.42038282 ], [ -85.79182948, 10.42036038 ], [ -85.791807599999984, 10.42038282 ] ] ], [ [ [ -85.791705039999982, 10.42048841 ], [ -85.79168317, 10.42051086 ], [ -85.791705039999968, 10.42048841 ], [ -85.79172791, 10.42046452 ], [ -85.791705039999982, 10.42048841 ] ] ], [ [ [ -85.791622219999979, 10.42058115 ], [ -85.791600909999985, 10.42060603 ], [ -85.791580589999981, 10.42062946 ], [ -85.791600909999971, 10.42060603 ], [ -85.791622219999965, 10.42058115 ], [ -85.79164055, 10.42056071 ], [ -85.791622219999979, 10.42058115 ] ] ], [ [ [ -85.791319779999981, 10.42095157 ], [ -85.79130395, 10.42097796 ], [ -85.791319779999981, 10.42095157 ], [ -85.79133399, 10.42093062 ], [ -85.791319779999981, 10.42095157 ] ] ], [ [ [ -85.791271449999982, 10.42102586 ], [ -85.79125515, 10.42104981 ], [ -85.791271449999968, 10.42102586 ], [ -85.791287749999981, 10.42100191 ], [ -85.791271449999982, 10.42102586 ] ] ], [ [ [ -85.79095461999998, 10.42156283 ], [ -85.790941349999983, 10.42158884 ], [ -85.79092907, 10.42161331 ], [ -85.790941349999969, 10.42158884 ], [ -85.790954619999965, 10.42156283 ], [ -85.79096681, 10.42153845 ], [ -85.79095461999998, 10.42156283 ] ] ], [ [ [ -85.790849949999981, 10.42177806 ], [ -85.790837759999988, 10.42180253 ], [ -85.790849949999966, 10.42177806 ], [ -85.790871420000016, 10.42173366 ], [ -85.790849949999981, 10.42177806 ] ] ], [ [ [ -85.790759039999983, 10.42198932 ], [ -85.790745749999985, 10.42202826 ], [ -85.79073747, 10.42206626 ], [ -85.790745749999971, 10.42202826 ], [ -85.790759039999969, 10.42198932 ], [ -85.79076776, 10.42196686 ], [ -85.790759039999983, 10.42198932 ] ] ], [ [ [ -85.790806839999988, 10.42215815 ], [ -85.79081275999998, 10.42218821 ], [ -85.79081712, 10.42221728 ], [ -85.790812759999966, 10.42218821 ], [ -85.790806839999973, 10.42215815 ], [ -85.7907922, 10.42213762 ], [ -85.790806839999988, 10.42215815 ] ] ], [ [ [ -85.790891679999987, 10.42227561 ], [ -85.79091238, 10.42228724 ], [ -85.790891679999973, 10.42227561 ], [ -85.79086597, 10.422265 ], [ -85.790891679999987, 10.42227561 ] ] ], [ [ [ -85.790970119999983, 10.42237359 ], [ -85.790963420000011, 10.42239956 ], [ -85.790970119999969, 10.42237359 ], [ -85.790977289999987, 10.42235005 ], [ -85.790970119999983, 10.42237359 ] ] ], [ [ [ -85.790925859999987, 10.42264858 ], [ -85.79094645, 10.42267313 ], [ -85.790925859999973, 10.42264858 ], [ -85.79091284, 10.42262244 ], [ -85.790925859999987, 10.42264858 ] ] ], [ [ [ -85.79089537, 10.42279353 ], [ -85.790913059999966, 10.42279008 ], [ -85.790913059999966, 10.42279008 ], [ -85.79089537, 10.42279353 ] ] ], [ [ [ -85.790770469999984, 10.42291903 ], [ -85.790771439999986, 10.4229306 ], [ -85.790770469999984, 10.42291903 ], [ -85.79079384, 10.42290417 ], [ -85.790770469999984, 10.42291903 ] ] ], [ [ [ -85.790901889999986, 10.42359819 ], [ -85.79090052, 10.423614690000436 ], [ -85.790901889999986, 10.42359819 ], [ -85.79089992, 10.423581660000439 ], [ -85.790901889999986, 10.42359819 ] ] ], [ [ [ -85.790919149999979, 10.42367934 ], [ -85.79093932, 10.42369486 ], [ -85.790919149999979, 10.42367934 ], [ -85.790906629999981, 10.42366224 ], [ -85.790919149999979, 10.42367934 ] ] ], [ [ [ -85.791072549999981, 10.4242904 ], [ -85.7910684, 10.42431591 ], [ -85.791072549999967, 10.4242904 ], [ -85.791078780000021, 10.4242619 ], [ -85.791072549999981, 10.4242904 ] ] ], [ [ [ -85.791115059999981, 10.42473192 ], [ -85.791122449999989, 10.42476297 ], [ -85.791115059999967, 10.42473192 ], [ -85.79110501, 10.42471435 ], [ -85.791115059999981, 10.42473192 ] ] ], [ [ [ -85.791091419999987, 10.42481194 ], [ -85.791057009999989, 10.4248303 ], [ -85.791091419999972, 10.42481194 ], [ -85.791117889999981, 10.42477953 ], [ -85.791091419999987, 10.42481194 ] ] ], [ [ [ -85.791033209999981, 10.42509134 ], [ -85.791050709999979, 10.42511691 ], [ -85.79107416, 10.42513106 ], [ -85.791050709999965, 10.42511691 ], [ -85.791033209999966, 10.42509134 ], [ -85.79101733, 10.42506044 ], [ -85.791033209999981, 10.42509134 ] ] ], [ [ [ -85.791831679999987, 10.42512103 ], [ -85.79184345, 10.42515142 ], [ -85.791831679999973, 10.42512103 ], [ -85.79181603, 10.42509907 ], [ -85.791831679999987, 10.42512103 ] ] ], [ [ [ -85.792079959999981, 10.42533654 ], [ -85.792052809999987, 10.42534636 ], [ -85.792079959999967, 10.42533654 ], [ -85.79211374, 10.42532045 ], [ -85.792079959999981, 10.42533654 ] ] ], [ [ [ -85.792081019999983, 10.42542582 ], [ -85.79209264, 10.42544718 ], [ -85.792081019999969, 10.42542582 ], [ -85.79206485, 10.42540784 ], [ -85.792081019999983, 10.42542582 ] ] ], [ [ [ -85.79246286999998, 10.42551352 ], [ -85.79246598, 10.42553121 ], [ -85.792462869999966, 10.42551352 ], [ -85.792445139999984, 10.42549455 ], [ -85.79246286999998, 10.42551352 ] ] ], [ [ [ -85.792689629999984, 10.42571848 ], [ -85.79270883, 10.42573853 ], [ -85.79268962999997, 10.42571848 ], [ -85.79266982, 10.42570241 ], [ -85.792689629999984, 10.42571848 ] ] ], [ [ [ -85.792732119999982, 10.42594707 ], [ -85.79275169, 10.42596965 ], [ -85.792732119999968, 10.42594707 ], [ -85.79271538, 10.42592665 ], [ -85.792732119999982, 10.42594707 ] ] ], [ [ [ -85.792756129999987, 10.42599483 ], [ -85.79276349, 10.42602209 ], [ -85.792756129999972, 10.42599483 ], [ -85.79275169, 10.42596965 ], [ -85.792756129999987, 10.42599483 ] ] ], [ [ [ -85.793004649999986, 10.42633207 ], [ -85.79301008, 10.42635581 ], [ -85.793004649999972, 10.42633207 ], [ -85.79301113, 10.42631677 ], [ -85.793004649999986, 10.42633207 ] ] ], [ [ [ -85.793246519999983, 10.42624034 ], [ -85.79324613, 10.42625336 ], [ -85.793246519999968, 10.42624034 ], [ -85.793246519999983, 10.42624034 ] ] ], [ [ [ -85.793251459999979, 10.42644935 ], [ -85.793238249999987, 10.42647103 ], [ -85.793251459999965, 10.42644935 ], [ -85.79325771, 10.42642501 ], [ -85.793251459999979, 10.42644935 ] ] ], [ [ [ -85.79319178999998, 10.42650491 ], [ -85.79316975, 10.42651389 ], [ -85.793191789999966, 10.42650491 ], [ -85.793215450000019, 10.42649049 ], [ -85.79319178999998, 10.42650491 ] ] ], [ [ [ -85.793189479999981, 10.42662711 ], [ -85.793189479999967, 10.42662711 ], [ -85.79317037, 10.4266226 ], [ -85.793189479999981, 10.42662711 ] ] ], [ [ [ -85.793289119999983, 10.42665032 ], [ -85.793300495, 10.426659380000132 ], [ -85.793289119999969, 10.42665032 ], [ -85.79326675999998, 10.42663463 ], [ -85.793289119999983, 10.42665032 ] ] ], [ [ [ -85.79335915999998, 10.42669927 ], [ -85.7933662, 10.42671748 ], [ -85.793359159999966, 10.42669927 ], [ -85.79333826, 10.42668465 ], [ -85.79335915999998, 10.42669927 ] ] ], [ [ [ -85.793295229999984, 10.42676072 ], [ -85.79326979, 10.42676502 ], [ -85.79329522999997, 10.42676072 ], [ -85.793323229999984, 10.42675595 ], [ -85.793295229999984, 10.42676072 ] ] ], [ [ [ -85.793267119999982, 10.42680959 ], [ -85.793287079999985, 10.42681906 ], [ -85.793299685, 10.42682016 ], [ -85.793287079999971, 10.42681906 ], [ -85.793267119999967, 10.42680959 ], [ -85.79325341, 10.42679114 ], [ -85.793267119999982, 10.42680959 ] ] ], [ [ [ -85.793395799999985, 10.42699233 ], [ -85.79337375999998, 10.42700131 ], [ -85.793395799999985, 10.42699233 ], [ -85.79340777, 10.42697861 ], [ -85.793395799999985, 10.42699233 ] ] ], [ [ [ -85.79353940999998, 10.42708831 ], [ -85.79351817, 10.42710886 ], [ -85.793539409999966, 10.42708831 ], [ -85.79355271, 10.42706664 ], [ -85.79353940999998, 10.42708831 ] ] ], [ [ [ -85.793469299999984, 10.4271366 ], [ -85.79344905, 10.42715561 ], [ -85.793469299999984, 10.4271366 ], [ -85.79349451, 10.42712318 ], [ -85.793469299999984, 10.4271366 ] ] ], [ [ [ -85.793520869999981, 10.42721458 ], [ -85.79353751, 10.42723509 ], [ -85.793520869999966, 10.42721458 ], [ -85.79349997, 10.42720006 ], [ -85.793520869999981, 10.42721458 ] ] ], [ [ [ -85.793530409999988, 10.42725447 ], [ -85.793512709999987, 10.42727301 ], [ -85.793530409999988, 10.42725447 ], [ -85.79353751, 10.42723509 ], [ -85.793530409999988, 10.42725447 ] ] ], [ [ [ -85.793456779999985, 10.42735773 ], [ -85.793433829999984, 10.42738371 ], [ -85.793456779999971, 10.42735773 ], [ -85.79347764, 10.42733475 ], [ -85.793456779999985, 10.42735773 ] ] ], [ [ [ -85.793511699999982, 10.42759068 ], [ -85.793520769999986, 10.42761241 ], [ -85.793511699999968, 10.42759068 ], [ -85.79349638, 10.42757775 ], [ -85.793511699999982, 10.42759068 ] ] ], [ [ [ -85.793543989999989, 10.42763306 ], [ -85.793569669999982, 10.4276378 ], [ -85.79359852, 10.42763809 ], [ -85.793569669999968, 10.4276378 ], [ -85.793543989999975, 10.42763306 ], [ -85.793520769999986, 10.42761241 ], [ -85.793543989999989, 10.42763306 ] ] ], [ [ [ -85.793852079999979, 10.42765827 ], [ -85.79387876, 10.42766146 ], [ -85.793852079999965, 10.42765827 ], [ -85.79382385, 10.427654 ], [ -85.793852079999979, 10.42765827 ] ] ], [ [ [ -85.793891699999989, 10.4276904 ], [ -85.793878029999988, 10.42770955 ], [ -85.793891699999989, 10.4276904 ], [ -85.7938937, 10.42767195 ], [ -85.793891699999989, 10.4276904 ] ] ], [ [ [ -85.793821179999981, 10.42782681 ], [ -85.793805799999987, 10.42785148 ], [ -85.793821179999966, 10.42782681 ], [ -85.79382247, 10.4277968 ], [ -85.793821179999981, 10.42782681 ] ] ], [ [ [ -85.793802409999984, 10.42795958 ], [ -85.7938216, 10.42797963 ], [ -85.793802409999969, 10.42795958 ], [ -85.79378614, 10.42794169 ], [ -85.793802409999984, 10.42795958 ] ] ], [ [ [ -85.793775939999989, 10.42804062 ], [ -85.7937676, 10.42806796 ], [ -85.793775939999989, 10.42804062 ], [ -85.793795339999988, 10.42801656 ], [ -85.793775939999989, 10.42804062 ] ] ], [ [ [ -85.793829529999982, 10.42815329 ], [ -85.79384873, 10.42817333 ], [ -85.793829529999968, 10.42815329 ], [ -85.793804709999989, 10.42813806 ], [ -85.793829529999982, 10.42815329 ] ] ], [ [ [ -85.793931819999983, 10.42819148 ], [ -85.793934989999983, 10.42820267 ], [ -85.79394392, 10.42823091 ], [ -85.793934989999968, 10.42820267 ], [ -85.793931819999969, 10.42819148 ], [ -85.793931819999983, 10.42819148 ] ] ], [ [ [ -85.794012539999983, 10.42825682 ], [ -85.79403893, 10.42827303 ], [ -85.794012539999969, 10.42825682 ], [ -85.79398577, 10.42825354 ], [ -85.794012539999983, 10.42825682 ] ] ], [ [ [ -85.794181359999982, 10.42833947 ], [ -85.794181359999968, 10.42833947 ], [ -85.79415592, 10.42832823 ], [ -85.794181359999982, 10.42833947 ] ] ], [ [ [ -85.79443071999998, 10.42832804 ], [ -85.79444666, 10.4283369 ], [ -85.794430719999966, 10.42832804 ], [ -85.794430869999985, 10.42830599 ], [ -85.79443071999998, 10.42832804 ] ] ], [ [ [ -85.794886619999986, 10.42836787 ], [ -85.79487165, 10.42838503 ], [ -85.794886619999971, 10.42836787 ], [ -85.79489204, 10.42834208 ], [ -85.794886619999986, 10.42836787 ] ] ], [ [ [ -85.794854299999983, 10.42846375 ], [ -85.79484313, 10.42849002 ], [ -85.794854299999969, 10.42846375 ], [ -85.79487465, 10.42843056 ], [ -85.794854299999983, 10.42846375 ] ] ], [ [ [ -85.794835759999984, 10.42854275 ], [ -85.794822579999988, 10.4285525 ], [ -85.794822579999973, 10.4285525 ], [ -85.79483575999997, 10.42854275 ], [ -85.79484449, 10.42852029 ], [ -85.794835759999984, 10.42854275 ] ] ], [ [ [ -85.794841849999983, 10.42868163 ], [ -85.79485192, 10.4287019 ], [ -85.794841849999969, 10.42868163 ], [ -85.79483231, 10.42865728 ], [ -85.794841849999983, 10.42868163 ] ] ], [ [ [ -85.795209609999986, 10.42876397 ], [ -85.795190979999987, 10.42877754 ], [ -85.795183869999988, 10.42879692 ], [ -85.79519247, 10.42881612 ], [ -85.795183869999974, 10.42879692 ], [ -85.795190979999973, 10.42877754 ], [ -85.795209609999972, 10.42876397 ], [ -85.79522135, 10.42874122 ], [ -85.795209609999986, 10.42876397 ] ] ], [ [ [ -85.795194059999986, 10.42887034 ], [ -85.795200349999988, 10.42889904 ], [ -85.79521892, 10.42892307 ], [ -85.795200349999973, 10.42889904 ], [ -85.795194059999972, 10.42887034 ], [ -85.795196669999982, 10.42884782 ], [ -85.795194059999986, 10.42887034 ] ] ], [ [ [ -85.795361039999989, 10.42896493 ], [ -85.79538279, 10.42898451 ], [ -85.795361039999975, 10.42896493 ], [ -85.79534666, 10.42895705 ], [ -85.795361039999989, 10.42896493 ] ] ], [ [ [ -85.795360789999989, 10.42914378 ], [ -85.795360789999975, 10.42914378 ], [ -85.79535143, 10.42913497 ], [ -85.795360789999989, 10.42914378 ] ] ], [ [ [ -85.795531249999982, 10.42913026 ], [ -85.79553328, 10.42914932 ], [ -85.795531249999982, 10.42913026 ], [ -85.79552189, 10.42912146 ], [ -85.795531249999982, 10.42913026 ] ] ], [ [ [ -85.795531849999989, 10.42931417 ], [ -85.79552073, 10.42933294 ], [ -85.795531849999975, 10.42931417 ], [ -85.795527039999982, 10.42928645 ], [ -85.795531849999989, 10.42931417 ] ] ], [ [ [ -85.795462379999989, 10.42941153 ], [ -85.79545018, 10.42943175 ], [ -85.795462379999975, 10.42941153 ], [ -85.795482399999983, 10.42938349 ], [ -85.795462379999989, 10.42941153 ] ] ], [ [ [ -85.795836609999981, 10.42953821 ], [ -85.79581890999998, 10.42955675 ], [ -85.79580027, 10.42957032 ], [ -85.795818909999966, 10.42955675 ], [ -85.795836609999967, 10.42953821 ], [ -85.79584626, 10.42951836 ], [ -85.795836609999981, 10.42953821 ] ] ], [ [ [ -85.795613099999983, 10.42988605 ], [ -85.79561451, 10.42990909 ], [ -85.795613099999969, 10.42988605 ], [ -85.7956106, 10.42986438 ], [ -85.795613099999983, 10.42988605 ] ] ], [ [ [ -85.795877209999986, 10.42975669 ], [ -85.7958923, 10.42976058 ], [ -85.795877209999986, 10.42975669 ], [ -85.795877209999986, 10.42975669 ] ] ], [ [ [ -85.795922469999979, 10.42976845 ], [ -85.79594228, 10.42978452 ], [ -85.795922469999965, 10.42976845 ], [ -85.7958923, 10.42976058 ], [ -85.795922469999979, 10.42976845 ] ] ], [ [ [ -85.795811689999979, 10.43004906 ], [ -85.795812019999985, 10.43007364 ], [ -85.79581172, 10.4301022 ], [ -85.795812019999971, 10.43007364 ], [ -85.795811689999965, 10.43004906 ], [ -85.795812369999979, 10.43002303 ], [ -85.795811689999979, 10.43004906 ] ] ], [ [ [ -85.795810759999981, 10.43015679 ], [ -85.795809, 10.43018427 ], [ -85.795810759999966, 10.43015679 ], [ -85.795809579999982, 10.43012724 ], [ -85.795810759999981, 10.43015679 ] ] ], [ [ [ -85.795798639999987, 10.43019255 ], [ -85.795776219999979, 10.43019901 ], [ -85.795798639999973, 10.43019255 ], [ -85.795809, 10.43018427 ], [ -85.795798639999987, 10.43019255 ] ] ], [ [ [ -85.795681679999987, 10.43017496 ], [ -85.79566096, 10.43017589 ], [ -85.795681679999973, 10.43017496 ], [ -85.79569567999998, 10.43016476 ], [ -85.795681679999987, 10.43017496 ] ] ], [ [ [ -85.795615199999986, 10.43022124 ], [ -85.795599260000017, 10.43022784 ], [ -85.795615199999972, 10.43022124 ], [ -85.795630349999982, 10.43020317 ], [ -85.795615199999986, 10.43022124 ] ] ], [ [ [ -85.795422599999981, 10.4302282 ], [ -85.795422599999981, 10.4302282 ], [ -85.79544101, 10.43022113 ], [ -85.795422599999981, 10.4302282 ] ] ], [ [ [ -85.795353419999984, 10.43005597 ], [ -85.795323329999988, 10.43006373 ], [ -85.795353419999969, 10.43005597 ], [ -85.79537135, 10.43004647 ], [ -85.795353419999984, 10.43005597 ] ] ], [ [ [ -85.794949840000015, 10.42987351 ], [ -85.79492152, 10.4298537 ], [ -85.794949840000015, 10.42987351 ], [ -85.79497514, 10.42989117 ], [ -85.794949840000015, 10.42987351 ] ] ], [ [ [ -85.794677109999981, 10.42975801 ], [ -85.794643859999979, 10.42977012 ], [ -85.794609369999989, 10.42979029 ], [ -85.794579, 10.42981107 ], [ -85.794609369999975, 10.42979029 ], [ -85.794643859999965, 10.42977012 ], [ -85.794677109999967, 10.42975801 ], [ -85.79471462, 10.42975554 ], [ -85.794677109999981, 10.42975801 ] ] ], [ [ [ -85.79454767999998, 10.42982679 ], [ -85.79451149, 10.42983684 ], [ -85.794547679999965, 10.42982679 ], [ -85.794579, 10.42981107 ], [ -85.79454767999998, 10.42982679 ] ] ], [ [ [ -85.794328729999989, 10.42985504 ], [ -85.79430616, 10.42986791 ], [ -85.794328729999975, 10.42985504 ], [ -85.79434921, 10.42984507 ], [ -85.794328729999989, 10.42985504 ] ] ], [ [ [ -85.79404873999998, 10.43008164 ], [ -85.794030419999984, 10.43010416 ], [ -85.79400747, 10.43013013 ], [ -85.79403041999997, 10.43010416 ], [ -85.794048739999965, 10.43008164 ], [ -85.794069599999986, 10.43005857 ], [ -85.79404873999998, 10.43008164 ] ] ], [ [ [ -85.79394302999998, 10.43021111 ], [ -85.79392935, 10.43023026 ], [ -85.793943029999966, 10.43021111 ], [ -85.79396134, 10.4301885 ], [ -85.79394302999998, 10.43021111 ] ] ], [ [ [ -85.793831299999979, 10.43037396 ], [ -85.79381346, 10.43039909 ], [ -85.793831299999965, 10.43037396 ], [ -85.79384985, 10.43034493 ], [ -85.793831299999979, 10.43037396 ] ] ], [ [ [ -85.793784869999982, 10.43044543 ], [ -85.793768499999985, 10.43047155 ], [ -85.79375203, 10.43049767 ], [ -85.79376849999997, 10.43047155 ], [ -85.793784869999968, 10.43044543 ], [ -85.79380016, 10.43042077 ], [ -85.793784869999982, 10.43044543 ] ] ], [ [ [ -85.793664809999981, 10.43063562 ], [ -85.793647349999986, 10.4306632 ], [ -85.79363035, 10.4306933 ], [ -85.793647349999986, 10.4306632 ], [ -85.793664809999967, 10.43063562 ], [ -85.793672804999986, 10.430621300000331 ], [ -85.793664809999981, 10.43063562 ] ] ], [ [ [ -85.793415359999983, 10.43115767 ], [ -85.79340338, 10.43118693 ], [ -85.793415359999969, 10.43115767 ], [ -85.79342469, 10.43112879 ], [ -85.793415359999983, 10.43115767 ] ] ], [ [ [ -85.793268359999985, 10.43153906 ], [ -85.79325894, 10.43156786 ], [ -85.793268359999971, 10.43153906 ], [ -85.793279629999986, 10.43151379 ], [ -85.793268359999985, 10.43153906 ] ] ], [ [ [ -85.793203969999979, 10.43171068 ], [ -85.79319356, 10.43174102 ], [ -85.793203969999965, 10.43171068 ], [ -85.79321122, 10.43168489 ], [ -85.793203969999979, 10.43171068 ] ] ], [ [ [ -85.793178209999979, 10.43180319 ], [ -85.79317073, 10.43183559 ], [ -85.793178209999965, 10.43180319 ], [ -85.79318569, 10.43177089 ], [ -85.793178209999979, 10.43180319 ] ] ], [ [ [ -85.793096749999989, 10.43210225 ], [ -85.793088179999984, 10.43213609 ], [ -85.793096749999975, 10.43210225 ], [ -85.79310523, 10.4320684 ], [ -85.793096749999989, 10.43210225 ] ] ], [ [ [ -85.793069749999987, 10.43220271 ], [ -85.79306289, 10.43223113 ], [ -85.793069749999972, 10.43220271 ], [ -85.79307823, 10.43216887 ], [ -85.793069749999987, 10.43220271 ] ] ], [ [ [ -85.793020309999989, 10.43251307 ], [ -85.793014389999982, 10.43254645 ], [ -85.793020309999974, 10.43251307 ], [ -85.79302524, 10.43248114 ], [ -85.793020309999989, 10.43251307 ] ] ], [ [ [ -85.792899889999987, 10.4336934 ], [ -85.792896899999988, 10.43372885 ], [ -85.792899889999987, 10.4336934 ], [ -85.792900535, 10.433678350000362 ], [ -85.792899889999987, 10.4336934 ] ] ], [ [ [ -85.792888549999986, 10.43394407 ], [ -85.792887019999981, 10.43398059 ], [ -85.792888549999972, 10.43394407 ], [ -85.79288998, 10.43390755 ], [ -85.792888549999986, 10.43394407 ] ] ], [ [ [ -85.792885229999982, 10.43408327 ], [ -85.7928838, 10.43411988 ], [ -85.792885229999968, 10.43408327 ], [ -85.79288662, 10.43405326 ], [ -85.792885229999982, 10.43408327 ] ] ], [ [ [ -85.792883299999986, 10.43419245 ], [ -85.79288442, 10.4342286 ], [ -85.792883299999971, 10.43419245 ], [ -85.79288336, 10.43415495 ], [ -85.792883299999986, 10.43419245 ] ] ], [ [ [ -85.792894559999979, 10.43445231 ], [ -85.79289512, 10.43448592 ], [ -85.792894559999965, 10.43445231 ], [ -85.79289306, 10.43441373 ], [ -85.792894559999979, 10.43445231 ] ] ], [ [ [ -85.792895419999979, 10.43457006 ], [ -85.7928963, 10.43461271 ], [ -85.792895419999965, 10.43457006 ], [ -85.792896, 10.43452857 ], [ -85.792895419999979, 10.43457006 ] ] ], [ [ [ -85.792889659999986, 10.43495075 ], [ -85.79289007, 10.43499087 ], [ -85.792889659999972, 10.43495075 ], [ -85.79288971, 10.43491315 ], [ -85.792889659999986, 10.43495075 ] ] ], [ [ [ -85.792889459999984, 10.43510755 ], [ -85.79289119, 10.43513971 ], [ -85.792889459999984, 10.43510755 ], [ -85.79289051, 10.4350685 ], [ -85.792889459999984, 10.43510755 ] ] ], [ [ [ -85.792892669999986, 10.43525349 ], [ -85.792894549999986, 10.4352946 ], [ -85.792892669999986, 10.43525349 ], [ -85.79289372, 10.43521444 ], [ -85.792892669999986, 10.43525349 ] ] ], [ [ [ -85.792896659999982, 10.4353292 ], [ -85.792898539999982, 10.4353704 ], [ -85.792896659999982, 10.4353292 ], [ -85.792894549999986, 10.4352946 ], [ -85.792896659999982, 10.4353292 ] ] ], [ [ [ -85.792926829999985, 10.43576599 ], [ -85.79293088, 10.43580411 ], [ -85.792926829999985, 10.43576599 ], [ -85.79292372, 10.43573284 ], [ -85.792926829999985, 10.43576599 ] ] ], [ [ [ -85.792939369999985, 10.43588305 ], [ -85.79294489, 10.43592224 ], [ -85.792939369999971, 10.43588305 ], [ -85.7929354, 10.43584484 ], [ -85.792939369999985, 10.43588305 ] ] ], [ [ [ -85.792967589999989, 10.4361879 ], [ -85.79297056, 10.43622756 ], [ -85.792967589999975, 10.4361879 ], [ -85.792965470000013, 10.4361533 ], [ -85.792967589999989, 10.4361879 ] ] ], [ [ [ -85.793019069999986, 10.4366638 ], [ -85.793024970000019, 10.43670552 ], [ -85.793019069999971, 10.4366638 ], [ -85.79301417, 10.43662053 ], [ -85.793019069999986, 10.4366638 ] ] ], [ [ [ -85.793065569999982, 10.43690854 ], [ -85.79307705, 10.43695195 ], [ -85.793065569999968, 10.43690854 ], [ -85.7930541, 10.43686513 ], [ -85.793065569999982, 10.43690854 ] ] ], [ [ [ -85.793318069999984, 10.43781015 ], [ -85.793334189999982, 10.43785009 ], [ -85.79331806999997, 10.43781015 ], [ -85.79330404, 10.43776712 ], [ -85.793318069999984, 10.43781015 ] ] ], [ [ [ -85.793437929999982, 10.43819004 ], [ -85.79345112, 10.43822801 ], [ -85.793437929999968, 10.43819004 ], [ -85.79342475, 10.43815216 ], [ -85.793437929999982, 10.43819004 ] ] ], [ [ [ -85.793636029999988, 10.43883917 ], [ -85.79364898, 10.43888365 ], [ -85.793636029999973, 10.43883917 ], [ -85.793623469999986, 10.43879722 ], [ -85.793636029999988, 10.43883917 ] ] ], [ [ [ -85.793736399999986, 10.43911488 ], [ -85.7937536, 10.43915347 ], [ -85.793736399999972, 10.43911488 ], [ -85.79372029, 10.43907494 ], [ -85.793736399999986, 10.43911488 ] ] ], [ [ [ -85.793856399999981, 10.43937566 ], [ -85.793873139999988, 10.43941163 ], [ -85.7938901, 10.43944118 ], [ -85.793873139999974, 10.43941163 ], [ -85.793856399999967, 10.43937566 ], [ -85.79383821, 10.43933853 ], [ -85.793856399999981, 10.43937566 ] ] ], [ [ [ -85.793982659999983, 10.43961191 ], [ -85.79399892, 10.43964544 ], [ -85.793982659999969, 10.43961191 ], [ -85.79396725, 10.43958353 ], [ -85.793982659999983, 10.43961191 ] ] ], [ [ [ -85.794129769999984, 10.44025419 ], [ -85.79413568, 10.44028037 ], [ -85.794129769999969, 10.44025419 ], [ -85.79412241, 10.44022694 ], [ -85.794129769999984, 10.44025419 ] ] ], [ [ [ -85.794173139999984, 10.44041265 ], [ -85.79418051, 10.4404399 ], [ -85.79417313999997, 10.44041265 ], [ -85.79416421, 10.44038441 ], [ -85.794173139999984, 10.44041265 ] ] ], [ [ [ -85.794393589999984, 10.44085189 ], [ -85.794431749999987, 10.44088304 ], [ -85.794393589999984, 10.44085189 ], [ -85.79438399, 10.440841870000162 ], [ -85.794393589999984, 10.44085189 ] ] ], [ [ [ -85.794503399999982, 10.44092647 ], [ -85.79454851, 10.44094474 ], [ -85.794503399999968, 10.44092647 ], [ -85.79447895, 10.44091377 ], [ -85.794503399999982, 10.44092647 ] ] ], [ [ [ -85.794651569999985, 10.44098799 ], [ -85.79469058, 10.44100856 ], [ -85.794651569999985, 10.44098799 ], [ -85.79462612, 10.44097684 ], [ -85.794651569999985, 10.44098799 ] ] ], [ [ [ -85.794915769999989, 10.44115939 ], [ -85.79495129, 10.44117537 ], [ -85.794915769999974, 10.44115939 ], [ -85.794872589999983, 10.44114473 ], [ -85.794915769999989, 10.44115939 ] ] ], [ [ [ -85.795047239999988, 10.44122246 ], [ -85.79508035, 10.4412324 ], [ -85.795047239999974, 10.44122246 ], [ -85.79501721, 10.44120817 ], [ -85.795047239999988, 10.44122246 ] ] ], [ [ [ -85.795393159999989, 10.44145757 ], [ -85.79541879, 10.44148435 ], [ -85.795393159999975, 10.44145757 ], [ -85.79537373, 10.44142849 ], [ -85.795393159999989, 10.44145757 ] ] ], [ [ [ -85.795445169999979, 10.44150056 ], [ -85.7954762, 10.4415134 ], [ -85.795445169999965, 10.44150056 ], [ -85.79541879, 10.44148435 ], [ -85.795445169999979, 10.44150056 ] ] ], [ [ [ -85.795560179999981, 10.44158975 ], [ -85.795581219999988, 10.44159785 ], [ -85.795560179999981, 10.44158975 ], [ -85.79554756, 10.44156994 ], [ -85.795560179999981, 10.44158975 ] ] ], [ [ [ -85.795877389999987, 10.44221598 ], [ -85.7958508, 10.44224387 ], [ -85.795877389999973, 10.44221598 ], [ -85.79589107, 10.44219683 ], [ -85.795877389999987, 10.44221598 ] ] ], [ [ [ -85.795974479999984, 10.44255578 ], [ -85.795974479999984, 10.44255578 ], [ -85.79594005, 10.44253835 ], [ -85.795974479999984, 10.44255578 ] ] ], [ [ [ -85.79675881999998, 10.44237658 ], [ -85.79677717, 10.44239157 ], [ -85.796758819999965, 10.44237658 ], [ -85.79673716, 10.44237255 ], [ -85.79675881999998, 10.44237658 ] ] ], [ [ [ -85.796808989999988, 10.44243152 ], [ -85.79683174, 10.4424341 ], [ -85.796808989999974, 10.44243152 ], [ -85.79679173, 10.44241508 ], [ -85.796808989999988, 10.44243152 ] ] ], [ [ [ -85.796912599999985, 10.44238015 ], [ -85.796934259999986, 10.44238427 ], [ -85.79694154, 10.44239598 ], [ -85.796934259999972, 10.44238427 ], [ -85.796912599999985, 10.44238015 ], [ -85.796912599999985, 10.44238015 ] ] ], [ [ [ -85.796911529999988, 10.44259154 ], [ -85.79692755, 10.44261603 ], [ -85.796911529999974, 10.44259154 ], [ -85.79688297, 10.44257832 ], [ -85.796911529999988, 10.44259154 ] ] ], [ [ [ -85.797074899999984, 10.44261294 ], [ -85.797076689999983, 10.44262305 ], [ -85.79707489999997, 10.44261294 ], [ -85.797043729999984, 10.44260661 ], [ -85.797074899999984, 10.44261294 ] ] ], [ [ [ -85.797073839999982, 10.44265199 ], [ -85.79706853, 10.44268139 ], [ -85.797073839999968, 10.44265199 ], [ -85.797076689999983, 10.44262305 ], [ -85.797073839999982, 10.44265199 ] ] ], [ [ [ -85.797135749999981, 10.44268417 ], [ -85.797159959999988, 10.44268783 ], [ -85.79717306, 10.44271026 ], [ -85.797159959999988, 10.44268783 ], [ -85.797135749999981, 10.44268417 ], [ -85.797135749999981, 10.44268417 ] ] ], [ [ [ -85.798173569999989, 10.44250969 ], [ -85.79816826, 10.44253918 ], [ -85.798173569999975, 10.44250969 ], [ -85.79817164, 10.44249063 ], [ -85.798173569999989, 10.44250969 ] ] ], [ [ [ -85.79825590999998, 10.44255396 ], [ -85.798266829999989, 10.44256384 ], [ -85.79828996, 10.44256895 ], [ -85.798266829999974, 10.44256384 ], [ -85.798255909999966, 10.44255396 ], [ -85.79825590999998, 10.44255396 ] ] ], [ [ [ -85.798339109999986, 10.4425281 ], [ -85.79835514, 10.44253705 ], [ -85.798339109999986, 10.4425281 ], [ -85.798339109999986, 10.4425281 ] ] ], [ [ [ -85.798460189999986, 10.44256194 ], [ -85.798460189999972, 10.44256194 ], [ -85.7984417, 10.44255337 ], [ -85.798460189999986, 10.44256194 ] ] ], [ [ [ -85.79863263999998, 10.44258953 ], [ -85.79864077, 10.44260629 ], [ -85.798632639999965, 10.44258953 ], [ -85.79863263999998, 10.44258953 ] ] ], [ [ [ -85.798683939999989, 10.4426365 ], [ -85.7987118, 10.44263825 ], [ -85.798683939999975, 10.4426365 ], [ -85.79865935, 10.44263032 ], [ -85.798683939999989, 10.4426365 ] ] ], [ [ [ -85.798790269999984, 10.4427881 ], [ -85.79877759, 10.44280579 ], [ -85.798790269999984, 10.4427881 ], [ -85.7987846, 10.44277087 ], [ -85.798790269999984, 10.4427881 ] ] ], [ [ [ -85.798825889999989, 10.44306064 ], [ -85.79881524, 10.44308185 ], [ -85.798825889999975, 10.44306064 ], [ -85.79883569, 10.44303429 ], [ -85.798825889999989, 10.44306064 ] ] ], [ [ [ -85.799072969999983, 10.44298343 ], [ -85.79905365, 10.44302303 ], [ -85.799072969999969, 10.44298343 ], [ -85.79907898, 10.44295005 ], [ -85.799072969999983, 10.44298343 ] ] ], [ [ [ -85.799147639999987, 10.44301346 ], [ -85.79916273, 10.44301744 ], [ -85.799147639999987, 10.44301346 ], [ -85.799147639999987, 10.44301346 ] ] ], [ [ [ -85.799181399999981, 10.44305701 ], [ -85.79919091, 10.44305922 ], [ -85.799181399999966, 10.44305701 ], [ -85.79917441, 10.4430322 ], [ -85.799181399999981, 10.44305701 ] ] ], [ [ [ -85.799220229999989, 10.44306204 ], [ -85.79922666, 10.44308423 ], [ -85.799220229999975, 10.44306204 ], [ -85.79921078, 10.44305323 ], [ -85.799220229999989, 10.44306204 ] ] ], [ [ [ -85.799196839999979, 10.44343921 ], [ -85.79920946, 10.44345911 ], [ -85.799196839999965, 10.44343921 ], [ -85.79919372, 10.44340606 ], [ -85.799196839999979, 10.44343921 ] ] ], [ [ [ -85.799267719999989, 10.44347767 ], [ -85.79926881, 10.44349167 ], [ -85.799267719999989, 10.44347767 ], [ -85.79925486, 10.44346428 ], [ -85.799267719999989, 10.44347767 ] ] ], [ [ [ -85.799412219999979, 10.44378865 ], [ -85.79943667, 10.44380125 ], [ -85.799412219999965, 10.44378865 ], [ -85.799385209999983, 10.44377642 ], [ -85.799412219999979, 10.44378865 ] ] ], [ [ [ -85.799457779999983, 10.44390009 ], [ -85.79946453, 10.44393133 ], [ -85.799457779999983, 10.44390009 ], [ -85.79945745, 10.44387551 ], [ -85.799457779999983, 10.44390009 ] ] ], [ [ [ -85.799486049999985, 10.44395741 ], [ -85.79950577, 10.44395793 ], [ -85.79948604999997, 10.44395741 ], [ -85.79946453, 10.44393133 ], [ -85.799486049999985, 10.44395741 ] ] ], [ [ [ -85.799658829999984, 10.44382169 ], [ -85.799669129999984, 10.443851 ], [ -85.79966676, 10.44388256 ], [ -85.799669129999984, 10.443851 ], [ -85.79965882999997, 10.44382169 ], [ -85.79963793, 10.44380708 ], [ -85.799658829999984, 10.44382169 ] ] ], [ [ [ -85.799745019999989, 10.44394827 ], [ -85.79975731, 10.44395905 ], [ -85.799745019999975, 10.44394827 ], [ -85.799745019999989, 10.44394827 ] ] ], [ [ [ -85.799772669999982, 10.44400957 ], [ -85.79978515, 10.44403598 ], [ -85.799772669999967, 10.44400957 ], [ -85.79976686, 10.44398339 ], [ -85.799772669999982, 10.44400957 ] ] ], [ [ [ -85.799930139999987, 10.44543271 ], [ -85.79992298, 10.44547414 ], [ -85.799930139999972, 10.44543271 ], [ -85.799947369999984, 10.4453961 ], [ -85.799930139999987, 10.44543271 ] ] ], [ [ [ -85.799886479999984, 10.44558795 ], [ -85.79987582, 10.44560915 ], [ -85.799886479999969, 10.44558795 ], [ -85.79989868, 10.44556772 ], [ -85.799886479999984, 10.44558795 ] ] ], [ [ [ -85.800077359999989, 10.44566161 ], [ -85.80009948999998, 10.44566817 ], [ -85.80009972, 10.44567721 ], [ -85.80009948999998, 10.44566817 ], [ -85.800077359999975, 10.44566161 ], [ -85.800077359999989, 10.44566161 ] ] ], [ [ [ -85.799415429999982, 10.44580696 ], [ -85.79939679, 10.44582053 ], [ -85.799415429999968, 10.44580696 ], [ -85.79944017, 10.44580664 ], [ -85.799415429999982, 10.44580696 ] ] ], [ [ [ -85.799363949999986, 10.44585722 ], [ -85.79933959, 10.44586007 ], [ -85.799363949999972, 10.44585722 ], [ -85.79938567, 10.44583921 ], [ -85.799363949999986, 10.44585722 ] ] ], [ [ [ -85.798707689999986, 10.44532121 ], [ -85.798682719999988, 10.44532813 ], [ -85.798707689999972, 10.44532121 ], [ -85.79872941, 10.44530328 ], [ -85.798707689999986, 10.44532121 ] ] ], [ [ [ -85.798072029999986, 10.44501634 ], [ -85.798040619999981, 10.44501652 ], [ -85.798072029999972, 10.44501634 ], [ -85.79809942, 10.44501556 ], [ -85.798072029999986, 10.44501634 ] ] ], [ [ [ -85.797028319999981, 10.44508946 ], [ -85.79700481, 10.44509736 ], [ -85.797028319999967, 10.44508946 ], [ -85.797058780000015, 10.44508423 ], [ -85.797028319999981, 10.44508946 ] ] ], [ [ [ -85.796984699999982, 10.44510986 ], [ -85.79696119, 10.44511767 ], [ -85.796984699999967, 10.44510986 ], [ -85.79700481, 10.44509736 ], [ -85.796984699999982, 10.44510986 ] ] ], [ [ [ -85.796351209999983, 10.44468921 ], [ -85.7963277, 10.44469711 ], [ -85.796351209999969, 10.44468921 ], [ -85.79637873999998, 10.44468191 ], [ -85.796351209999983, 10.44468921 ] ] ], [ [ [ -85.796212589999982, 10.44478027 ], [ -85.796190689999989, 10.44478265 ], [ -85.796212589999968, 10.44478027 ], [ -85.796241349999988, 10.44476493 ], [ -85.796212589999982, 10.44478027 ] ] ], [ [ [ -85.796026289999986, 10.44474074 ], [ -85.79598461, 10.44474911 ], [ -85.796026289999972, 10.44474074 ], [ -85.79606644, 10.4447378 ], [ -85.796026289999986, 10.44474074 ] ] ], [ [ [ -85.795856169999979, 10.44480089 ], [ -85.79582022, 10.44481998 ], [ -85.795856169999965, 10.44480089 ], [ -85.79587666, 10.44479093 ], [ -85.795856169999979, 10.44480089 ] ] ], [ [ [ -85.795673289999982, 10.44499144 ], [ -85.79567092, 10.44502299 ], [ -85.795673289999968, 10.44499144 ], [ -85.79567907, 10.44496456 ], [ -85.795673289999982, 10.44499144 ] ] ], [ [ [ -85.79557066, 10.44510101 ], [ -85.795600739999983, 10.44509325 ], [ -85.795600739999983, 10.44509325 ], [ -85.79557066, 10.44510101 ] ] ], [ [ [ -85.795495279999983, 10.4451721 ], [ -85.795497019999985, 10.44520427 ], [ -85.795495279999969, 10.4451721 ], [ -85.79549203, 10.44514546 ], [ -85.795495279999983, 10.4451721 ] ] ], [ [ [ -85.795480629999986, 10.44543382 ], [ -85.79547338, 10.44545962 ], [ -85.795480629999986, 10.44543382 ], [ -85.79548702, 10.44540288 ], [ -85.795480629999986, 10.44543382 ] ] ], [ [ [ -85.795460319999989, 10.44547487 ], [ -85.79543495999998, 10.44549472 ], [ -85.795414619999988, 10.44549818 ], [ -85.795414619999988, 10.44549818 ], [ -85.795434959999966, 10.44549472 ], [ -85.795460319999975, 10.44547487 ], [ -85.79547338, 10.44545962 ], [ -85.795460319999989, 10.44547487 ] ] ], [ [ [ -85.79520639, 10.44497906 ], [ -85.795230989999965, 10.44496971 ], [ -85.795230989999979, 10.44496971 ], [ -85.79520639, 10.44497906 ] ] ], [ [ [ -85.795176229999981, 10.44508398 ], [ -85.795155449999982, 10.44512259 ], [ -85.79513969, 10.44514464 ], [ -85.795155449999967, 10.44512259 ], [ -85.795176229999967, 10.44508398 ], [ -85.79518835, 10.4450483 ], [ -85.795176229999981, 10.44508398 ] ] ], [ [ [ -85.794719980000011, 10.44503485 ], [ -85.79468711, 10.44503404 ], [ -85.794719980000011, 10.44503485 ], [ -85.79474628, 10.4450356 ], [ -85.794719980000011, 10.44503485 ] ] ], [ [ [ -85.79454665999998, 10.44506185 ], [ -85.794516109999989, 10.44506708 ], [ -85.794516109999989, 10.44506708 ], [ -85.79454665999998, 10.44506185 ], [ -85.79457434, 10.44504805 ], [ -85.79454665999998, 10.44506185 ] ] ], [ [ [ -85.793879169999983, 10.44460424 ], [ -85.793875949999986, 10.44463074 ], [ -85.793879169999968, 10.44460424 ], [ -85.79388155, 10.44457278 ], [ -85.793879169999983, 10.44460424 ] ] ], [ [ [ -85.793855399999984, 10.4446783 ], [ -85.793836859999985, 10.44469178 ], [ -85.793816600000014, 10.44471078 ], [ -85.793836859999971, 10.44469178 ], [ -85.79385539999997, 10.4446783 ], [ -85.79386923, 10.44465256 ], [ -85.793855399999984, 10.4446783 ] ] ], [ [ [ -85.793800289999979, 10.44471494 ], [ -85.793800289999979, 10.44471494 ], [ -85.793816600000014, 10.44471078 ], [ -85.793800289999979, 10.44471494 ] ] ], [ [ [ -85.794161800000012, 10.44364116 ], [ -85.794134, 10.44360191 ], [ -85.794161800000012, 10.44364116 ], [ -85.794185110000015, 10.44367736 ], [ -85.794161800000012, 10.44364116 ] ] ], [ [ [ -85.79212799, 10.44294504 ], [ -85.792157929999973, 10.44294379 ], [ -85.792157929999988, 10.44294379 ], [ -85.79212799, 10.44294504 ] ] ], [ [ [ -85.792075859999983, 10.44294615 ], [ -85.792047389999979, 10.44294838 ], [ -85.792075859999969, 10.44294615 ], [ -85.79210316, 10.44294536 ], [ -85.792075859999983, 10.44294615 ] ] ], [ [ [ -85.791424760000012, 10.44298848 ], [ -85.791424760000012, 10.44298848 ], [ -85.791444484999985, 10.442989 ], [ -85.791424760000012, 10.44298848 ] ] ], [ [ [ -85.791257069999986, 10.44301066 ], [ -85.79123342, 10.44302507 ], [ -85.791257069999972, 10.44301066 ], [ -85.79128375, 10.44299831 ], [ -85.791257069999986, 10.44301066 ] ] ], [ [ [ -85.79113873999998, 10.44323301 ], [ -85.791138739999965, 10.44323301 ], [ -85.79115714, 10.44322595 ], [ -85.79113873999998, 10.44323301 ] ] ], [ [ [ -85.790807910000012, 10.44260387 ], [ -85.79079444, 10.442579 ], [ -85.790807910000012, 10.44260387 ], [ -85.79082039, 10.44263028 ], [ -85.790807910000012, 10.44260387 ] ] ], [ [ [ -85.790373139999986, 10.44230229 ], [ -85.79034949, 10.4423167 ], [ -85.790373139999971, 10.44230229 ], [ -85.79039665, 10.44229439 ], [ -85.790373139999986, 10.44230229 ] ] ], [ [ [ -85.790275669999986, 10.44238887 ], [ -85.790275669999971, 10.44238887 ], [ -85.79030018, 10.44237952 ], [ -85.790275669999986, 10.44238887 ] ] ], [ [ [ -85.789703159999988, 10.44222091 ], [ -85.78968112, 10.4422298 ], [ -85.789703159999988, 10.44222091 ], [ -85.78974546, 10.44220848 ], [ -85.789703159999988, 10.44222091 ] ] ], [ [ [ -85.78945535, 10.44224887 ], [ -85.789478239999966, 10.44224504 ], [ -85.78947823999998, 10.44224504 ], [ -85.78945535, 10.44224887 ] ] ], [ [ [ -85.789411119999983, 10.4422578 ], [ -85.78938614, 10.44226463 ], [ -85.789411119999968, 10.4422578 ], [ -85.78945535, 10.44224887 ], [ -85.789411119999983, 10.4422578 ] ] ], [ [ [ -85.789361539999987, 10.44227398 ], [ -85.789336569999989, 10.44228081 ], [ -85.789361539999973, 10.44227398 ], [ -85.78938614, 10.44226463 ], [ -85.789361539999987, 10.44227398 ] ] ], [ [ [ -85.789311969999986, 10.44229026 ], [ -85.78926774, 10.44229909 ], [ -85.789311969999972, 10.44229026 ], [ -85.789336569999989, 10.44228081 ], [ -85.789311969999986, 10.44229026 ] ] ], [ [ [ -85.789145079999983, 10.44232391 ], [ -85.789111209999987, 10.44234 ], [ -85.78909181, 10.44236406 ], [ -85.789111209999987, 10.44234 ], [ -85.789145079999969, 10.44232391 ], [ -85.78918529, 10.44231446 ], [ -85.789145079999983, 10.44232391 ] ] ], [ [ [ -85.789055059999981, 10.44246883 ], [ -85.78903666, 10.4424758 ], [ -85.789055059999967, 10.44246883 ], [ -85.78906920999998, 10.44245212 ], [ -85.789055059999981, 10.44246883 ] ] ], [ [ [ -85.78747423999998, 10.4406898 ], [ -85.787486859999987, 10.44070961 ], [ -85.787500949999981, 10.44073059 ], [ -85.7875155, 10.44075401 ], [ -85.787500949999981, 10.44073059 ], [ -85.787486859999973, 10.44070961 ], [ -85.787474239999966, 10.4406898 ], [ -85.78745613, 10.44066821 ], [ -85.78747423999998, 10.4406898 ] ] ], [ [ [ -85.787525049999985, 10.44077826 ], [ -85.78753837, 10.44080973 ], [ -85.787525049999971, 10.44077826 ], [ -85.7875155, 10.44075401 ], [ -85.787525049999985, 10.44077826 ] ] ], [ [ [ -85.787554159999985, 10.44084073 ], [ -85.78756371, 10.44086499 ], [ -85.787554159999971, 10.44084073 ], [ -85.78753837, 10.44080973 ], [ -85.787554159999985, 10.44084073 ] ] ], [ [ [ -85.787575709999984, 10.44088887 ], [ -85.78759018, 10.44091229 ], [ -85.787575709999984, 10.44088887 ], [ -85.78756371, 10.44086499 ], [ -85.787575709999984, 10.44088887 ] ] ], [ [ [ -85.787602889999988, 10.44093219 ], [ -85.78761845, 10.44095415 ], [ -85.787602889999974, 10.44093219 ], [ -85.78759018, 10.44091229 ], [ -85.787602889999988, 10.44093219 ] ] ], [ [ [ -85.787707269999984, 10.44109581 ], [ -85.78772075, 10.44112068 ], [ -85.78770726999997, 10.44109581 ], [ -85.78769418, 10.44107338 ], [ -85.787707269999984, 10.44109581 ] ] ], [ [ [ -85.787976519999987, 10.4413038 ], [ -85.78799572, 10.44132393 ], [ -85.787976519999972, 10.4413038 ], [ -85.78795926, 10.44128735 ], [ -85.787976519999987, 10.4413038 ] ] ], [ [ [ -85.788193959999987, 10.44142486 ], [ -85.78822003, 10.44143203 ], [ -85.788193959999973, 10.44142486 ], [ -85.78816634, 10.44141661 ], [ -85.788193959999987, 10.44142486 ] ] ], [ [ [ -85.788436809999979, 10.44127844 ], [ -85.78845994, 10.44128356 ], [ -85.788436809999965, 10.44127844 ], [ -85.78840408, 10.44127104 ], [ -85.788436809999979, 10.44127844 ] ] ], [ [ [ -85.788484629999985, 10.44128974 ], [ -85.788484629999971, 10.44128974 ], [ -85.78845994, 10.44128356 ], [ -85.788484629999985, 10.44128974 ] ] ], [ [ [ -85.788945740000017, 10.44003574 ], [ -85.7889485, 10.44000681 ], [ -85.788945740000017, 10.44003574 ], [ -85.78893547, 10.44005957 ], [ -85.788945740000017, 10.44003574 ] ] ], [ [ [ -85.78815102999998, 10.43958434 ], [ -85.788114989999983, 10.43958789 ], [ -85.788077949999987, 10.43959289 ], [ -85.78804701, 10.43959559 ], [ -85.788077949999973, 10.43959289 ], [ -85.788114989999983, 10.43958789 ], [ -85.788151029999966, 10.43958434 ], [ -85.788181969999982, 10.43958164 ], [ -85.78815102999998, 10.43958434 ] ] ], [ [ [ -85.787282849999983, 10.43956787 ], [ -85.787290129999988, 10.43957958 ], [ -85.787282849999968, 10.43956787 ], [ -85.78728532, 10.43955186 ], [ -85.787282849999983, 10.43956787 ] ] ], [ [ [ -85.787336559999986, 10.43962089 ], [ -85.787348189999989, 10.43964225 ], [ -85.78735688, 10.43967699 ], [ -85.787348189999975, 10.43964225 ], [ -85.787336559999972, 10.43962089 ], [ -85.787314429999981, 10.4395987 ], [ -85.787336559999986, 10.43962089 ] ] ], [ [ [ -85.787400759999983, 10.43983147 ], [ -85.78741107, 10.43986087 ], [ -85.787400759999969, 10.43983147 ], [ -85.78738668, 10.43981058 ], [ -85.787400759999983, 10.43983147 ] ] ], [ [ [ -85.787615339999988, 10.44028214 ], [ -85.78762077, 10.44030579 ], [ -85.787615339999974, 10.44028214 ], [ -85.78760124999998, 10.44026126 ], [ -85.787615339999988, 10.44028214 ] ] ], [ [ [ -85.787589159999982, 10.44033453 ], [ -85.787589159999968, 10.44033453 ], [ -85.7876122, 10.44032409 ], [ -85.787589159999982, 10.44033453 ] ] ], [ [ [ -85.787119720000021, 10.4395555 ], [ -85.78709929, 10.43954342 ], [ -85.787119720000021, 10.4395555 ], [ -85.78714161, 10.43956857 ], [ -85.787119720000021, 10.4395555 ] ] ], [ [ [ -85.787536259999982, 10.43936908 ], [ -85.787565959999981, 10.43937442 ], [ -85.787536259999968, 10.43936908 ], [ -85.78750803, 10.4393649 ], [ -85.787536259999982, 10.43936908 ] ] ], [ [ [ -85.788169169999989, 10.43940241 ], [ -85.78820753, 10.4394049 ], [ -85.788169169999975, 10.43940241 ], [ -85.78813629, 10.43940151 ], [ -85.788169169999989, 10.43940241 ] ] ], [ [ [ -85.788520739999981, 10.43942927 ], [ -85.788561029999983, 10.43943537 ], [ -85.78859987, 10.43944039 ], [ -85.788561029999968, 10.43943537 ], [ -85.788520739999967, 10.43942927 ], [ -85.7884819, 10.43942424 ], [ -85.788520739999981, 10.43942927 ] ] ], [ [ [ -85.788767729999989, 10.4394493 ], [ -85.78879682, 10.43945863 ], [ -85.788767729999975, 10.4394493 ], [ -85.78874498, 10.43944672 ], [ -85.788767729999989, 10.4394493 ] ] ], [ [ [ -85.789040459999981, 10.43945202 ], [ -85.789072569999988, 10.43946341 ], [ -85.789040459999981, 10.43945202 ], [ -85.78901601, 10.43943942 ], [ -85.789040459999981, 10.43945202 ] ] ], [ [ [ -85.789445630000017, 10.43828274 ], [ -85.789428915, 10.438273300000144 ], [ -85.789445630000017, 10.43828274 ], [ -85.78947712999998, 10.43829811 ], [ -85.789445630000017, 10.43828274 ] ] ], [ [ [ -85.788745600000013, 10.43802124 ], [ -85.78871982, 10.4380165 ], [ -85.788745600000013, 10.43802124 ], [ -85.788757894999989, 10.438024330000014 ], [ -85.788745600000013, 10.43802124 ] ] ], [ [ [ -85.788390760000013, 10.43787049 ], [ -85.78835346, 10.43784449 ], [ -85.788390760000013, 10.43787049 ], [ -85.788429449999981, 10.43789766 ], [ -85.788390760000013, 10.43787049 ] ] ], [ [ [ -85.787786679999982, 10.4377844 ], [ -85.78776355, 10.43779483 ], [ -85.787786679999982, 10.4377844 ], [ -85.78781568, 10.43777818 ], [ -85.787786679999982, 10.4377844 ] ] ], [ [ [ -85.787735029999979, 10.43780358 ], [ -85.787735029999965, 10.43780358 ], [ -85.78776355, 10.43779483 ], [ -85.787735029999979, 10.43780358 ] ] ], [ [ [ -85.787626189999983, 10.43780265 ], [ -85.787660769999974, 10.43779812 ], [ -85.787660769999988, 10.43779812 ], [ -85.787626189999983, 10.43780265 ] ] ], [ [ [ -85.787564409999987, 10.4378236 ], [ -85.78753603, 10.43784138 ], [ -85.787564409999973, 10.4378236 ], [ -85.78759355, 10.43781088 ], [ -85.787564409999987, 10.4378236 ] ] ], [ [ [ -85.787436089999986, 10.43794398 ], [ -85.78741267, 10.43796742 ], [ -85.787436089999972, 10.43794398 ], [ -85.78746121, 10.4379151 ], [ -85.787436089999986, 10.43794398 ] ] ], [ [ [ -85.787326969999981, 10.43806885 ], [ -85.787311589999987, 10.43809352 ], [ -85.787326969999981, 10.43806885 ], [ -85.7873459, 10.43804227 ], [ -85.787326969999981, 10.43806885 ] ] ], [ [ [ -85.78729183999998, 10.4381681 ], [ -85.787287139999989, 10.43819352 ], [ -85.78728576, 10.43822353 ], [ -85.787287139999975, 10.43819352 ], [ -85.787291839999966, 10.4381681 ], [ -85.78729662, 10.43814268 ], [ -85.78729183999998, 10.4381681 ] ] ], [ [ [ -85.787291109999984, 10.43845721 ], [ -85.78729082, 10.43848577 ], [ -85.78729110999997, 10.43845721 ], [ -85.78729141, 10.43842865 ], [ -85.787291109999984, 10.43845721 ] ] ], [ [ [ -85.787300409999986, 10.43901414 ], [ -85.78729454, 10.43904101 ], [ -85.787300409999972, 10.43901414 ], [ -85.78730302, 10.43899162 ], [ -85.787300409999986, 10.43901414 ] ] ], [ [ [ -85.787263019999983, 10.43908529 ], [ -85.787239979999981, 10.43909573 ], [ -85.787263019999969, 10.43908529 ], [ -85.78728218, 10.43906774 ], [ -85.787263019999983, 10.43908529 ] ] ], [ [ [ -85.786573180000019, 10.43749115 ], [ -85.78654656, 10.43748144 ], [ -85.786573180000019, 10.43749115 ], [ -85.7866052, 10.43750253 ], [ -85.786573180000019, 10.43749115 ] ] ], [ [ [ -85.785363349999983, 10.4372492 ], [ -85.78533596, 10.43724998 ], [ -85.785363349999969, 10.4372492 ], [ -85.78539466, 10.43724902 ], [ -85.785363349999983, 10.4372492 ] ] ], [ [ [ -85.784871099999989, 10.43725665 ], [ -85.78483203, 10.43725813 ], [ -85.784871099999975, 10.43725665 ], [ -85.784904589999982, 10.43725357 ], [ -85.784871099999989, 10.43725665 ] ] ], [ [ [ -85.784793059999984, 10.43725962 ], [ -85.78476567, 10.4372604 ], [ -85.78479305999997, 10.43725962 ], [ -85.78483203, 10.43725813 ], [ -85.784793059999984, 10.43725962 ] ] ], [ [ [ -85.784725609999981, 10.43726334 ], [ -85.78468408, 10.43726529 ], [ -85.784725609999967, 10.43726334 ], [ -85.78476567, 10.4372604 ], [ -85.784725609999981, 10.43726334 ] ] ], [ [ [ -85.784642919999982, 10.43726967 ], [ -85.784608439999985, 10.43727429 ], [ -85.784642919999968, 10.43726967 ], [ -85.78468408, 10.43726529 ], [ -85.784642919999982, 10.43726967 ] ] ], [ [ [ -85.784463179999989, 10.43729002 ], [ -85.78443078, 10.43729164 ], [ -85.784463179999975, 10.43729002 ], [ -85.78449567, 10.4372883 ], [ -85.784463179999989, 10.43729002 ] ] ], [ [ [ -85.784159459999984, 10.43731196 ], [ -85.78413098, 10.4373142 ], [ -85.784159459999969, 10.43731196 ], [ -85.78419697, 10.43730949 ], [ -85.784159459999984, 10.43731196 ] ] ], [ [ [ -85.784083349999989, 10.43731853 ], [ -85.78404475, 10.43732245 ], [ -85.784083349999975, 10.43731853 ], [ -85.78413098, 10.4373142 ], [ -85.784083349999989, 10.43731853 ] ] ], [ [ [ -85.78399555999998, 10.43732571 ], [ -85.783945279999983, 10.43733033 ], [ -85.783891069999981, 10.43733442 ], [ -85.783945279999969, 10.43733033 ], [ -85.78399555999998, 10.43732571 ], [ -85.78404475, 10.43732245 ], [ -85.78399555999998, 10.43732571 ] ] ], [ [ [ -85.782520779999984, 10.43750204 ], [ -85.78248313, 10.43751111 ], [ -85.782520779999984, 10.43750204 ], [ -85.782556969999987, 10.43749199 ], [ -85.782520779999984, 10.43750204 ] ] ], [ [ [ -85.78181773999998, 10.43770488 ], [ -85.781773359999988, 10.43772022 ], [ -85.781817739999966, 10.43770488 ], [ -85.78186183, 10.43768701 ], [ -85.78181773999998, 10.43770488 ] ] ], [ [ [ -85.781464969999988, 10.43783635 ], [ -85.78143782, 10.43784617 ], [ -85.781464969999973, 10.43783635 ], [ -85.781496669999981, 10.43782316 ], [ -85.781464969999988, 10.43783635 ] ] ], [ [ [ -85.781365669999985, 10.43787532 ], [ -85.78134008, 10.43788612 ], [ -85.781365669999971, 10.43787532 ], [ -85.78140002, 10.43786166 ], [ -85.781365669999985, 10.43787532 ] ] ], [ [ [ -85.781120009999981, 10.43797547 ], [ -85.781080650000021, 10.43798996 ], [ -85.781120009999967, 10.43797547 ], [ -85.78115326, 10.43796335 ], [ -85.781120009999981, 10.43797547 ] ] ], [ [ [ -85.780778919999989, 10.43812179 ], [ -85.780746129999983, 10.43813643 ], [ -85.780778919999975, 10.43812179 ], [ -85.780809149999982, 10.43810752 ], [ -85.780778919999989, 10.43812179 ] ] ], [ [ [ -85.780056029999983, 10.43849644 ], [ -85.780032369999986, 10.43851086 ], [ -85.78000872, 10.43852527 ], [ -85.780032369999972, 10.43851086 ], [ -85.780056029999969, 10.43849644 ], [ -85.78007978, 10.43848203 ], [ -85.780056029999983, 10.43849644 ] ] ], [ [ [ -85.779921189999982, 10.43857908 ], [ -85.779891809999981, 10.43859831 ], [ -85.779921189999982, 10.43857908 ], [ -85.77995057, 10.43855984 ], [ -85.779921189999982, 10.43857908 ] ] ], [ [ [ -85.779752949999988, 10.43868033 ], [ -85.77973076, 10.43869573 ], [ -85.779752949999974, 10.43868033 ], [ -85.77978271, 10.43866354 ], [ -85.779752949999988, 10.43868033 ] ] ], [ [ [ -85.779584179999986, 10.43880111 ], [ -85.77955627, 10.43882142 ], [ -85.779584179999972, 10.43880111 ], [ -85.779606369999982, 10.43878571 ], [ -85.779584179999986, 10.43880111 ] ] ], [ [ [ -85.779527979999983, 10.4388392 ], [ -85.77950068, 10.43885553 ], [ -85.779527979999969, 10.4388392 ], [ -85.77955627, 10.43882142 ], [ -85.779527979999983, 10.4388392 ] ] ], [ [ [ -85.779485759999986, 10.43886458 ], [ -85.77948385, 10.43886574 ], [ -85.779485759999972, 10.43886458 ], [ -85.77950068, 10.43885553 ], [ -85.779485759999986, 10.43886458 ] ] ], [ [ [ -85.77923269999998, 10.43903081 ], [ -85.77919869, 10.43905341 ], [ -85.779232699999966, 10.43903081 ], [ -85.77926781, 10.43900667 ], [ -85.77923269999998, 10.43903081 ] ] ], [ [ [ -85.779090289999985, 10.4391302 ], [ -85.77906602, 10.43914869 ], [ -85.779090289999971, 10.4391302 ], [ -85.779114559999982, 10.43911181 ], [ -85.779090289999985, 10.4391302 ] ] ], [ [ [ -85.778838379999982, 10.43933752 ], [ -85.77881412, 10.43935817 ], [ -85.778838379999968, 10.43933752 ], [ -85.77884184, 10.43933457 ], [ -85.778838379999982, 10.43933752 ] ] ], [ [ [ -85.778491639999984, 10.43964696 ], [ -85.77847395, 10.43966559 ], [ -85.77849163999997, 10.43964696 ], [ -85.77851615, 10.43962206 ], [ -85.778491639999984, 10.43964696 ] ] ], [ [ [ -85.778425629999987, 10.4397114 ], [ -85.778370599999988, 10.43976359 ], [ -85.778425629999973, 10.4397114 ], [ -85.7784448, 10.43969386 ], [ -85.778425629999987, 10.4397114 ] ] ], [ [ [ -85.778326459999988, 10.43980342 ], [ -85.778299009999984, 10.43982625 ], [ -85.778326459999974, 10.43980342 ], [ -85.778370599999988, 10.43976359 ], [ -85.778326459999988, 10.43980342 ] ] ], [ [ [ -85.778254489999981, 10.43986365 ], [ -85.778230599999986, 10.43988456 ], [ -85.778254489999966, 10.43986365 ], [ -85.77828084, 10.43984235 ], [ -85.778254489999981, 10.43986365 ] ] ], [ [ [ -85.777825899999982, 10.44022961 ], [ -85.77780101, 10.44025198 ], [ -85.777825899999982, 10.44022961 ], [ -85.77784624, 10.44021061 ], [ -85.777825899999982, 10.44022961 ] ] ], [ [ [ -85.777729889999989, 10.44031727 ], [ -85.77770964, 10.44033627 ], [ -85.777729889999989, 10.44031727 ], [ -85.777750139999981, 10.44029827 ], [ -85.777729889999989, 10.44031727 ] ] ], [ [ [ -85.777664969999989, 10.44038017 ], [ -85.77763691, 10.44040699 ], [ -85.777664969999975, 10.44038017 ], [ -85.77768522, 10.44036117 ], [ -85.777664969999989, 10.44038017 ] ] ], [ [ [ -85.777393259999982, 10.44065461 ], [ -85.77736884, 10.44067951 ], [ -85.777393259999968, 10.44065461 ], [ -85.77742094, 10.44062527 ], [ -85.777393259999982, 10.44065461 ] ] ], [ [ [ -85.777299049999982, 10.44075229 ], [ -85.77726928, 10.44078454 ], [ -85.777299049999982, 10.44075229 ], [ -85.77732029, 10.44073184 ], [ -85.777299049999982, 10.44075229 ] ] ], [ [ [ -85.777038259999983, 10.44103653 ], [ -85.777015219999981, 10.44106241 ], [ -85.777038259999983, 10.44103653 ], [ -85.77706121, 10.44101055 ], [ -85.777038259999983, 10.44103653 ] ] ], [ [ [ -85.775556879999982, 10.44285354 ], [ -85.77553652, 10.44288583 ], [ -85.775556879999968, 10.44285354 ], [ -85.77576653, 10.44259485 ], [ -85.775556879999982, 10.44285354 ] ] ], [ [ [ -85.775474939999981, 10.44297347 ], [ -85.77545548, 10.44300422 ], [ -85.775474939999967, 10.44297347 ], [ -85.7754926, 10.44294825 ], [ -85.775474939999981, 10.44297347 ] ] ], [ [ [ -85.77543464999998, 10.44303398 ], [ -85.77541126, 10.4430642 ], [ -85.775434649999966, 10.44303398 ], [ -85.77545548, 10.44300422 ], [ -85.77543464999998, 10.44303398 ] ] ], [ [ [ -85.774955349999985, 10.44378007 ], [ -85.77493537, 10.44381489 ], [ -85.774955349999971, 10.44378007 ], [ -85.77497424, 10.4437468 ], [ -85.774955349999985, 10.44378007 ] ] ], [ [ [ -85.774736209999986, 10.44416511 ], [ -85.7747194, 10.44419539 ], [ -85.774736209999972, 10.44416511 ], [ -85.77475619, 10.4441303 ], [ -85.774736209999986, 10.44416511 ] ] ], [ [ [ -85.774470989999983, 10.44465064 ], [ -85.7744494, 10.44469088 ], [ -85.774470989999969, 10.44465064 ], [ -85.77449212, 10.44460786 ], [ -85.774470989999983, 10.44465064 ] ] ], [ [ [ -85.774382959999983, 10.44482374 ], [ -85.77436553, 10.444858 ], [ -85.774382959999969, 10.44482374 ], [ -85.77440185, 10.44479038 ], [ -85.774382959999983, 10.44482374 ] ] ], [ [ [ -85.774156499999989, 10.44526983 ], [ -85.77413646, 10.44531115 ], [ -85.774156499999975, 10.44526983 ], [ -85.77417771, 10.44522706 ], [ -85.774156499999989, 10.44526983 ] ] ], [ [ [ -85.77406191999998, 10.44546484 ], [ -85.77404766, 10.44549475 ], [ -85.774061919999966, 10.44546484 ], [ -85.77408034, 10.44542904 ], [ -85.77406191999998, 10.44546484 ] ] ], [ [ [ -85.773629249999985, 10.44641727 ], [ -85.773613899999987, 10.44644863 ], [ -85.77358809, 10.44650128 ], [ -85.773613899999972, 10.44644863 ], [ -85.773629249999971, 10.44641727 ], [ -85.7736462, 10.4463804 ], [ -85.773629249999985, 10.44641727 ] ] ], [ [ [ -85.77349341999998, 10.44669639 ], [ -85.77347755, 10.44673172 ], [ -85.773493419999966, 10.44669639 ], [ -85.77351038, 10.44665951 ], [ -85.77349341999998, 10.44669639 ] ] ], [ [ [ -85.773345799999987, 10.44700493 ], [ -85.77332993, 10.44704027 ], [ -85.773345799999973, 10.44700493 ], [ -85.77336322, 10.44697059 ], [ -85.773345799999987, 10.44700493 ] ] ], [ [ [ -85.773292839999982, 10.44711838 ], [ -85.77327381, 10.44715816 ], [ -85.773292839999968, 10.44711838 ], [ -85.773312499999989, 10.44707453 ], [ -85.773292839999982, 10.44711838 ] ] ], [ [ [ -85.77311650999998, 10.44749966 ], [ -85.77310055, 10.44753499 ], [ -85.773116509999966, 10.44749966 ], [ -85.77313138, 10.44746578 ], [ -85.77311650999998, 10.44749966 ] ] ], [ [ [ -85.773040529999989, 10.44767451 ], [ -85.77302827, 10.44770132 ], [ -85.773040529999975, 10.44767451 ], [ -85.77305432, 10.44764207 ], [ -85.773040529999989, 10.44767451 ] ] ], [ [ [ -85.772951149999983, 10.44788422 ], [ -85.77292841, 10.44793243 ], [ -85.772951149999969, 10.44788422 ], [ -85.77296919, 10.44784589 ], [ -85.772951149999983, 10.44788422 ] ] ], [ [ [ -85.772892269999986, 10.44801559 ], [ -85.77287678, 10.44805355 ], [ -85.772892269999971, 10.44801559 ], [ -85.77290876, 10.44797628 ], [ -85.772892269999986, 10.44801559 ] ] ], [ [ [ -85.772799989999982, 10.44824539 ], [ -85.77278705, 10.44828278 ], [ -85.772799989999967, 10.44824539 ], [ -85.772818699999988, 10.44819648 ], [ -85.772799989999982, 10.44824539 ] ] ], [ [ [ -85.772766049999987, 10.4483477 ], [ -85.77275419999998, 10.44838355 ], [ -85.772766049999973, 10.4483477 ], [ -85.77277789999998, 10.44831176 ], [ -85.772766049999987, 10.4483477 ] ] ], [ [ [ -85.772708189999989, 10.44852832 ], [ -85.772689799999981, 10.44858626 ], [ -85.772708189999975, 10.44852832 ], [ -85.77271919, 10.44848741 ], [ -85.772708189999989, 10.44852832 ] ] ], [ [ [ -85.772575259999982, 10.44899684 ], [ -85.772569039999979, 10.44902788 ], [ -85.77255946, 10.44907637 ], [ -85.772569039999965, 10.44902788 ], [ -85.772575259999982, 10.44899684 ], [ -85.772582609999986, 10.44895785 ], [ -85.772575259999982, 10.44899684 ] ] ], [ [ [ -85.772533039999985, 10.44918388 ], [ -85.77252313, 10.44922334 ], [ -85.772533039999971, 10.44918388 ], [ -85.77254442, 10.44914541 ], [ -85.772533039999985, 10.44918388 ] ] ], [ [ [ -85.772437409999981, 10.44953254 ], [ -85.7724302, 10.44956503 ], [ -85.772437409999981, 10.44953254 ], [ -85.77244633, 10.44949453 ], [ -85.772437409999981, 10.44953254 ] ] ], [ [ [ -85.772422369999987, 10.44960158 ], [ -85.772416009999986, 10.44963912 ], [ -85.772422369999973, 10.44960158 ], [ -85.7724302, 10.44956503 ], [ -85.772422369999987, 10.44960158 ] ] ], [ [ [ -85.772316819999986, 10.4501484 ], [ -85.77230852, 10.45018242 ], [ -85.772316819999972, 10.4501484 ], [ -85.77232726, 10.45010496 ], [ -85.772316819999986, 10.4501484 ] ] ], [ [ [ -85.772237669999981, 10.45053709 ], [ -85.77223032, 10.45057617 ], [ -85.772237669999967, 10.45053709 ], [ -85.7722455, 10.45050062 ], [ -85.772237669999981, 10.45053709 ] ] ], [ [ [ -85.772163309999982, 10.45091581 ], [ -85.772151019999981, 10.45097137 ], [ -85.772143809999989, 10.45100386 ], [ -85.772151019999967, 10.45097137 ], [ -85.772163309999968, 10.45091581 ], [ -85.772171510000021, 10.45088188 ], [ -85.772163309999982, 10.45091581 ] ] ], [ [ [ -85.772102589999989, 10.45118936 ], [ -85.77209746, 10.45121894 ], [ -85.772102589999974, 10.45118936 ], [ -85.77210786, 10.45115327 ], [ -85.772102589999989, 10.45118936 ] ] ], [ [ [ -85.772092179999987, 10.45125494 ], [ -85.77208421, 10.451298 ], [ -85.772092179999973, 10.45125494 ], [ -85.77209746, 10.45121894 ], [ -85.772092179999987, 10.45125494 ] ] ], [ [ [ -85.771962349999981, 10.45189976 ], [ -85.7719523, 10.45194582 ], [ -85.771962349999967, 10.45189976 ], [ -85.77196857, 10.45186873 ], [ -85.771962349999981, 10.45189976 ] ] ], [ [ [ -85.771915169999986, 10.45216049 ], [ -85.771907339999984, 10.45219704 ], [ -85.771915169999971, 10.45216049 ], [ -85.77192191, 10.45212547 ], [ -85.771915169999986, 10.45216049 ] ] ], [ [ [ -85.771902679999982, 10.45222906 ], [ -85.77189471, 10.45227212 ], [ -85.771902679999968, 10.45222906 ], [ -85.771907339999984, 10.45219704 ], [ -85.771902679999982, 10.45222906 ] ] ], [ [ [ -85.77188701999998, 10.45230208 ], [ -85.771880659999979, 10.45233962 ], [ -85.771875539999982, 10.4523692 ], [ -85.771865569999989, 10.45241517 ], [ -85.771858739999985, 10.45245018 ], [ -85.771865569999974, 10.45241517 ], [ -85.771875539999968, 10.4523692 ], [ -85.771880659999965, 10.45233962 ], [ -85.771887019999966, 10.45230208 ], [ -85.77189471, 10.45227212 ], [ -85.77188701999998, 10.45230208 ] ] ], [ [ [ -85.771792049999988, 10.45279895 ], [ -85.77178678, 10.45283504 ], [ -85.771792049999988, 10.45279895 ], [ -85.77179879, 10.45276394 ], [ -85.771792049999988, 10.45279895 ] ] ], [ [ [ -85.77173243999998, 10.45312174 ], [ -85.77173233, 10.45312248 ], [ -85.771732439999965, 10.45312174 ], [ -85.771737709999982, 10.45308565 ], [ -85.77173243999998, 10.45312174 ] ] ], [ [ [ -85.771650589999979, 10.45385686 ], [ -85.771649490000016, 10.45388696 ], [ -85.771650589999979, 10.45385686 ], [ -85.771652700000018, 10.45382521 ], [ -85.771650589999979, 10.45385686 ] ] ], [ [ [ -85.771636389999983, 10.45429896 ], [ -85.771635279999984, 10.45432915 ], [ -85.771636389999969, 10.45429896 ], [ -85.77163494, 10.45426933 ], [ -85.771636389999983, 10.45429896 ] ] ], [ [ [ -85.77165377999998, 10.4548864 ], [ -85.77165315, 10.45491903 ], [ -85.77165377999998, 10.4548864 ], [ -85.77165187, 10.45485423 ], [ -85.77165377999998, 10.4548864 ] ] ], [ [ [ -85.771712769999979, 10.45533796 ], [ -85.771737889999983, 10.45543586 ], [ -85.771712769999965, 10.45533796 ], [ -85.77170119, 10.45529156 ], [ -85.771712769999979, 10.45533796 ] ] ], [ [ [ -85.771760019999988, 10.45548988 ], [ -85.77176846, 10.45551423 ], [ -85.771760019999974, 10.45548988 ], [ -85.771737889999983, 10.45543586 ], [ -85.771760019999988, 10.45548988 ] ] ], [ [ [ -85.771793579999979, 10.45558079 ], [ -85.771806019999985, 10.45561606 ], [ -85.771793579999965, 10.45558079 ], [ -85.77177968, 10.45554453 ], [ -85.771793579999979, 10.45558079 ] ] ], [ [ [ -85.77187748999998, 10.45582171 ], [ -85.77188503, 10.45584761 ], [ -85.771877489999966, 10.45582171 ], [ -85.77187004, 10.45579582 ], [ -85.77187748999998, 10.45582171 ] ] ], [ [ [ -85.771900369999983, 10.45589533 ], [ -85.77190782, 10.45592114 ], [ -85.771900369999969, 10.45589533 ], [ -85.77188503, 10.45584761 ], [ -85.771900369999983, 10.45589533 ] ] ], [ [ [ -85.771916829999981, 10.45594802 ], [ -85.77192593, 10.45597481 ], [ -85.771916829999967, 10.45594802 ], [ -85.77190782, 10.45592114 ], [ -85.771916829999981, 10.45594802 ] ] ], [ [ [ -85.771933729999986, 10.45599673 ], [ -85.77194127, 10.45602263 ], [ -85.771933729999972, 10.45599673 ], [ -85.77192593, 10.45597481 ], [ -85.771933729999986, 10.45599673 ] ] ], [ [ [ -85.772009179999984, 10.45619622 ], [ -85.77202074, 10.45622246 ], [ -85.772009179999969, 10.45619622 ], [ -85.77199818, 10.45617242 ], [ -85.772009179999984, 10.45619622 ] ] ], [ [ [ -85.772049539999983, 10.45629333 ], [ -85.772061099999988, 10.45631957 ], [ -85.772071109999985, 10.45634491 ], [ -85.772061099999974, 10.45631957 ], [ -85.772049539999969, 10.45629333 ], [ -85.772030749999985, 10.4562478 ], [ -85.772049539999983, 10.45629333 ] ] ], [ [ [ -85.772114929999987, 10.45643992 ], [ -85.77212403, 10.4564668 ], [ -85.772114929999972, 10.45643992 ], [ -85.77210402, 10.45641621 ], [ -85.772114929999987, 10.45643992 ] ] ], [ [ [ -85.772154379999989, 10.45653866 ], [ -85.77216694, 10.45656335 ], [ -85.772154379999975, 10.45653866 ], [ -85.77214494, 10.45651585 ], [ -85.772154379999989, 10.45653866 ] ] ], [ [ [ -85.772240109999984, 10.45671469 ], [ -85.77225423, 10.45674037 ], [ -85.772240109999984, 10.45671469 ], [ -85.77222609, 10.45668901 ], [ -85.772240109999984, 10.45671469 ] ] ], [ [ [ -85.77226890999998, 10.45676848 ], [ -85.77228393, 10.45679262 ], [ -85.772268909999966, 10.45676848 ], [ -85.77225423, 10.45674037 ], [ -85.77226890999998, 10.45676848 ] ] ], [ [ [ -85.772395479999986, 10.45696525 ], [ -85.77241361, 10.45699127 ], [ -85.772395479999972, 10.45696525 ], [ -85.772386975, 10.456954720000182 ], [ -85.772395479999986, 10.45696525 ] ] ], [ [ [ -85.772432739999985, 10.45701574 ], [ -85.77245087999998, 10.45704185 ], [ -85.772432739999971, 10.45701574 ], [ -85.77241361, 10.45699127 ], [ -85.772432739999985, 10.45701574 ] ] ], [ [ [ -85.772617859999983, 10.45726333 ], [ -85.77263387, 10.45728593 ], [ -85.772617859999983, 10.45726333 ], [ -85.77260184, 10.45724083 ], [ -85.772617859999983, 10.45726333 ] ] ], [ [ [ -85.772784609999988, 10.45746132 ], [ -85.77280197, 10.45747831 ], [ -85.772784609999974, 10.45746132 ], [ -85.77275246, 10.45742671 ], [ -85.772784609999988, 10.45746132 ] ] ], [ [ [ -85.772865399999986, 10.45753851 ], [ -85.77290088, 10.45756452 ], [ -85.772865399999986, 10.45753851 ], [ -85.77283502, 10.45751138 ], [ -85.772865399999986, 10.45753851 ] ] ], [ [ [ -85.773170979999989, 10.45772777 ], [ -85.7732065, 10.45774321 ], [ -85.773170979999975, 10.45772777 ], [ -85.773137369999986, 10.45770934 ], [ -85.773170979999989, 10.45772777 ] ] ], [ [ [ -85.773327149999986, 10.45778086 ], [ -85.773367549999989, 10.45778858 ], [ -85.773327149999986, 10.45778086 ], [ -85.77330465, 10.45777556 ], [ -85.773327149999986, 10.45778086 ] ] ], [ [ [ -85.773433899999986, 10.45779942 ], [ -85.7734752, 10.45780552 ], [ -85.773433899999972, 10.45779942 ], [ -85.77341140999998, 10.45779412 ], [ -85.773433899999986, 10.45779942 ] ] ], [ [ [ -85.77389316999998, 10.45810414 ], [ -85.773921299999984, 10.45813842 ], [ -85.77394623, 10.45817073 ], [ -85.773921299999969, 10.45813842 ], [ -85.773893169999965, 10.45810414 ], [ -85.773868239999985, 10.45807184 ], [ -85.77389316999998, 10.45810414 ] ] ], [ [ [ -85.774642639999982, 10.45823734 ], [ -85.77467581, 10.45824276 ], [ -85.774642639999968, 10.45823734 ], [ -85.774609029999979, 10.4582359 ], [ -85.774642639999982, 10.45823734 ] ] ], [ [ [ -85.775127540000014, 10.45811905 ], [ -85.77516594, 10.45811278 ], [ -85.775127540000014, 10.45811905 ], [ -85.77508701, 10.4581219 ], [ -85.775127540000014, 10.45811905 ] ] ], [ [ [ -85.776260629999982, 10.45692611 ], [ -85.776284329999982, 10.45693638 ], [ -85.776260629999967, 10.45692611 ], [ -85.77623814, 10.45692091 ], [ -85.776260629999982, 10.45692611 ] ] ], [ [ [ -85.776600149999979, 10.45717456 ], [ -85.776623069999985, 10.45717588 ], [ -85.776600149999965, 10.45717456 ], [ -85.7765761, 10.45716837 ], [ -85.776600149999979, 10.45717456 ] ] ], [ [ [ -85.777235159999989, 10.45696081 ], [ -85.777228899999983, 10.45698461 ], [ -85.77722009, 10.45700906 ], [ -85.777228899999969, 10.45698461 ], [ -85.777235159999975, 10.45696081 ], [ -85.77723416, 10.45694527 ], [ -85.777235159999989, 10.45696081 ] ] ], [ [ [ -85.777205149999986, 10.45706382 ], [ -85.77720124, 10.45709765 ], [ -85.777205149999972, 10.45706382 ], [ -85.777213739999979, 10.45703287 ], [ -85.777205149999986, 10.45706382 ] ] ], [ [ [ -85.777200829999984, 10.45721875 ], [ -85.777191679999987, 10.45724727 ], [ -85.777187539999986, 10.4572745 ], [ -85.77717561999998, 10.45729707 ], [ -85.777162599999983, 10.45730401 ], [ -85.777138, 10.45731237 ], [ -85.777162599999969, 10.45730401 ], [ -85.777175619999966, 10.45729707 ], [ -85.777187539999971, 10.4572745 ], [ -85.777191679999973, 10.45724727 ], [ -85.77720082999997, 10.45721875 ], [ -85.77720596, 10.45718998 ], [ -85.777200829999984, 10.45721875 ] ] ], [ [ [ -85.777008269999982, 10.45734789 ], [ -85.77698267, 10.45735779 ], [ -85.777008269999968, 10.45734789 ], [ -85.77703555, 10.45732839 ], [ -85.777008269999982, 10.45734789 ] ] ], [ [ [ -85.776853939999981, 10.45740885 ], [ -85.77683523, 10.45742504 ], [ -85.776853939999967, 10.45740885 ], [ -85.77687176, 10.4573942 ], [ -85.776853939999981, 10.45740885 ] ] ], [ [ [ -85.777255389999979, 10.45740345 ], [ -85.777259819999983, 10.45742737 ], [ -85.77725715, 10.45745558 ], [ -85.777259819999969, 10.45742737 ], [ -85.777255389999965, 10.45740345 ], [ -85.77724582, 10.45739121 ], [ -85.777255389999979, 10.45740345 ] ] ], [ [ [ -85.777266109999985, 10.45753777 ], [ -85.77728078, 10.45756589 ], [ -85.777266109999985, 10.45753777 ], [ -85.77725398, 10.45750901 ], [ -85.777266109999985, 10.45753777 ] ] ], [ [ [ -85.777294219999987, 10.4576167 ], [ -85.77728787, 10.4576405 ], [ -85.777294219999973, 10.4576167 ], [ -85.77729135, 10.45759367 ], [ -85.777294219999987, 10.4576167 ] ] ], [ [ [ -85.777272489999987, 10.45766517 ], [ -85.77725901, 10.45768675 ], [ -85.777272489999973, 10.45766517 ], [ -85.77728787, 10.4576405 ], [ -85.777272489999987, 10.45766517 ] ] ], [ [ [ -85.777302439999985, 10.45785813 ], [ -85.77729151, 10.45787916 ], [ -85.777302439999971, 10.45785813 ], [ -85.77732194, 10.45783389 ], [ -85.777302439999985, 10.45785813 ] ] ], [ [ [ -85.777248569999983, 10.45803385 ], [ -85.777248569999969, 10.45803385 ], [ -85.77726672, 10.45801513 ], [ -85.777248569999983, 10.45803385 ] ] ], [ [ [ -85.777163749999985, 10.45803523 ], [ -85.777157115, 10.458040735000045 ], [ -85.777163749999971, 10.45803523 ], [ -85.77717044, 10.45800735 ], [ -85.777163749999985, 10.45803523 ] ] ], [ [ [ -85.777150480000017, 10.45804624 ], [ -85.777141699999987, 10.45804294 ], [ -85.777150480000017, 10.45804624 ], [ -85.777150480000017, 10.45804624 ] ] ], [ [ [ -85.777063909999981, 10.4579953 ], [ -85.777050859999989, 10.45801281 ], [ -85.777063909999967, 10.4579953 ], [ -85.77707493, 10.45799144 ], [ -85.777063909999981, 10.4579953 ] ] ], [ [ [ -85.776915229999986, 10.45810232 ], [ -85.7769004, 10.45811234 ], [ -85.776915229999972, 10.45810232 ], [ -85.77694105, 10.45809892 ], [ -85.776915229999986, 10.45810232 ] ] ], [ [ [ -85.776711079999984, 10.45823278 ], [ -85.776698939999989, 10.45824884 ], [ -85.776693579999986, 10.45827111 ], [ -85.776698939999974, 10.45824884 ], [ -85.77671107999997, 10.45823278 ], [ -85.776730019999974, 10.45822309 ], [ -85.776730019999988, 10.45822309 ], [ -85.776711079999984, 10.45823278 ] ] ], [ [ [ -85.776360579999988, 10.45892755 ], [ -85.77635999, 10.45895268 ], [ -85.776360579999974, 10.45892755 ], [ -85.776366489999987, 10.45889064 ], [ -85.776360579999988, 10.45892755 ] ] ], [ [ [ -85.776375109999989, 10.45901098 ], [ -85.7763663, 10.45903543 ], [ -85.776375109999975, 10.45901098 ], [ -85.77636956, 10.458982 ], [ -85.776375109999989, 10.45901098 ] ] ], [ [ [ -85.776208019999984, 10.45958805 ], [ -85.77620298, 10.4596339 ], [ -85.776208019999984, 10.45958805 ], [ -85.77621025, 10.45956382 ], [ -85.776208019999984, 10.45958805 ] ] ], [ [ [ -85.776186309999986, 10.45975356 ], [ -85.77618151999998, 10.45977835 ], [ -85.776186309999972, 10.45975356 ], [ -85.77619291, 10.45970869 ], [ -85.776186309999986, 10.45975356 ] ] ], [ [ [ -85.776179289999988, 10.45980258 ], [ -85.77617558999998, 10.45982583 ], [ -85.776179289999973, 10.45980258 ], [ -85.77618151999998, 10.45977835 ], [ -85.776179289999988, 10.45980258 ] ] ], [ [ [ -85.776152309999986, 10.46005225 ], [ -85.77615073, 10.46007892 ], [ -85.776152309999972, 10.46005225 ], [ -85.77615554, 10.46002648 ], [ -85.776152309999986, 10.46005225 ] ] ], [ [ [ -85.776145909999983, 10.46013137 ], [ -85.77614412, 10.46016861 ], [ -85.776145909999968, 10.46013137 ], [ -85.77614815, 10.46010723 ], [ -85.776145909999983, 10.46013137 ] ] ], [ [ [ -85.776146949999983, 10.46028111 ], [ -85.77614748, 10.46031121 ], [ -85.776146949999983, 10.46028111 ], [ -85.77614551, 10.46025247 ], [ -85.776146949999983, 10.46028111 ] ] ], [ [ [ -85.776188569999988, 10.46069634 ], [ -85.77619166, 10.46072587 ], [ -85.776188569999974, 10.46069634 ], [ -85.77618557, 10.4606668 ], [ -85.776188569999988, 10.46069634 ] ] ], [ [ [ -85.776198629999982, 10.46081106 ], [ -85.776201629999989, 10.46084068 ], [ -85.776198629999968, 10.46081106 ], [ -85.77619676, 10.46078658 ], [ -85.776198629999982, 10.46081106 ] ] ], [ [ [ -85.776204719999981, 10.46087022 ], [ -85.77620928, 10.46090074 ], [ -85.776204719999967, 10.46087022 ], [ -85.776201629999989, 10.46084068 ], [ -85.776204719999981, 10.46087022 ] ] ], [ [ [ -85.776212359999988, 10.46093028 ], [ -85.77621692, 10.4609608 ], [ -85.776212359999974, 10.46093028 ], [ -85.77620928, 10.46090074 ], [ -85.776212359999988, 10.46093028 ] ] ], [ [ [ -85.776240319999985, 10.46110924 ], [ -85.77624375, 10.46113471 ], [ -85.776240319999971, 10.46110924 ], [ -85.776236670000017, 10.46107718 ], [ -85.776240319999985, 10.46110924 ] ] ], [ [ [ -85.776385939999983, 10.4618778 ], [ -85.77639249, 10.46190523 ], [ -85.776385939999969, 10.4618778 ], [ -85.77637728, 10.46184694 ], [ -85.776385939999983, 10.4618778 ] ] ], [ [ [ -85.776418059999983, 10.46200188 ], [ -85.776428379999984, 10.46203373 ], [ -85.776418059999969, 10.46200188 ], [ -85.77640883, 10.4619685 ], [ -85.776418059999983, 10.46200188 ] ] ], [ [ [ -85.776434829999985, 10.46206108 ], [ -85.77644472, 10.46209699 ], [ -85.776434829999971, 10.46206108 ], [ -85.776428379999984, 10.46203373 ], [ -85.776434829999985, 10.46206108 ] ] ], [ [ [ -85.776463829999983, 10.4621662 ], [ -85.776473149999987, 10.46219959 ], [ -85.77648394, 10.46223387 ], [ -85.776473149999973, 10.46219959 ], [ -85.776463829999969, 10.4621662 ], [ -85.776453939999982, 10.46213029 ], [ -85.776463829999983, 10.4621662 ] ] ], [ [ [ -85.776584989999989, 10.46250235 ], [ -85.77659677, 10.46253509 ], [ -85.776584989999989, 10.46250235 ], [ -85.77657264, 10.46246709 ], [ -85.776584989999989, 10.46250235 ] ] ], [ [ [ -85.776715909999979, 10.462885 ], [ -85.77672492, 10.46291179 ], [ -85.776715909999965, 10.462885 ], [ -85.77670413, 10.46285217 ], [ -85.776715909999979, 10.462885 ] ] ], [ [ [ -85.776738259999988, 10.46294551 ], [ -85.776751599999983, 10.46297924 ], [ -85.776764039999989, 10.46301451 ], [ -85.776751599999969, 10.46297924 ], [ -85.776738259999973, 10.46294551 ], [ -85.77672492, 10.46291179 ], [ -85.776738259999988, 10.46294551 ] ] ], [ [ [ -85.776789719999982, 10.4630835 ], [ -85.77680038, 10.46311128 ], [ -85.776789719999968, 10.4630835 ], [ -85.776776379999987, 10.46304977 ], [ -85.776789719999982, 10.4630835 ] ] ], [ [ [ -85.776865299999983, 10.46327241 ], [ -85.776878989999986, 10.46330216 ], [ -85.77689177, 10.46333336 ], [ -85.776878989999972, 10.46330216 ], [ -85.776865299999969, 10.46327241 ], [ -85.77685465, 10.46324464 ], [ -85.776865299999983, 10.46327241 ] ] ], [ [ [ -85.777082889999988, 10.4637848 ], [ -85.77709535, 10.4638095 ], [ -85.777082889999988, 10.4637848 ], [ -85.777069109999985, 10.46375515 ], [ -85.777082889999988, 10.4637848 ] ] ], [ [ [ -85.777380079999986, 10.46436228 ], [ -85.77743287, 10.46445705 ], [ -85.777380079999972, 10.46436228 ], [ -85.777367359999985, 10.46433812 ], [ -85.777380079999986, 10.46436228 ] ] ], [ [ [ -85.777450099999982, 10.46448461 ], [ -85.777471570000017, 10.4645191 ], [ -85.777450099999967, 10.46448461 ], [ -85.77743287, 10.46445705 ], [ -85.777450099999982, 10.46448461 ] ] ], [ [ [ -85.777625519999987, 10.46470528 ], [ -85.7776578, 10.46473749 ], [ -85.777625519999972, 10.46470528 ], [ -85.77762465, 10.46470442 ], [ -85.777625519999987, 10.46470528 ] ] ], [ [ [ -85.777683069999981, 10.46476582 ], [ -85.777708779999983, 10.46479008 ], [ -85.777683069999966, 10.46476582 ], [ -85.7776578, 10.46473749 ], [ -85.777683069999981, 10.46476582 ] ] ], [ [ [ -85.777766979999981, 10.4648278 ], [ -85.777795699999984, 10.46483695 ], [ -85.777766979999967, 10.4648278 ], [ -85.77773582, 10.46480873 ], [ -85.777766979999981, 10.4648278 ] ] ], [ [ [ -85.778518619999986, 10.46509862 ], [ -85.77853018, 10.46512485 ], [ -85.778518619999971, 10.46509862 ], [ -85.778492479999983, 10.46507843 ], [ -85.778518619999986, 10.46509862 ] ] ], [ [ [ -85.77854130999998, 10.46515516 ], [ -85.7785611, 10.46518216 ], [ -85.778541309999966, 10.46515516 ], [ -85.77853018, 10.46512485 ], [ -85.77854130999998, 10.46515516 ] ] ], [ [ [ -85.77905346999998, 10.46526861 ], [ -85.77907593, 10.46528448 ], [ -85.779053469999965, 10.46526861 ], [ -85.77902821, 10.46525745 ], [ -85.77905346999998, 10.46526861 ] ] ], [ [ [ -85.779129489999988, 10.46530885 ], [ -85.779129489999974, 10.46530885 ], [ -85.77910388, 10.46530168 ], [ -85.779129489999988, 10.46530885 ] ] ], [ [ [ -85.779451619999989, 10.46538894 ], [ -85.77945081999998, 10.46539124 ], [ -85.779451619999975, 10.46538894 ], [ -85.77944953, 10.46535786 ], [ -85.779451619999989, 10.46538894 ] ] ], [ [ [ -85.779312619999985, 10.46570422 ], [ -85.77929023, 10.465716 ], [ -85.77931261999997, 10.46570422 ], [ -85.77933713, 10.46567877 ], [ -85.779312619999985, 10.46570422 ] ] ], [ [ [ -85.779221669999984, 10.4658636 ], [ -85.779199629999979, 10.4658884 ], [ -85.7791858, 10.46591405 ], [ -85.779199629999965, 10.4658884 ], [ -85.77922166999997, 10.4658636 ], [ -85.7792493, 10.46584004 ], [ -85.779221669999984, 10.4658636 ] ] ], [ [ [ -85.779154259999984, 10.46597135 ], [ -85.77916573, 10.4659805 ], [ -85.77915425999997, 10.46597135 ], [ -85.77915382, 10.46595833 ], [ -85.779154259999984, 10.46597135 ] ] ], [ [ [ -85.779168659999982, 10.46611008 ], [ -85.77915639, 10.46613663 ], [ -85.779168659999968, 10.46611008 ], [ -85.779194729999986, 10.46608563 ], [ -85.779168659999982, 10.46611008 ] ] ], [ [ [ -85.779216659999989, 10.46647384 ], [ -85.77919751, 10.4664941 ], [ -85.779216659999975, 10.46647384 ], [ -85.779239049999987, 10.46644498 ], [ -85.779216659999989, 10.46647384 ] ] ], [ [ [ -85.779061199999987, 10.46659166 ], [ -85.779037369999983, 10.46659197 ], [ -85.779014749999988, 10.46659725 ], [ -85.77899906, 10.46661532 ], [ -85.779014749999973, 10.46659725 ], [ -85.779037369999969, 10.46659197 ], [ -85.779061199999987, 10.46659166 ], [ -85.77908602, 10.4665898 ], [ -85.779061199999987, 10.46659166 ] ] ], [ [ [ -85.778898609999985, 10.46666243 ], [ -85.77888123, 10.4666731 ], [ -85.77889860999997, 10.46666243 ], [ -85.77892344, 10.46666057 ], [ -85.778898609999985, 10.46666243 ] ] ], [ [ [ -85.778904699999984, 10.46672159 ], [ -85.77890692, 10.46674209 ], [ -85.77890469999997, 10.46672159 ], [ -85.77887999, 10.4666957 ], [ -85.778904699999984, 10.46672159 ] ] ], [ [ [ -85.77888695999998, 10.46678097 ], [ -85.77886491, 10.46678869 ], [ -85.778886959999966, 10.46678097 ], [ -85.77890101, 10.46676192 ], [ -85.77888695999998, 10.46678097 ] ] ], [ [ [ -85.77875815, 10.46677021 ], [ -85.77878266999997, 10.46676185 ], [ -85.778782669999984, 10.46676185 ], [ -85.77875815, 10.46677021 ] ] ], [ [ [ -85.778722749999986, 10.46680602 ], [ -85.77872718, 10.46683003 ], [ -85.778722749999972, 10.46680602 ], [ -85.77873433, 10.46678761 ], [ -85.778722749999986, 10.46680602 ] ] ], [ [ [ -85.778741199999985, 10.46685571 ], [ -85.778752539999985, 10.46687544 ], [ -85.7787562, 10.46690741 ], [ -85.778752539999971, 10.46687544 ], [ -85.77874119999997, 10.46685571 ], [ -85.77872718, 10.46683003 ], [ -85.778741199999985, 10.46685571 ] ] ], [ [ [ -85.778338549999987, 10.46721142 ], [ -85.77833103, 10.467230485000584 ], [ -85.778338549999972, 10.46721142 ], [ -85.77835551, 10.46717671 ], [ -85.778338549999987, 10.46721142 ] ] ], [ [ [ -85.778240509999989, 10.46756868 ], [ -85.778239405, 10.467583280000342 ], [ -85.778240509999975, 10.46756868 ], [ -85.778242710000015, 10.46753947 ], [ -85.778240509999989, 10.46756868 ] ] ], [ [ [ -85.778268069999982, 10.46801443 ], [ -85.778269349999988, 10.46804814 ], [ -85.778269169999987, 10.46808094 ], [ -85.77827146, 10.4681131 ], [ -85.778269169999987, 10.46808094 ], [ -85.778269349999974, 10.46804814 ], [ -85.778268069999967, 10.46801443 ], [ -85.77826672, 10.46798724 ], [ -85.778268069999982, 10.46801443 ] ] ], [ [ [ -85.778484569999989, 10.46918485 ], [ -85.7784869, 10.46921059 ], [ -85.778484569999989, 10.46918485 ], [ -85.77848074, 10.46913851 ], [ -85.778484569999989, 10.46918485 ] ] ], [ [ [ -85.778490799999986, 10.46923732 ], [ -85.778495689999986, 10.46926251 ], [ -85.778490799999972, 10.46923732 ], [ -85.7784869, 10.46921059 ], [ -85.778490799999986, 10.46923732 ] ] ], [ [ [ -85.778535169999984, 10.46944448 ], [ -85.77853959, 10.46946723 ], [ -85.778535169999984, 10.46944448 ], [ -85.778528719999983, 10.46941831 ], [ -85.778535169999984, 10.46944448 ] ] ], [ [ [ -85.778620229999987, 10.46980605 ], [ -85.77862522, 10.46983124 ], [ -85.778620229999973, 10.46980605 ], [ -85.778613869999987, 10.46977979 ], [ -85.778620229999987, 10.46980605 ] ] ], [ [ [ -85.778658419999985, 10.46995432 ], [ -85.77866487, 10.4699805 ], [ -85.778658419999971, 10.46995432 ], [ -85.77865098, 10.4699296 ], [ -85.778658419999985, 10.46995432 ] ] ], [ [ [ -85.778674749999979, 10.47003096 ], [ -85.7786812, 10.47005713 ], [ -85.778674749999965, 10.47003096 ], [ -85.77867033, 10.4700083 ], [ -85.778674749999979, 10.47003096 ] ] ], [ [ [ -85.778727619999984, 10.47025479 ], [ -85.778739009999981, 10.47029974 ], [ -85.778743099999986, 10.47031592 ], [ -85.778739009999967, 10.47029974 ], [ -85.77872761999997, 10.47025479 ], [ -85.778724675, 10.470242970000227 ], [ -85.778727619999984, 10.47025479 ] ] ], [ [ [ -85.77907021999998, 10.47083255 ], [ -85.779082835, 10.470843185000183 ], [ -85.779070219999966, 10.47083255 ], [ -85.779053549999986, 10.47080824 ], [ -85.77907021999998, 10.47083255 ] ] ], [ [ [ -85.779563109999984, 10.4709762 ], [ -85.779560959999984, 10.4709989 ], [ -85.779563109999984, 10.4709762 ], [ -85.77954846, 10.4709686 ], [ -85.779563109999984, 10.4709762 ] ] ], [ [ [ -85.779555069999986, 10.47100753 ], [ -85.779547649999984, 10.4710184 ], [ -85.77953424, 10.471038 ], [ -85.779547649999969, 10.4710184 ], [ -85.779555069999986, 10.47100753 ], [ -85.779560959999984, 10.4709989 ], [ -85.779555069999986, 10.47100753 ] ] ], [ [ [ -85.779522749999984, 10.47108722 ], [ -85.77953884999998, 10.47110901 ], [ -85.77952274999997, 10.47108722 ], [ -85.779523899999987, 10.47106607 ], [ -85.779522749999984, 10.47108722 ] ] ], [ [ [ -85.779512429999983, 10.47126433 ], [ -85.779513269999981, 10.47128249 ], [ -85.779499959999981, 10.47130208 ], [ -85.77947639, 10.47131704 ], [ -85.779499959999967, 10.47130208 ], [ -85.779513269999981, 10.47128249 ], [ -85.779512429999969, 10.47126433 ], [ -85.77950291, 10.47124269 ], [ -85.779512429999983, 10.47126433 ] ] ], [ [ [ -85.77923529, 10.47155001 ], [ -85.779250619999971, 10.47154713 ], [ -85.779250619999985, 10.47154713 ], [ -85.77923529, 10.47155001 ] ] ], [ [ [ -85.77921723999998, 10.47166724 ], [ -85.77921348, 10.47169537 ], [ -85.779217239999966, 10.47166724 ], [ -85.779218449999988, 10.47163958 ], [ -85.77921723999998, 10.47166724 ] ] ], [ [ [ -85.779239209999986, 10.47194927 ], [ -85.77924419999998, 10.47197455 ], [ -85.779264879999985, 10.47199928 ], [ -85.779244199999965, 10.47197455 ], [ -85.779239209999986, 10.47194927 ], [ -85.77923688, 10.47192362 ], [ -85.779239209999986, 10.47194927 ] ] ], [ [ [ -85.77930422999998, 10.47204543 ], [ -85.77929139, 10.47206746 ], [ -85.779304229999966, 10.47204543 ], [ -85.77929876, 10.47203073 ], [ -85.77930422999998, 10.47204543 ] ] ], [ [ [ -85.779223749999986, 10.47221506 ], [ -85.779256749999988, 10.47222174 ], [ -85.779223749999971, 10.47221506 ], [ -85.77921385, 10.472208425000071 ], [ -85.779223749999986, 10.47221506 ] ] ], [ [ [ -85.779349659999966, 10.47240667 ], [ -85.779349659999966, 10.47240667 ], [ -85.77933695, 10.47240259 ], [ -85.779349659999966, 10.47240667 ] ] ], [ [ [ -85.779377150000016, 10.47239224 ], [ -85.77940119, 10.47237981 ], [ -85.779377150000016, 10.47239224 ], [ -85.779363405, 10.472399455000083 ], [ -85.779377150000016, 10.47239224 ] ] ], [ [ [ -85.779454769999987, 10.47242443 ], [ -85.77947888, 10.47247346 ], [ -85.779454769999973, 10.47242443 ], [ -85.77944779, 10.47240224 ], [ -85.779454769999987, 10.47242443 ] ] ], [ [ [ -85.779521889999984, 10.47258646 ], [ -85.77953224, 10.47260674 ], [ -85.77952188999997, 10.47258646 ], [ -85.7795203, 10.47256342 ], [ -85.779521889999984, 10.47258646 ] ] ], [ [ [ -85.779553189999987, 10.4726782 ], [ -85.77955681, 10.47270484 ], [ -85.779553189999973, 10.4726782 ], [ -85.77954904, 10.47265563 ], [ -85.779553189999987, 10.4726782 ] ] ], [ [ [ -85.779690679999987, 10.47323378 ], [ -85.7796953, 10.47325887 ], [ -85.779690679999973, 10.47323378 ], [ -85.77968653, 10.47321112 ], [ -85.779690679999987, 10.47323378 ] ] ], [ [ [ -85.779717459999986, 10.47335093 ], [ -85.779725629999987, 10.47337411 ], [ -85.779717459999986, 10.47335093 ], [ -85.77971138, 10.47332476 ], [ -85.779717459999986, 10.47335093 ] ] ], [ [ [ -85.779815219999989, 10.47363326 ], [ -85.77982642, 10.4736585 ], [ -85.779815219999975, 10.47363326 ], [ -85.7798045, 10.47361046 ], [ -85.779815219999989, 10.47363326 ] ] ], [ [ [ -85.77987152999998, 10.47373995 ], [ -85.77988334, 10.47376121 ], [ -85.779871529999966, 10.47373995 ], [ -85.77985873, 10.47372014 ], [ -85.77987152999998, 10.47373995 ] ] ], [ [ [ -85.779927459999982, 10.47384411 ], [ -85.77994074, 10.47386636 ], [ -85.779927459999968, 10.47384411 ], [ -85.779921555, 10.473833480000184 ], [ -85.779927459999982, 10.47384411 ] ] ], [ [ [ -85.780149039999984, 10.47422227 ], [ -85.780156209999987, 10.4742469 ], [ -85.780149039999984, 10.47422227 ], [ -85.78014321, 10.47420865 ], [ -85.780149039999984, 10.47422227 ] ] ], [ [ [ -85.780190439999984, 10.4743407 ], [ -85.780200169999986, 10.47436495 ], [ -85.78021089, 10.47438767 ], [ -85.780200169999972, 10.47436495 ], [ -85.780190439999984, 10.4743407 ], [ -85.78018081, 10.47431644 ], [ -85.780190439999984, 10.4743407 ] ] ], [ [ [ -85.780238179999984, 10.47445023 ], [ -85.780247349999982, 10.47447196 ], [ -85.78025916, 10.47449323 ], [ -85.780247349999968, 10.47447196 ], [ -85.780238179999969, 10.47445023 ], [ -85.78022737, 10.47442752 ], [ -85.780238179999984, 10.47445023 ] ] ], [ [ [ -85.780280749999989, 10.47453215 ], [ -85.78029256, 10.47455341 ], [ -85.780280749999974, 10.47453215 ], [ -85.78025916, 10.47449323 ], [ -85.780280749999989, 10.47453215 ] ] ], [ [ [ -85.780305359999986, 10.47457313 ], [ -85.78031817, 10.47459294 ], [ -85.780305359999986, 10.47457313 ], [ -85.78029256, 10.47455341 ], [ -85.780305359999986, 10.47457313 ] ] ], [ [ [ -85.780387299999987, 10.47469079 ], [ -85.78040011, 10.4747106 ], [ -85.780387299999973, 10.47469079 ], [ -85.78037194, 10.47467154 ], [ -85.780387299999987, 10.47469079 ] ] ], [ [ [ -85.780537179999982, 10.47485724 ], [ -85.78056663000001, 10.47488184 ], [ -85.780537179999968, 10.47485724 ], [ -85.78050782, 10.47483273 ], [ -85.780537179999982, 10.47485724 ] ] ], [ [ [ -85.780790949999982, 10.4751959 ], [ -85.780804409999988, 10.47523369 ], [ -85.780790949999968, 10.4751959 ], [ -85.7807809, 10.47516261 ], [ -85.780790949999982, 10.4751959 ] ] ], [ [ [ -85.780948309999985, 10.47542457 ], [ -85.780961579999982, 10.47544682 ], [ -85.780966669999984, 10.47547445 ], [ -85.780961579999982, 10.47544682 ], [ -85.780948309999985, 10.47542457 ], [ -85.78092637, 10.47540517 ], [ -85.780948309999985, 10.47542457 ] ] ], [ [ [ -85.780955489999982, 10.47556344 ], [ -85.78095339, 10.47559499 ], [ -85.780955489999968, 10.47556344 ], [ -85.78095807, 10.47553441 ], [ -85.780955489999982, 10.47556344 ] ] ], [ [ [ -85.78099985999998, 10.47583332 ], [ -85.781025, 10.47587032 ], [ -85.780999859999966, 10.47583332 ], [ -85.78098952, 10.47581304 ], [ -85.78099985999998, 10.47583332 ] ] ], [ [ [ -85.781154279999981, 10.47605993 ], [ -85.781180039999981, 10.47609295 ], [ -85.78119285, 10.47611267 ], [ -85.781180039999967, 10.47609295 ], [ -85.781154279999967, 10.47605993 ], [ -85.78114039, 10.47604166 ], [ -85.781154279999981, 10.47605993 ] ] ], [ [ [ -85.78125962999998, 10.47619807 ], [ -85.78128841, 10.47623315 ], [ -85.781259629999965, 10.47619807 ], [ -85.78124582, 10.4761798 ], [ -85.78125962999998, 10.47619807 ] ] ], [ [ [ -85.781355189999985, 10.47631845 ], [ -85.78138, 10.47634642 ], [ -85.781355189999971, 10.47631845 ], [ -85.78133689, 10.47629714 ], [ -85.781355189999985, 10.47631845 ] ] ], [ [ [ -85.781572719999986, 10.47653115 ], [ -85.78159116, 10.47654605 ], [ -85.781572719999971, 10.47653115 ], [ -85.78154327, 10.47650655 ], [ -85.781572719999986, 10.47653115 ] ] ], [ [ [ -85.781717679999986, 10.4766349 ], [ -85.781738, 10.47665982 ], [ -85.781717679999971, 10.4766349 ], [ -85.78168723, 10.47661185 ], [ -85.781717679999986, 10.4766349 ] ] ], [ [ [ -85.781755619999984, 10.47669163 ], [ -85.78177225, 10.47672497 ], [ -85.78175561999997, 10.47669163 ], [ -85.781738, 10.47665982 ], [ -85.781755619999984, 10.47669163 ] ] ], [ [ [ -85.781832269999981, 10.47679468 ], [ -85.7818624, 10.47680879 ], [ -85.781832269999967, 10.47679468 ], [ -85.78180826, 10.47677827 ], [ -85.781832269999981, 10.47679468 ] ] ], [ [ [ -85.78207657999998, 10.47694677 ], [ -85.78211692, 10.47695892 ], [ -85.782076579999966, 10.47694677 ], [ -85.78203795, 10.476929 ], [ -85.78207657999998, 10.47694677 ] ] ], [ [ [ -85.782556909999983, 10.47712645 ], [ -85.78258494, 10.47714347 ], [ -85.782556909999968, 10.47712645 ], [ -85.78253227, 10.47711394 ], [ -85.782556909999983, 10.47712645 ] ] ], [ [ [ -85.782760039999985, 10.47723268 ], [ -85.78279627, 10.47724432 ], [ -85.782760039999971, 10.47723268 ], [ -85.782720319999981, 10.47721645 ], [ -85.782760039999985, 10.47723268 ] ] ], [ [ [ -85.78290570999998, 10.47726874 ], [ -85.78294657, 10.477277 ], [ -85.782905709999966, 10.47726874 ], [ -85.78288729, 10.477264910000024 ], [ -85.78290570999998, 10.47726874 ] ] ], [ [ [ -85.782984409999983, 10.47728312 ], [ -85.782984409999969, 10.47728312 ], [ -85.78294657, 10.477277 ], [ -85.782984409999983, 10.47728312 ] ] ], [ [ [ -85.78414715000001, 10.476687 ], [ -85.78416769, 10.47667034 ], [ -85.78414715000001, 10.476687 ], [ -85.78414084, 10.47670249 ], [ -85.78414715000001, 10.476687 ] ] ], [ [ [ -85.78468110999998, 10.47652341 ], [ -85.78470675, 10.47653438 ], [ -85.784681109999966, 10.47652341 ], [ -85.784653259999985, 10.47652194 ], [ -85.78468110999998, 10.47652341 ] ] ], [ [ [ -85.784909979999981, 10.47657698 ], [ -85.78492581, 10.47659876 ], [ -85.784909979999966, 10.47657698 ], [ -85.78488387, 10.47656348 ], [ -85.784909979999981, 10.47657698 ] ] ], [ [ [ -85.785545809999988, 10.47637558 ], [ -85.78555445, 10.47640129 ], [ -85.785545809999974, 10.47637558 ], [ -85.78553864, 10.47635086 ], [ -85.785545809999988, 10.47637558 ] ] ], [ [ [ -85.785683329999983, 10.47650269 ], [ -85.78570895999998, 10.47651366 ], [ -85.785724699999989, 10.47653554 ], [ -85.785708959999965, 10.47651366 ], [ -85.785683329999969, 10.47650269 ], [ -85.7856505, 10.47649565 ], [ -85.785683329999983, 10.47650269 ] ] ], [ [ [ -85.785779599999984, 10.47655547 ], [ -85.785812799999988, 10.47656505 ], [ -85.78583682, 10.47658154 ], [ -85.785812799999988, 10.47656505 ], [ -85.785779599999969, 10.47655547 ], [ -85.785747249999986, 10.47655096 ], [ -85.785779599999984, 10.47655547 ] ] ], [ [ [ -85.785946599999988, 10.47658644 ], [ -85.78596812, 10.4765968 ], [ -85.785946599999988, 10.47658644 ], [ -85.785946599999988, 10.47658644 ] ] ], [ [ [ -85.785989529999981, 10.47662027 ], [ -85.78600154, 10.47662843 ], [ -85.785989529999966, 10.47662027 ], [ -85.78596812, 10.4765968 ], [ -85.785989529999981, 10.47662027 ] ] ], [ [ [ -85.786501319999985, 10.47665011 ], [ -85.78650452, 10.47666772 ], [ -85.786501319999971, 10.47665011 ], [ -85.78649112, 10.47662342 ], [ -85.786501319999985, 10.47665011 ] ] ], [ [ [ -85.786579779999983, 10.47673471 ], [ -85.786602389999985, 10.47674362 ], [ -85.786579779999968, 10.47673471 ], [ -85.78656381, 10.47671935 ], [ -85.786579779999983, 10.47673471 ] ] ], [ [ [ -85.786741639999988, 10.47688726 ], [ -85.78675975, 10.47689312 ], [ -85.786741639999974, 10.47688726 ], [ -85.78671733, 10.47688387 ], [ -85.786741639999988, 10.47688726 ] ] ], [ [ [ -85.786855299999985, 10.47704207 ], [ -85.786882869999985, 10.47705655 ], [ -85.786855299999971, 10.47704207 ], [ -85.78684249, 10.47702235 ], [ -85.786855299999985, 10.47704207 ] ] ], [ [ [ -85.786886489999986, 10.47722599 ], [ -85.78688937, 10.47723456 ], [ -85.786886489999972, 10.47722599 ], [ -85.78688656, 10.47719092 ], [ -85.786886489999986, 10.47722599 ] ] ], [ [ [ -85.787019929999985, 10.47729546 ], [ -85.78703387, 10.47730722 ], [ -85.787019929999985, 10.47729546 ], [ -85.787008119999982, 10.4772742 ], [ -85.787019929999985, 10.47729546 ] ] ], [ [ [ -85.78729294999998, 10.47731119 ], [ -85.787316779999983, 10.47731214 ], [ -85.787292949999966, 10.47731119 ], [ -85.78726518, 10.47730971 ], [ -85.78729294999998, 10.47731119 ] ] ], [ [ [ -85.787689809999989, 10.4773151 ], [ -85.78767215, 10.47734033 ], [ -85.787689809999975, 10.4773151 ], [ -85.78770236, 10.47729072 ], [ -85.787689809999989, 10.4773151 ] ] ], [ [ [ -85.787693140000016, 10.47735476 ], [ -85.78770999, 10.47734653 ], [ -85.787693140000016, 10.47735476 ], [ -85.78767019, 10.47736537 ], [ -85.787693140000016, 10.47735476 ] ] ], [ [ [ -85.787707229999981, 10.4775028 ], [ -85.787711049999984, 10.47751634 ], [ -85.787707229999967, 10.4775028 ], [ -85.78770564, 10.47747968 ], [ -85.787707229999981, 10.4775028 ] ] ], [ [ [ -85.787872390000018, 10.47732375 ], [ -85.787879299999986, 10.477318605000042 ], [ -85.787872390000018, 10.47732375 ], [ -85.78785279, 10.47734546 ], [ -85.787872390000018, 10.47732375 ] ] ], [ [ [ -85.787888579999986, 10.47744024 ], [ -85.78789326, 10.47745892 ], [ -85.787888579999972, 10.47744024 ], [ -85.78788699, 10.4774172 ], [ -85.787888579999986, 10.47744024 ] ] ], [ [ [ -85.78786857999998, 10.47756715 ], [ -85.78785906, 10.47759359 ], [ -85.787868579999966, 10.47756715 ], [ -85.78787612, 10.47754379 ], [ -85.78786857999998, 10.47756715 ] ] ], [ [ [ -85.787851989999979, 10.47761948 ], [ -85.787845869999984, 10.47765051 ], [ -85.787851989999965, 10.47761948 ], [ -85.78785906, 10.47759359 ], [ -85.787851989999979, 10.47761948 ] ] ], [ [ [ -85.788048869999983, 10.47762045 ], [ -85.78804691, 10.4776454 ], [ -85.788048869999969, 10.47762045 ], [ -85.78804101999998, 10.47760621 ], [ -85.788048869999983, 10.47762045 ] ] ], [ [ [ -85.788064369999987, 10.47777599 ], [ -85.78805776999998, 10.47780449 ], [ -85.788064369999987, 10.47777599 ], [ -85.78807337, 10.47775361 ], [ -85.788064369999987, 10.47777599 ] ] ], [ [ [ -85.787987819999984, 10.47786634 ], [ -85.78797755, 10.47787471 ], [ -85.787987819999969, 10.47786634 ], [ -85.78801332, 10.47785526 ], [ -85.787987819999984, 10.47786634 ] ] ], [ [ [ -85.788067699999985, 10.47795843 ], [ -85.788081119999987, 10.47797417 ], [ -85.78808333, 10.47799332 ], [ -85.788081119999973, 10.47797417 ], [ -85.788067699999971, 10.47795843 ], [ -85.78804732, 10.47794002 ], [ -85.788067699999985, 10.47795843 ] ] ], [ [ [ -85.787957869999985, 10.47807428 ], [ -85.7879425, 10.47808349 ], [ -85.787957869999985, 10.47807428 ], [ -85.78798787, 10.47806625 ], [ -85.787957869999985, 10.47807428 ] ] ], [ [ [ -85.787884420000012, 10.47813163 ], [ -85.78786775, 10.478130095 ], [ -85.787884420000012, 10.47813163 ], [ -85.787884420000012, 10.47813163 ] ] ], [ [ [ -85.7877067, 10.47807795 ], [ -85.78773105999997, 10.47807483 ], [ -85.78773105999997, 10.47807483 ], [ -85.7877067, 10.47807795 ] ] ], [ [ [ -85.787017359999979, 10.4784097 ], [ -85.787048919999989, 10.47840275 ], [ -85.787048919999989, 10.47840275 ], [ -85.787017359999979, 10.4784097 ] ] ], [ [ [ -85.786895549999983, 10.47848874 ], [ -85.78687936, 10.47851504 ], [ -85.786895549999969, 10.47848874 ], [ -85.78691406, 10.47846857 ], [ -85.786895549999983, 10.47848874 ] ] ], [ [ [ -85.78681564999998, 10.47856809 ], [ -85.786789199999987, 10.47857411 ], [ -85.78676229, 10.47857769 ], [ -85.786789199999973, 10.47857411 ], [ -85.786815649999966, 10.47856809 ], [ -85.78684262, 10.47855799 ], [ -85.78681564999998, 10.47856809 ] ] ], [ [ [ -85.786681099999981, 10.47859225 ], [ -85.78665768, 10.47860042 ], [ -85.786681099999967, 10.47859225 ], [ -85.786709020000018, 10.4785873 ], [ -85.786681099999981, 10.47859225 ] ] ], [ [ [ -85.786609929999983, 10.47863368 ], [ -85.7865884, 10.47865178 ], [ -85.786609929999969, 10.47863368 ], [ -85.78663412, 10.47861501 ], [ -85.786609929999983, 10.47863368 ] ] ], [ [ [ -85.786516959999986, 10.47874129 ], [ -85.78650024, 10.47877157 ], [ -85.786516959999972, 10.47874129 ], [ -85.78653462, 10.47871598 ], [ -85.786516959999986, 10.47874129 ] ] ], [ [ [ -85.786475309999986, 10.4788357 ], [ -85.786467099999982, 10.47886963 ], [ -85.78645937, 10.4789061 ], [ -85.786467099999967, 10.47886963 ], [ -85.786475309999972, 10.4788357 ], [ -85.786488529999986, 10.47880092 ], [ -85.786475309999986, 10.4788357 ] ] ], [ [ [ -85.786445429999986, 10.47929415 ], [ -85.78644849, 10.47931827 ], [ -85.786445429999972, 10.47929415 ], [ -85.78644128, 10.47927158 ], [ -85.786445429999986, 10.47929415 ] ] ], [ [ [ -85.786456529999981, 10.47938302 ], [ -85.78646034, 10.4794252 ], [ -85.786456529999981, 10.47938302 ], [ -85.78645264, 10.47934093 ], [ -85.786456529999981, 10.47938302 ] ] ], [ [ [ -85.786479259999979, 10.47955677 ], [ -85.78648341, 10.47957944 ], [ -85.786479259999965, 10.47955677 ], [ -85.78647511, 10.4795342 ], [ -85.786479259999979, 10.47955677 ] ] ], [ [ [ -85.786514939999989, 10.47974383 ], [ -85.78652423, 10.47978752 ], [ -85.786514939999975, 10.47974383 ], [ -85.78651032, 10.47971864 ], [ -85.786514939999989, 10.47974383 ] ] ], [ [ [ -85.786580049999984, 10.47998395 ], [ -85.786587129999987, 10.48000858 ], [ -85.78660163, 10.48005143 ], [ -85.786587129999972, 10.48000858 ], [ -85.786580049999969, 10.47998395 ], [ -85.78657179, 10.47996068 ], [ -85.786580049999984, 10.47998395 ] ] ], [ [ [ -85.786625279999981, 10.48011601 ], [ -85.78663982, 10.48015226 ], [ -85.786625279999967, 10.48011601 ], [ -85.78660833, 10.48007363 ], [ -85.786625279999981, 10.48011601 ] ] ], [ [ [ -85.786825349999987, 10.4804837 ], [ -85.78683916, 10.48050197 ], [ -85.786825349999972, 10.4804837 ], [ -85.78680268, 10.48044623 ], [ -85.786825349999987, 10.4804837 ] ] ], [ [ [ -85.787147589999989, 10.48089563 ], [ -85.787163939999985, 10.48091343 ], [ -85.78718039, 10.48093123 ], [ -85.787163939999971, 10.48091343 ], [ -85.787147589999975, 10.48089563 ], [ -85.78713123, 10.48087782 ], [ -85.787147589999989, 10.48089563 ] ] ], [ [ [ -85.787266229999986, 10.48102745 ], [ -85.78729407, 10.48105748 ], [ -85.787266229999972, 10.48102745 ], [ -85.787238009999982, 10.48099489 ], [ -85.787266229999986, 10.48102745 ] ] ], [ [ [ -85.787414319999982, 10.48118378 ], [ -85.78743176, 10.48120013 ], [ -85.787414319999968, 10.48118378 ], [ -85.78738355, 10.48115169 ], [ -85.787414319999982, 10.48118378 ] ] ], [ [ [ -85.787658629999981, 10.48139949 ], [ -85.78767854, 10.48141537 ], [ -85.787658629999967, 10.48139949 ], [ -85.7876401, 10.48138468 ], [ -85.787658629999981, 10.48139949 ] ] ], [ [ [ -85.787799949999979, 10.48150515 ], [ -85.78783002, 10.48152568 ], [ -85.787799949999979, 10.48150515 ], [ -85.7877695, 10.4814821 ], [ -85.787799949999979, 10.48150515 ] ] ], [ [ [ -85.788130829999986, 10.48172082 ], [ -85.7881653, 10.48174449 ], [ -85.788130829999972, 10.48172082 ], [ -85.78809783, 10.48169824 ], [ -85.788130829999986, 10.48172082 ] ] ], [ [ [ -85.788254849999987, 10.48180363 ], [ -85.78827547, 10.48181554 ], [ -85.788254849999987, 10.48180363 ], [ -85.78823542, 10.48179028 ], [ -85.788254849999987, 10.48180363 ] ] ], [ [ [ -85.788306909999989, 10.48183714 ], [ -85.788341, 10.48185819 ], [ -85.788306909999974, 10.48183714 ], [ -85.78827547, 10.48181554 ], [ -85.788306909999989, 10.48183714 ] ] ], [ [ [ -85.788401519999979, 10.48190186 ], [ -85.78843405, 10.48192201 ], [ -85.788401519999979, 10.48190186 ], [ -85.788374, 10.48188087 ], [ -85.788401519999979, 10.48190186 ] ] ], [ [ [ -85.788823199999982, 10.48201291 ], [ -85.78883424, 10.482019355000068 ], [ -85.788823199999968, 10.48201291 ], [ -85.78879496, 10.48200891 ], [ -85.788823199999982, 10.48201291 ] ] ], [ [ [ -85.788891579999984, 10.48204217 ], [ -85.788891579999969, 10.48204217 ], [ -85.78886736, 10.48203869 ], [ -85.788891579999984, 10.48204217 ] ] ], [ [ [ -85.789325349999984, 10.48204714 ], [ -85.78935661, 10.4820532 ], [ -85.78932534999997, 10.48204714 ], [ -85.78929904, 10.48204665 ], [ -85.789325349999984, 10.48204714 ] ] ], [ [ [ -85.789406929999984, 10.48207009 ], [ -85.78942907, 10.48207683 ], [ -85.78940692999997, 10.48207009 ], [ -85.78935661, 10.4820532 ], [ -85.789406929999984, 10.48207009 ] ] ], [ [ [ -85.789698709999982, 10.48209149 ], [ -85.789721839999984, 10.48209669 ], [ -85.78976502, 10.48211154 ], [ -85.78972183999997, 10.48209669 ], [ -85.789698709999982, 10.48209149 ], [ -85.78965684, 10.48208422 ], [ -85.789698709999982, 10.48209149 ] ] ], [ [ [ -85.790105639999979, 10.48227383 ], [ -85.79013241, 10.48229275 ], [ -85.790105639999965, 10.48227383 ], [ -85.79008095, 10.4822521 ], [ -85.790105639999979, 10.48227383 ] ] ], [ [ [ -85.790187659999987, 10.48234052 ], [ -85.790208089999979, 10.48236824 ], [ -85.790224499999979, 10.48239535 ], [ -85.790208089999965, 10.48236824 ], [ -85.790187659999972, 10.48234052 ], [ -85.79016368, 10.48231472 ], [ -85.790187659999987, 10.48234052 ] ] ], [ [ [ -85.790280769999981, 10.48251044 ], [ -85.790291219999986, 10.48253334 ], [ -85.790304219999982, 10.48255577 ], [ -85.790291219999972, 10.48253334 ], [ -85.790280769999967, 10.48251044 ], [ -85.79026776, 10.48248792 ], [ -85.790280769999981, 10.48251044 ] ] ], [ [ [ -85.790446059999979, 10.48272009 ], [ -85.790463709999983, 10.48273915 ], [ -85.790446059999965, 10.48272009 ], [ -85.790423549999986, 10.48269536 ], [ -85.790446059999979, 10.48272009 ] ] ], [ [ [ -85.790575759999982, 10.48283585 ], [ -85.79060447, 10.48284274 ], [ -85.790575759999967, 10.48283585 ], [ -85.790537539999988, 10.48281112 ], [ -85.790575759999982, 10.48283585 ] ] ], [ [ [ -85.790828549999986, 10.4828741 ], [ -85.79084534, 10.48290374 ], [ -85.790828549999972, 10.4828741 ], [ -85.79081214, 10.48284708 ], [ -85.790828549999986, 10.4828741 ] ] ], [ [ [ -85.791480629999981, 10.48328913 ], [ -85.79151142, 10.48329312 ], [ -85.791480629999967, 10.48328913 ], [ -85.79144581, 10.48328454 ], [ -85.791480629999981, 10.48328913 ] ] ], [ [ [ -85.791796389999988, 10.48332079 ], [ -85.79182936, 10.48332178 ], [ -85.791796389999988, 10.48332079 ], [ -85.7917646, 10.48331826 ], [ -85.791796389999988, 10.48332079 ] ] ], [ [ [ -85.792907359999987, 10.4825834 ], [ -85.7928942, 10.48261411 ], [ -85.792907359999973, 10.4825834 ], [ -85.79290348, 10.48256074 ], [ -85.792907359999987, 10.4825834 ] ] ], [ [ [ -85.793015789999984, 10.48281298 ], [ -85.79304427, 10.48282637 ], [ -85.79301578999997, 10.48281298 ], [ -85.793015789999984, 10.48281298 ] ] ], [ [ [ -85.793093409999983, 10.48287652 ], [ -85.79312056, 10.48288233 ], [ -85.793093409999969, 10.48287652 ], [ -85.79306678, 10.4828511 ], [ -85.793093409999983, 10.48287652 ] ] ], [ [ [ -85.79432509999998, 10.48237957 ], [ -85.79435272, 10.48238791 ], [ -85.79432509999998, 10.48237957 ], [ -85.79432509999998, 10.48237957 ] ] ], [ [ [ -85.794635289999988, 10.48234736 ], [ -85.794635289999974, 10.48234736 ], [ -85.79462909, 10.48233411 ], [ -85.794635289999988, 10.48234736 ] ] ], [ [ [ -85.794709540000014, 10.48220668 ], [ -85.79472331, 10.48218754 ], [ -85.794709540000014, 10.48220668 ], [ -85.79469662, 10.48223079 ], [ -85.794709540000014, 10.48220668 ] ] ], [ [ [ -85.794925869999986, 10.48217708 ], [ -85.79492185, 10.48219202 ], [ -85.794925869999972, 10.48217708 ], [ -85.79493368, 10.48215372 ], [ -85.794925869999986, 10.48217708 ] ] ], [ [ [ -85.795825399999984, 10.48124423 ], [ -85.79585643, 10.48125725 ], [ -85.795825399999984, 10.48124423 ], [ -85.79578487, 10.481229 ], [ -85.795825399999984, 10.48124423 ] ] ], [ [ [ -85.795974499999986, 10.48128938 ], [ -85.79599688, 10.48130507 ], [ -85.795974499999986, 10.48128938 ], [ -85.79595114, 10.48127515 ], [ -85.795974499999986, 10.48128938 ] ] ], [ [ [ -85.796128100000018, 10.48132214 ], [ -85.79616353, 10.48130712 ], [ -85.796128100000018, 10.48132214 ], [ -85.79608988, 10.4813285 ], [ -85.796128100000018, 10.48132214 ] ] ], [ [ [ -85.796545645, 10.48112814 ], [ -85.796533960000019, 10.48112879 ], [ -85.796533960000019, 10.48112879 ], [ -85.796545645, 10.48112814 ] ] ], [ [ [ -85.796717729999983, 10.48120051 ], [ -85.79672771, 10.48122088 ], [ -85.796717729999969, 10.48120051 ], [ -85.79670473, 10.48117808 ], [ -85.796717729999983, 10.48120051 ] ] ], [ [ [ -85.796681709999987, 10.481366 ], [ -85.79667319, 10.48137771 ], [ -85.796681709999973, 10.481366 ], [ -85.79670314000002, 10.48134555 ], [ -85.796681709999987, 10.481366 ] ] ], [ [ [ -85.796674509999988, 10.48140084 ], [ -85.79668288, 10.48142673 ], [ -85.796674509999988, 10.48140084 ], [ -85.79667319, 10.48137771 ], [ -85.796674509999988, 10.48140084 ] ] ], [ [ [ -85.796782919999984, 10.48145282 ], [ -85.79680544, 10.48146201 ], [ -85.79678291999997, 10.48145282 ], [ -85.79674811, 10.48144823 ], [ -85.796782919999984, 10.48145282 ] ] ], [ [ [ -85.796814329999989, 10.48146828 ], [ -85.79681551, 10.48149792 ], [ -85.796814329999975, 10.48146828 ], [ -85.79680544, 10.48146201 ], [ -85.796814329999989, 10.48146828 ] ] ], [ [ [ -85.796802969999987, 10.48152465 ], [ -85.79678674, 10.48155972 ], [ -85.796802969999973, 10.48152465 ], [ -85.79681551, 10.48149792 ], [ -85.796802969999987, 10.48152465 ] ] ], [ [ [ -85.796787199999983, 10.48162451 ], [ -85.79680579, 10.48164863 ], [ -85.796787199999969, 10.48162451 ], [ -85.79677954, 10.48159464 ], [ -85.796787199999983, 10.48162451 ] ] ], [ [ [ -85.796792509999989, 10.48183234 ], [ -85.796762089999987, 10.48184643 ], [ -85.796792509999975, 10.48183234 ], [ -85.79682794, 10.48181732 ], [ -85.796792509999989, 10.48183234 ] ] ], [ [ [ -85.796726039999982, 10.48186543 ], [ -85.79668744, 10.48188481 ], [ -85.796726039999967, 10.48186543 ], [ -85.796762089999987, 10.48184643 ], [ -85.796726039999982, 10.48186543 ] ] ], [ [ [ -85.796625399999982, 10.48197418 ], [ -85.7966456, 10.48199286 ], [ -85.796625399999968, 10.48197418 ], [ -85.79661495, 10.48195128 ], [ -85.796625399999982, 10.48197418 ] ] ], [ [ [ -85.79667809999998, 10.48200687 ], [ -85.79671632, 10.48201605 ], [ -85.79667809999998, 10.48200687 ], [ -85.7966456, 10.48199286 ], [ -85.79667809999998, 10.48200687 ] ] ], [ [ [ -85.79680338999998, 10.48211958 ], [ -85.79681128, 10.4821584 ], [ -85.796803389999965, 10.48211958 ], [ -85.79679029, 10.48208152 ], [ -85.79680338999998, 10.48211958 ] ] ], [ [ [ -85.797429039999983, 10.48220967 ], [ -85.79745642, 10.48222461 ], [ -85.797429039999969, 10.48220967 ], [ -85.79740156, 10.48219483 ], [ -85.797429039999983, 10.48220967 ] ] ], [ [ [ -85.797545869999979, 10.48228095 ], [ -85.79757737, 10.4822965 ], [ -85.797545869999965, 10.48228095 ], [ -85.79751972, 10.48225814 ], [ -85.797545869999979, 10.48228095 ] ] ], [ [ [ -85.797767399999984, 10.48229723 ], [ -85.79775155, 10.48231928 ], [ -85.797767399999969, 10.48229723 ], [ -85.79776499, 10.48227556 ], [ -85.797767399999984, 10.48229723 ] ] ], [ [ [ -85.797719069999985, 10.48245177 ], [ -85.79774414, 10.48247603 ], [ -85.797719069999971, 10.48245177 ], [ -85.797691589999985, 10.48242129 ], [ -85.797719069999985, 10.48245177 ] ] ], [ [ [ -85.797883409999983, 10.48247877 ], [ -85.79791359, 10.48248673 ], [ -85.797883409999969, 10.48247877 ], [ -85.797883409999983, 10.48247877 ] ] ], [ [ [ -85.798090169999981, 10.48256228 ], [ -85.7980692, 10.48260081 ], [ -85.798090169999966, 10.48256228 ], [ -85.798106869999984, 10.48252965 ], [ -85.798090169999981, 10.48256228 ] ] ], [ [ [ -85.798062479999984, 10.48262263 ], [ -85.79805978, 10.48266069 ], [ -85.79806247999997, 10.48262263 ], [ -85.7980692, 10.48260081 ], [ -85.798062479999984, 10.48262263 ] ] ], [ [ [ -85.79803751999998, 10.4828225 ], [ -85.79800611, 10.48282258 ], [ -85.798037519999966, 10.4828225 ], [ -85.79805299, 10.48281346 ], [ -85.79803751999998, 10.4828225 ] ] ], [ [ [ -85.797922879999987, 10.48295699 ], [ -85.79793394, 10.4829759 ], [ -85.797922879999973, 10.48295699 ], [ -85.797902829999984, 10.4829318 ], [ -85.797922879999987, 10.48295699 ] ] ], [ [ [ -85.798059469999984, 10.48314419 ], [ -85.79807246999998, 10.48316671 ], [ -85.79805946999997, 10.48314419 ], [ -85.79803146, 10.48313333 ], [ -85.798059469999984, 10.48314419 ] ] ], [ [ [ -85.79817275000002, 10.48321739 ], [ -85.798187535, 10.48321559 ], [ -85.79817275000002, 10.48321739 ], [ -85.79814072, 10.48322146 ], [ -85.79817275000002, 10.48321739 ] ] ], [ [ [ -85.798202319999987, 10.48321379 ], [ -85.79823273, 10.4832307 ], [ -85.798202319999973, 10.48321379 ], [ -85.798202319999987, 10.48321379 ] ] ], [ [ [ -85.798358869999987, 10.48336392 ], [ -85.79838588, 10.48339187 ], [ -85.798358869999973, 10.48336392 ], [ -85.798335649999984, 10.48332763 ], [ -85.798358869999987, 10.48336392 ] ] ], [ [ [ -85.79839355999998, 10.48358369 ], [ -85.798391, 10.48359413 ], [ -85.798393559999965, 10.48358369 ], [ -85.7984078, 10.48355153 ], [ -85.79839355999998, 10.48358369 ] ] ], [ [ [ -85.798417719999989, 10.48365613 ], [ -85.79843977, 10.48366287 ], [ -85.798417719999975, 10.48365613 ], [ -85.79839705, 10.483635 ], [ -85.798417719999989, 10.48365613 ] ] ], [ [ [ -85.79855818999998, 10.48383499 ], [ -85.79853467, 10.4838739 ], [ -85.798558189999966, 10.48383499 ], [ -85.79856491000001, 10.48381309 ], [ -85.79855818999998, 10.48383499 ] ] ], [ [ [ -85.798172259999987, 10.48392258 ], [ -85.798146059999979, 10.48392793 ], [ -85.79813814, 10.48392955 ], [ -85.798146059999965, 10.48392793 ], [ -85.798172259999987, 10.48392258 ], [ -85.798207309999967, 10.48392066 ], [ -85.798207309999981, 10.48392066 ], [ -85.798172259999987, 10.48392258 ] ] ], [ [ [ -85.798102709999981, 10.48394457 ], [ -85.798069589999983, 10.48396564 ], [ -85.798102709999981, 10.48394457 ], [ -85.79813814, 10.48392955 ], [ -85.798102709999981, 10.48394457 ] ] ], [ [ [ -85.797855279999979, 10.48406102 ], [ -85.79782751, 10.48407473 ], [ -85.797855279999965, 10.48406102 ], [ -85.79789142, 10.48405756 ], [ -85.797855279999979, 10.48406102 ] ] ], [ [ [ -85.797394789999984, 10.48417144 ], [ -85.79735595, 10.48418178 ], [ -85.79739478999997, 10.48417144 ], [ -85.797431069999988, 10.48416147 ], [ -85.797394789999984, 10.48417144 ] ] ], [ [ [ -85.79712748999998, 10.48430932 ], [ -85.797099859999989, 10.48433207 ], [ -85.797127489999966, 10.48430932 ], [ -85.79716013, 10.48428573 ], [ -85.79712748999998, 10.48430932 ] ] ], [ [ [ -85.796937009999979, 10.48443701 ], [ -85.79691775, 10.48447002 ], [ -85.796937009999965, 10.48443701 ], [ -85.796954569999983, 10.48442498 ], [ -85.796937009999979, 10.48443701 ] ] ], [ [ [ -85.796868869999983, 10.48459094 ], [ -85.79688806999998, 10.48461108 ], [ -85.796868869999969, 10.48459094 ], [ -85.79686655, 10.48456927 ], [ -85.796868869999983, 10.48459094 ] ] ], [ [ [ -85.796955149999988, 10.48463618 ], [ -85.79698178, 10.48464598 ], [ -85.796955149999974, 10.48463618 ], [ -85.796919479999985, 10.48462654 ], [ -85.796955149999988, 10.48463618 ] ] ], [ [ [ -85.796944719999985, 10.48472861 ], [ -85.7969188, 10.48473038 ], [ -85.796944719999971, 10.48472861 ], [ -85.79695788, 10.48471353 ], [ -85.796944719999985, 10.48472861 ] ] ], [ [ [ -85.796901009999985, 10.48473337 ], [ -85.796901009999985, 10.48473337 ], [ -85.7969188, 10.48473038 ], [ -85.796901009999985, 10.48473337 ] ] ], [ [ [ -85.79668033999998, 10.48469106 ], [ -85.79665635, 10.48472743 ], [ -85.796680339999966, 10.48469106 ], [ -85.7967064, 10.48466723 ], [ -85.79668033999998, 10.48469106 ] ] ], [ [ [ -85.796586499999989, 10.48485571 ], [ -85.796579919999985, 10.48487111 ], [ -85.796586499999975, 10.48485571 ], [ -85.79660561999998, 10.48482921 ], [ -85.796586499999989, 10.48485571 ] ] ], [ [ [ -85.796602299999989, 10.4848868 ], [ -85.79662442999998, 10.48490909 ], [ -85.79664401, 10.48493175 ], [ -85.796624429999966, 10.48490909 ], [ -85.796602299999975, 10.4848868 ], [ -85.796579919999985, 10.48487111 ], [ -85.796602299999989, 10.4848868 ] ] ], [ [ [ -85.796709729999989, 10.48511782 ], [ -85.79670571, 10.4851483 ], [ -85.796709729999975, 10.48511782 ], [ -85.79672095, 10.48509905 ], [ -85.796709729999989, 10.48511782 ] ] ], [ [ [ -85.796663079999988, 10.48519815 ], [ -85.79662996, 10.48520367 ], [ -85.796663079999973, 10.48519815 ], [ -85.79669364, 10.48517747 ], [ -85.796663079999988, 10.48519815 ] ] ], [ [ [ -85.79656430999998, 10.48541037 ], [ -85.79658049, 10.48542835 ], [ -85.796564309999965, 10.48541037 ], [ -85.79653584, 10.48539697 ], [ -85.79656430999998, 10.48541037 ] ] ], [ [ [ -85.796670259999985, 10.48550936 ], [ -85.796665770000018, 10.48553731 ], [ -85.796670259999971, 10.48550936 ], [ -85.79665764, 10.48548937 ], [ -85.796670259999985, 10.48550936 ] ] ], [ [ [ -85.796890579999982, 10.48574228 ], [ -85.796922689999988, 10.48575375 ], [ -85.796890579999967, 10.48574228 ], [ -85.796873779999984, 10.48572818 ], [ -85.796890579999982, 10.48574228 ] ] ], [ [ [ -85.796921919999988, 10.48584196 ], [ -85.79689779, 10.48586939 ], [ -85.796921919999974, 10.48584196 ], [ -85.79694397, 10.48581762 ], [ -85.796921919999988, 10.48584196 ] ] ], [ [ [ -85.796876359999985, 10.48588976 ], [ -85.79685455, 10.48590768 ], [ -85.79687635999997, 10.48588976 ], [ -85.79689779, 10.48586939 ], [ -85.796876359999985, 10.48588976 ] ] ], [ [ [ -85.796761339999989, 10.48602172 ], [ -85.79676157, 10.4860463 ], [ -85.796761339999989, 10.48602172 ], [ -85.79675382, 10.48598543 ], [ -85.796761339999989, 10.48602172 ] ] ], [ [ [ -85.796745859999987, 10.48606193 ], [ -85.796745859999973, 10.48606193 ], [ -85.79676157, 10.4860463 ], [ -85.796745859999987, 10.48606193 ] ] ], [ [ [ -85.796636299999989, 10.48603354 ], [ -85.79664699, 10.48606539 ], [ -85.796636299999975, 10.48603354 ], [ -85.796624529999988, 10.48600306 ], [ -85.796636299999989, 10.48603354 ] ] ], [ [ [ -85.796669969999982, 10.48612382 ], [ -85.796675169999986, 10.48615406 ], [ -85.796669969999968, 10.48612382 ], [ -85.79666061, 10.48609947 ], [ -85.796669969999982, 10.48612382 ] ] ], [ [ [ -85.796643519999989, 10.48619175 ], [ -85.79662, 10.48621511 ], [ -85.796643519999975, 10.48619175 ], [ -85.7966675, 10.48617092 ], [ -85.796643519999989, 10.48619175 ] ] ], [ [ [ -85.79639032999998, 10.48651265 ], [ -85.79639174, 10.48655123 ], [ -85.796390329999966, 10.48651265 ], [ -85.79639048, 10.48647496 ], [ -85.79639032999998, 10.48651265 ] ] ], [ [ [ -85.796695819999982, 10.48658359 ], [ -85.79672259, 10.48658687 ], [ -85.796695819999982, 10.48658359 ], [ -85.796695819999982, 10.48658359 ] ] ], [ [ [ -85.796747809999985, 10.48658917 ], [ -85.796747809999971, 10.48658917 ], [ -85.79672259, 10.48658687 ], [ -85.796747809999985, 10.48658917 ] ] ], [ [ [ -85.796907899999979, 10.48654434 ], [ -85.796921749999981, 10.48657183 ], [ -85.7969438, 10.48659402 ], [ -85.796921749999967, 10.48657183 ], [ -85.796907899999965, 10.48654434 ], [ -85.7968938, 10.48652336 ], [ -85.796907899999979, 10.48654434 ] ] ], [ [ [ -85.797108369999989, 10.48659906 ], [ -85.79711844, 10.48661943 ], [ -85.797108369999975, 10.48659906 ], [ -85.79708291999998, 10.48658772 ], [ -85.797108369999989, 10.48659906 ] ] ], [ [ [ -85.79664464, 10.4868137 ], [ -85.79666389999997, 10.48681178 ], [ -85.79666389999997, 10.48681178 ], [ -85.79664464, 10.4868137 ] ] ], [ [ [ -85.796612929999981, 10.4869357 ], [ -85.79664575, 10.48695874 ], [ -85.796612929999966, 10.4869357 ], [ -85.796583219999988, 10.48691472 ], [ -85.796612929999981, 10.4869357 ] ] ], [ [ [ -85.796698209999988, 10.48701348 ], [ -85.796692719999982, 10.48702734 ], [ -85.796698209999974, 10.48701348 ], [ -85.79669295, 10.48700529 ], [ -85.796698209999988, 10.48701348 ] ] ], [ [ [ -85.796456119999988, 10.48712258 ], [ -85.796443204999989, 10.487131190000119 ], [ -85.796456119999974, 10.48712258 ], [ -85.79648521, 10.48711636 ], [ -85.796456119999988, 10.48712258 ] ] ], [ [ [ -85.796407389999985, 10.48715918 ], [ -85.79638085, 10.48718048 ], [ -85.79640738999997, 10.48715918 ], [ -85.796418839999987, 10.487149490000153 ], [ -85.796407389999985, 10.48715918 ] ] ], [ [ [ -85.796142279999984, 10.48745611 ], [ -85.796131529999982, 10.48749296 ], [ -85.79614227999997, 10.48745611 ], [ -85.796158129999981, 10.48741852 ], [ -85.796142279999984, 10.48745611 ] ] ], [ [ [ -85.796298599999986, 10.48762839 ], [ -85.796330339999983, 10.48765297 ], [ -85.796298599999972, 10.48762839 ], [ -85.796269269999982, 10.48760993 ], [ -85.796298599999986, 10.48762839 ] ] ], [ [ [ -85.796336079999989, 10.48779455 ], [ -85.79629994, 10.48779801 ], [ -85.796336079999975, 10.48779455 ], [ -85.7963675, 10.48777892 ], [ -85.796336079999989, 10.48779455 ] ] ], [ [ [ -85.796238679999988, 10.48781471 ], [ -85.7962584, 10.48783087 ], [ -85.796238679999973, 10.48781471 ], [ -85.79622908, 10.48779687 ], [ -85.796238679999988, 10.48781471 ] ] ], [ [ [ -85.796319379999986, 10.48784273 ], [ -85.79635628, 10.48784433 ], [ -85.796319379999971, 10.48784273 ], [ -85.79628749, 10.48784029 ], [ -85.796319379999986, 10.48784273 ] ] ], [ [ [ -85.796639399999989, 10.48786848 ], [ -85.79664583, 10.48789068 ], [ -85.796639399999975, 10.48786848 ], [ -85.79661665, 10.48785017 ], [ -85.796639399999989, 10.48786848 ] ] ], [ [ [ -85.796636079999985, 10.48791052 ], [ -85.7966165, 10.48791895 ], [ -85.796636079999971, 10.48791052 ], [ -85.79664583, 10.48789068 ], [ -85.796636079999985, 10.48791052 ] ] ], [ [ [ -85.796491939999981, 10.48791767 ], [ -85.79646114, 10.48792923 ], [ -85.796491939999967, 10.48791767 ], [ -85.7965269, 10.48791575 ], [ -85.796491939999981, 10.48791767 ] ] ], [ [ [ -85.796405129999982, 10.48795412 ], [ -85.79637518, 10.48795529 ], [ -85.796405129999968, 10.48795412 ], [ -85.79643228, 10.48794448 ], [ -85.796405129999982, 10.48795412 ] ] ], [ [ [ -85.795994369999988, 10.48763372 ], [ -85.79597294, 10.48765417 ], [ -85.795994369999974, 10.48763372 ], [ -85.79601859, 10.48762192 ], [ -85.795994369999988, 10.48763372 ] ] ], [ [ [ -85.79558806999998, 10.48808644 ], [ -85.79556262, 10.48810619 ], [ -85.795588069999965, 10.48808644 ], [ -85.79560463, 10.48806032 ], [ -85.79558806999998, 10.48808644 ] ] ], [ [ [ -85.795429929999983, 10.4880726 ], [ -85.79541058, 10.48809006 ], [ -85.795429929999969, 10.4880726 ], [ -85.79544408, 10.48807153 ], [ -85.795429929999983, 10.4880726 ] ] ], [ [ [ -85.794995979999982, 10.48837048 ], [ -85.79498221, 10.48838963 ], [ -85.794995979999982, 10.48837048 ], [ -85.7950099, 10.48834483 ], [ -85.794995979999982, 10.48837048 ] ] ], [ [ [ -85.794923499999982, 10.4884525 ], [ -85.7949129, 10.48846729 ], [ -85.794923499999967, 10.4884525 ], [ -85.794954819999987, 10.48842142 ], [ -85.794923499999982, 10.4884525 ] ] ], [ [ [ -85.794492209999987, 10.4889275 ], [ -85.7944748, 10.48894857 ], [ -85.794492209999973, 10.4889275 ], [ -85.79450977, 10.48890002 ], [ -85.794492209999987, 10.4889275 ] ] ], [ [ [ -85.794459909999986, 10.48915326 ], [ -85.794445519999982, 10.48917639 ], [ -85.79442348, 10.48920082 ], [ -85.794445519999968, 10.48917639 ], [ -85.794459909999986, 10.48915326 ], [ -85.794481489999967, 10.48914193 ], [ -85.794481489999981, 10.48914193 ], [ -85.794459909999986, 10.48915326 ] ] ], [ [ [ -85.79434587999998, 10.48928377 ], [ -85.79432685, 10.48932581 ], [ -85.794345879999966, 10.48928377 ], [ -85.794365140000011, 10.48925077 ], [ -85.79434587999998, 10.48928377 ] ] ], [ [ [ -85.794291119999983, 10.48943157 ], [ -85.79427819999998, 10.48945577 ], [ -85.794291119999983, 10.48943157 ], [ -85.794306599999985, 10.48939145 ], [ -85.794291119999983, 10.48943157 ] ] ], [ [ [ -85.794232019999981, 10.48953864 ], [ -85.794228655, 10.489549595000192 ], [ -85.794232019999981, 10.48953864 ], [ -85.79424394, 10.48951589 ], [ -85.794232019999981, 10.48953864 ] ] ], [ [ [ -85.794216869999985, 10.48960343 ], [ -85.79421672, 10.48964103 ], [ -85.794216869999971, 10.48960343 ], [ -85.79422108, 10.48958199000074 ], [ -85.794216869999985, 10.48960343 ] ] ], [ [ [ -85.794307509999982, 10.48985145 ], [ -85.794288019999982, 10.48987542 ], [ -85.79427263, 10.48989999 ], [ -85.794288019999968, 10.48987542 ], [ -85.794307509999967, 10.48985145 ], [ -85.79433197, 10.48983305 ], [ -85.794307509999982, 10.48985145 ] ] ], [ [ [ -85.794266289999982, 10.48995552 ], [ -85.79427906, 10.48998446 ], [ -85.794266289999968, 10.48995552 ], [ -85.794265199999984, 10.48992588 ], [ -85.794266289999982, 10.48995552 ] ] ], [ [ [ -85.794342289999989, 10.49004004 ], [ -85.79436628, 10.4900503 ], [ -85.794342289999975, 10.49004004 ], [ -85.79430762, 10.4900134 ], [ -85.794342289999989, 10.49004004 ] ] ], [ [ [ -85.794384709999989, 10.49017428 ], [ -85.794384709999974, 10.49017428 ], [ -85.79441465, 10.49017321 ], [ -85.794384709999989, 10.49017428 ] ] ], [ [ [ -85.79432127, 10.49017834 ], [ -85.794349269999969, 10.49017367 ], [ -85.794349269999984, 10.49017367 ], [ -85.79432127, 10.49017834 ] ] ], [ [ [ -85.794265249999981, 10.49021879 ], [ -85.7942309, 10.49023236 ], [ -85.794265249999967, 10.49021879 ], [ -85.79429472, 10.49019964 ], [ -85.794265249999981, 10.49021879 ] ] ], [ [ [ -85.794124359999984, 10.4902682 ], [ -85.79409511999998, 10.49029638 ], [ -85.794124359999984, 10.4902682 ], [ -85.7941598, 10.49025327 ], [ -85.794124359999984, 10.4902682 ] ] ], [ [ [ -85.79400932999998, 10.49040017 ], [ -85.79398085, 10.49041786 ], [ -85.794009329999966, 10.49040017 ], [ -85.79404042, 10.4903755 ], [ -85.79400932999998, 10.49040017 ] ] ], [ [ [ -85.79376526999998, 10.49124446 ], [ -85.79376683, 10.49127663 ], [ -85.793765269999966, 10.49124446 ], [ -85.79376263, 10.49121384 ], [ -85.79376526999998, 10.49124446 ] ] ], [ [ [ -85.793778909999986, 10.49140941 ], [ -85.793785109999988, 10.4914382 ], [ -85.7937903, 10.49146845 ], [ -85.793785109999973, 10.4914382 ], [ -85.793778909999972, 10.49140941 ], [ -85.79377542, 10.49137373 ], [ -85.793778909999986, 10.49140941 ] ] ], [ [ [ -85.793817099999984, 10.49161823 ], [ -85.793825139999981, 10.49165063 ], [ -85.79381709999997, 10.49161823 ], [ -85.79380982, 10.49159098 ], [ -85.793817099999984, 10.49161823 ] ] ], [ [ [ -85.793871989999985, 10.49181006 ], [ -85.793882199999985, 10.49183946 ], [ -85.793871989999985, 10.49181006 ], [ -85.79386509, 10.49178524 ], [ -85.793871989999985, 10.49181006 ] ] ], [ [ [ -85.793891569999985, 10.49186381 ], [ -85.793899939999989, 10.49188961 ], [ -85.793891569999971, 10.49186381 ], [ -85.793882199999985, 10.49183946 ], [ -85.793891569999985, 10.49186381 ] ] ], [ [ [ -85.793941259999983, 10.49199421 ], [ -85.79395304, 10.49202469 ], [ -85.793941259999968, 10.49199421 ], [ -85.79393043, 10.49196878 ], [ -85.793941259999983, 10.49199421 ] ] ], [ [ [ -85.793987089999987, 10.49210195 ], [ -85.793997299999987, 10.49213135 ], [ -85.79400969, 10.49215776 ], [ -85.793997299999972, 10.49213135 ], [ -85.793987089999973, 10.49210195 ], [ -85.79397579, 10.492074 ], [ -85.793987089999987, 10.49210195 ] ] ], [ [ [ -85.794034849999989, 10.4922132 ], [ -85.79404932, 10.49223671 ], [ -85.794034849999974, 10.4922132 ], [ -85.79402061, 10.49218319 ], [ -85.794034849999989, 10.4922132 ] ] ], [ [ [ -85.794079109999984, 10.49228877 ], [ -85.79409259, 10.49231382 ], [ -85.79407910999997, 10.49228877 ], [ -85.7940628, 10.49226175 ], [ -85.794079109999984, 10.49228877 ] ] ], [ [ [ -85.794105979999983, 10.49233878 ], [ -85.794123469999988, 10.49236435 ], [ -85.794105979999969, 10.49233878 ], [ -85.79409259, 10.49231382 ], [ -85.794105979999983, 10.49233878 ] ] ], [ [ [ -85.794246439999981, 10.49254865 ], [ -85.79427903, 10.49259383 ], [ -85.794246439999966, 10.49254865 ], [ -85.79421395, 10.49250356 ], [ -85.794246439999981, 10.49254865 ] ] ], [ [ [ -85.79442668999998, 10.49278441 ], [ -85.794445269999983, 10.49280853 ], [ -85.794426689999966, 10.49278441 ], [ -85.79441013, 10.49276381 ], [ -85.79442668999998, 10.49278441 ] ] ], [ [ [ -85.794477769999986, 10.49285362 ], [ -85.79449295000002, 10.49287315 ], [ -85.794477769999972, 10.49285362 ], [ -85.7944623, 10.49283157 ], [ -85.794477769999986, 10.49285362 ] ] ], [ [ [ -85.795014849999987, 10.49338506 ], [ -85.795017019999989, 10.49341315 ], [ -85.795014849999987, 10.49338506 ], [ -85.79500549, 10.49337626 ], [ -85.795014849999987, 10.49338506 ] ] ], [ [ [ -85.795008739999986, 10.49344953 ], [ -85.795006299999983, 10.49346071 ], [ -85.795008739999972, 10.49344953 ], [ -85.795017019999989, 10.49341315 ], [ -85.795008739999986, 10.49344953 ] ] ], [ [ [ -85.795077959999986, 10.49368692 ], [ -85.79510496, 10.49371478 ], [ -85.795077959999986, 10.49368692 ], [ -85.795048009999988, 10.49367244 ], [ -85.795077959999986, 10.49368692 ] ] ], [ [ [ -85.79487795999998, 10.49382785 ], [ -85.79486443, 10.49385604 ], [ -85.794877959999965, 10.49382785 ], [ -85.7949028, 10.49381199 ], [ -85.79487795999998, 10.49382785 ] ] ], [ [ [ -85.794828229999979, 10.49392818 ], [ -85.7948075, 10.49396011 ], [ -85.794828229999965, 10.49392818 ], [ -85.794850749999981, 10.49389073 ], [ -85.794828229999979, 10.49392818 ] ] ], [ [ [ -85.794629839999985, 10.49439418 ], [ -85.794628599999982, 10.49440214 ], [ -85.79464819, 10.49440926 ], [ -85.794628599999967, 10.49440214 ], [ -85.79462983999997, 10.49439418 ], [ -85.794640909999984, 10.49438192 ], [ -85.794629839999985, 10.49439418 ] ] ], [ [ [ -85.79481484999998, 10.49442685 ], [ -85.79482322, 10.49445265 ], [ -85.794814849999966, 10.49442685 ], [ -85.79479404, 10.49441215 ], [ -85.79481484999998, 10.49442685 ] ] ], [ [ [ -85.794818299999989, 10.49467771 ], [ -85.794813049999988, 10.49470069 ], [ -85.794824969999979, 10.49472457 ], [ -85.794813049999973, 10.49470069 ], [ -85.794818299999974, 10.49467771 ], [ -85.794831369999983, 10.494647 ], [ -85.794818299999989, 10.49467771 ] ] ], [ [ [ -85.794844309999988, 10.49475375 ], [ -85.79485685, 10.49477374 ], [ -85.794844309999974, 10.49475375 ], [ -85.794824969999979, 10.49472457 ], [ -85.794844309999988, 10.49475375 ] ] ], [ [ [ -85.794994229999986, 10.4950036 ], [ -85.79500809, 10.49503108 ], [ -85.794994229999972, 10.4950036 ], [ -85.79498038, 10.49497611 ], [ -85.794994229999986, 10.4950036 ] ] ], [ [ [ -85.795052359999985, 10.4951222 ], [ -85.795069620000021, 10.49515437 ], [ -85.795052359999971, 10.4951222 ], [ -85.795039589999988, 10.49509326 ], [ -85.795052359999985, 10.4951222 ] ] ], [ [ [ -85.795145239999982, 10.49526745 ], [ -85.79515971, 10.49529096 ], [ -85.795145239999968, 10.49526745 ], [ -85.79512434, 10.49523729 ], [ -85.795145239999982, 10.49526745 ] ] ], [ [ [ -85.795220310000019, 10.49534701 ], [ -85.79524808, 10.49533329 ], [ -85.795220310000019, 10.49534701 ], [ -85.7951984, 10.49534939 ], [ -85.795220310000019, 10.49534701 ] ] ], [ [ [ -85.795383189999981, 10.49534193 ], [ -85.79542542999998, 10.49535172 ], [ -85.795383189999967, 10.49534193 ], [ -85.79534232, 10.49533312 ], [ -85.795383189999981, 10.49534193 ] ] ], [ [ [ -85.795448559999983, 10.49535692 ], [ -85.79547316, 10.4953632 ], [ -85.795448559999969, 10.49535692 ], [ -85.79542542999998, 10.49535172 ], [ -85.795448559999983, 10.49535692 ] ] ], [ [ [ -85.795512949999988, 10.49537346 ], [ -85.79553717, 10.49537712 ], [ -85.795512949999974, 10.49537346 ], [ -85.79547316, 10.4953632 ], [ -85.795512949999988, 10.49537346 ] ] ], [ [ [ -85.795857369999979, 10.49552732 ], [ -85.795887549999989, 10.49553519 ], [ -85.795857369999965, 10.49552732 ], [ -85.7958323, 10.49551851 ], [ -85.795857369999979, 10.49552732 ] ] ], [ [ [ -85.795986039999988, 10.49554476 ], [ -85.796027289999984, 10.495556 ], [ -85.796068779999985, 10.49557637 ], [ -85.796090819999989, 10.49558302 ], [ -85.79611396, 10.49558823 ], [ -85.796090819999975, 10.49558302 ], [ -85.79606877999997, 10.49557637 ], [ -85.796027289999969, 10.495556 ], [ -85.795986039999974, 10.49554476 ], [ -85.795937079999987, 10.49554124 ], [ -85.795986039999988, 10.49554476 ] ] ], [ [ [ -85.796363439999979, 10.4956996 ], [ -85.796363899999989, 10.49573322 ], [ -85.79637398, 10.49575359 ], [ -85.796363899999989, 10.49573322 ], [ -85.796363439999979, 10.4956996 ], [ -85.79635431, 10.49566875 ], [ -85.796363439999979, 10.4956996 ] ] ], [ [ [ -85.797500830000018, 10.49551784 ], [ -85.79751716, 10.49549823 ], [ -85.797500830000018, 10.49551784 ], [ -85.797491935000011, 10.495527110000138 ], [ -85.797500830000018, 10.49551784 ] ] ], [ [ [ -85.797665239999986, 10.49542952 ], [ -85.79764381, 10.49546552 ], [ -85.797665239999972, 10.49542952 ], [ -85.79766988, 10.49539506 ], [ -85.797665239999986, 10.49542952 ] ] ], [ [ [ -85.797660919999984, 10.49553519 ], [ -85.79766091999997, 10.49553519 ], [ -85.797640109999989, 10.49552058 ], [ -85.797660919999984, 10.49553519 ] ] ], [ [ [ -85.798358889999989, 10.49527241 ], [ -85.798381169999985, 10.49528819 ], [ -85.798358889999975, 10.49527241 ], [ -85.79833311, 10.49525213 ], [ -85.798358889999989, 10.49527241 ] ] ], [ [ [ -85.798408419999987, 10.495294 ], [ -85.798408419999973, 10.495294 ], [ -85.798381169999985, 10.49528819 ], [ -85.798408419999987, 10.495294 ] ] ], [ [ [ -85.798756309999987, 10.49535267 ], [ -85.79878114, 10.49536799 ], [ -85.798756309999973, 10.49535267 ], [ -85.79872845, 10.4953353 ], [ -85.798756309999987, 10.49535267 ] ] ], [ [ [ -85.798790449999984, 10.49544548 ], [ -85.798779609999983, 10.49548232 ], [ -85.79879044999997, 10.49544548 ], [ -85.79879353, 10.49541003 ], [ -85.798790449999984, 10.49544548 ] ] ], [ [ [ -85.798793259999968, 10.49560063 ], [ -85.798793259999968, 10.49560063 ], [ -85.79878366, 10.49559834 ], [ -85.798793259999968, 10.49560063 ] ] ], [ [ [ -85.798960019999981, 10.49528763 ], [ -85.798974879999989, 10.49529812 ], [ -85.79898325, 10.49532392 ], [ -85.798974879999975, 10.49529812 ], [ -85.798960019999967, 10.49528763 ], [ -85.798960019999981, 10.49528763 ] ] ], [ [ [ -85.799011939999986, 10.49573911 ], [ -85.799011649999983, 10.49578322 ], [ -85.7990125, 10.49581936 ], [ -85.799011649999969, 10.49578322 ], [ -85.799011939999971, 10.49573911 ], [ -85.79901427, 10.49571416 ], [ -85.799011939999986, 10.49573911 ] ] ], [ [ [ -85.79912791000001, 10.49562775 ], [ -85.79913719, 10.49558992 ], [ -85.79912791000001, 10.49562775 ], [ -85.79911925, 10.4956616 ], [ -85.79912791000001, 10.49562775 ] ] ], [ [ [ -85.79918671999998, 10.49559596 ], [ -85.79918331, 10.49562246 ], [ -85.799186719999966, 10.49559596 ], [ -85.799197699999979, 10.49556816 ], [ -85.79918671999998, 10.49559596 ] ] ], [ [ [ -85.799215159999989, 10.49585563 ], [ -85.79921988, 10.49588335 ], [ -85.799215159999974, 10.49585563 ], [ -85.79920447, 10.4958237 ], [ -85.799215159999989, 10.49585563 ] ] ], [ [ [ -85.799178429999984, 10.49600947 ], [ -85.799156, 10.49603138 ], [ -85.799178429999969, 10.49600947 ], [ -85.79918779, 10.49598719 ], [ -85.799178429999984, 10.49600947 ] ] ], [ [ [ -85.799122499999982, 10.49604991 ], [ -85.79909061, 10.49606302 ], [ -85.799122499999967, 10.49604991 ], [ -85.799156, 10.49603138 ], [ -85.799122499999982, 10.49604991 ] ] ], [ [ [ -85.799036769999987, 10.4961161 ], [ -85.799036389999983, 10.49614466 ], [ -85.799036769999972, 10.4961161 ], [ -85.799047839999986, 10.49608829 ], [ -85.799036769999987, 10.4961161 ] ] ], [ [ [ -85.799235669999987, 10.49632275 ], [ -85.799235049999979, 10.49634227 ], [ -85.799212469999986, 10.49638623 ], [ -85.799235049999965, 10.49634227 ], [ -85.799235669999973, 10.49632275 ], [ -85.79922715, 10.49630345 ], [ -85.799235669999987, 10.49632275 ] ] ], [ [ [ -85.799157539999982, 10.49644076 ], [ -85.79912149, 10.49645977 ], [ -85.799157539999968, 10.49644076 ], [ -85.79918725, 10.49641511 ], [ -85.799157539999982, 10.49644076 ] ] ], [ [ [ -85.799536819999986, 10.49635294 ], [ -85.79955664, 10.49638464 ], [ -85.799536819999972, 10.49635294 ], [ -85.79951724, 10.49633028 ], [ -85.799536819999986, 10.49635294 ] ] ], [ [ [ -85.799573749999979, 10.49643877 ], [ -85.79955998, 10.49645792 ], [ -85.799573749999965, 10.49643877 ], [ -85.79956941, 10.49641358 ], [ -85.799573749999979, 10.49643877 ] ] ], [ [ [ -85.799447949999987, 10.49652326 ], [ -85.79942018, 10.49653697 ], [ -85.799447949999973, 10.49652326 ], [ -85.7994823, 10.49650978 ], [ -85.799447949999987, 10.49652326 ] ] ], [ [ [ -85.799391879999988, 10.49661684 ], [ -85.799393570000021, 10.49665804 ], [ -85.799391879999988, 10.49661684 ], [ -85.7993924, 10.49658177 ], [ -85.799391879999988, 10.49661684 ] ] ], [ [ [ -85.799282919999982, 10.49697724 ], [ -85.79929848, 10.49701483 ], [ -85.799282919999968, 10.49697724 ], [ -85.79927394, 10.49693987 ], [ -85.799282919999982, 10.49697724 ] ] ], [ [ [ -85.799242779999986, 10.4970954 ], [ -85.79922305, 10.49712588 ], [ -85.799242779999986, 10.4970954 ], [ -85.79927179, 10.49707373 ], [ -85.799242779999986, 10.4970954 ] ] ], [ [ [ -85.799269809999984, 10.49728531 ], [ -85.799288159999989, 10.49731602 ], [ -85.79926980999997, 10.49728531 ], [ -85.79925402, 10.49725422 ], [ -85.799269809999984, 10.49728531 ] ] ], [ [ [ -85.799629589999981, 10.49759867 ], [ -85.799658539999982, 10.4976146 ], [ -85.799629589999967, 10.49759867 ], [ -85.799605839999984, 10.49758191 ], [ -85.799629589999981, 10.49759867 ] ] ], [ [ [ -85.799687869999985, 10.49763305 ], [ -85.799718659999982, 10.49765257 ], [ -85.799687869999971, 10.49763305 ], [ -85.799658539999982, 10.4976146 ], [ -85.799687869999985, 10.49763305 ] ] ], [ [ [ -85.799801769999988, 10.49770217 ], [ -85.799830719999989, 10.49771809 ], [ -85.799858110000017, 10.49773303 ], [ -85.799830719999989, 10.49771809 ], [ -85.799801769999988, 10.49770217 ], [ -85.799776939999987, 10.49768695 ], [ -85.799801769999988, 10.49770217 ] ] ], [ [ [ -85.799889519999979, 10.49774849 ], [ -85.79991956, 10.49776296 ], [ -85.799889519999965, 10.49774849 ], [ -85.799858110000017, 10.49773303 ], [ -85.799889519999979, 10.49774849 ] ] ], [ [ [ -85.800147669999987, 10.49784155 ], [ -85.800195119999984, 10.4978505 ], [ -85.80019511999997, 10.4978505 ], [ -85.800147669999973, 10.49784155 ], [ -85.800123539999987, 10.4978378 ], [ -85.800147669999987, 10.49784155 ] ] ], [ [ [ -85.801754519999989, 10.49690105 ], [ -85.80177813, 10.49690878 ], [ -85.801754519999974, 10.49690105 ], [ -85.801754519999989, 10.49690105 ] ] ], [ [ [ -85.801795299999981, 10.49692531 ], [ -85.8018032, 10.49693313 ], [ -85.801795299999966, 10.49692531 ], [ -85.80177813, 10.49690878 ], [ -85.801795299999981, 10.49692531 ] ] ], [ [ [ -85.801842040000011, 10.49690715 ], [ -85.801853915, 10.49689221500036 ], [ -85.801842040000011, 10.49690715 ], [ -85.80182463, 10.49692822 ], [ -85.801842040000011, 10.49690715 ] ] ], [ [ [ -85.802136389999987, 10.49659758 ], [ -85.802123939999987, 10.49662431 ], [ -85.8021053, 10.49665333 ], [ -85.802123939999973, 10.49662431 ], [ -85.802136389999973, 10.49659758 ], [ -85.80213407, 10.4965759 ], [ -85.802136389999987, 10.49659758 ] ] ], [ [ [ -85.802229249999982, 10.49661196 ], [ -85.80221974, 10.49664076 ], [ -85.802229249999968, 10.49661196 ], [ -85.80222035, 10.4966056 ], [ -85.802229249999982, 10.49661196 ] ] ], [ [ [ -85.802187559999979, 10.49671351 ], [ -85.80218083, 10.49673533 ], [ -85.802187559999979, 10.49671351 ], [ -85.80219499, 10.49668762 ], [ -85.802187559999979, 10.49671351 ] ] ], [ [ [ -85.802218259999989, 10.4970169 ], [ -85.80222871, 10.49702425 ], [ -85.802218259999975, 10.4970169 ], [ -85.80219428, 10.49700664 ], [ -85.802218259999989, 10.4970169 ] ] ], [ [ [ -85.802193299999985, 10.49720122 ], [ -85.80216251, 10.49721279 ], [ -85.802193299999971, 10.49720122 ], [ -85.80220599, 10.49718353 ], [ -85.802193299999985, 10.49720122 ] ] ], [ [ [ -85.802156479999979, 10.49763902 ], [ -85.802167309999987, 10.49766445 ], [ -85.80217142, 10.49769614 ], [ -85.802167309999973, 10.49766445 ], [ -85.802156479999965, 10.49763902 ], [ -85.802144089999985, 10.49761252 ], [ -85.802156479999979, 10.49763902 ] ] ], [ [ [ -85.802215159999989, 10.49783787 ], [ -85.80224288, 10.49786185 ], [ -85.802215159999975, 10.49783787 ], [ -85.802194109999988, 10.49781422 ], [ -85.802215159999989, 10.49783787 ] ] ], [ [ [ -85.802340139999984, 10.49789482 ], [ -85.802377129999982, 10.49789651 ], [ -85.802377129999968, 10.49789651 ], [ -85.80234013999997, 10.49789482 ], [ -85.802301299999982, 10.49788962 ], [ -85.802340139999984, 10.49789482 ] ] ], [ [ [ -85.80289870999998, 10.49786011 ], [ -85.80287567, 10.497886 ], [ -85.802898709999965, 10.49786011 ], [ -85.80292927, 10.49783942 ], [ -85.80289870999998, 10.49786011 ] ] ], [ [ [ -85.803268509999981, 10.4979164 ], [ -85.80329211, 10.49792412 ], [ -85.803268509999967, 10.4979164 ], [ -85.803268509999981, 10.4979164 ] ] ], [ [ [ -85.803694899999982, 10.49782848 ], [ -85.80367101, 10.49784931 ], [ -85.803694899999982, 10.49782848 ], [ -85.803714629999988, 10.49781355 ], [ -85.803694899999982, 10.49782848 ] ] ], [ [ [ -85.803627759999983, 10.4978876 ], [ -85.80360927, 10.49791012 ], [ -85.803627759999969, 10.4978876 ], [ -85.80364811, 10.49786869 ], [ -85.803627759999983, 10.4978876 ] ] ], [ [ [ -85.80358219999998, 10.49795094 ], [ -85.80356734, 10.49797163 ], [ -85.803582199999965, 10.49795094 ], [ -85.80359403, 10.49792828 ], [ -85.80358219999998, 10.49795094 ] ] ], [ [ [ -85.803520079999984, 10.49800932 ], [ -85.80349315, 10.498028 ], [ -85.80352007999997, 10.49800932 ], [ -85.80354444, 10.49799092 ], [ -85.803520079999984, 10.49800932 ] ] ], [ [ [ -85.803381499999986, 10.49842646 ], [ -85.80340364, 10.49843311 ], [ -85.803381499999986, 10.49842646 ], [ -85.80336177, 10.4984103 ], [ -85.803381499999986, 10.49842646 ] ] ], [ [ [ -85.803428239999988, 10.49843939 ], [ -85.803450989999988, 10.49844206 ], [ -85.803450989999988, 10.49844206 ], [ -85.803428239999974, 10.49843939 ], [ -85.80340364, 10.49843311 ], [ -85.803428239999988, 10.49843939 ] ] ], [ [ [ -85.803644199999979, 10.49843843 ], [ -85.803644199999965, 10.49843843 ], [ -85.80363375, 10.49843108 ], [ -85.803644199999979, 10.49843843 ] ] ], [ [ [ -85.80391428999998, 10.49832465 ], [ -85.803905049999983, 10.49833985 ], [ -85.803914289999966, 10.49832465 ], [ -85.8039064, 10.49831692 ], [ -85.80391428999998, 10.49832465 ] ] ], [ [ [ -85.804604239999989, 10.49823822 ], [ -85.804604239999975, 10.49823822 ], [ -85.80457553, 10.49823134 ], [ -85.804604239999989, 10.49823822 ] ] ], [ [ [ -85.804595759999984, 10.49838088 ], [ -85.80458478, 10.49839314 ], [ -85.80459575999997, 10.49838088 ], [ -85.80460976, 10.49835522 ], [ -85.804595759999984, 10.49838088 ] ] ], [ [ [ -85.804533779999986, 10.49840157 ], [ -85.80450384, 10.49840273 ], [ -85.804533779999971, 10.49840157 ], [ -85.80455862, 10.49840133 ], [ -85.804533779999986, 10.49840157 ] ] ], [ [ [ -85.804326799999984, 10.49843998 ], [ -85.80430561, 10.49845392 ], [ -85.80432679999997, 10.49843998 ], [ -85.80434554, 10.49842649 ], [ -85.804326799999984, 10.49843998 ] ] ], [ [ [ -85.804174219999979, 10.49849746 ], [ -85.804173, 10.49849806 ], [ -85.804174219999965, 10.49849746 ], [ -85.80419722, 10.49848626 ], [ -85.804174219999979, 10.49849746 ] ] ], [ [ [ -85.803871539999989, 10.4985586 ], [ -85.8038406, 10.49856122 ], [ -85.803871539999975, 10.4985586 ], [ -85.8039063, 10.4985564 ], [ -85.803871539999989, 10.4985586 ] ] ], [ [ [ -85.803747069999986, 10.49863513 ], [ -85.80372951, 10.4986627 ], [ -85.803747069999972, 10.49863513 ], [ -85.80375805, 10.49860732 ], [ -85.803747069999986, 10.49863513 ] ] ], [ [ [ -85.803945879999986, 10.49879514 ], [ -85.803954009999984, 10.4988119 ], [ -85.80395425, 10.49883648 ], [ -85.80395400999997, 10.4988119 ], [ -85.803945879999972, 10.49879514 ], [ -85.80392847, 10.49878503 ], [ -85.803945879999986, 10.49879514 ] ] ], [ [ [ -85.804851699999986, 10.49864549 ], [ -85.80487483, 10.49865069 ], [ -85.804851699999972, 10.49864549 ], [ -85.80484466, 10.49862718 ], [ -85.804851699999986, 10.49864549 ] ] ], [ [ [ -85.804992359999986, 10.49860257 ], [ -85.80501, 10.49860609 ], [ -85.804992359999986, 10.49860257 ], [ -85.804992359999986, 10.49860257 ] ] ], [ [ [ -85.804968549999984, 10.49870112 ], [ -85.80496816, 10.49871414 ], [ -85.80496854999997, 10.49870112 ], [ -85.80496491, 10.49867195 ], [ -85.804968549999984, 10.49870112 ] ] ], [ [ [ -85.804922979999986, 10.49873338 ], [ -85.80490132, 10.4987448 ], [ -85.804922979999986, 10.49873338 ], [ -85.80494796, 10.49872664 ], [ -85.804922979999986, 10.49873338 ] ] ], [ [ [ -85.804766529999981, 10.49876074 ], [ -85.80474354, 10.49876458 ], [ -85.804766529999966, 10.49876074 ], [ -85.804792599999971, 10.49875255 ], [ -85.804792599999985, 10.49875255 ], [ -85.804766529999981, 10.49876074 ] ] ], [ [ [ -85.80460157, 10.49876882 ], [ -85.804629099999971, 10.49876162 ], [ -85.804629099999985, 10.49876162 ], [ -85.80460157, 10.49876882 ] ] ], [ [ [ -85.804548399999987, 10.49873361 ], [ -85.80452659, 10.49875144 ], [ -85.804548399999973, 10.49873361 ], [ -85.804563639999969, 10.49873108 ], [ -85.804563639999969, 10.49873108 ], [ -85.804548399999987, 10.49873361 ] ] ], [ [ [ -85.804238459999979, 10.49890581 ], [ -85.80421665, 10.49892374 ], [ -85.804238459999965, 10.49890581 ], [ -85.80425625, 10.49888727 ], [ -85.804238459999979, 10.49890581 ] ] ], [ [ [ -85.804083419999984, 10.4989874 ], [ -85.804083419999969, 10.4989874 ], [ -85.804112049999986, 10.49897874 ], [ -85.804083419999984, 10.4989874 ] ] ], [ [ [ -85.803856449999984, 10.49888521 ], [ -85.803828449999983, 10.49888988 ], [ -85.803856449999984, 10.49888521 ], [ -85.803880439999986, 10.49887992 ], [ -85.803856449999984, 10.49888521 ] ] ], [ [ [ -85.80368258999998, 10.49893364 ], [ -85.80365373, 10.49894881 ], [ -85.803682589999966, 10.49893364 ], [ -85.8037185, 10.49892115 ], [ -85.80368258999998, 10.49893364 ] ] ], [ [ [ -85.803660719999982, 10.4990358 ], [ -85.803639049999987, 10.49904722 ], [ -85.803660719999968, 10.4990358 ], [ -85.80368253, 10.49901787 ], [ -85.803660719999982, 10.4990358 ] ] ], [ [ [ -85.803458349999985, 10.49892434 ], [ -85.80342741, 10.49892696 ], [ -85.803458349999971, 10.49892434 ], [ -85.80348428, 10.49892266 ], [ -85.803458349999985, 10.49892434 ] ] ], [ [ [ -85.802982019999988, 10.49885728 ], [ -85.80295184, 10.49886486 ], [ -85.802982019999988, 10.49885728 ], [ -85.80301149, 10.49885367 ], [ -85.802982019999988, 10.49885728 ] ] ], [ [ [ -85.802961289999985, 10.49893593 ], [ -85.802985979999988, 10.49895775 ], [ -85.802961289999971, 10.49893593 ], [ -85.80294156, 10.49891977 ], [ -85.802961289999985, 10.49893593 ] ] ], [ [ [ -85.802254099999985, 10.4991056 ], [ -85.80224204, 10.49913486 ], [ -85.802254099999971, 10.4991056 ], [ -85.80228126, 10.49908032 ], [ -85.802254099999985, 10.4991056 ] ] ], [ [ [ -85.802263649999986, 10.49919221 ], [ -85.802299549999987, 10.49921081 ], [ -85.802263649999972, 10.49919221 ], [ -85.80224468, 10.49916557 ], [ -85.802263649999986, 10.49919221 ] ] ], [ [ [ -85.802321599999985, 10.49921755 ], [ -85.80234473, 10.49922275 ], [ -85.802321599999971, 10.49921755 ], [ -85.802299549999987, 10.49921081 ], [ -85.802321599999985, 10.49921755 ] ] ], [ [ [ -85.802372969999979, 10.49922711 ], [ -85.80241422, 10.49923835 ], [ -85.802372969999965, 10.49922711 ], [ -85.80234473, 10.49922275 ], [ -85.802372969999979, 10.49922711 ] ] ], [ [ [ -85.802365189999989, 10.49938133 ], [ -85.8023368, 10.49938348 ], [ -85.802365189999989, 10.49938133 ], [ -85.80239452, 10.49936869 ], [ -85.802365189999989, 10.49938133 ] ] ], [ [ [ -85.802304210000017, 10.49936948 ], [ -85.80228487, 10.49935585 ], [ -85.802304210000017, 10.49936948 ], [ -85.8023368, 10.49938348 ], [ -85.802304210000017, 10.49936948 ] ] ], [ [ [ -85.802005469999983, 10.49932987 ], [ -85.802030299999984, 10.49934509 ], [ -85.802005469999969, 10.49932987 ], [ -85.80198735, 10.49930819 ], [ -85.802005469999983, 10.49932987 ] ] ], [ [ [ -85.802213959999989, 10.49958544 ], [ -85.80218425, 10.49959555 ], [ -85.802213959999975, 10.49958544 ], [ -85.80223904, 10.4995787 ], [ -85.802213959999989, 10.49958544 ] ] ], [ [ [ -85.801725149999982, 10.49947633 ], [ -85.80170589, 10.49950933 ], [ -85.801725149999967, 10.49947633 ], [ -85.80174232, 10.49944632 ], [ -85.801725149999982, 10.49947633 ] ] ], [ [ [ -85.801652599999983, 10.49962712 ], [ -85.80164541, 10.49966205 ], [ -85.801652599999969, 10.49962712 ], [ -85.80165639, 10.49960315 ], [ -85.801652599999983, 10.49962712 ] ] ], [ [ [ -85.801640149999983, 10.49968494 ], [ -85.80165144999998, 10.49971289 ], [ -85.80166678, 10.49974146 ], [ -85.801651449999966, 10.49971289 ], [ -85.801640149999969, 10.49968494 ], [ -85.80164541, 10.49966205 ], [ -85.801640149999983, 10.49968494 ] ] ], [ [ [ -85.801370139999989, 10.4998609 ], [ -85.80134369, 10.4998821 ], [ -85.801370139999975, 10.4998609 ], [ -85.80139739, 10.49985116 ], [ -85.801370139999989, 10.4998609 ] ] ], [ [ [ -85.801317339999983, 10.5005991 ], [ -85.80132842, 10.50062036 ], [ -85.801317339999969, 10.5005991 ], [ -85.80130508, 10.50057847 ], [ -85.801317339999983, 10.5005991 ] ] ], [ [ [ -85.80137492999998, 10.50070415 ], [ -85.80138965, 10.50072214 ], [ -85.801374929999966, 10.50070415 ], [ -85.80136221, 10.50068325 ], [ -85.80137492999998, 10.50070415 ] ] ], [ [ [ -85.801404189999985, 10.5007414 ], [ -85.80141917, 10.50075884 ], [ -85.801404189999971, 10.5007414 ], [ -85.80138965, 10.50072214 ], [ -85.801404189999985, 10.5007414 ] ] ], [ [ [ -85.801446769999984, 10.50082475 ], [ -85.80143185999998, 10.5008364 ], [ -85.8014097, 10.50084195 ], [ -85.801431859999965, 10.5008364 ], [ -85.80144676999997, 10.50082475 ], [ -85.80145152999998, 10.50081081 ], [ -85.801446769999984, 10.50082475 ] ] ], [ [ [ -85.801232359999986, 10.50090486 ], [ -85.80121538, 10.50092086 ], [ -85.801232359999986, 10.50090486 ], [ -85.801250809999985, 10.50088985 ], [ -85.801232359999986, 10.50090486 ] ] ], [ [ [ -85.80107796999998, 10.50105269 ], [ -85.80105869, 10.50106572 ], [ -85.801077969999966, 10.50105269 ], [ -85.80109781, 10.50103992 ], [ -85.80107796999998, 10.50105269 ] ] ], [ [ [ -85.801009119999989, 10.50109971 ], [ -85.80098837, 10.50111185 ], [ -85.801009119999975, 10.50109971 ], [ -85.80103031, 10.50108504 ], [ -85.801009119999989, 10.50109971 ] ] ], [ [ [ -85.80088628999998, 10.50117786 ], [ -85.8008671, 10.50119179 ], [ -85.800886289999966, 10.50117786 ], [ -85.80090621, 10.50116383 ], [ -85.80088628999998, 10.50117786 ] ] ], [ [ [ -85.800847279999985, 10.50120664 ], [ -85.80082775, 10.50122446 ], [ -85.800847279999971, 10.50120664 ], [ -85.8008671, 10.50119179 ], [ -85.800847279999985, 10.50120664 ] ] ], [ [ [ -85.800678399999981, 10.5013897 ], [ -85.80066096, 10.50140543 ], [ -85.800678399999967, 10.5013897 ], [ -85.80069647, 10.50137306 ], [ -85.800678399999981, 10.5013897 ] ] ], [ [ [ -85.79975693999998, 10.50122167 ], [ -85.79973905, 10.50123913 ], [ -85.799756939999966, 10.50122167 ], [ -85.79977218, 10.50120387 ], [ -85.79975693999998, 10.50122167 ] ] ], [ [ [ -85.799655639999983, 10.5013279 ], [ -85.79963875, 10.5013439 ], [ -85.799655639999969, 10.5013279 ], [ -85.79967362, 10.50131035 ], [ -85.799655639999983, 10.5013279 ] ] ], [ [ [ -85.799371059999984, 10.50159015 ], [ -85.79935774, 10.5016092 ], [ -85.79937105999997, 10.50159015 ], [ -85.79938546, 10.50157036 ], [ -85.799371059999984, 10.50159015 ] ] ], [ [ [ -85.799343969999981, 10.50162799 ], [ -85.79933039, 10.50164758 ], [ -85.799343969999967, 10.50162799 ], [ -85.79935774, 10.5016092 ], [ -85.799343969999981, 10.50162799 ] ] ], [ [ [ -85.799302769999983, 10.50168859 ], [ -85.799287369999988, 10.50170982 ], [ -85.79927250999998, 10.50172925 ], [ -85.799256359999987, 10.50174723 ], [ -85.79923875, 10.50176631 ], [ -85.799256359999973, 10.50174723 ], [ -85.79927250999998, 10.50172925 ], [ -85.799287369999988, 10.50170982 ], [ -85.799302769999969, 10.50168859 ], [ -85.79931636, 10.50166899 ], [ -85.799302769999983, 10.50168859 ] ] ], [ [ [ -85.799169019999979, 10.50183548 ], [ -85.799153589999989, 10.50185247 ], [ -85.799169019999965, 10.50183548 ], [ -85.79918763, 10.50181703 ], [ -85.799169019999979, 10.50183548 ] ] ], [ [ [ -85.798930019999986, 10.50213281 ], [ -85.798930019999972, 10.50213281 ], [ -85.79893812, 10.50212806 ], [ -85.798930019999986, 10.50213281 ] ] ], [ [ [ -85.798786149999984, 10.50177674 ], [ -85.79876815, 10.50179211 ], [ -85.79878614999997, 10.50177674 ], [ -85.7988052, 10.50177058 ], [ -85.798786149999984, 10.50177674 ] ] ], [ [ [ -85.798738679999985, 10.50182834 ], [ -85.79872493, 10.50184929 ], [ -85.798738679999971, 10.50182834 ], [ -85.79875328, 10.50180937 ], [ -85.798738679999985, 10.50182834 ] ] ], [ [ [ -85.798757089999981, 10.50197898 ], [ -85.79877715, 10.5019898 ], [ -85.798757089999967, 10.50197898 ], [ -85.79873384, 10.50196971 ], [ -85.798757089999981, 10.50197898 ] ] ], [ [ [ -85.798823229999982, 10.50203075 ], [ -85.79881797, 10.50205292 ], [ -85.798823229999982, 10.50203075 ], [ -85.798816959999982, 10.50201967 ], [ -85.798823229999982, 10.50203075 ] ] ], [ [ [ -85.798599809999985, 10.50247973 ], [ -85.798596839999988, 10.50250261 ], [ -85.79859579, 10.50252602 ], [ -85.798596839999973, 10.50250261 ], [ -85.798599809999985, 10.50247973 ], [ -85.79860333, 10.50245585 ], [ -85.798599809999985, 10.50247973 ] ] ], [ [ [ -85.798551319999987, 10.5026058 ], [ -85.798532219999984, 10.50261965 ], [ -85.798551319999973, 10.5026058 ], [ -85.7985683, 10.5025898 ], [ -85.798551319999987, 10.5026058 ] ] ], [ [ [ -85.798457109999987, 10.50267403 ], [ -85.79844334, 10.50269281 ], [ -85.798457109999973, 10.50267403 ], [ -85.79847373, 10.50265848 ], [ -85.798457109999987, 10.50267403 ] ] ], [ [ [ -85.798424919999988, 10.50280905 ], [ -85.79842105, 10.50283347 ], [ -85.798424919999974, 10.50280905 ], [ -85.79842743, 10.50278454 ], [ -85.798424919999988, 10.50280905 ] ] ], [ [ [ -85.798000479999985, 10.50459534 ], [ -85.797990709999979, 10.5046733 ], [ -85.79800047999997, 10.50459534 ], [ -85.79801533, 10.50448207 ], [ -85.798000479999985, 10.50459534 ] ] ], [ [ [ -85.797947539999981, 10.50505179 ], [ -85.79794006, 10.50516974 ], [ -85.797947539999967, 10.50505179 ], [ -85.79795083, 10.504991705005843 ], [ -85.797947539999981, 10.50505179 ] ] ], [ [ [ -85.79810080999998, 10.50673628 ], [ -85.798143419999988, 10.50689029 ], [ -85.798100809999966, 10.50673628 ], [ -85.798075, 10.50663186 ], [ -85.79810080999998, 10.50673628 ] ] ], [ [ [ -85.798175429999986, 10.50700914 ], [ -85.79821234, 10.50715146 ], [ -85.798175429999986, 10.50700914 ], [ -85.79815413999998, 10.50692639 ], [ -85.798175429999986, 10.50700914 ] ] ], [ [ [ -85.798306079999989, 10.50745964 ], [ -85.798335589999979, 10.50756032 ], [ -85.79834521, 10.5075939 ], [ -85.798335589999965, 10.50756032 ], [ -85.798306079999989, 10.50745964 ], [ -85.79829462, 10.50742039 ], [ -85.798306079999989, 10.50745964 ] ] ], [ [ [ -85.798354459999985, 10.50761472 ], [ -85.7983787, 10.5076831 ], [ -85.79835445999997, 10.50761472 ], [ -85.79834521, 10.5075939 ], [ -85.798354459999985, 10.50761472 ] ] ], [ [ [ -85.798465949999979, 10.50792868 ], [ -85.79847568, 10.50795194 ], [ -85.798465949999979, 10.50792868 ], [ -85.7983787, 10.5076831 ], [ -85.798465949999979, 10.50792868 ] ] ], [ [ [ -85.798495299999985, 10.50799711 ], [ -85.79850804, 10.50802017 ], [ -85.798495299999985, 10.50799711 ], [ -85.798485589999984, 10.50797602 ], [ -85.798495299999985, 10.50799711 ] ] ], [ [ [ -85.798530209999981, 10.50806496 ], [ -85.7985403, 10.50808768 ], [ -85.798530209999967, 10.50806496 ], [ -85.79851968, 10.50804396 ], [ -85.798530209999981, 10.50806496 ] ] ], [ [ [ -85.798621429999983, 10.50826806 ], [ -85.79863316, 10.50829049 ], [ -85.798621429999969, 10.50826806 ], [ -85.7986097, 10.50824562 ], [ -85.798621429999983, 10.50826806 ] ] ], [ [ [ -85.798714889999985, 10.50844927 ], [ -85.79872799, 10.50847188 ], [ -85.798714889999971, 10.50844927 ], [ -85.7987028, 10.50842738 ], [ -85.798714889999985, 10.50844927 ] ] ], [ [ [ -85.798820309999982, 10.50864388 ], [ -85.798832669999982, 10.50866532 ], [ -85.79884413, 10.5086883 ], [ -85.798832669999967, 10.50866532 ], [ -85.798820309999968, 10.50864388 ], [ -85.79881041, 10.50862197 ], [ -85.798820309999982, 10.50864388 ] ] ], [ [ [ -85.798856499999985, 10.50871182 ], [ -85.798863415000014, 10.508723710000229 ], [ -85.798856499999971, 10.50871182 ], [ -85.79884413, 10.5086883 ], [ -85.798856499999985, 10.50871182 ] ] ], [ [ [ -85.79889688999998, 10.50877892 ], [ -85.798909509999987, 10.508799 ], [ -85.798921689999986, 10.50881962 ], [ -85.79892856, 10.508831465000224 ], [ -85.798921689999986, 10.50881962 ], [ -85.798909509999973, 10.508799 ], [ -85.798896889999966, 10.50877892 ], [ -85.79888352, 10.50875685 ], [ -85.79889688999998, 10.50877892 ] ] ], [ [ [ -85.799005649999984, 10.50896854 ], [ -85.799016009999988, 10.5089908 ], [ -85.79900564999997, 10.50896854 ], [ -85.79899356, 10.50894655 ], [ -85.799005649999984, 10.50896854 ] ] ], [ [ [ -85.799038629999984, 10.50903369 ], [ -85.7990487, 10.50905433 ], [ -85.799038629999984, 10.50903369 ], [ -85.79902673, 10.50901261 ], [ -85.799038629999984, 10.50903369 ] ] ], [ [ [ -85.799178319999982, 10.50926444 ], [ -85.79919295, 10.50928451 ], [ -85.799178319999967, 10.50926444 ], [ -85.7991636, 10.50924653 ], [ -85.799178319999982, 10.50926444 ] ] ], [ [ [ -85.79922175999998, 10.50932356 ], [ -85.79923976, 10.50934081 ], [ -85.799221759999966, 10.50932356 ], [ -85.79920667, 10.50930395 ], [ -85.79922175999998, 10.50932356 ] ] ], [ [ [ -85.799410489999985, 10.50947622 ], [ -85.79943267, 10.50949046 ], [ -85.799410489999971, 10.50947622 ], [ -85.79939088, 10.50946359 ], [ -85.799410489999985, 10.50947622 ] ] ], [ [ [ -85.79949057, 10.50950577 ], [ -85.799475150000021, 10.50950857 ], [ -85.799475150000021, 10.50950857 ], [ -85.79949057, 10.50950577 ] ] ], [ [ [ -85.799697239999986, 10.50949285 ], [ -85.799697239999972, 10.50949285 ], [ -85.79967437, 10.50948521 ], [ -85.799697239999986, 10.50949285 ] ] ], [ [ [ -85.799914679999986, 10.5094777 ], [ -85.79993752, 10.50947892 ], [ -85.799914679999986, 10.5094777 ], [ -85.799914679999986, 10.5094777 ] ] ], [ [ [ -85.800079159999981, 10.5094943 ], [ -85.800094969999975, 10.50949746 ], [ -85.800094969999975, 10.50949746 ], [ -85.800079159999967, 10.5094943 ], [ -85.80005675, 10.50948909 ], [ -85.800079159999981, 10.5094943 ] ] ], [ [ [ -85.800224359999987, 10.50944756 ], [ -85.800247219999989, 10.50945304 ], [ -85.80026783, 10.50946422 ], [ -85.800247219999974, 10.50945304 ], [ -85.800224359999973, 10.50944756 ], [ -85.80019969, 10.50944581 ], [ -85.800224359999987, 10.50944756 ] ] ], [ [ [ -85.800292500000012, 10.50944953 ], [ -85.80030795, 10.50943688 ], [ -85.800292500000012, 10.50944953 ], [ -85.80027671, 10.50946706 ], [ -85.800292500000012, 10.50944953 ] ] ], [ [ [ -85.800349669999989, 10.50943538 ], [ -85.80037001, 10.50944701 ], [ -85.800349669999974, 10.50943538 ], [ -85.80032719, 10.50943153 ], [ -85.800349669999989, 10.50943538 ] ] ], [ [ [ -85.800754309999988, 10.50952888 ], [ -85.8007762, 10.50954032 ], [ -85.800754309999974, 10.50952888 ], [ -85.80073278, 10.50951689 ], [ -85.800754309999988, 10.50952888 ] ] ], [ [ [ -85.801318619999989, 10.50936192 ], [ -85.80134105, 10.50937164 ], [ -85.801318619999975, 10.50936192 ], [ -85.801318619999989, 10.50936192 ] ] ], [ [ [ -85.80159863999998, 10.50943145 ], [ -85.801605989999985, 10.50945364 ], [ -85.80160749, 10.50947758 ], [ -85.80160598999997, 10.50945364 ], [ -85.801598639999966, 10.50943145 ], [ -85.8015868, 10.5094214 ], [ -85.80159863999998, 10.50943145 ] ] ], [ [ [ -85.801572209999989, 10.50966043 ], [ -85.80156183, 10.50968154 ], [ -85.801572209999975, 10.50966043 ], [ -85.80158633, 10.50963839 ], [ -85.801572209999989, 10.50966043 ] ] ], [ [ [ -85.801654879999987, 10.50991644 ], [ -85.80166778, 10.50993607 ], [ -85.801654879999973, 10.50991644 ], [ -85.80164891, 10.50989442 ], [ -85.801654879999987, 10.50991644 ] ] ], [ [ [ -85.801705479999981, 10.50995022 ], [ -85.801705479999967, 10.50995022 ], [ -85.8016819, 10.50994701 ], [ -85.801705479999981, 10.50995022 ] ] ], [ [ [ -85.801959239999988, 10.50993016 ], [ -85.801959239999974, 10.50993016 ], [ -85.80194505, 10.50992428 ], [ -85.801959239999988, 10.50993016 ] ] ], [ [ [ -85.802252259999989, 10.50984698 ], [ -85.802274319999981, 10.50985635 ], [ -85.802252259999989, 10.50984698 ], [ -85.80222874, 10.50983871 ], [ -85.802252259999989, 10.50984698 ] ] ], [ [ [ -85.802336989999986, 10.50989078 ], [ -85.802356509999981, 10.50990351 ], [ -85.80237932999998, 10.50991784 ], [ -85.80240157, 10.50992584 ], [ -85.802379329999965, 10.50991784 ], [ -85.802356509999967, 10.50990351 ], [ -85.802336989999972, 10.50989078 ], [ -85.802317099999982, 10.50987861 ], [ -85.802336989999986, 10.50989078 ] ] ], [ [ [ -85.802755480000016, 10.50963428 ], [ -85.80276357, 10.50961146 ], [ -85.802755480000016, 10.50963428 ], [ -85.802749579999983, 10.50965636 ], [ -85.802755480000016, 10.50963428 ] ] ], [ [ [ -85.803221119999989, 10.50955355 ], [ -85.80324339, 10.50956752 ], [ -85.803221119999975, 10.50955355 ], [ -85.80319867, 10.50954175 ], [ -85.803221119999989, 10.50955355 ] ] ], [ [ [ -85.803227439999986, 10.50971528 ], [ -85.80322767, 10.50973896 ], [ -85.803227439999972, 10.50971528 ], [ -85.8032304, 10.50969023 ], [ -85.803227439999986, 10.50971528 ] ] ], [ [ [ -85.803266689999987, 10.50997868 ], [ -85.80327376, 10.51000213 ], [ -85.803266689999973, 10.50997868 ], [ -85.8032618, 10.5099553 ], [ -85.803266689999987, 10.50997868 ] ] ], [ [ [ -85.80338039999998, 10.51012362 ], [ -85.80338107999998, 10.51014675 ], [ -85.803381209999984, 10.51016962 ], [ -85.80338107999998, 10.51014675 ], [ -85.803380399999966, 10.51012362 ], [ -85.803376069999985, 10.51010133 ], [ -85.80338039999998, 10.51012362 ] ] ], [ [ [ -85.803450039999987, 10.51029006 ], [ -85.80346741, 10.51030858 ], [ -85.803450039999973, 10.51029006 ], [ -85.80343294, 10.51027109 ], [ -85.803450039999987, 10.51029006 ] ] ], [ [ [ -85.803524669999987, 10.51035741 ], [ -85.803546749999981, 10.51036976 ], [ -85.803524669999973, 10.51035741 ], [ -85.80350513, 10.5103418 ], [ -85.803524669999987, 10.51035741 ] ] ], [ [ [ -85.803592869999989, 10.51038558 ], [ -85.80361572, 10.5103897 ], [ -85.803592869999989, 10.51038558 ], [ -85.80357, 10.5103793 ], [ -85.803592869999989, 10.51038558 ] ] ], [ [ [ -85.803753199999989, 10.51036542 ], [ -85.80377814, 10.51036582 ], [ -85.803753199999989, 10.51036542 ], [ -85.803753199999989, 10.51036542 ] ] ], [ [ [ -85.80379545000001, 10.5103124 ], [ -85.80379172, 10.51029941 ], [ -85.80379545000001, 10.5103124 ], [ -85.80380824, 10.51032824 ], [ -85.80379545000001, 10.5103124 ] ] ], [ [ [ -85.803936019999981, 10.51023885 ], [ -85.80395495, 10.51024227 ], [ -85.803936019999981, 10.51023885 ], [ -85.803936019999981, 10.51023885 ] ] ], [ [ [ -85.804099099999988, 10.51036011 ], [ -85.80412286, 10.51036413 ], [ -85.804099099999974, 10.51036011 ], [ -85.80407525, 10.51035826 ], [ -85.804099099999988, 10.51036011 ] ] ], [ [ [ -85.804145659999989, 10.51037331 ], [ -85.80416053, 10.51038633 ], [ -85.804145659999975, 10.51037331 ], [ -85.80412286, 10.51036413 ], [ -85.804145659999989, 10.51037331 ] ] ], [ [ [ -85.804166129999984, 10.51050198 ], [ -85.80417156, 10.51052572 ], [ -85.80416612999997, 10.51050198 ], [ -85.804168, 10.51047838 ], [ -85.804166129999984, 10.51050198 ] ] ], [ [ [ -85.804226429999986, 10.51060078 ], [ -85.80424351, 10.51061686 ], [ -85.804226429999972, 10.51060078 ], [ -85.80421098, 10.51058369 ], [ -85.804226429999986, 10.51060078 ] ] ], [ [ [ -85.804900299999986, 10.51074461 ], [ -85.804913559999989, 10.51076379 ], [ -85.804900299999971, 10.51074461 ], [ -85.80489031, 10.51072407 ], [ -85.804900299999986, 10.51074461 ] ] ], [ [ [ -85.804924909999983, 10.51078451 ], [ -85.80493681, 10.51080559 ], [ -85.804924909999968, 10.51078451 ], [ -85.804913559999989, 10.51076379 ], [ -85.804924909999983, 10.51078451 ] ] ], [ [ [ -85.805176859999989, 10.51100323 ], [ -85.805187815000011, 10.511010440000081 ], [ -85.805176859999975, 10.51100323 ], [ -85.8051535, 10.51099071 ], [ -85.805176859999989, 10.51100323 ] ] ], [ [ [ -85.80525726999997, 10.51104389 ], [ -85.80525726999997, 10.51104389 ], [ -85.80524201, 10.51104244 ], [ -85.80525726999997, 10.51104389 ] ] ], [ [ [ -85.805583649999988, 10.51127926 ], [ -85.805598839999988, 10.51129978 ], [ -85.805583649999988, 10.51127926 ], [ -85.8055724, 10.51125935 ], [ -85.805583649999988, 10.51127926 ] ] ], [ [ [ -85.805721319999989, 10.51134978 ], [ -85.80574403, 10.51136113 ], [ -85.805721319999975, 10.51134978 ], [ -85.80568728, 10.5113376 ], [ -85.805721319999989, 10.51134978 ] ] ], [ [ [ -85.805765469999983, 10.51137222 ], [ -85.80578654, 10.51138384 ], [ -85.805765469999969, 10.51137222 ], [ -85.80574403, 10.51136113 ], [ -85.805765469999983, 10.51137222 ] ] ], [ [ [ -85.805807249999987, 10.51139593 ], [ -85.80582795, 10.51140801 ], [ -85.805807249999972, 10.51139593 ], [ -85.80578654, 10.51138384 ], [ -85.805807249999987, 10.51139593 ] ] ], [ [ [ -85.806240929999987, 10.51145943 ], [ -85.806263429999987, 10.51146409 ], [ -85.806240929999973, 10.51145943 ], [ -85.8062194, 10.51144753 ], [ -85.806240929999987, 10.51145943 ] ] ], [ [ [ -85.806303069999984, 10.51148176 ], [ -85.8063196, 10.51149748 ], [ -85.80630306999997, 10.51148176 ], [ -85.80628336, 10.51146823 ], [ -85.806303069999984, 10.51148176 ] ] ], [ [ [ -85.80650765999998, 10.51153401 ], [ -85.80652383, 10.51155018 ], [ -85.806507659999966, 10.51153401 ], [ -85.80648787, 10.51152264 ], [ -85.80650765999998, 10.51153401 ] ] ], [ [ [ -85.80680375999998, 10.51174515 ], [ -85.80681785, 10.51176423 ], [ -85.806803759999966, 10.51174515 ], [ -85.806785139999988, 10.51173016 ], [ -85.80680375999998, 10.51174515 ] ] ], [ [ [ -85.806889879999986, 10.51194936 ], [ -85.806898409999988, 10.51197091 ], [ -85.806907219999985, 10.51199499 ], [ -85.806898409999974, 10.51197091 ], [ -85.806889879999972, 10.51194936 ], [ -85.80687933, 10.51192556 ], [ -85.806889879999986, 10.51194936 ] ] ], [ [ [ -85.80702325999998, 10.51236612 ], [ -85.807027435, 10.512377980000226 ], [ -85.807023259999966, 10.51236612 ], [ -85.80701546, 10.51234366 ], [ -85.80702325999998, 10.51236612 ] ] ], [ [ [ -85.807059689999988, 10.51249018 ], [ -85.807065939999987, 10.51251382 ], [ -85.80707191, 10.51253584 ], [ -85.807065939999973, 10.51251382 ], [ -85.807059689999988, 10.51249018 ], [ -85.80705297, 10.51246627 ], [ -85.807059689999988, 10.51249018 ] ] ], [ [ [ -85.807078349999983, 10.51255812 ], [ -85.80708551, 10.51258158 ], [ -85.807078349999969, 10.51255812 ], [ -85.80707191, 10.51253584 ], [ -85.807078349999983, 10.51255812 ] ] ], [ [ [ -85.807125529999979, 10.51277285 ], [ -85.807126769999982, 10.51279725 ], [ -85.807128099999986, 10.51282245 ], [ -85.807129979999985, 10.51284802 ], [ -85.807133039999982, 10.51287086 ], [ -85.80714004, 10.51289649 ], [ -85.807133039999968, 10.51287086 ], [ -85.807129979999985, 10.51284802 ], [ -85.807128099999971, 10.51282245 ], [ -85.807126769999982, 10.51279725 ], [ -85.807125529999979, 10.51277285 ], [ -85.80712458, 10.51275017 ], [ -85.807125529999979, 10.51277285 ] ] ], [ [ [ -85.807241849999983, 10.51312962 ], [ -85.80726193, 10.51314351 ], [ -85.807241849999969, 10.51312962 ], [ -85.80722276, 10.51311427 ], [ -85.807241849999983, 10.51312962 ] ] ], [ [ [ -85.807317229999981, 10.51327821 ], [ -85.807331410000018, 10.5132981 ], [ -85.807317229999981, 10.51327821 ], [ -85.80731117, 10.51325629 ], [ -85.807317229999981, 10.51327821 ] ] ], [ [ [ -85.807473859999988, 10.51342129 ], [ -85.80749862, 10.51342386 ], [ -85.807473859999973, 10.51342129 ], [ -85.80744842999998, 10.51341456 ], [ -85.807473859999988, 10.51342129 ] ] ], [ [ [ -85.807688019999986, 10.5134085 ], [ -85.80771105, 10.51341054 ], [ -85.807688019999972, 10.5134085 ], [ -85.8076629, 10.51340647 ], [ -85.807688019999986, 10.5134085 ] ] ], [ [ [ -85.807951869999982, 10.51345896 ], [ -85.80797523, 10.51347148 ], [ -85.807951869999968, 10.51345896 ], [ -85.80792879, 10.51344806 ], [ -85.807951869999982, 10.51345896 ] ] ], [ [ [ -85.808040849999983, 10.51351105 ], [ -85.80806392, 10.51352194 ], [ -85.808040849999969, 10.51351105 ], [ -85.8080194, 10.51349698 ], [ -85.808040849999983, 10.51351105 ] ] ], [ [ [ -85.80863103999998, 10.51344433 ], [ -85.80865406, 10.51344637 ], [ -85.808631039999966, 10.51344433 ], [ -85.80860528, 10.51344403 ], [ -85.80863103999998, 10.51344433 ] ] ], [ [ [ -85.808697089999981, 10.51346438 ], [ -85.808717529999981, 10.51347782 ], [ -85.808697089999967, 10.51346438 ], [ -85.808676549999987, 10.51345103 ], [ -85.808697089999981, 10.51346438 ] ] ], [ [ [ -85.808739399999979, 10.51348628 ], [ -85.808762569999985, 10.51349717 ], [ -85.80878491, 10.51350608 ], [ -85.808762569999971, 10.51349717 ], [ -85.808739399999979, 10.51348628 ], [ -85.808717529999981, 10.51347782 ], [ -85.808739399999979, 10.51348628 ] ] ], [ [ [ -85.808850729999989, 10.51353327 ], [ -85.80887097999998, 10.513545 ], [ -85.808891689999982, 10.51355717 ], [ -85.80890496, 10.51356233 ], [ -85.808891689999982, 10.51355717 ], [ -85.808870979999966, 10.513545 ], [ -85.808850729999989, 10.51353327 ], [ -85.80882902, 10.51352264 ], [ -85.808850729999989, 10.51353327 ] ] ], [ [ [ -85.80973754999998, 10.51303215 ], [ -85.80974845, 10.51305252 ], [ -85.809737549999966, 10.51303215 ], [ -85.8097226, 10.5130213 ], [ -85.80973754999998, 10.51303215 ] ] ], [ [ [ -85.80978503999998, 10.51309523 ], [ -85.80978503999998, 10.51309523 ], [ -85.809777699999984, 10.51308913 ], [ -85.80978503999998, 10.51309523 ] ] ], [ [ [ -85.809866909999982, 10.5131179 ], [ -85.80988263, 10.51313661 ], [ -85.809866909999968, 10.5131179 ], [ -85.80986857, 10.5131066 ], [ -85.809866909999982, 10.5131179 ] ] ], [ [ [ -85.80996820999998, 10.51323246 ], [ -85.80997803, 10.51324027 ], [ -85.809968209999965, 10.51323246 ], [ -85.80995149, 10.51321593 ], [ -85.80996820999998, 10.51323246 ] ] ], [ [ [ -85.80985760999998, 10.51337172 ], [ -85.8098665, 10.51339282 ], [ -85.809857609999966, 10.51337172 ], [ -85.809852, 10.51334934 ], [ -85.80985760999998, 10.51337172 ] ] ], [ [ [ -85.809931549999988, 10.51350831 ], [ -85.80995553, 10.51351694 ], [ -85.809931549999973, 10.51350831 ], [ -85.80991176, 10.51349694 ], [ -85.809931549999988, 10.51350831 ] ] ], [ [ [ -85.809999659999988, 10.51353648 ], [ -85.81002306, 10.51354095 ], [ -85.809999659999988, 10.51353648 ], [ -85.809978410000014, 10.51352621 ], [ -85.809999659999988, 10.51353648 ] ] ], [ [ [ -85.810250069999981, 10.51350595 ], [ -85.810258149999981, 10.51351404 ], [ -85.810250069999967, 10.51350595 ], [ -85.8102369, 10.51350367 ], [ -85.810250069999981, 10.51350595 ] ] ], [ [ [ -85.810200509999987, 10.51360582 ], [ -85.810182789999985, 10.51362084 ], [ -85.81016131, 10.51363171 ], [ -85.810182789999971, 10.51362084 ], [ -85.810200509999973, 10.51360582 ], [ -85.81021831000001, 10.51358783 ], [ -85.810200509999987, 10.51360582 ] ] ], [ [ [ -85.810112479999987, 10.5136366 ], [ -85.8100883, 10.51364117 ], [ -85.810112479999972, 10.5136366 ], [ -85.81013658, 10.51363502 ], [ -85.810112479999987, 10.5136366 ] ] ], [ [ [ -85.81005125999998, 10.51367816 ], [ -85.81006334, 10.51369788 ], [ -85.810051259999966, 10.51367816 ], [ -85.810054399999984, 10.51366793 ], [ -85.81005125999998, 10.51367816 ] ] ], [ [ [ -85.810113699999988, 10.51375209 ], [ -85.81012807, 10.51377279 ], [ -85.810113699999974, 10.51375209 ], [ -85.810098789999984, 10.5137332 ], [ -85.810113699999988, 10.51375209 ] ] ], [ [ [ -85.810398439999986, 10.5136422 ], [ -85.810407739999988, 10.51365561 ], [ -85.810409419999985, 10.51367738 ], [ -85.810407739999974, 10.51365561 ], [ -85.810398439999972, 10.5136422 ], [ -85.810382589999989, 10.51363443 ], [ -85.810398439999986, 10.5136422 ] ] ], [ [ [ -85.810350549999981, 10.51382403 ], [ -85.81036318, 10.51384493 ], [ -85.810350549999967, 10.51382403 ], [ -85.810347039999982, 10.51380164 ], [ -85.810350549999981, 10.51382403 ] ] ], [ [ [ -85.810472779999984, 10.51394136 ], [ -85.81049748, 10.51394899 ], [ -85.810472779999969, 10.51394136 ], [ -85.81044938, 10.51393689 ], [ -85.810472779999984, 10.51394136 ] ] ], [ [ [ -85.810390019999986, 10.51407803 ], [ -85.81036889, 10.51408764 ], [ -85.810390019999971, 10.51407803 ], [ -85.81041317, 10.51406985 ], [ -85.810390019999986, 10.51407803 ] ] ], [ [ [ -85.810347399999984, 10.51409851 ], [ -85.810326729999986, 10.51410848 ], [ -85.810307349999988, 10.51412161 ], [ -85.810288259999979, 10.51413636 ], [ -85.8102702, 10.51415481 ], [ -85.810288259999965, 10.51413636 ], [ -85.810307349999974, 10.51412161 ], [ -85.810326729999986, 10.51410848 ], [ -85.810347399999969, 10.51409851 ], [ -85.81036889, 10.51408764 ], [ -85.810347399999984, 10.51409851 ] ] ], [ [ [ -85.810207779999985, 10.5143041 ], [ -85.81021313, 10.51431383 ], [ -85.810207779999985, 10.5143041 ], [ -85.81020518, 10.51428161 ], [ -85.810207779999985, 10.5143041 ] ] ], [ [ [ -85.810605529999989, 10.51423287 ], [ -85.81062517, 10.51424939 ], [ -85.810605529999975, 10.51423287 ], [ -85.8105858, 10.51421636 ], [ -85.810605529999989, 10.51423287 ] ] ], [ [ [ -85.810524679999986, 10.51443116 ], [ -85.81051633, 10.51444133 ], [ -85.810524679999972, 10.51443116 ], [ -85.81054505, 10.51441658 ], [ -85.810524679999986, 10.51443116 ] ] ], [ [ [ -85.81070348999998, 10.51444713 ], [ -85.81072607, 10.5144517 ], [ -85.810703489999966, 10.51444713 ], [ -85.81067846000002, 10.51444583 ], [ -85.81070348999998, 10.51444713 ] ] ], [ [ [ -85.810787529999985, 10.51448379 ], [ -85.81080007, 10.51450397 ], [ -85.810787529999971, 10.51448379 ], [ -85.81077001, 10.51447043 ], [ -85.810787529999985, 10.51448379 ] ] ], [ [ [ -85.810806049999982, 10.51454198 ], [ -85.81079447, 10.51456156 ], [ -85.810806049999968, 10.51454198 ], [ -85.81080685, 10.51452281 ], [ -85.810806049999982, 10.51454198 ] ] ], [ [ [ -85.810767989999988, 10.51462534 ], [ -85.8107653, 10.51464903 ], [ -85.810767989999988, 10.51462534 ], [ -85.81077206, 10.51460182 ], [ -85.810767989999988, 10.51462534 ] ] ], [ [ [ -85.810804869999984, 10.51480994 ], [ -85.81081458, 10.51483085 ], [ -85.81080486999997, 10.51480994 ], [ -85.81079533, 10.51478677 ], [ -85.810804869999984, 10.51480994 ] ] ], [ [ [ -85.810836839999979, 10.51510835 ], [ -85.810839339999987, 10.51512994 ], [ -85.81085004, 10.51514949 ], [ -85.810839339999973, 10.51512994 ], [ -85.810836839999965, 10.51510835 ], [ -85.81083789, 10.51508485 ], [ -85.810836839999979, 10.51510835 ] ] ], [ [ [ -85.811063869999984, 10.51521948 ], [ -85.81108575, 10.51522794 ], [ -85.81106386999997, 10.51521948 ], [ -85.81104206, 10.51520578 ], [ -85.811063869999984, 10.51521948 ] ] ], [ [ [ -85.811161070000011, 10.51522534 ], [ -85.81118458, 10.51521671 ], [ -85.811161070000011, 10.51522534 ], [ -85.811148575, 10.51522767 ], [ -85.811161070000011, 10.51522534 ] ] ], [ [ [ -85.811581529999984, 10.51489904 ], [ -85.81160448, 10.51490316 ], [ -85.81158152999997, 10.51489904 ], [ -85.811581529999984, 10.51489904 ] ] ], [ [ [ -85.811708479999979, 10.51505719 ], [ -85.81170269, 10.51508307 ], [ -85.811708479999965, 10.51505719 ], [ -85.81171363, 10.51503231 ], [ -85.811708479999979, 10.51505719 ] ] ], [ [ [ -85.811692259999987, 10.51517315 ], [ -85.811669579999986, 10.51518385 ], [ -85.81164716, 10.51519112 ], [ -85.811669579999972, 10.51518385 ], [ -85.811692259999987, 10.51517315 ], [ -85.81171061, 10.51515641 ], [ -85.811692259999987, 10.51517315 ] ] ], [ [ [ -85.811576099999982, 10.5152049 ], [ -85.81155119, 10.51520739 ], [ -85.811576099999982, 10.5152049 ], [ -85.81160148, 10.51520267 ], [ -85.811576099999982, 10.5152049 ] ] ], [ [ [ -85.811459449999987, 10.51546457 ], [ -85.811460399999987, 10.51548725 ], [ -85.81146876, 10.51551097 ], [ -85.811460399999987, 10.51548725 ], [ -85.811459449999973, 10.51546457 ], [ -85.8114667, 10.51543968 ], [ -85.811459449999987, 10.51546457 ] ] ], [ [ [ -85.811480849999981, 10.51553368 ], [ -85.811495579999985, 10.51555393 ], [ -85.8115135, 10.5155728 ], [ -85.811495579999971, 10.51555393 ], [ -85.811480849999981, 10.51553368 ], [ -85.81146876, 10.51551097 ], [ -85.811480849999981, 10.51553368 ] ] ], [ [ [ -85.811529759999985, 10.51558898 ], [ -85.81154665, 10.51560415 ], [ -85.811529759999971, 10.51558898 ], [ -85.8115135, 10.5155728 ], [ -85.811529759999985, 10.51558898 ] ] ], [ [ [ -85.811734130000019, 10.51552437 ], [ -85.811751289999989, 10.51550818 ], [ -85.811734130000019, 10.51552437 ], [ -85.81171907, 10.51552662 ], [ -85.811734130000019, 10.51552437 ] ] ], [ [ [ -85.811835179999989, 10.51548601 ], [ -85.81183694, 10.51550571 ], [ -85.811835179999974, 10.51548601 ], [ -85.8118243, 10.51546863 ], [ -85.811835179999989, 10.51548601 ] ] ], [ [ [ -85.811812409999987, 10.51560688 ], [ -85.81181968, 10.51563115 ], [ -85.811812409999987, 10.51560688 ], [ -85.81180799, 10.51558377 ], [ -85.811812409999987, 10.51560688 ] ] ], [ [ [ -85.811916679999982, 10.51569639 ], [ -85.81193069, 10.51570363 ], [ -85.811916679999968, 10.51569639 ], [ -85.81189188, 10.51568795 ], [ -85.811916679999982, 10.51569639 ] ] ], [ [ [ -85.811583899999988, 10.51588446 ], [ -85.81155741, 10.51589907 ], [ -85.811583899999974, 10.51588446 ], [ -85.81160309, 10.51587052 ], [ -85.811583899999988, 10.51588446 ] ] ], [ [ [ -85.811541139999989, 10.51595917 ], [ -85.81155322, 10.51597889 ], [ -85.811541139999989, 10.51595917 ], [ -85.81153206, 10.51593636 ], [ -85.811541139999989, 10.51595917 ] ] ], [ [ [ -85.811903720000018, 10.51599533 ], [ -85.811903720000018, 10.51599533 ], [ -85.81187954, 10.51599908 ], [ -85.811903720000018, 10.51599533 ] ] ], [ [ [ -85.812007899999983, 10.51602392 ], [ -85.812014869999985, 10.51604368 ], [ -85.812007899999969, 10.51602392 ], [ -85.81199598, 10.51601604 ], [ -85.812007899999983, 10.51602392 ] ] ], [ [ [ -85.811943109999987, 10.5161575 ], [ -85.81193237, 10.51617907 ], [ -85.811943109999973, 10.5161575 ], [ -85.811958919999981, 10.51614322 ], [ -85.811943109999987, 10.5161575 ] ] ], [ [ [ -85.811891869999982, 10.5162657 ], [ -85.81187728, 10.51628449 ], [ -85.811891869999968, 10.5162657 ], [ -85.81190555, 10.51624628 ], [ -85.811891869999982, 10.5162657 ] ] ], [ [ [ -85.811679969999986, 10.51641666 ], [ -85.81166061, 10.51643268 ], [ -85.811679969999972, 10.51641666 ], [ -85.81169834, 10.51640282 ], [ -85.811679969999986, 10.51641666 ] ] ], [ [ [ -85.811509959999981, 10.51656205 ], [ -85.811491589999989, 10.5165758 ], [ -85.811470110000016, 10.51658885 ], [ -85.811491589999974, 10.5165758 ], [ -85.811509959999967, 10.51656205 ], [ -85.811529309999983, 10.51654594 ], [ -85.811509959999981, 10.51656205 ] ] ], [ [ [ -85.811184549999979, 10.51665184 ], [ -85.81117518, 10.51667449 ], [ -85.811184549999965, 10.51665184 ], [ -85.811199139999985, 10.51663314 ], [ -85.811184549999979, 10.51665184 ] ] ], [ [ [ -85.81118868999998, 10.51701684 ], [ -85.811200229999983, 10.51703837 ], [ -85.81118868999998, 10.51701684 ], [ -85.81117208, 10.51700328 ], [ -85.81118868999998, 10.51701684 ] ] ], [ [ [ -85.811223469999987, 10.51710809 ], [ -85.81123291, 10.51713036 ], [ -85.811223469999973, 10.51710809 ], [ -85.81121538, 10.51708392 ], [ -85.811223469999987, 10.51710809 ] ] ], [ [ [ -85.811244089999988, 10.51715235 ], [ -85.81125289, 10.51717345 ], [ -85.811244089999974, 10.51715235 ], [ -85.81123291, 10.51713036 ], [ -85.811244089999988, 10.51715235 ] ] ], [ [ [ -85.81128409999998, 10.51726364 ], [ -85.811290809999988, 10.51728755 ], [ -85.811295789999988, 10.51731183 ], [ -85.811290809999988, 10.51728755 ], [ -85.811284099999966, 10.51726364 ], [ -85.81127538, 10.51724119 ], [ -85.81128409999998, 10.51726364 ] ] ], [ [ [ -85.80987631, 10.51540556 ], [ -85.809900289999973, 10.51540018 ], [ -85.809900289999973, 10.51540018 ], [ -85.80987631, 10.51540556 ] ] ], [ [ [ -85.808754109999981, 10.51463114 ], [ -85.808737759999985, 10.51464723 ], [ -85.80872078, 10.51466422 ], [ -85.808737759999971, 10.51464723 ], [ -85.808754109999967, 10.51463114 ], [ -85.8087719, 10.51461323 ], [ -85.808754109999981, 10.51463114 ] ] ], [ [ [ -85.808681889999988, 10.5146977 ], [ -85.80866372, 10.51471317 ], [ -85.808681889999974, 10.5146977 ], [ -85.80870189, 10.51468069 ], [ -85.808681889999988, 10.5146977 ] ] ], [ [ [ -85.808491569999987, 10.51480633 ], [ -85.808471739999987, 10.5148191 ], [ -85.80845173, 10.51483313 ], [ -85.808471739999973, 10.5148191 ], [ -85.808491569999973, 10.51480633 ], [ -85.80851570999998, 10.51479589 ], [ -85.808491569999987, 10.51480633 ] ] ], [ [ [ -85.808435189999983, 10.51489459 ], [ -85.808450189999988, 10.51491429 ], [ -85.8084611, 10.51493764 ], [ -85.808450189999974, 10.51491429 ], [ -85.808435189999983, 10.51489459 ], [ -85.80842121, 10.51487632 ], [ -85.808435189999983, 10.51489459 ] ] ], [ [ [ -85.808428299999989, 10.51501292 ], [ -85.80841034, 10.51501827 ], [ -85.808428299999974, 10.51501292 ], [ -85.80844922, 10.51499871 ], [ -85.808428299999989, 10.51501292 ] ] ], [ [ [ -85.808391510000021, 10.51501557 ], [ -85.80837052, 10.51500187 ], [ -85.808391510000021, 10.51501557 ], [ -85.80841034, 10.51501827 ], [ -85.808391510000021, 10.51501557 ] ] ], [ [ [ -85.80792744, 10.5147377 ], [ -85.807950049999974, 10.51473134 ], [ -85.807950049999974, 10.51473134 ], [ -85.80792744, 10.5147377 ] ] ], [ [ [ -85.807766769999986, 10.51488764 ], [ -85.80777846, 10.51490484 ], [ -85.807766769999972, 10.51488764 ], [ -85.80774621, 10.51487122 ], [ -85.807766769999986, 10.51488764 ] ] ], [ [ [ -85.807749179999988, 10.51495634 ], [ -85.80772407, 10.5149572 ], [ -85.807749179999973, 10.51495634 ], [ -85.807771619999983, 10.51495205 ], [ -85.807749179999988, 10.51495634 ] ] ], [ [ [ -85.807033819999987, 10.51493619 ], [ -85.80696171, 10.51497339 ], [ -85.807033819999972, 10.51493619 ], [ -85.80711581, 10.51488557 ], [ -85.807033819999987, 10.51493619 ] ] ], [ [ [ -85.806761689999988, 10.51503065 ], [ -85.80674342, 10.5150453 ], [ -85.806761689999973, 10.51503065 ], [ -85.8067816, 10.51501571 ], [ -85.806761689999988, 10.51503065 ] ] ], [ [ [ -85.80660607999998, 10.51514161 ], [ -85.80658442, 10.51515384 ], [ -85.806606079999966, 10.51514161 ], [ -85.80662975, 10.51512873 ], [ -85.80660607999998, 10.51514161 ] ] ], [ [ [ -85.806336669999979, 10.51523397 ], [ -85.80631464, 10.51524666 ], [ -85.806336669999965, 10.51523397 ], [ -85.80635799, 10.51522517 ], [ -85.806336669999979, 10.51523397 ] ] ], [ [ [ -85.806255329999985, 10.51528658 ], [ -85.80624464, 10.515293510000078 ], [ -85.806255329999971, 10.51528658 ], [ -85.80627654, 10.51527408 ], [ -85.806255329999985, 10.51528658 ] ] ], [ [ [ -85.806193859999979, 10.51533157 ], [ -85.806174499999983, 10.51534759 ], [ -85.806158629999985, 10.51536611 ], [ -85.806174499999969, 10.51534759 ], [ -85.806193859999965, 10.51533157 ], [ -85.80621322, 10.51531547 ], [ -85.806193859999979, 10.51533157 ] ] ], [ [ [ -85.806131129999983, 10.51545927 ], [ -85.80612735, 10.51548441 ], [ -85.806131129999969, 10.51545927 ], [ -85.80613674, 10.51543474 ], [ -85.806131129999983, 10.51545927 ] ] ], [ [ [ -85.806057669999987, 10.51571869 ], [ -85.806035609999981, 10.51572551 ], [ -85.806018039999984, 10.51573618 ], [ -85.806004, 10.51575614 ], [ -85.806018039999984, 10.51573618 ], [ -85.806035609999967, 10.51572551 ], [ -85.806057669999973, 10.51571869 ], [ -85.80607777, 10.51570466 ], [ -85.806057669999987, 10.51571869 ] ] ], [ [ [ -85.805988009999979, 10.51580178 ], [ -85.805979469999983, 10.51582424 ], [ -85.805988009999965, 10.51580178 ], [ -85.80599546, 10.51577861 ], [ -85.805988009999979, 10.51580178 ] ] ], [ [ [ -85.805957259999985, 10.51586829 ], [ -85.80594276, 10.5158879 ], [ -85.805957259999971, 10.51586829 ], [ -85.80596901, 10.51584744 ], [ -85.805957259999985, 10.51586829 ] ] ], [ [ [ -85.80573219999998, 10.51608096 ], [ -85.80572182, 10.51610198 ], [ -85.805732199999966, 10.51608096 ], [ -85.80574185, 10.51606003 ], [ -85.80573219999998, 10.51608096 ] ] ], [ [ [ -85.805489929999979, 10.51622377 ], [ -85.80547423, 10.51624103 ], [ -85.805489929999965, 10.51622377 ], [ -85.80550931, 10.51621065 ], [ -85.805489929999979, 10.51622377 ] ] ], [ [ [ -85.805406219999981, 10.51630775 ], [ -85.80538693, 10.51632079 ], [ -85.805406219999966, 10.51630775 ], [ -85.805423929999989, 10.51629193 ], [ -85.805406219999981, 10.51630775 ] ] ], [ [ [ -85.805244819999984, 10.51641152 ], [ -85.80522333, 10.51642239 ], [ -85.80524481999997, 10.51641152 ], [ -85.80526603, 10.51639983 ], [ -85.805244819999984, 10.51641152 ] ] ], [ [ [ -85.805157609999981, 10.5164591 ], [ -85.80513777, 10.51647195 ], [ -85.805157609999966, 10.5164591 ], [ -85.805179539999983, 10.5164465 ], [ -85.805157609999981, 10.5164591 ] ] ], [ [ [ -85.805117669999987, 10.51648599 ], [ -85.80509721, 10.51650056 ], [ -85.805117669999973, 10.51648599 ], [ -85.80513777, 10.51647195 ], [ -85.805117669999987, 10.51648599 ] ] ], [ [ [ -85.805076379999988, 10.51651469 ], [ -85.80505756, 10.51652898 ], [ -85.805076379999974, 10.51651469 ], [ -85.80509721, 10.51650056 ], [ -85.805076379999988, 10.51651469 ] ] ], [ [ [ -85.80492255999998, 10.51658813 ], [ -85.804931039999985, 10.51660173 ], [ -85.80492255999998, 10.51658813 ], [ -85.8049221, 10.51657169 ], [ -85.80492255999998, 10.51658813 ] ] ], [ [ [ -85.805046919999981, 10.51664753 ], [ -85.805060429999983, 10.51666245 ], [ -85.80506545999998, 10.5166786 ], [ -85.805060429999983, 10.51666245 ], [ -85.805046919999967, 10.51664753 ], [ -85.80502429, 10.5166341 ], [ -85.805046919999981, 10.51664753 ] ] ], [ [ [ -85.80473834999998, 10.51690088 ], [ -85.80472652, 10.5169239 ], [ -85.804738349999965, 10.51690088 ], [ -85.80474963, 10.51687678 ], [ -85.80473834999998, 10.51690088 ] ] ], [ [ [ -85.804695019999983, 10.51701852 ], [ -85.804693889999982, 10.51704411 ], [ -85.80469402, 10.51706697 ], [ -85.804693889999967, 10.51704411 ], [ -85.804695019999969, 10.51701852 ], [ -85.80469872, 10.51699546 ], [ -85.804695019999983, 10.51701852 ] ] ], [ [ [ -85.804624669999981, 10.51724865 ], [ -85.804601909999988, 10.51726144 ], [ -85.804624669999967, 10.51724865 ], [ -85.80464357, 10.51723219 ], [ -85.804624669999981, 10.51724865 ] ] ], [ [ [ -85.80440514999998, 10.5173617 ], [ -85.804392939999985, 10.51736782 ], [ -85.80437343, 10.51738808 ], [ -85.804392939999985, 10.51736782 ], [ -85.804405149999965, 10.5173617 ], [ -85.80442496, 10.51734604 ], [ -85.80440514999998, 10.5173617 ] ] ], [ [ [ -85.804197429999988, 10.517526 ], [ -85.80417483, 10.51753453 ], [ -85.804197429999974, 10.517526 ], [ -85.80420989, 10.51751771 ], [ -85.804197429999988, 10.517526 ] ] ], [ [ [ -85.804108959999979, 10.51756238 ], [ -85.80409189, 10.51757938 ], [ -85.804108959999965, 10.51756238 ], [ -85.80412724, 10.51754773 ], [ -85.804108959999979, 10.51756238 ] ] ], [ [ [ -85.80368550999998, 10.51769014 ], [ -85.80367196, 10.51769944 ], [ -85.803685509999966, 10.51769014 ], [ -85.803695719999979, 10.51768728 ], [ -85.803695719999979, 10.51768728 ], [ -85.80368550999998, 10.51769014 ] ] ], [ [ [ -85.803672329999984, 10.51770007 ], [ -85.80365802, 10.51772048 ], [ -85.803672329999969, 10.51770007 ], [ -85.80367196, 10.51769944 ], [ -85.803672329999984, 10.51770007 ] ] ], [ [ [ -85.803597879999984, 10.51779168 ], [ -85.8035887, 10.51779896 ], [ -85.80359787999997, 10.51779168 ], [ -85.803608239999988, 10.51778159 ], [ -85.803597879999984, 10.51779168 ] ] ], [ [ [ -85.80323937999998, 10.51789105 ], [ -85.80321926, 10.5179021 ], [ -85.803239379999965, 10.51789105 ], [ -85.80326297, 10.51788025 ], [ -85.80323937999998, 10.51789105 ] ] ], [ [ [ -85.803199329999984, 10.51791405 ], [ -85.80317913, 10.51792736 ], [ -85.80319932999997, 10.51791405 ], [ -85.80321926, 10.5179021 ], [ -85.803199329999984, 10.51791405 ] ] ], [ [ [ -85.802955879999985, 10.51807449 ], [ -85.80293264, 10.51808185 ], [ -85.802955879999971, 10.51807449 ], [ -85.802978669999987, 10.51806677 ], [ -85.802955879999985, 10.51807449 ] ] ], [ [ [ -85.802858659999984, 10.51809646 ], [ -85.80283578, 10.51810337 ], [ -85.802858659999984, 10.51809646 ], [ -85.80288402, 10.51809135 ], [ -85.802858659999984, 10.51809646 ] ] ], [ [ [ -85.802787379999984, 10.51811964 ], [ -85.802764399999987, 10.51812565 ], [ -85.80278737999997, 10.51811964 ], [ -85.80281089, 10.51811092 ], [ -85.802787379999984, 10.51811964 ] ] ], [ [ [ -85.802600149999989, 10.51816508 ], [ -85.80258767, 10.51816994 ], [ -85.802600149999975, 10.51816508 ], [ -85.802623429999983, 10.51816368 ], [ -85.802600149999989, 10.51816508 ] ] ], [ [ [ -85.802098749999985, 10.51796875 ], [ -85.802098749999985, 10.51796875 ], [ -85.802122649999987, 10.51796554 ], [ -85.802098749999985, 10.51796875 ] ] ], [ [ [ -85.802050220000012, 10.51796216 ], [ -85.80202717, 10.51795723 ], [ -85.802050220000012, 10.51796216 ], [ -85.80207463, 10.51796816 ], [ -85.802050220000012, 10.51796216 ] ] ], [ [ [ -85.80103471000001, 10.51733413 ], [ -85.80101066, 10.51732849 ], [ -85.80103471000001, 10.51733413 ], [ -85.801046049999982, 10.517336870000014 ], [ -85.80103471000001, 10.51733413 ] ] ], [ [ [ -85.800513699999982, 10.51728431 ], [ -85.80049497, 10.51729861 ], [ -85.800513699999968, 10.51728431 ], [ -85.80053372, 10.51727245 ], [ -85.800513699999982, 10.51728431 ] ] ], [ [ [ -85.800475509999984, 10.5173139 ], [ -85.80045825, 10.51732927 ], [ -85.80047550999997, 10.5173139 ], [ -85.80049497, 10.51729861 ], [ -85.800475509999984, 10.5173139 ] ] ], [ [ [ -85.800328469999982, 10.51757944 ], [ -85.80032642, 10.51760431 ], [ -85.800328469999968, 10.51757944 ], [ -85.80033437, 10.51755654 ], [ -85.800328469999982, 10.51757944 ] ] ], [ [ [ -85.80031194999998, 10.51781704 ], [ -85.80031155, 10.51784171 ], [ -85.800311949999966, 10.51781704 ], [ -85.800311065, 10.517805750000207 ], [ -85.80031194999998, 10.51781704 ] ] ], [ [ [ -85.800322529999988, 10.51795606 ], [ -85.800331969999988, 10.51797842 ], [ -85.80034077, 10.51799952 ], [ -85.800331969999974, 10.51797842 ], [ -85.800322529999974, 10.51795606 ], [ -85.80031563999998, 10.51793423 ], [ -85.800322529999988, 10.51795606 ] ] ], [ [ [ -85.800401129999983, 10.51815634 ], [ -85.800405289999986, 10.51817981 ], [ -85.80040752, 10.51820284 ], [ -85.800405289999972, 10.51817981 ], [ -85.800401129999969, 10.51815634 ], [ -85.80039671, 10.51813332 ], [ -85.800401129999983, 10.51815634 ] ] ], [ [ [ -85.800414749999987, 10.51825215 ], [ -85.80042207, 10.51827136 ], [ -85.800414749999973, 10.51825215 ], [ -85.8004104, 10.51822696 ], [ -85.800414749999987, 10.51825215 ] ] ], [ [ [ -85.800523069999983, 10.51855456 ], [ -85.80053005, 10.5185772 ], [ -85.800523069999983, 10.51855456 ], [ -85.8005171, 10.51853263 ], [ -85.800523069999983, 10.51855456 ] ] ], [ [ [ -85.800627049999989, 10.51884587 ], [ -85.8006384, 10.51886659 ], [ -85.800627049999974, 10.51884587 ], [ -85.800615329999985, 10.5188256 ], [ -85.800627049999989, 10.51884587 ] ] ], [ [ [ -85.800689449999979, 10.51897692 ], [ -85.800700899999981, 10.51899855 ], [ -85.800689449999979, 10.51897692 ], [ -85.800679279999983, 10.51895565 ], [ -85.800689449999979, 10.51897692 ] ] ], [ [ [ -85.800786099999982, 10.51910877 ], [ -85.800798189999981, 10.51911458 ], [ -85.800786099999968, 10.51910877 ], [ -85.80077158, 10.5190924 ], [ -85.800786099999982, 10.51910877 ] ] ], [ [ [ -85.800897699999979, 10.5191244 ], [ -85.800904319999987, 10.5191475 ], [ -85.800906839999982, 10.51917216 ], [ -85.800904319999972, 10.5191475 ], [ -85.800897699999965, 10.5191244 ], [ -85.80088881, 10.51910331 ], [ -85.800897699999979, 10.5191244 ] ] ], [ [ [ -85.800799369999979, 10.5192241 ], [ -85.80079346, 10.51924411 ], [ -85.800799369999964, 10.5192241 ], [ -85.80080804, 10.51922234 ], [ -85.800799369999979, 10.5192241 ] ] ], [ [ [ -85.800804769999985, 10.51928896 ], [ -85.8008154, 10.51931059 ], [ -85.800804769999985, 10.51928896 ], [ -85.80079625, 10.51926732 ], [ -85.800804769999985, 10.51928896 ] ] ], [ [ [ -85.800819369999985, 10.51933334 ], [ -85.80081565, 10.51935333 ], [ -85.800819369999971, 10.51933334 ], [ -85.8008154, 10.51931059 ], [ -85.800819369999985, 10.51933334 ] ] ], [ [ [ -85.800784439999987, 10.51938948 ], [ -85.80076912, 10.51940918 ], [ -85.800784439999973, 10.51938948 ], [ -85.80080243, 10.5193732 ], [ -85.800784439999987, 10.51938948 ] ] ], [ [ [ -85.800747069999986, 10.51944898 ], [ -85.80074563, 10.519460420000211 ], [ -85.800747069999971, 10.51944898 ], [ -85.8007548, 10.51942742 ], [ -85.800747069999986, 10.51944898 ] ] ], [ [ [ -85.800764719999989, 10.51970554 ], [ -85.80075454, 10.51972828 ], [ -85.800764719999975, 10.51970554 ], [ -85.80077089, 10.5196821 ], [ -85.800764719999989, 10.51970554 ] ] ], [ [ [ -85.800681739999987, 10.51982151 ], [ -85.800665219999985, 10.51983886 ], [ -85.80064861, 10.51985622 ], [ -85.800665219999971, 10.51983886 ], [ -85.800681739999973, 10.51982151 ], [ -85.80069964, 10.51980442 ], [ -85.800681739999987, 10.51982151 ] ] ], [ [ [ -85.800582329999983, 10.51992266 ], [ -85.80056084, 10.51993272 ], [ -85.800582329999969, 10.51992266 ], [ -85.800599689999984, 10.51990729 ], [ -85.800582329999983, 10.51992266 ] ] ], [ [ [ -85.800354629999987, 10.51991754 ], [ -85.800333519999981, 10.51993013 ], [ -85.800354629999973, 10.51991754 ], [ -85.80037726, 10.51991406 ], [ -85.800354629999987, 10.51991754 ] ] ], [ [ [ -85.800293469999986, 10.51995313 ], [ -85.8002754, 10.51995549 ], [ -85.800293469999971, 10.51995313 ], [ -85.8003145, 10.51994271 ], [ -85.800293469999986, 10.51995313 ] ] ], [ [ [ -85.800158809999985, 10.51981951 ], [ -85.800158809999971, 10.51981951 ], [ -85.8001829, 10.51981494 ], [ -85.800158809999985, 10.51981951 ] ] ], [ [ [ -85.795466079999983, 10.51813633 ], [ -85.79544365, 10.51814315 ], [ -85.795466079999969, 10.51813633 ], [ -85.79548071, 10.51812378 ], [ -85.795466079999983, 10.51813633 ] ] ], [ [ [ -85.795008900000013, 10.51764385 ], [ -85.79499191, 10.51762723 ], [ -85.795008900000013, 10.51764385 ], [ -85.79502553, 10.51766093 ], [ -85.795008900000013, 10.51764385 ] ] ], [ [ [ -85.794103629999981, 10.51728441 ], [ -85.794080769999979, 10.5172952 ], [ -85.79406029, 10.5173068 ], [ -85.794080769999965, 10.5172952 ], [ -85.794103629999967, 10.51728441 ], [ -85.794125109999982, 10.51727136 ], [ -85.794103629999981, 10.51728441 ] ] ], [ [ [ -85.793944289999985, 10.5173342 ], [ -85.793919, 10.51733561 ], [ -85.793944289999985, 10.5173342 ], [ -85.79396875, 10.51733289 ], [ -85.793944289999985, 10.5173342 ] ] ], [ [ [ -85.793530589999989, 10.5172712 ], [ -85.7935108, 10.51727619 ], [ -85.793530589999975, 10.5172712 ], [ -85.7935547, 10.51727043 ], [ -85.793530589999989, 10.5172712 ] ] ], [ [ [ -85.793461079999986, 10.51733124 ], [ -85.793448139999981, 10.51735201 ], [ -85.793461079999972, 10.51733124 ], [ -85.79347675, 10.51730946 ], [ -85.793461079999986, 10.51733124 ] ] ], [ [ [ -85.79307642000002, 10.51725226 ], [ -85.793059249999985, 10.51723483 ], [ -85.79307642000002, 10.51725226 ], [ -85.79309196, 10.51727007 ], [ -85.79307642000002, 10.51725226 ] ] ], [ [ [ -85.792386469999983, 10.51690388 ], [ -85.79236204, 10.51691161 ], [ -85.792386469999968, 10.51690388 ], [ -85.79240916, 10.51689445 ], [ -85.792386469999983, 10.51690388 ] ] ], [ [ [ -85.792269639999986, 10.51694557 ], [ -85.792248599999979, 10.51695473 ], [ -85.7922261, 10.51696498 ], [ -85.792248599999965, 10.51695473 ], [ -85.792269639999972, 10.51694557 ], [ -85.79229133, 10.51693759 ], [ -85.792269639999986, 10.51694557 ] ] ], [ [ [ -85.792136199999987, 10.51700706 ], [ -85.79211353, 10.51701867 ], [ -85.792136199999973, 10.51700706 ], [ -85.79215851, 10.51699591 ], [ -85.792136199999987, 10.51700706 ] ] ], [ [ [ -85.791903099999985, 10.51714177 ], [ -85.79188053, 10.51715554 ], [ -85.791903099999971, 10.51714177 ], [ -85.79192513, 10.51712899 ], [ -85.791903099999985, 10.51714177 ] ] ], [ [ [ -85.791858509999983, 10.51716823 ], [ -85.791836569999987, 10.51718101 ], [ -85.791858509999969, 10.51716823 ], [ -85.79188053, 10.51715554 ], [ -85.791858509999983, 10.51716823 ] ] ], [ [ [ -85.791773599999985, 10.51721914 ], [ -85.791753569999983, 10.517231 ], [ -85.791773599999971, 10.51721914 ], [ -85.79179488, 10.51720519 ], [ -85.791773599999985, 10.51721914 ] ] ], [ [ [ -85.791733279999988, 10.5172435 ], [ -85.79171245, 10.51725771 ], [ -85.791733279999974, 10.5172435 ], [ -85.791753569999983, 10.517231 ], [ -85.791733279999988, 10.5172435 ] ] ], [ [ [ -85.79169161999998, 10.51727193 ], [ -85.79166987, 10.51728552 ], [ -85.791691619999966, 10.51727193 ], [ -85.79171245, 10.51725771 ], [ -85.79169161999998, 10.51727193 ] ] ], [ [ [ -85.791486739999982, 10.51740847 ], [ -85.791465909999985, 10.51742268 ], [ -85.791486739999968, 10.51740847 ], [ -85.79150666, 10.51739444 ], [ -85.791486739999982, 10.51740847 ] ] ], [ [ [ -85.791323219999981, 10.51752561 ], [ -85.79130458, 10.51753982 ], [ -85.791323219999967, 10.51752561 ], [ -85.79134376, 10.51750841 ], [ -85.791323219999981, 10.51752561 ] ] ], [ [ [ -85.791264469999987, 10.51756706 ], [ -85.791243269999981, 10.51758182 ], [ -85.791264469999973, 10.51756706 ], [ -85.79128402, 10.51755349 ], [ -85.791264469999987, 10.51756706 ] ] ], [ [ [ -85.791045879999984, 10.51773305 ], [ -85.7910267, 10.51774916 ], [ -85.79104587999997, 10.51773305 ], [ -85.79106561, 10.51771821 ], [ -85.791045879999984, 10.51773305 ] ] ], [ [ [ -85.790860319999979, 10.51789343 ], [ -85.79084343, 10.51790943 ], [ -85.790860319999965, 10.51789343 ], [ -85.79087813, 10.51787724 ], [ -85.790860319999979, 10.51789343 ] ] ], [ [ [ -85.790748629999982, 10.51798724 ], [ -85.790729019999986, 10.51800723 ], [ -85.790712119999981, 10.51802323 ], [ -85.790729019999972, 10.51800723 ], [ -85.790748629999968, 10.51798724 ], [ -85.79076707, 10.51797005 ], [ -85.790748629999982, 10.51798724 ] ] ], [ [ [ -85.790316099999984, 10.5184908 ], [ -85.79030106, 10.51851158 ], [ -85.79031609999997, 10.5184908 ], [ -85.7903315, 10.51846957 ], [ -85.790316099999984, 10.5184908 ] ] ], [ [ [ -85.789955359999979, 10.51898095 ], [ -85.789940119999983, 10.51899875 ], [ -85.789925339999982, 10.51901691 ], [ -85.789940119999969, 10.51899875 ], [ -85.789955359999965, 10.51898095 ], [ -85.789970149999988, 10.51896288 ], [ -85.789955359999979, 10.51898095 ] ] ], [ [ [ -85.789769579999984, 10.51922899 ], [ -85.789755, 10.51925004 ], [ -85.78976957999997, 10.51922899 ], [ -85.78978326, 10.51921021 ], [ -85.789769579999984, 10.51922899 ] ] ], [ [ [ -85.789740419999987, 10.51927109 ], [ -85.789726019999989, 10.51929304 ], [ -85.78971326, 10.51931246 ], [ -85.789726019999975, 10.51929304 ], [ -85.789740419999973, 10.51927109 ], [ -85.789755, 10.51925004 ], [ -85.789740419999987, 10.51927109 ] ] ], [ [ [ -85.78969868999998, 10.51933567 ], [ -85.78968584, 10.51935635 ], [ -85.78969868999998, 10.51933567 ], [ -85.78971326, 10.51931246 ], [ -85.78969868999998, 10.51933567 ] ] ], [ [ [ -85.789525839999982, 10.51960967 ], [ -85.78951161, 10.5196281 ], [ -85.789525839999968, 10.51960967 ], [ -85.78954006, 10.51958907 ], [ -85.789525839999982, 10.51960967 ] ] ], [ [ [ -85.78948124999998, 10.51966876 ], [ -85.78946848, 10.51968817 ], [ -85.789481249999966, 10.51966876 ], [ -85.78949565, 10.51964897 ], [ -85.78948124999998, 10.51966876 ] ] ], [ [ [ -85.789400109999988, 10.51978797 ], [ -85.789385149999987, 10.51980739 ], [ -85.789400109999974, 10.51978797 ], [ -85.789414969999982, 10.51976845 ], [ -85.789400109999988, 10.51978797 ] ] ], [ [ [ -85.789182249999982, 10.52014346 ], [ -85.78917635, 10.52016654 ], [ -85.789182249999968, 10.52014346 ], [ -85.78918961, 10.52012128 ], [ -85.789182249999982, 10.52014346 ] ] ], [ [ [ -85.789174249999988, 10.52021337 ], [ -85.78917567, 10.52023839 ], [ -85.789174249999974, 10.52021337 ], [ -85.789172919999984, 10.52018915 ], [ -85.789174249999988, 10.52021337 ] ] ], [ [ [ -85.789294229999982, 10.52040103 ], [ -85.78930957999998, 10.52041802 ], [ -85.789326389999985, 10.52043374 ], [ -85.789345639999979, 10.52044692 ], [ -85.789326389999971, 10.52043374 ], [ -85.789309579999966, 10.52041802 ], [ -85.789294229999967, 10.52040103 ], [ -85.78927552, 10.52038695 ], [ -85.789294229999982, 10.52040103 ] ] ], [ [ [ -85.789489139999986, 10.52076875 ], [ -85.78949987999998, 10.52077845 ], [ -85.789489139999972, 10.52076875 ], [ -85.78948209, 10.52074999 ], [ -85.789489139999986, 10.52076875 ] ] ], [ [ [ -85.789530209999981, 10.52092188 ], [ -85.789517819999986, 10.52094292 ], [ -85.789503419999988, 10.52096487 ], [ -85.78949167, 10.52098491 ], [ -85.789503419999988, 10.52096487 ], [ -85.789517819999972, 10.52094292 ], [ -85.789530209999967, 10.52092188 ], [ -85.789543779999988, 10.52090011 ], [ -85.789530209999981, 10.52092188 ] ] ], [ [ [ -85.789422529999982, 10.52111182 ], [ -85.78941189, 10.52113466 ], [ -85.789422529999968, 10.52111182 ], [ -85.78943301, 10.52109161 ], [ -85.789422529999982, 10.52111182 ] ] ], [ [ [ -85.789401239999989, 10.52115623 ], [ -85.78939104, 10.52117725 ], [ -85.789401239999975, 10.52115623 ], [ -85.78941189, 10.52113466 ], [ -85.789401239999989, 10.52115623 ] ] ], [ [ [ -85.789305589999984, 10.52132477 ], [ -85.78929384, 10.52134698 ], [ -85.789305589999969, 10.52132477 ], [ -85.78931926, 10.52130382 ], [ -85.789305589999984, 10.52132477 ] ] ], [ [ [ -85.789255859999983, 10.52145917 ], [ -85.78925244, 10.52148395 ], [ -85.789255859999983, 10.52145917 ], [ -85.789258119999985, 10.521447545000219 ], [ -85.789255859999983, 10.52145917 ] ] ], [ [ [ -85.789241259999983, 10.52160349 ], [ -85.78924102, 10.52162662 ], [ -85.789241259999969, 10.52160349 ], [ -85.789242389999984, 10.52157872 ], [ -85.789241259999983, 10.52160349 ] ] ], [ [ [ -85.789242789999989, 10.52169584 ], [ -85.78924576, 10.52171968 ], [ -85.789242789999975, 10.52169584 ], [ -85.7892422, 10.5216728 ], [ -85.789242789999989, 10.52169584 ] ] ], [ [ [ -85.789290259999987, 10.52191328 ], [ -85.78929533, 10.52193711 ], [ -85.789290259999973, 10.52191328 ], [ -85.78928428, 10.52188964 ], [ -85.789290259999987, 10.52191328 ] ] ], [ [ [ -85.789319989999981, 10.5220804 ], [ -85.789324059999984, 10.52210577 ], [ -85.789319989999967, 10.5220804 ], [ -85.78931464, 10.52205576 ], [ -85.789319989999981, 10.5220804 ] ] ], [ [ [ -85.789358349999986, 10.52231832 ], [ -85.78936405, 10.52234115 ], [ -85.789358349999986, 10.52231832 ], [ -85.78935356, 10.52229611 ], [ -85.789358349999986, 10.52231832 ] ] ], [ [ [ -85.789383939999979, 10.52241759 ], [ -85.78938975, 10.52244259 ], [ -85.789383939999965, 10.52241759 ], [ -85.78937631, 10.52239214 ], [ -85.789383939999979, 10.52241759 ] ] ], [ [ [ -85.789507279999981, 10.52280713 ], [ -85.78951783, 10.52283029 ], [ -85.789507279999967, 10.52280713 ], [ -85.789497659999981, 10.52278468 ], [ -85.789507279999981, 10.52280713 ] ] ], [ [ [ -85.789977089999979, 10.52344586 ], [ -85.78999871, 10.52345767 ], [ -85.789977089999965, 10.52344586 ], [ -85.78995366, 10.52343578 ], [ -85.789977089999979, 10.52344586 ] ] ], [ [ [ -85.79001959999998, 10.5234683 ], [ -85.79004203, 10.52347776 ], [ -85.790019599999965, 10.5234683 ], [ -85.78999871, 10.52345767 ], [ -85.79001959999998, 10.5234683 ] ] ], [ [ [ -85.790107759999984, 10.52350513 ], [ -85.79013181, 10.52351213 ], [ -85.79010775999997, 10.52350513 ], [ -85.79008597, 10.52349685 ], [ -85.790107759999984, 10.52350513 ] ] ], [ [ [ -85.790221909999985, 10.52353612 ], [ -85.79024542, 10.52354276 ], [ -85.790221909999985, 10.52353612 ], [ -85.79019941, 10.5235301 ], [ -85.790221909999985, 10.52353612 ] ] ], [ [ [ -85.790313149999989, 10.5235694 ], [ -85.79033297, 10.52358492 ], [ -85.790313149999989, 10.5235694 ], [ -85.79029216, 10.5235566 ], [ -85.790313149999989, 10.5235694 ] ] ], [ [ [ -85.790857459999984, 10.52366673 ], [ -85.79088243, 10.52367228 ], [ -85.79085745999997, 10.52366673 ], [ -85.79083386, 10.52366009 ], [ -85.790857459999984, 10.52366673 ] ] ], [ [ [ -85.790928589999979, 10.52367934 ], [ -85.79095299, 10.52368146 ], [ -85.790928589999965, 10.52367934 ], [ -85.79090547, 10.5236764 ], [ -85.790928589999979, 10.52367934 ] ] ], [ [ [ -85.791312250000018, 10.52337867 ], [ -85.791307639999985, 10.5233552 ], [ -85.791312250000018, 10.52337867 ], [ -85.79131732, 10.5234025 ], [ -85.791312250000018, 10.52337867 ] ] ], [ [ [ -85.791440509999987, 10.52313339 ], [ -85.79146131, 10.52314529 ], [ -85.791440509999973, 10.52313339 ], [ -85.791418279999988, 10.52312683 ], [ -85.791440509999987, 10.52313339 ] ] ], [ [ [ -85.791743539999985, 10.52315138 ], [ -85.79173919, 10.52317327 ], [ -85.79174353999997, 10.52315138 ], [ -85.791737199999986, 10.52314364 ], [ -85.791743539999985, 10.52315138 ] ] ], [ [ [ -85.791670039999985, 10.52332857 ], [ -85.79166817, 10.52335207 ], [ -85.791670039999971, 10.52332857 ], [ -85.79166845, 10.52330481 ], [ -85.791670039999985, 10.52332857 ] ] ], [ [ [ -85.791669709999979, 10.5233977 ], [ -85.79167614, 10.52341954 ], [ -85.791669709999965, 10.5233977 ], [ -85.79166666, 10.52337522 ], [ -85.791669709999979, 10.5233977 ] ] ], [ [ [ -85.791759289999987, 10.52358491 ], [ -85.79175037, 10.5236061 ], [ -85.791759289999973, 10.52358491 ], [ -85.79175917, 10.5235643 ], [ -85.791759289999987, 10.52358491 ] ] ], [ [ [ -85.791731489999989, 10.52367399 ], [ -85.79172798, 10.52369787 ], [ -85.791731489999975, 10.52367399 ], [ -85.791735009999982, 10.52365011 ], [ -85.791731489999989, 10.52367399 ] ] ], [ [ [ -85.791653849999989, 10.52392504 ], [ -85.791639619999984, 10.52394346 ], [ -85.791653849999975, 10.52392504 ], [ -85.79166881, 10.52390561 ], [ -85.791653849999989, 10.52392504 ] ] ], [ [ [ -85.791325299999983, 10.52443805 ], [ -85.79131107, 10.52445648 ], [ -85.791325299999968, 10.52443805 ], [ -85.79133953, 10.52441962 ], [ -85.791325299999983, 10.52443805 ] ] ], [ [ [ -85.791122279999982, 10.52457937 ], [ -85.79109902, 10.5245842 ], [ -85.791122279999968, 10.52457937 ], [ -85.7911448, 10.52457337 ], [ -85.791122279999982, 10.52457937 ] ] ], [ [ [ -85.79104762999998, 10.52458946 ], [ -85.791023349999989, 10.5245915 ], [ -85.791047629999966, 10.52458946 ], [ -85.7910731, 10.5245867 ], [ -85.79104762999998, 10.52458946 ] ] ], [ [ [ -85.79092944, 10.52458633 ], [ -85.790952819999973, 10.52458575 ], [ -85.790952819999987, 10.52458575 ], [ -85.79092944, 10.52458633 ] ] ], [ [ [ -85.790830830000019, 10.52458942 ], [ -85.79081021, 10.52457824 ], [ -85.790830830000019, 10.52458942 ], [ -85.790854039999985, 10.52459227 ], [ -85.790830830000019, 10.52458942 ] ] ], [ [ [ -85.79061077999998, 10.52442447 ], [ -85.79059418, 10.52444417 ], [ -85.790610779999966, 10.52442447 ], [ -85.79062703, 10.52440729 ], [ -85.79061077999998, 10.52442447 ] ] ], [ [ [ -85.790570599999981, 10.52448777 ], [ -85.79056296, 10.52450915 ], [ -85.790570599999967, 10.52448777 ], [ -85.79058079, 10.52446458 ], [ -85.790570599999981, 10.52448777 ] ] ], [ [ [ -85.790248559999981, 10.52468923 ], [ -85.79022345, 10.52468937 ], [ -85.790248559999966, 10.52468923 ], [ -85.79027366, 10.52468692 ], [ -85.790248559999981, 10.52468923 ] ] ], [ [ [ -85.789747669999983, 10.52459988 ], [ -85.78972304, 10.52460463 ], [ -85.789747669999969, 10.52459988 ], [ -85.78977102, 10.52459369 ], [ -85.789747669999983, 10.52459988 ] ] ], [ [ [ -85.789594469999983, 10.52462388 ], [ -85.78958234, 10.52462594 ], [ -85.789594469999969, 10.52462388 ], [ -85.78961003, 10.52461331 ], [ -85.789594469999983, 10.52462388 ] ] ], [ [ [ -85.78953442000001, 10.52391803 ], [ -85.7895237, 10.52389631 ], [ -85.78953442000001, 10.52391803 ], [ -85.78954369, 10.52394103 ], [ -85.78953442000001, 10.52391803 ] ] ], [ [ [ -85.789144899999982, 10.52369294 ], [ -85.789126449999983, 10.52370796 ], [ -85.78910799, 10.52372297 ], [ -85.789126449999983, 10.52370796 ], [ -85.789144899999968, 10.52369294 ], [ -85.78916308, 10.52367838 ], [ -85.789144899999982, 10.52369294 ] ] ], [ [ [ -85.789029449999987, 10.52376951 ], [ -85.789029449999987, 10.52376951 ], [ -85.78905226, 10.5237664 ], [ -85.789029449999987, 10.52376951 ] ] ], [ [ [ -85.788766510000016, 10.52356205 ], [ -85.7887469, 10.52354942 ], [ -85.788766510000016, 10.52356205 ], [ -85.7887864, 10.52357414 ], [ -85.788766510000016, 10.52356205 ] ] ], [ [ [ -85.788241559999989, 10.52355923 ], [ -85.78823159, 10.52357338 ], [ -85.788241559999975, 10.52355923 ], [ -85.78825937, 10.52354304 ], [ -85.788241559999989, 10.52355923 ] ] ], [ [ [ -85.788004319999985, 10.52403901 ], [ -85.78800431999997, 10.52403901 ], [ -85.788028969999985, 10.52403851 ], [ -85.788004319999985, 10.52403901 ] ] ], [ [ [ -85.787672230000013, 10.52379624 ], [ -85.78765824, 10.52377725 ], [ -85.787672230000013, 10.52379624 ], [ -85.78768513, 10.52381587 ], [ -85.787672230000013, 10.52379624 ] ] ], [ [ [ -85.787439170000013, 10.52340054 ], [ -85.78741736, 10.52338792 ], [ -85.787439170000013, 10.52340054 ], [ -85.78746062, 10.52341361 ], [ -85.787439170000013, 10.52340054 ] ] ], [ [ [ -85.787086159999987, 10.52337804 ], [ -85.78706752, 10.52339224 ], [ -85.787086159999973, 10.52337804 ], [ -85.7871071, 10.52336671 ], [ -85.787086159999987, 10.52337804 ] ] ], [ [ [ -85.78697511999998, 10.52347509 ], [ -85.78695567, 10.52349165 ], [ -85.786975119999966, 10.52347509 ], [ -85.78699339, 10.52345926 ], [ -85.78697511999998, 10.52347509 ] ] ], [ [ [ -85.78693466999998, 10.52350722 ], [ -85.786914760000016, 10.52352342 ], [ -85.786934669999965, 10.52350722 ], [ -85.78695567, 10.52349165 ], [ -85.78693466999998, 10.52350722 ] ] ], [ [ [ -85.786896479999982, 10.52353708 ], [ -85.78687764999998, 10.52355047 ], [ -85.78685618999998, 10.52356568 ], [ -85.78683272, 10.52358181 ], [ -85.786856189999966, 10.52356568 ], [ -85.786877649999965, 10.52355047 ], [ -85.786896479999967, 10.52353708 ], [ -85.786914760000016, 10.52352342 ], [ -85.786896479999982, 10.52353708 ] ] ], [ [ [ -85.78676910999998, 10.52362085 ], [ -85.786747639999987, 10.52363607 ], [ -85.786769109999966, 10.52362085 ], [ -85.78678894, 10.52360809 ], [ -85.78676910999998, 10.52362085 ] ] ], [ [ [ -85.786567459999986, 10.52376442 ], [ -85.78654985, 10.52378142 ], [ -85.786567459999986, 10.52376442 ], [ -85.7865851, 10.52374959 ], [ -85.786567459999986, 10.52376442 ] ] ], [ [ [ -85.786382409999987, 10.52399809 ], [ -85.786372039999989, 10.52402038 ], [ -85.786361119999981, 10.5240424 ], [ -85.786372039999975, 10.52402038 ], [ -85.786382409999973, 10.52399809 ], [ -85.78639361, 10.52397552 ], [ -85.786382409999987, 10.52399809 ] ] ], [ [ [ -85.786285609999979, 10.52417369 ], [ -85.78627468, 10.52419363 ], [ -85.786285609999965, 10.52417369 ], [ -85.78629764, 10.52415319 ], [ -85.786285609999979, 10.52417369 ] ] ], [ [ [ -85.786227789999984, 10.52432919 ], [ -85.78622228, 10.52435606 ], [ -85.78622778999997, 10.52432919 ], [ -85.78623341, 10.52430656 ], [ -85.786227789999984, 10.52432919 ] ] ], [ [ [ -85.786195119999988, 10.52461947 ], [ -85.78619462, 10.52464324 ], [ -85.786195119999974, 10.52461947 ], [ -85.7861957, 10.52459362 ], [ -85.786195119999988, 10.52461947 ] ] ], [ [ [ -85.786194789999982, 10.5248324 ], [ -85.78620451, 10.52485376 ], [ -85.786194789999968, 10.5248324 ], [ -85.78618982, 10.5248092 ], [ -85.786194789999982, 10.5248324 ] ] ], [ [ [ -85.786222609999982, 10.52492035 ], [ -85.78622521, 10.52494483 ], [ -85.786222609999967, 10.52492035 ], [ -85.7862211, 10.52489741 ], [ -85.786222609999982, 10.52492035 ] ] ], [ [ [ -85.786294089999984, 10.52507404 ], [ -85.78630143, 10.52508105 ], [ -85.78629408999997, 10.52507404 ], [ -85.78628638, 10.52506749 ], [ -85.786294089999984, 10.52507404 ] ] ], [ [ [ -85.786204889999979, 10.52525366 ], [ -85.786200099999988, 10.52526291 ], [ -85.78619202, 10.52528727 ], [ -85.786200099999974, 10.52526291 ], [ -85.786204889999965, 10.52525366 ], [ -85.78620552, 10.52525267 ], [ -85.786204889999979, 10.52525366 ] ] ], [ [ [ -85.78617475999998, 10.52533445 ], [ -85.78616504, 10.52535918 ], [ -85.786174759999966, 10.52533445 ], [ -85.78618412, 10.52531027 ], [ -85.78617475999998, 10.52533445 ] ] ], [ [ [ -85.785984549999981, 10.52587831 ], [ -85.78597775, 10.52590284 ], [ -85.785984549999966, 10.52587831 ], [ -85.78598605, 10.52585318 ], [ -85.785984549999981, 10.52587831 ] ] ], [ [ [ -85.785643189999988, 10.52600802 ], [ -85.78561995, 10.52601584 ], [ -85.785643189999988, 10.52600802 ], [ -85.78566727, 10.52600219 ], [ -85.785643189999988, 10.52600802 ] ] ], [ [ [ -85.785503840000018, 10.52602661 ], [ -85.78548076, 10.52601535 ], [ -85.785503840000018, 10.52602661 ], [ -85.78552598, 10.5260329 ], [ -85.785503840000018, 10.52602661 ] ] ], [ [ [ -85.78537722, 10.52598783 ], [ -85.785398639999968, 10.52597949 ], [ -85.785398639999983, 10.52597949 ], [ -85.78537722, 10.52598783 ] ] ], [ [ [ -85.785358589999987, 10.52600357 ], [ -85.78534335, 10.52602173 ], [ -85.785358589999973, 10.52600357 ], [ -85.78537722, 10.52598783 ], [ -85.785358589999987, 10.52600357 ] ] ], [ [ [ -85.785310679999981, 10.52620023 ], [ -85.78531793, 10.52622205 ], [ -85.785310679999967, 10.52620023 ], [ -85.7853047, 10.52617649 ], [ -85.785310679999981, 10.52620023 ] ] ], [ [ [ -85.785351169999984, 10.5262854 ], [ -85.78536509, 10.52630683 ], [ -85.78535116999997, 10.5262854 ], [ -85.78533946, 10.52626486 ], [ -85.785351169999984, 10.5262854 ] ] ], [ [ [ -85.785442519999989, 10.52639975 ], [ -85.78545732, 10.52641675 ], [ -85.785442519999975, 10.52639975 ], [ -85.78542407, 10.52638386 ], [ -85.785442519999989, 10.52639975 ] ] ], [ [ [ -85.785475749999989, 10.5265091 ], [ -85.785495589999982, 10.52651251 ], [ -85.785475749999989, 10.5265091 ], [ -85.785475749999989, 10.5265091 ] ] ], [ [ [ -85.785487509999982, 10.5266154 ], [ -85.78546592, 10.52662501 ], [ -85.785487509999967, 10.5266154 ], [ -85.78550779, 10.52660137 ], [ -85.785487509999982, 10.5266154 ] ] ], [ [ [ -85.785419659999988, 10.52663296 ], [ -85.78539825, 10.5266413 ], [ -85.785419659999974, 10.52663296 ], [ -85.78544257, 10.52662994 ], [ -85.785419659999988, 10.52663296 ] ] ], [ [ [ -85.785332449999984, 10.52671334 ], [ -85.78531335, 10.52672673 ], [ -85.78533244999997, 10.52671334 ], [ -85.78535016, 10.52669688 ], [ -85.785332449999984, 10.52671334 ] ] ], [ [ [ -85.785207009999979, 10.52678372 ], [ -85.78518579, 10.52679496 ], [ -85.785207009999965, 10.52678372 ], [ -85.78522803, 10.52677086 ], [ -85.785207009999979, 10.52678372 ] ] ], [ [ [ -85.785165959999986, 10.52680935 ], [ -85.78515007999998, 10.52682625 ], [ -85.785140679999984, 10.52684411 ], [ -85.78515007999998, 10.52682625 ], [ -85.785165959999972, 10.52680935 ], [ -85.78518579, 10.52679496 ], [ -85.785165959999986, 10.52680935 ] ] ], [ [ [ -85.785340489999982, 10.52696734 ], [ -85.78536562, 10.52697144 ], [ -85.785340489999967, 10.52696734 ], [ -85.785317, 10.52696503 ], [ -85.785340489999982, 10.52696734 ] ] ], [ [ [ -85.785520049999988, 10.5270501 ], [ -85.785542309999983, 10.52706145 ], [ -85.785520049999974, 10.5270501 ], [ -85.78549816, 10.5270382 ], [ -85.785520049999988, 10.5270501 ] ] ], [ [ [ -85.785603649999985, 10.5271025 ], [ -85.78561819, 10.52712212 ], [ -85.78560364999997, 10.5271025 ], [ -85.78558556, 10.52708615 ], [ -85.785603649999985, 10.5271025 ] ] ], [ [ [ -85.785633529999984, 10.52718557 ], [ -85.785622139999987, 10.52720624 ], [ -85.785633529999984, 10.52718557 ], [ -85.785636319999981, 10.52716259 ], [ -85.785633529999984, 10.52718557 ] ] ], [ [ [ -85.785604599999985, 10.52725188 ], [ -85.785605549999985, 10.52727447 ], [ -85.785604599999985, 10.52725188 ], [ -85.78560966, 10.52722763 ], [ -85.785604599999985, 10.52725188 ] ] ], [ [ [ -85.785604469999981, 10.52729282 ], [ -85.78559577999998, 10.5273076 ], [ -85.785604469999967, 10.52729282 ], [ -85.785605549999985, 10.52727447 ], [ -85.785604469999981, 10.52729282 ] ] ], [ [ [ -85.78560856999998, 10.52734016 ], [ -85.78562574, 10.52735597 ], [ -85.785608569999965, 10.52734016 ], [ -85.7855954, 10.52732071 ], [ -85.78560856999998, 10.52734016 ] ] ], [ [ [ -85.785530129999984, 10.52738895 ], [ -85.78550502, 10.52738909 ], [ -85.78553012999997, 10.52738895 ], [ -85.78555304, 10.52738584 ], [ -85.785530129999984, 10.52738895 ] ] ], [ [ [ -85.784982519999986, 10.52743424 ], [ -85.78498349, 10.527459 ], [ -85.784982519999971, 10.52743424 ], [ -85.78498138, 10.52741084 ], [ -85.784982519999986, 10.52743424 ] ] ], [ [ [ -85.784640039999985, 10.5277664 ], [ -85.784642009999985, 10.52779178 ], [ -85.784642799999986, 10.5278178 ], [ -85.78464200999997, 10.52779178 ], [ -85.784640039999971, 10.5277664 ], [ -85.78463826, 10.52774183 ], [ -85.784640039999985, 10.5277664 ] ] ], [ [ [ -85.784688659999986, 10.52812111 ], [ -85.78469837999998, 10.52814465 ], [ -85.784688659999972, 10.52812111 ], [ -85.78467858, 10.52810029 ], [ -85.784688659999986, 10.52812111 ] ] ], [ [ [ -85.785030299999988, 10.52835705 ], [ -85.78505238, 10.52836976 ], [ -85.785030299999974, 10.52835705 ], [ -85.78500823, 10.52834652 ], [ -85.785030299999988, 10.52835705 ] ] ], [ [ [ -85.785131889999988, 10.52842725 ], [ -85.78515305, 10.52843716 ], [ -85.785131889999974, 10.52842725 ], [ -85.78511063, 10.52841444 ], [ -85.785131889999988, 10.52842725 ] ] ], [ [ [ -85.785190259999979, 10.52849253 ], [ -85.785168859999985, 10.52850295 ], [ -85.785155659999987, 10.52850971 ], [ -85.78515132, 10.52851814 ], [ -85.785155659999972, 10.52850971 ], [ -85.78516885999997, 10.52850295 ], [ -85.785190259999979, 10.52849253 ], [ -85.78521056, 10.52848067 ], [ -85.785190259999979, 10.52849253 ] ] ], [ [ [ -85.785184369999982, 10.52861113 ], [ -85.78517616, 10.52862826 ], [ -85.785184369999968, 10.52861113 ], [ -85.785193549999988, 10.52858822 ], [ -85.785184369999982, 10.52861113 ] ] ], [ [ [ -85.78518941999998, 10.52866334 ], [ -85.78520668, 10.52867987 ], [ -85.785189419999966, 10.52866334 ], [ -85.78517625, 10.52864389 ], [ -85.78518941999998, 10.52866334 ] ] ], [ [ [ -85.785336589999986, 10.52851195 ], [ -85.785362, 10.52851551 ], [ -85.785336589999986, 10.52851195 ], [ -85.785336589999986, 10.52851195 ] ] ], [ [ [ -85.785405129999987, 10.52853524 ], [ -85.78542493, 10.52854914 ], [ -85.785405129999972, 10.52853524 ], [ -85.78538396, 10.52852316 ], [ -85.785405129999987, 10.52853524 ] ] ], [ [ [ -85.785865389999984, 10.52878398 ], [ -85.78586927, 10.528791910000102 ], [ -85.785865389999969, 10.52878398 ], [ -85.78585484, 10.52876072 ], [ -85.785865389999984, 10.52878398 ] ] ], [ [ [ -85.785940289999985, 10.52883353 ], [ -85.785963059999986, 10.52883883 ], [ -85.785986619999989, 10.52883905 ], [ -85.785963059999986, 10.52883883 ], [ -85.785940289999971, 10.52883353 ], [ -85.78591602, 10.52882291 ], [ -85.785940289999985, 10.52883353 ] ] ], [ [ [ -85.786122419999984, 10.52894909 ], [ -85.7861239, 10.52896779 ], [ -85.78612241999997, 10.52894909 ], [ -85.78611236, 10.52893035 ], [ -85.786122419999984, 10.52894909 ] ] ], [ [ [ -85.786115349999989, 10.52898971 ], [ -85.78610406, 10.52901254 ], [ -85.786115349999974, 10.52898971 ], [ -85.7861239, 10.52896779 ], [ -85.786115349999989, 10.52898971 ] ] ], [ [ [ -85.785711580000012, 10.52914697 ], [ -85.78568773, 10.52914512 ], [ -85.785711580000012, 10.52914697 ], [ -85.785711580000012, 10.52914697 ] ] ], [ [ [ -85.785220779999989, 10.52884446 ], [ -85.78520149, 10.52885695 ], [ -85.785220779999975, 10.52884446 ], [ -85.78524403, 10.52883664 ], [ -85.785220779999989, 10.52884446 ] ] ], [ [ [ -85.78491606999998, 10.52921671 ], [ -85.78492405999998, 10.52924052 ], [ -85.784916069999966, 10.52921671 ], [ -85.78490899, 10.52919352 ], [ -85.78491606999998, 10.52921671 ] ] ], [ [ [ -85.785185339999984, 10.52947782 ], [ -85.78518836, 10.52949542 ], [ -85.78518533999997, 10.52947782 ], [ -85.78517531, 10.5294654 ], [ -85.785185339999984, 10.52947782 ] ] ], [ [ [ -85.78496576000002, 10.52956871 ], [ -85.784990959999973, 10.5295664 ], [ -85.784990959999988, 10.5295664 ], [ -85.78496576000002, 10.52956871 ] ] ], [ [ [ -85.785167729999984, 10.52965433 ], [ -85.785174899999987, 10.52966269 ], [ -85.785167729999969, 10.52965433 ], [ -85.7851492, 10.52964061 ], [ -85.785167729999984, 10.52965433 ] ] ], [ [ [ -85.785134659999983, 10.52992329 ], [ -85.785129519999984, 10.52993398 ], [ -85.78510909, 10.52993871 ], [ -85.78512951999997, 10.52993398 ], [ -85.785134659999969, 10.52992329 ], [ -85.78513546, 10.52990331 ], [ -85.785134659999983, 10.52992329 ] ] ], [ [ [ -85.785037459999984, 10.52993468 ], [ -85.78501318, 10.52993681 ], [ -85.78503745999997, 10.52993468 ], [ -85.78506138, 10.5299322 ], [ -85.785037459999984, 10.52993468 ] ] ], [ [ [ -85.784774499999983, 10.52972378 ], [ -85.78475441, 10.52973863 ], [ -85.784774499999969, 10.52972378 ], [ -85.78479646, 10.52971372 ], [ -85.784774499999983, 10.52972378 ] ] ], [ [ [ -85.784704209999987, 10.52979214 ], [ -85.784697755, 10.529797375000046 ], [ -85.784704209999973, 10.52979214 ], [ -85.78472081, 10.52977207 ], [ -85.784704209999987, 10.52979214 ] ] ], [ [ [ -85.784698120000016, 10.52974979 ], [ -85.784700745, 10.529738115000219 ], [ -85.784698120000016, 10.52974979 ], [ -85.78468777, 10.5297606 ], [ -85.784698120000016, 10.52974979 ] ] ], [ [ [ -85.784297599999988, 10.52953397 ], [ -85.78427212, 10.52953457 ], [ -85.784297599999974, 10.52953397 ], [ -85.784322709999984, 10.52953383 ], [ -85.784297599999988, 10.52953397 ] ] ], [ [ [ -85.784108819999986, 10.52956612 ], [ -85.78408752, 10.52957736 ], [ -85.784108819999972, 10.52956612 ], [ -85.78413032, 10.5295557 ], [ -85.784108819999986, 10.52956612 ] ] ], [ [ [ -85.784066289999984, 10.52958652 ], [ -85.784045709999987, 10.52959676 ], [ -85.78402322, 10.52960863 ], [ -85.784045709999972, 10.52959676 ], [ -85.784066289999984, 10.52958652 ], [ -85.78408752, 10.52957736 ], [ -85.784066289999984, 10.52958652 ] ] ], [ [ [ -85.783933139999988, 10.52963471 ], [ -85.78391025, 10.5296399 ], [ -85.783933139999974, 10.52963471 ], [ -85.78395704, 10.52963015 ], [ -85.783933139999988, 10.52963471 ] ] ], [ [ [ -85.78388606999998, 10.52964492 ], [ -85.78386271, 10.52964767 ], [ -85.783886069999966, 10.52964492 ], [ -85.78391025, 10.5296399 ], [ -85.78388606999998, 10.52964492 ] ] ], [ [ [ -85.783608509999979, 10.52965733 ], [ -85.78358739, 10.52966938 ], [ -85.783608509999965, 10.52965733 ], [ -85.78363076, 10.52965097 ], [ -85.783608509999979, 10.52965733 ] ] ], [ [ [ -85.783279649999983, 10.52967563 ], [ -85.78325611, 10.52967974 ], [ -85.783279649999969, 10.52967563 ], [ -85.78329968, 10.52966422 ], [ -85.783279649999983, 10.52967563 ] ] ], [ [ [ -85.78293576999998, 10.52973278 ], [ -85.78291287, 10.52973797 ], [ -85.782935769999966, 10.52973278 ], [ -85.78295948, 10.52972741 ], [ -85.78293576999998, 10.52973278 ] ] ], [ [ [ -85.782753879999987, 10.52978731 ], [ -85.78273128, 10.5297962 ], [ -85.782753879999987, 10.52978731 ], [ -85.78277695, 10.52978076 ], [ -85.782753879999987, 10.52978731 ] ] ], [ [ [ -85.782691879999987, 10.52982155 ], [ -85.78267012, 10.52983243 ], [ -85.782691879999973, 10.52982155 ], [ -85.782701615, 10.529814580000078 ], [ -85.782691879999987, 10.52982155 ] ] ], [ [ [ -85.782214159999981, 10.52975926 ], [ -85.78219386, 10.52977121 ], [ -85.782214159999981, 10.52975926 ], [ -85.78223528, 10.52974721 ], [ -85.782214159999981, 10.52975926 ] ] ], [ [ [ -85.782173929999985, 10.52978262 ], [ -85.78215263, 10.52979593 ], [ -85.782173929999971, 10.52978262 ], [ -85.78219386, 10.52977121 ], [ -85.782173929999985, 10.52978262 ] ] ], [ [ [ -85.78200391999998, 10.52991805 ], [ -85.78198704, 10.52993649 ], [ -85.782003919999966, 10.52991805 ], [ -85.7820199, 10.52990106 ], [ -85.78200391999998, 10.52991805 ] ] ], [ [ [ -85.781970159999986, 10.52995485 ], [ -85.78195262, 10.52997004 ], [ -85.781970159999972, 10.52995485 ], [ -85.78198704, 10.52993649 ], [ -85.781970159999986, 10.52995485 ] ] ], [ [ [ -85.781866779999987, 10.53005059 ], [ -85.78185007, 10.53006777 ], [ -85.781866779999973, 10.53005059 ], [ -85.78188285, 10.53003441 ], [ -85.781866779999987, 10.53005059 ] ] ], [ [ [ -85.781628429999984, 10.53032369 ], [ -85.7816153, 10.53034392 ], [ -85.781628429999969, 10.53032369 ], [ -85.78164238, 10.53030328 ], [ -85.781628429999984, 10.53032369 ] ] ], [ [ [ -85.781575929999988, 10.53040668 ], [ -85.78156409, 10.53042717 ], [ -85.781575929999974, 10.53040668 ], [ -85.7815896, 10.53038473 ], [ -85.781575929999988, 10.53040668 ] ] ], [ [ [ -85.781515279999979, 10.53051628 ], [ -85.78150417, 10.53053776 ], [ -85.781515279999965, 10.53051628 ], [ -85.78152612, 10.53049516 ], [ -85.781515279999979, 10.53051628 ] ] ], [ [ [ -85.78144924999998, 10.53067454 ], [ -85.78144052, 10.53069772 ], [ -85.781449249999966, 10.53067454 ], [ -85.78145916, 10.53065071 ], [ -85.78144924999998, 10.53067454 ] ] ], [ [ [ -85.781391559999989, 10.53083844 ], [ -85.78138402, 10.53086099 ], [ -85.781391559999989, 10.53083844 ], [ -85.7813991, 10.5308158 ], [ -85.781391559999989, 10.53083844 ] ] ], [ [ [ -85.781362609999988, 10.53093512 ], [ -85.78135664, 10.53095947 ], [ -85.781362609999974, 10.53093512 ], [ -85.78136997, 10.53091176 ], [ -85.781362609999988, 10.53093512 ] ] ], [ [ [ -85.781327079999983, 10.53107703 ], [ -85.781319819999979, 10.5311012 ], [ -85.78131311, 10.53112573 ], [ -85.781319819999965, 10.5311012 ], [ -85.781327079999969, 10.53107703 ], [ -85.78133316, 10.5310535 ], [ -85.781327079999983, 10.53107703 ] ] ], [ [ [ -85.781281689999986, 10.53126689 ], [ -85.78127836, 10.53129158 ], [ -85.781281689999972, 10.53126689 ], [ -85.781284040000017, 10.531255040000227 ], [ -85.781281689999986, 10.53126689 ] ] ], [ [ [ -85.781278169999979, 10.53138702 ], [ -85.78127849, 10.5314106 ], [ -85.781278169999965, 10.53138702 ], [ -85.78127804, 10.53136424 ], [ -85.781278169999979, 10.53138702 ] ] ], [ [ [ -85.781288669999981, 10.53157675 ], [ -85.78129063, 10.53160005 ], [ -85.781288669999981, 10.53157675 ], [ -85.78128698, 10.53155299 ], [ -85.781288669999981, 10.53157675 ] ] ], [ [ [ -85.78144709999998, 10.53176356 ], [ -85.781456909999989, 10.53178583 ], [ -85.78146945, 10.53180618 ], [ -85.781456909999974, 10.53178583 ], [ -85.781447099999966, 10.53176356 ], [ -85.78143784, 10.53174048 ], [ -85.78144709999998, 10.53176356 ] ] ], [ [ [ -85.781499399999987, 10.53191618 ], [ -85.78150237, 10.53194012 ], [ -85.781499399999973, 10.53191618 ], [ -85.78149954, 10.53189296 ], [ -85.781499399999987, 10.53191618 ] ] ], [ [ [ -85.781506459999989, 10.53203354 ], [ -85.78150066, 10.53205662 ], [ -85.781506459999974, 10.53203354 ], [ -85.78150971, 10.53201093 ], [ -85.781506459999989, 10.53203354 ] ] ], [ [ [ -85.781480239999979, 10.53214196 ], [ -85.78150195, 10.53215304 ], [ -85.781480239999965, 10.53214196 ], [ -85.78145789, 10.5321306 ], [ -85.781480239999979, 10.53214196 ] ] ], [ [ [ -85.781522749999979, 10.53216558 ], [ -85.78154102, 10.53218273 ], [ -85.781522749999965, 10.53216558 ], [ -85.78150195, 10.53215304 ], [ -85.781522749999979, 10.53216558 ] ] ], [ [ [ -85.78156208999998, 10.53222518 ], [ -85.78156651, 10.53223239 ], [ -85.781562089999966, 10.53222518 ], [ -85.78155228, 10.53220301 ], [ -85.78156208999998, 10.53222518 ] ] ], [ [ [ -85.781677409999986, 10.53218838 ], [ -85.78170085, 10.53219919 ], [ -85.781677409999972, 10.53218838 ], [ -85.78165462, 10.53218092 ], [ -85.781677409999986, 10.53218838 ] ] ], [ [ [ -85.781723479999982, 10.53221216 ], [ -85.781734599999979, 10.53222313 ], [ -85.781723479999982, 10.53221216 ], [ -85.78170085, 10.53219919 ], [ -85.781723479999982, 10.53221216 ] ] ], [ [ [ -85.781716549999985, 10.53227763 ], [ -85.78170378999998, 10.53229741 ], [ -85.78169103, 10.53231718 ], [ -85.78170378999998, 10.53229741 ], [ -85.78171654999997, 10.53227763 ], [ -85.781729679999984, 10.53225741 ], [ -85.781716549999985, 10.53227763 ] ] ], [ [ [ -85.781705919999979, 10.53236545 ], [ -85.781724059999988, 10.53237547 ], [ -85.78173041, 10.53238393 ], [ -85.781724059999974, 10.53237547 ], [ -85.781705919999965, 10.53236545 ], [ -85.781684309999989, 10.53235725 ], [ -85.781705919999979, 10.53236545 ] ] ], [ [ [ -85.781709259999985, 10.53242218 ], [ -85.781695549999981, 10.53243708 ], [ -85.78169232, 10.53244695 ], [ -85.781695549999966, 10.53243708 ], [ -85.781709259999971, 10.53242218 ], [ -85.78172522, 10.53240312 ], [ -85.781709259999985, 10.53242218 ] ] ], [ [ [ -85.781746629999986, 10.53248903 ], [ -85.78176625, 10.53250212 ], [ -85.781746629999972, 10.53248903 ], [ -85.78172582, 10.5324765 ], [ -85.781746629999986, 10.53248903 ] ] ], [ [ [ -85.782137979999987, 10.53253934 ], [ -85.78215189, 10.53254305 ], [ -85.782137979999973, 10.53253934 ], [ -85.7821318, 10.53252744 ], [ -85.782137979999987, 10.53253934 ] ] ], [ [ [ -85.782162549999981, 10.53258701 ], [ -85.78215489, 10.53260458 ], [ -85.782162549999967, 10.53258701 ], [ -85.78217687, 10.53256831 ], [ -85.782162549999981, 10.53258701 ] ] ], [ [ [ -85.782169789999983, 10.53263929 ], [ -85.78218725, 10.53265664 ], [ -85.782169789999969, 10.53263929 ], [ -85.78215561, 10.53261922 ], [ -85.782169789999983, 10.53263929 ] ] ], [ [ [ -85.782197589999981, 10.53267709 ], [ -85.78220566, 10.53269874 ], [ -85.782197589999967, 10.53267709 ], [ -85.78218725, 10.53265664 ], [ -85.782197589999981, 10.53267709 ] ] ], [ [ [ -85.782242269999983, 10.53282307 ], [ -85.78224002, 10.53284423 ], [ -85.782242269999983, 10.53282307 ], [ -85.78224159, 10.53280003 ], [ -85.782242269999983, 10.53282307 ] ] ], [ [ [ -85.78216584, 10.5328732 ], [ -85.782174909999966, 10.53286294 ], [ -85.782174909999981, 10.53286294 ], [ -85.78216584, 10.5328732 ] ] ], [ [ [ -85.782136809999983, 10.53311431 ], [ -85.7821154, 10.53312265 ], [ -85.782136809999969, 10.53311431 ], [ -85.78214788, 10.53310123 ], [ -85.782136809999983, 10.53311431 ] ] ], [ [ [ -85.782011849999989, 10.53314113 ], [ -85.78198961, 10.53314957 ], [ -85.782011849999975, 10.53314113 ], [ -85.782034079999988, 10.5331326 ], [ -85.782011849999989, 10.53314113 ] ] ], [ [ [ -85.781605840000012, 10.53284644 ], [ -85.78159278, 10.53282998 ], [ -85.781605840000012, 10.53284644 ], [ -85.78161856, 10.53286562 ], [ -85.781605840000012, 10.53284644 ] ] ], [ [ [ -85.781341059999988, 10.533128 ], [ -85.78133014, 10.53313557 ], [ -85.781341059999974, 10.533128 ], [ -85.78134736, 10.53311242 ], [ -85.781341059999988, 10.533128 ] ] ], [ [ [ -85.781260250000017, 10.53311635 ], [ -85.78123682, 10.53310771 ], [ -85.781260250000017, 10.53311635 ], [ -85.7812825, 10.53312562 ], [ -85.781260250000017, 10.53311635 ] ] ], [ [ [ -85.781078869999988, 10.5331471 ], [ -85.78106592, 10.53316606 ], [ -85.781078869999973, 10.5331471 ], [ -85.781093, 10.5331275 ], [ -85.781078869999988, 10.5331471 ] ] ], [ [ [ -85.780925519999982, 10.53349473 ], [ -85.78091861, 10.53351637 ], [ -85.780925519999968, 10.53349473 ], [ -85.780931229999979, 10.53347165 ], [ -85.780925519999982, 10.53349473 ] ] ], [ [ [ -85.780912069999985, 10.53353954 ], [ -85.78090527, 10.53356407 ], [ -85.780912069999971, 10.53353954 ], [ -85.78091861, 10.53351637 ], [ -85.780912069999985, 10.53353954 ] ] ], [ [ [ -85.78087370999998, 10.53372846 ], [ -85.78087028, 10.53375234 ], [ -85.780873709999966, 10.53372846 ], [ -85.78087886, 10.53370421 ], [ -85.78087370999998, 10.53372846 ] ] ], [ [ [ -85.780866949999989, 10.53384074 ], [ -85.78088003, 10.53385938 ], [ -85.780866949999975, 10.53384074 ], [ -85.78086383, 10.53382241 ], [ -85.780866949999989, 10.53384074 ] ] ], [ [ [ -85.780986499999983, 10.5339046 ], [ -85.78099011, 10.53392753 ], [ -85.780986499999983, 10.5339046 ], [ -85.78097599, 10.53388758 ], [ -85.780986499999983, 10.5339046 ] ] ], [ [ [ -85.780914089999982, 10.53398634 ], [ -85.780898449999981, 10.53399782 ], [ -85.78089076, 10.53401106 ], [ -85.780898449999967, 10.53399782 ], [ -85.780914089999968, 10.53398634 ], [ -85.78093393, 10.53397412 ], [ -85.780914089999982, 10.53398634 ] ] ], [ [ [ -85.781054219999987, 10.53429409 ], [ -85.78107285, 10.53430872 ], [ -85.781054219999973, 10.53429409 ], [ -85.7810345, 10.53427803 ], [ -85.781054219999987, 10.53429409 ] ] ], [ [ [ -85.781311709999983, 10.53426824 ], [ -85.781315469999981, 10.53428566 ], [ -85.781311709999969, 10.53426824 ], [ -85.78130966, 10.53424494 ], [ -85.781311709999983, 10.53426824 ] ] ], [ [ [ -85.781377739999982, 10.53445838 ], [ -85.7813809, 10.5344683 ], [ -85.781377739999968, 10.53445838 ], [ -85.781365920000013, 10.53445049 ], [ -85.781377739999982, 10.53445838 ] ] ], [ [ [ -85.781534710000017, 10.53450187 ], [ -85.781534710000017, 10.53450187 ], [ -85.78152231, 10.53450429 ], [ -85.781534710000017, 10.53450187 ] ] ], [ [ [ -85.781542679999987, 10.53450589 ], [ -85.78154231, 10.53452117 ], [ -85.781542679999987, 10.53450589 ], [ -85.781538695, 10.53450388 ], [ -85.781542679999987, 10.53450589 ] ] ], [ [ [ -85.781508099999982, 10.53463912 ], [ -85.781508099999982, 10.53463912 ], [ -85.78149393, 10.53463676 ], [ -85.781508099999982, 10.53463912 ] ] ], [ [ [ -85.781787609999981, 10.53434347 ], [ -85.78180864, 10.53434832 ], [ -85.781787609999981, 10.53434347 ], [ -85.781787609999981, 10.53434347 ] ] ], [ [ [ -85.781886469999989, 10.53439976 ], [ -85.78189783, 10.53442084 ], [ -85.781886469999975, 10.53439976 ], [ -85.7818694, 10.53438404 ], [ -85.781886469999989, 10.53439976 ] ] ], [ [ [ -85.781947059999979, 10.5346606 ], [ -85.78195996, 10.5346805 ], [ -85.781947059999965, 10.5346606 ], [ -85.781946600000012, 10.53464461 ], [ -85.781947059999979, 10.5346606 ] ] ], [ [ [ -85.782011794999988, 10.534704610000031 ], [ -85.782007710000016, 10.53470897 ], [ -85.782007710000016, 10.53470897 ], [ -85.782011794999988, 10.534704610000031 ] ] ], [ [ [ -85.782113059999986, 10.53457381 ], [ -85.78212477, 10.53459462 ], [ -85.782113059999972, 10.53457381 ], [ -85.78209752, 10.53455546 ], [ -85.782113059999986, 10.53457381 ] ] ], [ [ [ -85.782279419999981, 10.53455163 ], [ -85.78230182, 10.53455621 ], [ -85.782279419999966, 10.53455163 ], [ -85.782279419999981, 10.53455163 ] ] ], [ [ [ -85.78240246999998, 10.53465243 ], [ -85.78241375, 10.53467505 ], [ -85.782402469999965, 10.53465243 ], [ -85.78239094, 10.53463243 ], [ -85.78240246999998, 10.53465243 ] ] ], [ [ [ -85.782470319999987, 10.53477713 ], [ -85.78246617, 10.53480173 ], [ -85.782470319999973, 10.53477713 ], [ -85.7824659, 10.53475474 ], [ -85.782470319999987, 10.53477713 ] ] ], [ [ [ -85.782448169999981, 10.53489564 ], [ -85.782451399999985, 10.53491867 ], [ -85.782448169999967, 10.53489564 ], [ -85.78244875999998, 10.53487223 ], [ -85.782448169999981, 10.53489564 ] ] ], [ [ [ -85.782460639999982, 10.53496805 ], [ -85.78246488, 10.53499171 ], [ -85.782460639999968, 10.53496805 ], [ -85.782458195, 10.534955640000247 ], [ -85.782460639999982, 10.53496805 ] ] ], [ [ [ -85.782464469999979, 10.53501593 ], [ -85.78246215, 10.53504098 ], [ -85.782464469999965, 10.53501593 ], [ -85.78246488, 10.53499171 ], [ -85.782464469999979, 10.53501593 ] ] ], [ [ [ -85.782532520000018, 10.53519178 ], [ -85.782547489999985, 10.53517344 ], [ -85.782532520000018, 10.53519178 ], [ -85.78251948, 10.53521065 ], [ -85.782532520000018, 10.53519178 ] ] ], [ [ [ -85.782801259999985, 10.53527937 ], [ -85.78280249, 10.53528714 ], [ -85.782801259999985, 10.53527937 ], [ -85.78280811, 10.53526352 ], [ -85.782801259999985, 10.53527937 ] ] ], [ [ [ -85.782966669999979, 10.53517063 ], [ -85.782980219999985, 10.53517579 ], [ -85.782966669999965, 10.53517063 ], [ -85.782966669999979, 10.53517063 ] ] ], [ [ [ -85.783101459999983, 10.53526431 ], [ -85.783107879999989, 10.53528452 ], [ -85.78310637, 10.5353073 ], [ -85.783107879999989, 10.53528452 ], [ -85.783101459999983, 10.53526431 ], [ -85.78308982, 10.53525615 ], [ -85.783101459999983, 10.53526431 ] ] ], [ [ [ -85.783061229999987, 10.5353663 ], [ -85.78307086, 10.53538929 ], [ -85.783061229999973, 10.5353663 ], [ -85.78306537, 10.5353557 ], [ -85.783061229999987, 10.5353663 ] ] ], [ [ [ -85.783154359999983, 10.53550513 ], [ -85.78315915, 10.53552788 ], [ -85.783154359999969, 10.53550513 ], [ -85.78314665, 10.53548348 ], [ -85.783154359999983, 10.53550513 ] ] ], [ [ [ -85.783164859999985, 10.53555252 ], [ -85.783172759999985, 10.53557705 ], [ -85.783164859999971, 10.53555252 ], [ -85.78315915, 10.53552788 ], [ -85.783164859999985, 10.53555252 ] ] ], [ [ [ -85.783098779999989, 10.53570354 ], [ -85.78308987, 10.53572573 ], [ -85.783098779999975, 10.53570354 ], [ -85.78311376, 10.53568728 ], [ -85.783098779999989, 10.53570354 ] ] ], [ [ [ -85.782990879999986, 10.53583881 ], [ -85.78296985999998, 10.53585257 ], [ -85.782950119999981, 10.53586642 ], [ -85.782969859999966, 10.53585257 ], [ -85.782990879999971, 10.53583881 ], [ -85.78301229, 10.53582884 ], [ -85.782990879999986, 10.53583881 ] ] ], [ [ [ -85.78291901999998, 10.53590519 ], [ -85.78290782, 10.53592658 ], [ -85.78291901999998, 10.53590519 ], [ -85.78293342, 10.53588432 ], [ -85.78291901999998, 10.53590519 ] ] ], [ [ [ -85.782703839999982, 10.5361252 ], [ -85.78269269, 10.53614107 ], [ -85.782703839999968, 10.5361252 ], [ -85.78273515, 10.53609149 ], [ -85.782703839999982, 10.5361252 ] ] ], [ [ [ -85.782690679999988, 10.53623553 ], [ -85.78269638, 10.536258 ], [ -85.782690679999973, 10.53623553 ], [ -85.78268642, 10.5362097 ], [ -85.782690679999988, 10.53623553 ] ] ], [ [ [ -85.782714629999987, 10.53630335 ], [ -85.782725719999988, 10.53632516 ], [ -85.782714629999973, 10.53630335 ], [ -85.78270436, 10.53627919 ], [ -85.782714629999987, 10.53630335 ] ] ], [ [ [ -85.782737179999984, 10.53634859 ], [ -85.78274398, 10.53637251 ], [ -85.78273717999997, 10.53634859 ], [ -85.782725719999988, 10.53632516 ], [ -85.782737179999984, 10.53634859 ] ] ], [ [ [ -85.782797229999986, 10.53653117 ], [ -85.782800199999983, 10.53655682 ], [ -85.782805, 10.53658165 ], [ -85.782800199999969, 10.53655682 ], [ -85.782797229999971, 10.53653117 ], [ -85.78279552, 10.53652155 ], [ -85.782797229999986, 10.53653117 ] ] ], [ [ [ -85.782838609999985, 10.53664445 ], [ -85.7828497, 10.53666626 ], [ -85.78283860999997, 10.53664445 ], [ -85.782826069999984, 10.53662383 ], [ -85.782838609999985, 10.53664445 ] ] ], [ [ [ -85.78288621999998, 10.53669669 ], [ -85.78290656, 10.53670769 ], [ -85.782886219999966, 10.53669669 ], [ -85.78286669, 10.53668343 ], [ -85.78288621999998, 10.53669669 ] ] ], [ [ [ -85.78302884999998, 10.53681925 ], [ -85.78303564, 10.53684108 ], [ -85.783028849999965, 10.53681925 ], [ -85.7830165, 10.53679944 ], [ -85.78302884999998, 10.53681925 ] ] ], [ [ [ -85.783022089999989, 10.53691346 ], [ -85.78301381, 10.53693465 ], [ -85.783022089999974, 10.53691346 ], [ -85.78303034, 10.53688802 ], [ -85.783022089999989, 10.53691346 ] ] ], [ [ [ -85.782919309999983, 10.53703532 ], [ -85.78291306, 10.53704385 ], [ -85.782919309999969, 10.53703532 ], [ -85.782939219999989, 10.5370202 ], [ -85.782919309999983, 10.53703532 ] ] ], [ [ [ -85.782884019999983, 10.53722015 ], [ -85.78286113999998, 10.53722706 ], [ -85.78283607, 10.53723407 ], [ -85.78286113999998, 10.53722706 ], [ -85.782884019999969, 10.53722015 ], [ -85.78289099, 10.53720854 ], [ -85.782884019999983, 10.53722015 ] ] ], [ [ [ -85.782810719999986, 10.53724144 ], [ -85.78278847, 10.53724744 ], [ -85.782810719999972, 10.53724144 ], [ -85.78283607, 10.53723407 ], [ -85.782810719999986, 10.53724144 ] ] ], [ [ [ -85.782733460000017, 10.53725814 ], [ -85.782715379999985, 10.5372437 ], [ -85.782733460000017, 10.53725814 ], [ -85.78275037, 10.5372613 ], [ -85.782733460000017, 10.53725814 ] ] ], [ [ [ -85.78242419999998, 10.53719129 ], [ -85.78241236, 10.53721368 ], [ -85.782424199999966, 10.53719129 ], [ -85.78243834, 10.53717305 ], [ -85.78242419999998, 10.53719129 ] ] ], [ [ [ -85.782408669999981, 10.53723855 ], [ -85.78241163, 10.53726213 ], [ -85.782408669999981, 10.53723855 ], [ -85.78241236, 10.53721368 ], [ -85.782408669999981, 10.53723855 ] ] ], [ [ [ -85.782412679999979, 10.53728517 ], [ -85.78241556, 10.53730874 ], [ -85.782412679999979, 10.53728517 ], [ -85.78241163, 10.53726213 ], [ -85.782412679999979, 10.53728517 ] ] ], [ [ [ -85.782432969999988, 10.53735202 ], [ -85.78244734, 10.53737318 ], [ -85.782432969999974, 10.53735202 ], [ -85.78242244, 10.53733057 ], [ -85.782432969999988, 10.53735202 ] ] ], [ [ [ -85.782585839999982, 10.53758595 ], [ -85.78260545, 10.53759795 ], [ -85.782585839999967, 10.53758595 ], [ -85.78256757, 10.53757069 ], [ -85.782585839999982, 10.53758595 ] ] ], [ [ [ -85.782819759999981, 10.53789299 ], [ -85.7828092, 10.53791347 ], [ -85.782819759999981, 10.53789299 ], [ -85.78281766, 10.53787692 ], [ -85.782819759999981, 10.53789299 ] ] ], [ [ [ -85.782695069999988, 10.53800006 ], [ -85.78267206, 10.53800065 ], [ -85.782695069999974, 10.53800006 ], [ -85.7827179, 10.53799867 ], [ -85.782695069999988, 10.53800006 ] ] ], [ [ [ -85.78253909999998, 10.5380192 ], [ -85.782517679999984, 10.53802709 ], [ -85.782495679999982, 10.5380283 ], [ -85.78251767999997, 10.53802709 ], [ -85.782539099999966, 10.5380192 ], [ -85.78255903, 10.53800616 ], [ -85.78253909999998, 10.5380192 ] ] ], [ [ [ -85.78241718000001, 10.53784573 ], [ -85.78242084, 10.53783062 ], [ -85.78241718000001, 10.53784573 ], [ -85.782404789999987, 10.53786569 ], [ -85.78241718000001, 10.53784573 ] ] ], [ [ [ -85.781708419999987, 10.53739396 ], [ -85.78168473, 10.53740314 ], [ -85.781708419999973, 10.53739396 ], [ -85.78172956, 10.53738445 ], [ -85.781708419999987, 10.53739396 ] ] ], [ [ [ -85.781085119999986, 10.53752472 ], [ -85.7810629, 10.53753696 ], [ -85.781085119999972, 10.53752472 ], [ -85.781109, 10.53751627 ], [ -85.781085119999986, 10.53752472 ] ] ], [ [ [ -85.781011309999982, 10.53758551 ], [ -85.78100474999998, 10.53760506 ], [ -85.781011309999968, 10.53758551 ], [ -85.78102536, 10.53756726 ], [ -85.781011309999982, 10.53758551 ] ] ], [ [ [ -85.781104479999982, 10.53776284 ], [ -85.78108942, 10.53778037 ], [ -85.781104479999968, 10.53776284 ], [ -85.78111971, 10.53774396 ], [ -85.781104479999982, 10.53776284 ] ] ], [ [ [ -85.781025199999988, 10.53781037 ], [ -85.78100048, 10.53781476 ], [ -85.781025199999974, 10.53781037 ], [ -85.78104826, 10.5378022 ], [ -85.781025199999988, 10.53781037 ] ] ], [ [ [ -85.780891489999988, 10.53768171 ], [ -85.78088342, 10.53769187 ], [ -85.780891489999973, 10.53768171 ], [ -85.78090462, 10.53767901 ], [ -85.780891489999988, 10.53768171 ] ] ], [ [ [ -85.78088271999998, 10.53771447 ], [ -85.78088888, 10.5377373 ], [ -85.780882719999966, 10.53771447 ], [ -85.78088342, 10.53769187 ], [ -85.78088271999998, 10.53771447 ] ] ], [ [ [ -85.780883099999983, 10.53778044 ], [ -85.780870619999988, 10.53780175 ], [ -85.780883099999969, 10.53778044 ], [ -85.78089064, 10.53775735 ], [ -85.780883099999983, 10.53778044 ] ] ], [ [ [ -85.780779319999979, 10.53780733 ], [ -85.780769369999987, 10.53782256 ], [ -85.78076631, 10.53784644 ], [ -85.780769369999973, 10.53782256 ], [ -85.780779319999965, 10.53780733 ], [ -85.78079064, 10.53780627 ], [ -85.780779319999979, 10.53780733 ] ] ], [ [ [ -85.780807539999984, 10.53790098 ], [ -85.78082066, 10.5379122 ], [ -85.780807539999969, 10.53790098 ], [ -85.780802059999985, 10.53788555 ], [ -85.780807539999984, 10.53790098 ] ] ], [ [ [ -85.780736079999983, 10.53810102 ], [ -85.780736079999969, 10.53810102 ], [ -85.78075029, 10.53809542 ], [ -85.780736079999983, 10.53810102 ] ] ], [ [ [ -85.780668739999982, 10.53807998 ], [ -85.78065333, 10.53810012 ], [ -85.780668739999967, 10.53807998 ], [ -85.78068159, 10.53806029 ], [ -85.780668739999982, 10.53807998 ] ] ], [ [ [ -85.780610659999979, 10.53812856 ], [ -85.780588789999982, 10.53813826 ], [ -85.780610659999965, 10.53812856 ], [ -85.78063287, 10.53811633 ], [ -85.780610659999979, 10.53812856 ] ] ], [ [ [ -85.780365529999983, 10.53812849 ], [ -85.78033751, 10.53813173 ], [ -85.780365529999969, 10.53812849 ], [ -85.780371439999982, 10.53812412 ], [ -85.780365529999983, 10.53812849 ] ] ], [ [ [ -85.78034667999998, 10.53815499 ], [ -85.78038614, 10.53818803 ], [ -85.780346679999965, 10.53815499 ], [ -85.78033751, 10.53813173 ], [ -85.78034667999998, 10.53815499 ] ] ], [ [ [ -85.780416369999983, 10.5383302 ], [ -85.78039245, 10.53833259 ], [ -85.780416369999969, 10.5383302 ], [ -85.780439879999989, 10.53832184 ], [ -85.780416369999983, 10.5383302 ] ] ], [ [ [ -85.779739369999987, 10.53797025 ], [ -85.77974498, 10.53799236 ], [ -85.779739369999973, 10.53797025 ], [ -85.779734849999983, 10.53794659 ], [ -85.779739369999987, 10.53797025 ] ] ], [ [ [ -85.779323409999989, 10.53805835 ], [ -85.77929952, 10.53806508 ], [ -85.779323409999975, 10.53805835 ], [ -85.77936895, 10.53803577 ], [ -85.779323409999989, 10.53805835 ] ] ], [ [ [ -85.779068179999982, 10.53819191 ], [ -85.77905542, 10.53821169 ], [ -85.779068179999967, 10.53819191 ], [ -85.77907625, 10.53816548 ], [ -85.779068179999982, 10.53819191 ] ] ], [ [ [ -85.778708929999979, 10.53829542 ], [ -85.77869454, 10.53831765 ], [ -85.778708929999965, 10.53829542 ], [ -85.77872188, 10.53827655 ], [ -85.778708929999979, 10.53829542 ] ] ], [ [ [ -85.778500879999982, 10.53870843 ], [ -85.778495365000012, 10.538718540000165 ], [ -85.778500879999967, 10.53870843 ], [ -85.778515189999979, 10.53868756 ], [ -85.778500879999982, 10.53870843 ] ] ], [ [ [ -85.778456709999986, 10.53879499 ], [ -85.77844569, 10.5388152 ], [ -85.778456709999972, 10.53879499 ], [ -85.77846809, 10.53877215 ], [ -85.778456709999986, 10.53879499 ] ] ], [ [ [ -85.778220749999988, 10.53935853 ], [ -85.778215959999983, 10.53938224 ], [ -85.778220749999974, 10.53935853 ], [ -85.77822572, 10.53933347 ], [ -85.778220749999988, 10.53935853 ] ] ], [ [ [ -85.778212819999979, 10.53940774 ], [ -85.77821132, 10.53943296 ], [ -85.778212819999965, 10.53940774 ], [ -85.778212879999984, 10.53940724 ], [ -85.778212819999979, 10.53940774 ] ] ], [ [ [ -85.778213399999984, 10.53966946 ], [ -85.77822347999998, 10.53969037 ], [ -85.77823764999998, 10.53970837 ], [ -85.778223479999966, 10.53969037 ], [ -85.77821339999997, 10.53966946 ], [ -85.77820669, 10.53964582 ], [ -85.778213399999984, 10.53966946 ] ] ], [ [ [ -85.778324399999988, 10.54015162 ], [ -85.7783239, 10.54017539 ], [ -85.778324399999974, 10.54015162 ], [ -85.778329019999987, 10.54012927 ], [ -85.778324399999988, 10.54015162 ] ] ], [ [ [ -85.778342869999989, 10.54032974 ], [ -85.7783399, 10.54035397 ], [ -85.778342869999975, 10.54032974 ], [ -85.77833871, 10.54030644 ], [ -85.778342869999989, 10.54032974 ] ] ], [ [ [ -85.778327169999983, 10.54042689 ], [ -85.77832109, 10.54045042 ], [ -85.778327169999969, 10.54042689 ], [ -85.778330949999983, 10.54040255 ], [ -85.778327169999983, 10.54042689 ] ] ], [ [ [ -85.778281599999985, 10.54050821 ], [ -85.77826517, 10.54052484 ], [ -85.778281599999985, 10.54050821 ], [ -85.77829767999998, 10.54049203 ], [ -85.778281599999985, 10.54050821 ] ] ], [ [ [ -85.778210359999989, 10.54063541 ], [ -85.778199169999979, 10.54065906 ], [ -85.778210359999974, 10.54063541 ], [ -85.77822101, 10.54061347 ], [ -85.778210359999989, 10.54063541 ] ] ], [ [ [ -85.778368549999982, 10.54071585 ], [ -85.778378729999986, 10.54072194 ], [ -85.778368549999968, 10.54071585 ], [ -85.77834523, 10.5407102 ], [ -85.778368549999982, 10.54071585 ] ] ], [ [ [ -85.778475029999981, 10.54069727 ], [ -85.7784913, 10.54071525 ], [ -85.778475029999967, 10.54069727 ], [ -85.77845800999998, 10.54069077 ], [ -85.778475029999981, 10.54069727 ] ] ], [ [ [ -85.77850703999998, 10.54080012 ], [ -85.77850703999998, 10.54080012 ], [ -85.77852135, 10.54079489 ], [ -85.77850703999998, 10.54080012 ] ] ], [ [ [ -85.778437849999989, 10.54079138 ], [ -85.778454229999966, 10.54078107 ], [ -85.77845422999998, 10.54078107 ], [ -85.778437849999989, 10.54079138 ] ] ], [ [ [ -85.77821806999998, 10.54091182 ], [ -85.778196939999987, 10.5409217 ], [ -85.778176639999984, 10.54093365 ], [ -85.778196939999972, 10.5409217 ], [ -85.778218069999966, 10.54091182 ], [ -85.77823177, 10.54089692 ], [ -85.77821806999998, 10.54091182 ] ] ], [ [ [ -85.778035119999984, 10.5408936 ], [ -85.77802245, 10.540914 ], [ -85.77803511999997, 10.5408936 ], [ -85.778053589999985, 10.54088165 ], [ -85.778035119999984, 10.5408936 ] ] ], [ [ [ -85.777982779999988, 10.54105069 ], [ -85.77797778999998, 10.54107331 ], [ -85.777982779999974, 10.54105069 ], [ -85.77798831, 10.54102834 ], [ -85.777982779999988, 10.54105069 ] ] ], [ [ [ -85.777998039999986, 10.54125964 ], [ -85.7780219, 10.54126312 ], [ -85.777998039999972, 10.54125964 ], [ -85.77798163, 10.54124907 ], [ -85.777998039999986, 10.54125964 ] ] ], [ [ [ -85.778068439999984, 10.5412728 ], [ -85.778092049999984, 10.54128098 ], [ -85.77806843999997, 10.5412728 ], [ -85.77804458, 10.54126932 ], [ -85.778068439999984, 10.5412728 ] ] ], [ [ [ -85.778112849999985, 10.54129225 ], [ -85.778134269999981, 10.54130054 ], [ -85.778112849999985, 10.54129225 ], [ -85.778092049999984, 10.54128098 ], [ -85.778112849999985, 10.54129225 ] ] ], [ [ [ -85.778309489999984, 10.5413573 ], [ -85.77833004999998, 10.54135936 ], [ -85.77835039, 10.54137036 ], [ -85.778330049999965, 10.54135936 ], [ -85.77830948999997, 10.5413573 ], [ -85.778286, 10.54135337 ], [ -85.778309489999984, 10.5413573 ] ] ], [ [ [ -85.778369919999989, 10.54138362 ], [ -85.77838918, 10.54139734 ], [ -85.778369919999975, 10.54138362 ], [ -85.77835039, 10.54137036 ], [ -85.778369919999989, 10.54138362 ] ] ], [ [ [ -85.77832128, 10.54142222 ], [ -85.778333149999966, 10.54142143 ], [ -85.77833314999998, 10.54142143 ], [ -85.77832128, 10.54142222 ] ] ], [ [ [ -85.77828024999998, 10.54148246 ], [ -85.77828516, 10.54149327 ], [ -85.778280249999966, 10.54148246 ], [ -85.77828005, 10.54146348 ], [ -85.77828024999998, 10.54148246 ] ] ], [ [ [ -85.778306299999983, 10.54150201 ], [ -85.77832649, 10.54150244 ], [ -85.778306299999969, 10.54150201 ], [ -85.77828516, 10.54149327 ], [ -85.778306299999983, 10.54150201 ] ] ], [ [ [ -85.778664819999989, 10.54182697 ], [ -85.778679019999984, 10.54183548 ], [ -85.77869793, 10.54183573 ], [ -85.778679019999984, 10.54183548 ], [ -85.778664819999975, 10.54182697 ], [ -85.77864638, 10.54181307 ], [ -85.778664819999989, 10.54182697 ] ] ], [ [ [ -85.778749619999985, 10.54181935 ], [ -85.77875395, 10.54184174 ], [ -85.778749619999971, 10.54181935 ], [ -85.7787414, 10.54181895 ], [ -85.778749619999985, 10.54181935 ] ] ], [ [ [ -85.778749529999985, 10.5418668 ], [ -85.77874583, 10.54189168 ], [ -85.77874952999997, 10.5418668 ], [ -85.77875395, 10.54184174 ], [ -85.778749529999985, 10.5418668 ] ] ], [ [ [ -85.778756709999982, 10.5419246 ], [ -85.77877374, 10.54193201 ], [ -85.778756709999968, 10.5419246 ], [ -85.77874906, 10.54191262 ], [ -85.778756709999982, 10.5419246 ] ] ], [ [ [ -85.778977139999981, 10.54188468 ], [ -85.778954309999989, 10.54188608 ], [ -85.778977139999967, 10.54188468 ], [ -85.77898539, 10.54187533 ], [ -85.778977139999981, 10.54188468 ] ] ], [ [ [ -85.779023809999984, 10.54202866 ], [ -85.77902891, 10.54204237 ], [ -85.779023809999984, 10.54202866 ], [ -85.77901538, 10.54200711 ], [ -85.779023809999984, 10.54202866 ] ] ], [ [ [ -85.779028839999981, 10.54225204 ], [ -85.77900475, 10.54225542 ], [ -85.779028839999967, 10.54225204 ], [ -85.779053489999981, 10.54225108 ], [ -85.779028839999981, 10.54225204 ] ] ], [ [ [ -85.77895943999998, 10.54226951 ], [ -85.77893719, 10.54227551 ], [ -85.778959439999966, 10.54226951 ], [ -85.7789825, 10.54226133 ], [ -85.77895943999998, 10.54226951 ] ] ], [ [ [ -85.779030389999988, 10.54242699 ], [ -85.779053869999984, 10.54242885 ], [ -85.779078739999989, 10.54243296 ], [ -85.77905386999997, 10.54242885 ], [ -85.779030389999974, 10.54242699 ], [ -85.779030389999988, 10.54242699 ] ] ], [ [ [ -85.779101339999983, 10.54244051 ], [ -85.77912168, 10.54245151 ], [ -85.779101339999968, 10.54244051 ], [ -85.779078739999989, 10.54243296 ], [ -85.779101339999983, 10.54244051 ] ] ], [ [ [ -85.779190209999982, 10.54247182 ], [ -85.77921452, 10.54247566 ], [ -85.779190209999982, 10.54247182 ], [ -85.7791669, 10.5424687 ], [ -85.779190209999982, 10.54247182 ] ] ], [ [ [ -85.77934467999998, 10.54252581 ], [ -85.77936185, 10.54254171 ], [ -85.779344679999966, 10.54252581 ], [ -85.77932533, 10.54251128 ], [ -85.77934467999998, 10.54252581 ] ] ], [ [ [ -85.779421449999987, 10.54261431 ], [ -85.77943499, 10.54263348 ], [ -85.779421449999973, 10.54261431 ], [ -85.7794071, 10.54259532 ], [ -85.779421449999987, 10.54261431 ] ] ], [ [ [ -85.779431619999983, 10.54271384 ], [ -85.7794116, 10.54272824 ], [ -85.779431619999968, 10.54271384 ], [ -85.77944483, 10.54269371 ], [ -85.779431619999983, 10.54271384 ] ] ], [ [ [ -85.779389399999985, 10.54274005 ], [ -85.77937222, 10.54275593 ], [ -85.779389399999971, 10.54274005 ], [ -85.77939001999998, 10.54273947 ], [ -85.779389399999985, 10.54274005 ] ] ], [ [ [ -85.779327969999983, 10.54293928 ], [ -85.779321519999982, 10.54296091 ], [ -85.779327969999969, 10.54293928 ], [ -85.779323029999986, 10.54292205 ], [ -85.779327969999983, 10.54293928 ] ] ], [ [ [ -85.779313709999983, 10.54298464 ], [ -85.77930434, 10.54300647 ], [ -85.779313709999968, 10.54298464 ], [ -85.779321519999982, 10.54296091 ], [ -85.779313709999983, 10.54298464 ] ] ], [ [ [ -85.779256509999982, 10.54309106 ], [ -85.77925135, 10.54311495 ], [ -85.779256509999982, 10.54309106 ], [ -85.7792635, 10.54306752 ], [ -85.779256509999982, 10.54309106 ] ] ], [ [ [ -85.77909717999998, 10.54324216 ], [ -85.77907614, 10.54325167 ], [ -85.779097179999965, 10.54324216 ], [ -85.77911739, 10.54323075 ], [ -85.77909717999998, 10.54324216 ] ] ], [ [ [ -85.779031299999986, 10.54326828 ], [ -85.77901257, 10.54328276 ], [ -85.779031299999971, 10.54326828 ], [ -85.77905308, 10.54325994 ], [ -85.779031299999986, 10.54326828 ] ] ], [ [ [ -85.778972909999979, 10.54334317 ], [ -85.778967919999985, 10.54336588 ], [ -85.77896759, 10.54338667 ], [ -85.778967919999971, 10.54336588 ], [ -85.778972909999965, 10.54334317 ], [ -85.77898476, 10.54332295 ], [ -85.778972909999979, 10.54334317 ] ] ], [ [ [ -85.778975209999984, 10.54347402 ], [ -85.77895869, 10.54349056 ], [ -85.778975209999984, 10.54347402 ], [ -85.77899173, 10.54345531 ], [ -85.778975209999984, 10.54347402 ] ] ], [ [ [ -85.778948249999985, 10.5435021 ], [ -85.77894425, 10.5435211 ], [ -85.778948249999971, 10.5435021 ], [ -85.77895869, 10.54349056 ], [ -85.778948249999985, 10.5435021 ] ] ], [ [ [ -85.778951599999985, 10.54354546 ], [ -85.778962689999986, 10.54356727 ], [ -85.778951599999971, 10.54354546 ], [ -85.77894425, 10.5435211 ], [ -85.778951599999985, 10.54354546 ] ] ], [ [ [ -85.778988989999988, 10.54359812 ], [ -85.77899144, 10.54361157 ], [ -85.778988989999974, 10.54359812 ], [ -85.77897768, 10.54358526 ], [ -85.778988989999988, 10.54359812 ] ] ], [ [ [ -85.778948409999984, 10.54375235 ], [ -85.77893789, 10.54376515 ], [ -85.77894840999997, 10.54375235 ], [ -85.77895296, 10.54373361 ], [ -85.778948409999984, 10.54375235 ] ] ], [ [ [ -85.778757989999988, 10.54378631 ], [ -85.778738069999989, 10.54379944 ], [ -85.778757989999974, 10.54378631 ], [ -85.77877885, 10.54377607 ], [ -85.778757989999988, 10.54378631 ] ] ], [ [ [ -85.778512799999987, 10.54399826 ], [ -85.778492039999989, 10.54400941 ], [ -85.778484230000018, 10.54401695 ], [ -85.778492039999975, 10.54400941 ], [ -85.778512799999973, 10.54399826 ], [ -85.77853546, 10.54398422 ], [ -85.778512799999987, 10.54399826 ] ] ], [ [ [ -85.778525909999985, 10.54405567 ], [ -85.7785485, 10.54406105 ], [ -85.778525909999971, 10.54405567 ], [ -85.77850494, 10.54404566 ], [ -85.778525909999985, 10.54405567 ] ] ], [ [ [ -85.77825094, 10.54394858 ], [ -85.778274379999985, 10.54394411 ], [ -85.778274379999985, 10.54394411 ], [ -85.77825094, 10.54394858 ] ] ], [ [ [ -85.778226509999982, 10.54395667 ], [ -85.77820716, 10.54396031 ], [ -85.778226509999968, 10.54395667 ], [ -85.778249009999982, 10.54394922 ], [ -85.778226509999982, 10.54395667 ] ] ], [ [ [ -85.778039529999987, 10.54404882 ], [ -85.7780438, 10.54406064 ], [ -85.778039529999973, 10.54404882 ], [ -85.77802508, 10.54402902 ], [ -85.778039529999987, 10.54404882 ] ] ], [ [ [ -85.778024979999984, 10.54407647 ], [ -85.778024979999969, 10.54407647 ], [ -85.778040119999986, 10.54407159 ], [ -85.778024979999984, 10.54407647 ] ] ], [ [ [ -85.77784852000002, 10.54396223 ], [ -85.77784852000002, 10.54396223 ], [ -85.77785747, 10.54396381 ], [ -85.77784852000002, 10.54396223 ] ] ], [ [ [ -85.777426309999981, 10.54399877 ], [ -85.77740417, 10.54400766 ], [ -85.777426309999967, 10.54399877 ], [ -85.7774467, 10.543986 ], [ -85.777426309999981, 10.54399877 ] ] ], [ [ [ -85.777283880000013, 10.54389519 ], [ -85.77727245, 10.543876 ], [ -85.777283880000013, 10.54389519 ], [ -85.77728517, 10.54391361 ], [ -85.777283880000013, 10.54389519 ] ] ], [ [ [ -85.777137539999984, 10.54395349 ], [ -85.777137539999984, 10.54395349 ], [ -85.7771577, 10.54394967 ], [ -85.777137539999984, 10.54395349 ] ] ], [ [ [ -85.776889489999988, 10.54387634 ], [ -85.77687712, 10.54387745 ], [ -85.776889489999974, 10.54387634 ], [ -85.77691239, 10.54387152 ], [ -85.776889489999988, 10.54387634 ] ] ], [ [ [ -85.776365299999981, 10.54347215 ], [ -85.77634312, 10.54347426 ], [ -85.776365299999966, 10.54347215 ], [ -85.77638023, 10.54346294 ], [ -85.776365299999981, 10.54347215 ] ] ], [ [ [ -85.776189679999987, 10.54328226 ], [ -85.77616989, 10.54328807 ], [ -85.776189679999973, 10.54328226 ], [ -85.77621451, 10.5432805 ], [ -85.776189679999987, 10.54328226 ] ] ], [ [ [ -85.776157649999988, 10.54331959 ], [ -85.776157799999979, 10.54334444 ], [ -85.776157649999973, 10.54331959 ], [ -85.77615999, 10.54329635 ], [ -85.776157649999988, 10.54331959 ] ] ], [ [ [ -85.776041819999989, 10.54342616 ], [ -85.77601771, 10.54342693 ], [ -85.776041819999975, 10.54342616 ], [ -85.776066379999989, 10.54342484 ], [ -85.776041819999989, 10.54342616 ] ] ], [ [ [ -85.775873819999987, 10.54345096 ], [ -85.77585147, 10.54345651 ], [ -85.775873819999973, 10.54345096 ], [ -85.77589744, 10.54344477 ], [ -85.775873819999987, 10.54345096 ] ] ], [ [ [ -85.775800099999984, 10.54346457 ], [ -85.77577711, 10.54346904 ], [ -85.775800099999969, 10.54346457 ], [ -85.77582675, 10.54346117 ], [ -85.775800099999984, 10.54346457 ] ] ], [ [ [ -85.77560133999998, 10.54248946 ], [ -85.77562159999998, 10.54250163 ], [ -85.775601339999966, 10.54248946 ], [ -85.77557937, 10.54247973 ], [ -85.77560133999998, 10.54248946 ] ] ], [ [ [ -85.776039760000018, 10.54243114 ], [ -85.77605942, 10.54241811 ], [ -85.776039760000018, 10.54243114 ], [ -85.776018, 10.54244211 ], [ -85.776039760000018, 10.54243114 ] ] ], [ [ [ -85.776209750000021, 10.54208333 ], [ -85.776213105, 10.542071065000242 ], [ -85.776209750000021, 10.54208333 ], [ -85.77620248, 10.54210542 ], [ -85.776209750000021, 10.54208333 ] ] ], [ [ [ -85.776082889999984, 10.5417802 ], [ -85.77606194, 10.54179098 ], [ -85.776082889999969, 10.5417802 ], [ -85.77610429, 10.54176978 ], [ -85.776082889999984, 10.5417802 ] ] ], [ [ [ -85.77571586000002, 10.54102167 ], [ -85.7756974, 10.5410037 ], [ -85.77571586000002, 10.54102167 ], [ -85.77572482, 10.541031560000159 ], [ -85.77571586000002, 10.54102167 ] ] ], [ [ [ -85.775375080000018, 10.54074667 ], [ -85.77535527, 10.54073277 ], [ -85.775375080000018, 10.54074667 ], [ -85.77539489, 10.54076066 ], [ -85.775375080000018, 10.54074667 ] ] ], [ [ [ -85.773051869999989, 10.53999278 ], [ -85.77302721, 10.53999328 ], [ -85.773051869999989, 10.53999278 ], [ -85.77307488, 10.53999265 ], [ -85.773051869999989, 10.53999278 ] ] ], [ [ [ -85.772978420000015, 10.53999039 ], [ -85.77295476, 10.53998934 ], [ -85.772978420000015, 10.53999039 ], [ -85.77300437, 10.53999214 ], [ -85.772978420000015, 10.53999039 ] ] ], [ [ [ -85.772760629999979, 10.54001158 ], [ -85.7727552, 10.5400122 ], [ -85.772760629999965, 10.54001158 ], [ -85.77278463, 10.54000783 ], [ -85.772760629999979, 10.54001158 ] ] ], [ [ [ -85.772722549999983, 10.54007668 ], [ -85.77271465, 10.54009977 ], [ -85.772722549999969, 10.54007668 ], [ -85.77273091, 10.54005395 ], [ -85.772722549999983, 10.54007668 ] ] ], [ [ [ -85.772656159999983, 10.54020503 ], [ -85.77264028, 10.54022418 ], [ -85.772656159999968, 10.54020503 ], [ -85.77267129, 10.54018406 ], [ -85.772656159999983, 10.54020503 ] ] ], [ [ [ -85.772431919999988, 10.54032892 ], [ -85.77240785, 10.54033683 ], [ -85.772431919999974, 10.54032892 ], [ -85.77245662, 10.54031992 ], [ -85.772431919999988, 10.54032892 ] ] ], [ [ [ -85.772162489999985, 10.54053648 ], [ -85.772152029999987, 10.54055923 ], [ -85.772162489999971, 10.54053648 ], [ -85.772177, 10.54051851 ], [ -85.772162489999985, 10.54053648 ] ] ], [ [ [ -85.772047459999982, 10.54081557 ], [ -85.772025439999979, 10.54082989 ], [ -85.77200569, 10.54084211 ], [ -85.772025439999965, 10.54082989 ], [ -85.772047459999968, 10.54081557 ], [ -85.77207022, 10.54080325 ], [ -85.772047459999982, 10.54081557 ] ] ], [ [ [ -85.771942949999982, 10.54087517 ], [ -85.77192171999998, 10.54088433 ], [ -85.771942949999968, 10.54087517 ], [ -85.77196372, 10.54086575 ], [ -85.771942949999982, 10.54087517 ] ] ], [ [ [ -85.771812429999983, 10.5409698 ], [ -85.77179243, 10.54096983 ], [ -85.771812429999969, 10.5409698 ], [ -85.77182699, 10.54096105 ], [ -85.771812429999983, 10.5409698 ] ] ], [ [ [ -85.771775260000013, 10.54090594 ], [ -85.77176984, 10.54090018 ], [ -85.771775260000013, 10.54090594 ], [ -85.771776159999987, 10.54091922 ], [ -85.771775260000013, 10.54090594 ] ] ], [ [ [ -85.771734769999981, 10.54093264 ], [ -85.771717239999987, 10.54094991 ], [ -85.771734769999966, 10.54093264 ], [ -85.771750089999983, 10.5409124 ], [ -85.771734769999981, 10.54093264 ] ] ], [ [ [ -85.769925449999988, 10.54041335 ], [ -85.76985507, 10.54045216 ], [ -85.769925449999988, 10.54041335 ], [ -85.769985969999979, 10.54037623 ], [ -85.769925449999988, 10.54041335 ] ] ], [ [ [ -85.769797969999985, 10.5404813 ], [ -85.769781439999988, 10.54049712 ], [ -85.769797969999971, 10.5404813 ], [ -85.76981798, 10.54046565 ], [ -85.769797969999985, 10.5404813 ] ] ], [ [ [ -85.769748129999982, 10.54053427 ], [ -85.76973436, 10.54055333 ], [ -85.769748129999968, 10.54053427 ], [ -85.76976292, 10.54051584 ], [ -85.769748129999982, 10.54053427 ] ] ], [ [ [ -85.769647899999981, 10.54073411 ], [ -85.7696389, 10.54075784 ], [ -85.769647899999967, 10.54073411 ], [ -85.769657169999988, 10.54071128 ], [ -85.769647899999981, 10.54073411 ] ] ], [ [ [ -85.769676889999985, 10.54091777 ], [ -85.76968397, 10.54094096 ], [ -85.769676889999971, 10.54091777 ], [ -85.769668449999983, 10.5408945 ], [ -85.769676889999985, 10.54091777 ] ] ], [ [ [ -85.769683089999987, 10.54101118 ], [ -85.769685129999985, 10.54103232 ], [ -85.76969712, 10.54105241 ], [ -85.769685129999985, 10.54103232 ], [ -85.769683089999972, 10.54101118 ], [ -85.76968442, 10.54098732 ], [ -85.769683089999987, 10.54101118 ] ] ], [ [ [ -85.769778339999988, 10.54123288 ], [ -85.7697885, 10.54125253 ], [ -85.769778339999974, 10.54123288 ], [ -85.76976234, 10.54121445 ], [ -85.769778339999988, 10.54123288 ] ] ], [ [ [ -85.769852799999981, 10.54146193 ], [ -85.769852929999985, 10.5414847 ], [ -85.769848429999982, 10.54149657 ], [ -85.769852929999971, 10.5414847 ], [ -85.769852799999967, 10.54146193 ], [ -85.76985111, 10.54143817 ], [ -85.769852799999981, 10.54146193 ] ] ], [ [ [ -85.769718249999983, 10.54153823 ], [ -85.76971582, 10.54156066 ], [ -85.769718249999968, 10.54153823 ], [ -85.76972882, 10.54151766 ], [ -85.769718249999983, 10.54153823 ] ] ], [ [ [ -85.76979679999998, 10.54161913 ], [ -85.76981788, 10.54163122 ], [ -85.769796799999966, 10.54161913 ], [ -85.76977463999998, 10.54160859 ], [ -85.76979679999998, 10.54161913 ] ] ], [ [ [ -85.769908949999987, 10.54190608 ], [ -85.769898469999987, 10.54192665 ], [ -85.76989551, 10.5419508 ], [ -85.769898469999973, 10.54192665 ], [ -85.769908949999987, 10.54190608 ], [ -85.76991439, 10.54188345 ], [ -85.769908949999987, 10.54190608 ] ] ], [ [ [ -85.76973243, 10.54208664 ], [ -85.76975561999997, 10.54208516 ], [ -85.769755619999984, 10.54208516 ], [ -85.76973243, 10.54208664 ] ] ], [ [ [ -85.76955968999998, 10.54208074 ], [ -85.76955133, 10.54210347 ], [ -85.769559689999966, 10.54208074 ], [ -85.76957464, 10.54205888 ], [ -85.76955968999998, 10.54208074 ] ] ], [ [ [ -85.76952485000001, 10.54216932 ], [ -85.76950126, 10.54216403 ], [ -85.76952485000001, 10.54216932 ], [ -85.76952485000001, 10.54216932 ] ] ], [ [ [ -85.769360569999989, 10.5421406 ], [ -85.76933795, 10.5421475 ], [ -85.769360569999975, 10.5421406 ], [ -85.76938429, 10.54213739 ], [ -85.769360569999989, 10.5421406 ] ] ], [ [ [ -85.769129440000015, 10.54126706 ], [ -85.7691262, 10.54124358 ], [ -85.769129440000015, 10.54126706 ], [ -85.76913395, 10.5412899 ], [ -85.769129440000015, 10.54126706 ] ] ], [ [ [ -85.769091270000018, 10.54102895 ], [ -85.76907774, 10.54101005 ], [ -85.769091270000018, 10.54102895 ], [ -85.769095304999979, 10.541039820000192 ], [ -85.769091270000018, 10.54102895 ] ] ], [ [ [ -85.767823959999987, 10.539349 ], [ -85.76780134, 10.53935374 ], [ -85.767823959999973, 10.539349 ], [ -85.76784679, 10.53934806 ], [ -85.767823959999987, 10.539349 ] ] ], [ [ [ -85.767719009999979, 10.53939559 ], [ -85.767708719999987, 10.53940071000004 ], [ -85.767719009999965, 10.53939559 ], [ -85.76773785, 10.53938274 ], [ -85.767719009999979, 10.53939559 ] ] ], [ [ [ -85.767636469999985, 10.5394472 ], [ -85.767616639999986, 10.53946159 ], [ -85.767636469999985, 10.5394472 ], [ -85.76765666, 10.53943236 ], [ -85.767636469999985, 10.5394472 ] ] ], [ [ [ -85.76697350000002, 10.53882316 ], [ -85.76697821, 10.53879945 ], [ -85.76697350000002, 10.53882316 ], [ -85.76697574, 10.53884809 ], [ -85.76697350000002, 10.53882316 ] ] ], [ [ [ -85.766894189999988, 10.53862423 ], [ -85.766907749999973, 10.53861702 ], [ -85.766907749999987, 10.53861702 ], [ -85.766894189999988, 10.53862423 ] ] ], [ [ [ -85.76641686, 10.53810543 ], [ -85.76643762999997, 10.53809601 ], [ -85.766437629999984, 10.53809601 ], [ -85.76641686, 10.53810543 ] ] ], [ [ [ -85.765970060000015, 10.53744774 ], [ -85.765974565, 10.537436960000186 ], [ -85.765970060000015, 10.53744774 ], [ -85.76597336, 10.53746489 ], [ -85.765970060000015, 10.53744774 ] ] ], [ [ [ -85.765939930000016, 10.53712879 ], [ -85.76593286, 10.5371056 ], [ -85.765939930000016, 10.53712879 ], [ -85.76594811, 10.53715342 ], [ -85.765939930000016, 10.53712879 ] ] ], [ [ [ -85.765866790000018, 10.53685807 ], [ -85.76585519, 10.53684259 ], [ -85.765866790000018, 10.53685807 ], [ -85.765885519999983, 10.53687559 ], [ -85.765866790000018, 10.53685807 ] ] ], [ [ [ -85.765912599999979, 10.53683504 ], [ -85.765935559999988, 10.53684115 ], [ -85.765912599999965, 10.53683504 ], [ -85.76588845, 10.53682948 ], [ -85.765912599999979, 10.53683504 ] ] ], [ [ [ -85.765957409999984, 10.53684591 ], [ -85.76595740999997, 10.53684591 ], [ -85.765935559999988, 10.53684115 ], [ -85.765957409999984, 10.53684591 ] ] ], [ [ [ -85.765485410000011, 10.53560995 ], [ -85.76546968, 10.53559042 ], [ -85.765485410000011, 10.53560995 ], [ -85.765489769999988, 10.535621625000219 ], [ -85.765485410000011, 10.53560995 ] ] ], [ [ [ -85.765422760000021, 10.53517812 ], [ -85.76542217, 10.53515472 ], [ -85.765422760000021, 10.53517812 ], [ -85.76541448, 10.53519877 ], [ -85.765422760000021, 10.53517812 ] ] ], [ [ [ -85.763991730000015, 10.53400923 ], [ -85.76398173, 10.534001875000088 ], [ -85.763991730000015, 10.53400923 ], [ -85.7640098, 10.53402341 ], [ -85.763991730000015, 10.53400923 ] ] ], [ [ [ -85.76388682000001, 10.53393498 ], [ -85.763866099999987, 10.53392046 ], [ -85.76388682000001, 10.53393498 ], [ -85.76390892, 10.53394977 ], [ -85.76388682000001, 10.53393498 ] ] ], [ [ [ -85.761257169999979, 10.53268184 ], [ -85.761239729999986, 10.5326991 ], [ -85.76122477, 10.53271798 ], [ -85.761239729999986, 10.5326991 ], [ -85.761257169999965, 10.53268184 ], [ -85.7612737, 10.53266484 ], [ -85.761257169999979, 10.53268184 ] ] ], [ [ [ -85.753895199999988, 10.52974626 ], [ -85.75382873, 10.529753 ], [ -85.753895199999974, 10.52974626 ], [ -85.75404199, 10.52974227 ], [ -85.753895199999988, 10.52974626 ] ] ], [ [ [ -85.752865179999986, 10.52980736 ], [ -85.75269917, 10.52982871 ], [ -85.752865179999972, 10.52980736 ], [ -85.75299977, 10.52979972 ], [ -85.752865179999986, 10.52980736 ] ] ], [ [ [ -85.751437289999984, 10.53010654 ], [ -85.75128703, 10.53015075 ], [ -85.751437289999984, 10.53010654 ], [ -85.751724789999983, 10.53003744 ], [ -85.751437289999984, 10.53010654 ] ] ], [ [ [ -85.750350539999985, 10.53040907 ], [ -85.75014804, 10.53047921 ], [ -85.750350539999971, 10.53040907 ], [ -85.75050911, 10.53037177 ], [ -85.750350539999985, 10.53040907 ] ] ], [ [ [ -85.749809109999987, 10.5306296 ], [ -85.749733259999985, 10.53067114 ], [ -85.749809109999973, 10.5306296 ], [ -85.749878019999983, 10.53059036 ], [ -85.749809109999987, 10.5306296 ] ] ], [ [ [ -85.749662029999982, 10.53070416 ], [ -85.749634089999986, 10.5307214 ], [ -85.749609609999979, 10.53073663 ], [ -85.749634089999972, 10.5307214 ], [ -85.749662029999968, 10.53070416 ], [ -85.74968789, 10.53068992 ], [ -85.749662029999982, 10.53070416 ] ] ], [ [ [ -85.749557269999983, 10.53076918 ], [ -85.74953289, 10.53078441 ], [ -85.749557269999968, 10.53076918 ], [ -85.749582939999982, 10.53075367 ], [ -85.749557269999983, 10.53076918 ] ] ], [ [ [ -85.749168019999985, 10.53094603 ], [ -85.74914132, 10.53095657 ], [ -85.749168019999985, 10.53094603 ], [ -85.74919546, 10.53093602 ], [ -85.749168019999985, 10.53094603 ] ] ], [ [ [ -85.749087749999987, 10.53097964 ], [ -85.7490608, 10.53099533 ], [ -85.749087749999973, 10.53097964 ], [ -85.74911344, 10.53096738 ], [ -85.749087749999987, 10.53097964 ] ] ], [ [ [ -85.748950559999983, 10.53105884 ], [ -85.74892663, 10.53107334 ], [ -85.748950559999969, 10.53105884 ], [ -85.74897924, 10.53104214 ], [ -85.748950559999983, 10.53105884 ] ] ], [ [ [ -85.748533669999986, 10.53127371 ], [ -85.74850287, 10.53128698 ], [ -85.748533669999972, 10.53127371 ], [ -85.74856582, 10.53125826 ], [ -85.748533669999986, 10.53127371 ] ] ], [ [ [ -85.748336789999982, 10.53137529 ], [ -85.74831358, 10.53139033 ], [ -85.748336789999968, 10.53137529 ], [ -85.74836418, 10.53135878 ], [ -85.748336789999982, 10.53137529 ] ] ], [ [ [ -85.747955139999988, 10.53160578 ], [ -85.74792974, 10.5316193 ], [ -85.747955139999974, 10.53160578 ], [ -85.74797981, 10.53159182 ], [ -85.747955139999988, 10.53160578 ] ] ], [ [ [ -85.747668209999986, 10.53177338 ], [ -85.74764048, 10.53179505 ], [ -85.747668209999972, 10.53177338 ], [ -85.74769159, 10.53175636 ], [ -85.747668209999986, 10.53177338 ] ] ], [ [ [ -85.747475759999986, 10.53196415 ], [ -85.74745614, 10.53198369 ], [ -85.747475759999972, 10.53196415 ], [ -85.74749436, 10.53194289 ], [ -85.747475759999986, 10.53196415 ] ] ], [ [ [ -85.74729207999998, 10.5320916 ], [ -85.7472689, 10.53210989 ], [ -85.747292079999966, 10.5320916 ], [ -85.7473149, 10.53207213 ], [ -85.74729207999998, 10.5320916 ] ] ], [ [ [ -85.747068679999984, 10.53233332 ], [ -85.7470476, 10.53235187 ], [ -85.74706867999997, 10.53233332 ], [ -85.747078395, 10.532322965000173 ], [ -85.747068679999984, 10.53233332 ] ] ], [ [ [ -85.746771669999987, 10.53252556 ], [ -85.74675233, 10.53254627 ], [ -85.746771669999973, 10.53252556 ], [ -85.74679055, 10.53250557 ], [ -85.746771669999987, 10.53252556 ] ] ], [ [ [ -85.746394739999985, 10.53297826 ], [ -85.74638301, 10.53300399 ], [ -85.746394739999971, 10.53297826 ], [ -85.746407829999981, 10.53295234 ], [ -85.746394739999985, 10.53297826 ] ] ], [ [ [ -85.746411619999989, 10.53328291 ], [ -85.74642402, 10.53331158 ], [ -85.746411619999975, 10.53328291 ], [ -85.74640051, 10.53325722 ], [ -85.746411619999989, 10.53328291 ] ] ], [ [ [ -85.74643494999998, 10.53333927 ], [ -85.74644023, 10.53336861 ], [ -85.746434949999966, 10.53333927 ], [ -85.74642402, 10.53331158 ], [ -85.74643494999998, 10.53333927 ] ] ], [ [ [ -85.746381559999989, 10.53354056 ], [ -85.746359739999988, 10.53355848 ], [ -85.746334799999985, 10.53357453 ], [ -85.74631547, 10.53359524 ], [ -85.746334799999971, 10.53357453 ], [ -85.746359739999974, 10.53355848 ], [ -85.746381559999989, 10.53354056 ], [ -85.74640023, 10.53351605 ], [ -85.746381559999989, 10.53354056 ] ] ], [ [ [ -85.745991189999984, 10.53376305 ], [ -85.74596652, 10.5337771 ], [ -85.74599118999997, 10.53376305 ], [ -85.74602135, 10.53375059 ], [ -85.745991189999984, 10.53376305 ] ] ], [ [ [ -85.745926879999985, 10.53387511 ], [ -85.74592139, 10.53390605 ], [ -85.745926879999971, 10.53387511 ], [ -85.74592809, 10.53384573 ], [ -85.745926879999985, 10.53387511 ] ] ], [ [ [ -85.745137179999986, 10.53464368 ], [ -85.74512463, 10.53466888 ], [ -85.745137179999972, 10.53464368 ], [ -85.745153279999982, 10.53461648 ], [ -85.745137179999986, 10.53464368 ] ] ], [ [ [ -85.745029299999985, 10.53473782 ], [ -85.74499977, 10.53474765 ], [ -85.745029299999985, 10.53473782 ], [ -85.745056, 10.53472737 ], [ -85.745029299999985, 10.53473782 ] ] ], [ [ [ -85.744889789999988, 10.5349732 ], [ -85.74487955, 10.53500317 ], [ -85.744889789999974, 10.5349732 ], [ -85.74489402, 10.5349458 ], [ -85.744889789999988, 10.5349732 ] ] ], [ [ [ -85.744845399999988, 10.53505406 ], [ -85.744823509999989, 10.53507524 ], [ -85.74480031, 10.53509028 ], [ -85.744823509999975, 10.53507524 ], [ -85.744845399999974, 10.53505406 ], [ -85.74486373, 10.53503155 ], [ -85.744845399999988, 10.53505406 ] ] ], [ [ [ -85.744519129999986, 10.53525731 ], [ -85.7444975, 10.5352765 ], [ -85.744519129999972, 10.53525731 ], [ -85.74454305, 10.53523956 ], [ -85.744519129999986, 10.53525731 ] ] ], [ [ [ -85.744481579999984, 10.53541721 ], [ -85.74448165, 10.5354464 ], [ -85.744481579999984, 10.53541721 ], [ -85.74447776, 10.53538877 ], [ -85.744481579999984, 10.53541721 ] ] ], [ [ [ -85.744488159999989, 10.53556503 ], [ -85.744473539999987, 10.5355803 ], [ -85.744451389999981, 10.53558729 ], [ -85.744451389999966, 10.53558729 ], [ -85.744473539999987, 10.5355803 ], [ -85.744488159999975, 10.53556503 ], [ -85.74449568, 10.53553761 ], [ -85.744488159999989, 10.53556503 ] ] ], [ [ [ -85.744240419999983, 10.53550684 ], [ -85.74421066, 10.5355089 ], [ -85.744240419999969, 10.53550684 ], [ -85.7442696, 10.53549909 ], [ -85.744240419999983, 10.53550684 ] ] ], [ [ [ -85.74328238, 10.53518577 ], [ -85.743312869999968, 10.53518424 ], [ -85.743312869999983, 10.53518424 ], [ -85.74328238, 10.53518577 ] ] ], [ [ [ -85.743124649999984, 10.53520299 ], [ -85.74309794, 10.53521028 ], [ -85.74312464999997, 10.53520299 ], [ -85.74315485, 10.53519695 ], [ -85.743124649999984, 10.53520299 ] ] ], [ [ [ -85.742987179999986, 10.53524858 ], [ -85.74296353, 10.53526434 ], [ -85.742987179999972, 10.53524858 ], [ -85.74301687, 10.53523359 ], [ -85.742987179999986, 10.53524858 ] ] ], [ [ [ -85.742846249999985, 10.53539341 ], [ -85.7428327, 10.53542015 ], [ -85.742846249999971, 10.53539341 ], [ -85.742862369999983, 10.53536947 ], [ -85.742846249999985, 10.53539341 ] ] ], [ [ [ -85.742784949999987, 10.53563271 ], [ -85.74278802, 10.53566062 ], [ -85.742784949999987, 10.53563271 ], [ -85.74278542, 10.5356027 ], [ -85.742784949999987, 10.53563271 ] ] ], [ [ [ -85.743012629999981, 10.53618383 ], [ -85.743026, 10.53620771 ], [ -85.743012629999967, 10.53618383 ], [ -85.74299569999998, 10.53616187 ], [ -85.743012629999981, 10.53618383 ] ] ], [ [ [ -85.743205169999982, 10.53651111 ], [ -85.74319765, 10.53653863 ], [ -85.743205169999968, 10.53651111 ], [ -85.74321926, 10.53648365 ], [ -85.743205169999982, 10.53651111 ] ] ], [ [ [ -85.743216469999979, 10.53662104 ], [ -85.743206889999982, 10.53663853 ], [ -85.743216469999965, 10.53662104 ], [ -85.74320781, 10.53659171 ], [ -85.743216469999979, 10.53662104 ] ] ], [ [ [ -85.743192849999986, 10.53664331 ], [ -85.74316209, 10.53664682 ], [ -85.743192849999986, 10.53664331 ], [ -85.743206889999982, 10.53663853 ], [ -85.743192849999986, 10.53664331 ] ] ], [ [ [ -85.743133889999982, 10.53664987 ], [ -85.74310187, 10.53665691 ], [ -85.743133889999967, 10.53664987 ], [ -85.74316209, 10.53664682 ], [ -85.743133889999982, 10.53664987 ] ] ], [ [ [ -85.742952689999981, 10.53679628 ], [ -85.742926789999984, 10.53682028 ], [ -85.742907209999984, 10.53684624 ], [ -85.742892569999981, 10.53687443 ], [ -85.74288177, 10.53690187 ], [ -85.742892569999967, 10.53687443 ], [ -85.74290720999997, 10.53684624 ], [ -85.742926789999984, 10.53682028 ], [ -85.742952689999967, 10.53679628 ], [ -85.7429746, 10.53677827 ], [ -85.742952689999981, 10.53679628 ] ] ], [ [ [ -85.742867579999981, 10.53696051 ], [ -85.74286282, 10.5369919 ], [ -85.742867579999967, 10.53696051 ], [ -85.7428738, 10.53693011 ], [ -85.742867579999981, 10.53696051 ] ] ], [ [ [ -85.742625619999984, 10.53755806 ], [ -85.74263783, 10.53758546 ], [ -85.74262561999997, 10.53755806 ], [ -85.74262278, 10.5375249 ], [ -85.742625619999984, 10.53755806 ] ] ], [ [ [ -85.742654679999987, 10.53761059 ], [ -85.74266891000002, 10.53763825 ], [ -85.742654679999973, 10.53761059 ], [ -85.74263783, 10.53758546 ], [ -85.742654679999987, 10.53761059 ] ] ], [ [ [ -85.742683499999984, 10.53766845 ], [ -85.74269243, 10.53769587 ], [ -85.74268349999997, 10.53766845 ], [ -85.74266891000002, 10.53763825 ], [ -85.742683499999984, 10.53766845 ] ] ], [ [ [ -85.741977599999984, 10.53760374 ], [ -85.741953509999988, 10.53762348 ], [ -85.741977599999984, 10.53760374 ], [ -85.7420066, 10.53759472 ], [ -85.741977599999984, 10.53760374 ] ] ], [ [ [ -85.741942219999984, 10.53764524 ], [ -85.7419337, 10.53767411 ], [ -85.74194221999997, 10.53764524 ], [ -85.741953509999988, 10.53762348 ], [ -85.741942219999984, 10.53764524 ] ] ], [ [ [ -85.741928929999986, 10.53770234 ], [ -85.74192545, 10.53773354 ], [ -85.741928929999972, 10.53770234 ], [ -85.7419337, 10.53767411 ], [ -85.741928929999986, 10.53770234 ] ] ], [ [ [ -85.741923969999988, 10.53776165 ], [ -85.741923499999984, 10.53779157 ], [ -85.741923969999974, 10.53776165 ], [ -85.74192545, 10.53773354 ], [ -85.741923969999988, 10.53776165 ] ] ], [ [ [ -85.74190068999998, 10.5380076 ], [ -85.741880069999979, 10.5380285 ], [ -85.74186093, 10.5380343 ], [ -85.741880069999965, 10.5380285 ], [ -85.741900689999966, 10.5380076 ], [ -85.74191709, 10.53798483 ], [ -85.74190068999998, 10.5380076 ] ] ], [ [ [ -85.741322359999984, 10.53782597 ], [ -85.74129569, 10.53784301 ], [ -85.74132235999997, 10.53782597 ], [ -85.741345829999986, 10.53780903 ], [ -85.741322359999984, 10.53782597 ] ] ], [ [ [ -85.74124940999998, 10.53787951 ], [ -85.741226769999983, 10.53789699 ], [ -85.741249409999966, 10.53787951 ], [ -85.741271489999988, 10.5378595 ], [ -85.74124940999998, 10.53787951 ] ] ], [ [ [ -85.741215299999979, 10.5380017 ], [ -85.74123052, 10.53802783 ], [ -85.741215299999979, 10.5380017 ], [ -85.74120373, 10.53797357 ], [ -85.741215299999979, 10.5380017 ] ] ], [ [ [ -85.741184909999987, 10.53816735 ], [ -85.741174289999989, 10.53819597 ], [ -85.741184909999973, 10.53816735 ], [ -85.74119966, 10.53814359 ], [ -85.741184909999987, 10.53816735 ] ] ], [ [ [ -85.740350059999983, 10.53815495 ], [ -85.74033273, 10.53817592 ], [ -85.740350059999969, 10.53815495 ], [ -85.740371919999987, 10.53814344 ], [ -85.740350059999983, 10.53815495 ] ] ], [ [ [ -85.740317159999989, 10.53819914 ], [ -85.74029801, 10.53822112 ], [ -85.740317159999989, 10.53819914 ], [ -85.74033273, 10.53817592 ], [ -85.740317159999989, 10.53819914 ] ] ], [ [ [ -85.739877259999986, 10.53827269 ], [ -85.73984856, 10.53828622 ], [ -85.739877259999972, 10.53827269 ], [ -85.73990702, 10.53825445 ], [ -85.739877259999986, 10.53827269 ] ] ], [ [ [ -85.739580250000017, 10.53812701 ], [ -85.73955197, 10.53811713 ], [ -85.739580250000017, 10.53812701 ], [ -85.73960723, 10.538134 ], [ -85.739580250000017, 10.53812701 ] ] ], [ [ [ -85.739415709999989, 10.53813334 ], [ -85.73939254, 10.53813862 ], [ -85.739415709999975, 10.53813334 ], [ -85.7394378, 10.53811659 ], [ -85.739415709999989, 10.53813334 ] ] ], [ [ [ -85.739082909999979, 10.53820168 ], [ -85.73906256, 10.53822068 ], [ -85.739082909999965, 10.53820168 ], [ -85.73910764, 10.53818121 ], [ -85.739082909999979, 10.53820168 ] ] ], [ [ [ -85.739041659999984, 10.53824041 ], [ -85.73901575, 10.53826107 ], [ -85.739041659999984, 10.53824041 ], [ -85.73906256, 10.53822068 ], [ -85.739041659999984, 10.53824041 ] ] ], [ [ [ -85.738945539999989, 10.53831532 ], [ -85.738923439999979, 10.53833207 ], [ -85.738902290000013, 10.53835378 ], [ -85.738923439999965, 10.53833207 ], [ -85.738945539999975, 10.53831532 ], [ -85.73897001, 10.53829684 ], [ -85.738945539999989, 10.53831532 ] ] ], [ [ [ -85.738737279999981, 10.53852162 ], [ -85.73871234, 10.53853766 ], [ -85.738737279999967, 10.53852162 ], [ -85.73875964, 10.53850288 ], [ -85.738737279999981, 10.53852162 ] ] ], [ [ [ -85.738546019999987, 10.53865064 ], [ -85.73852229, 10.53866957 ], [ -85.738546019999973, 10.53865064 ], [ -85.73857013, 10.53863406 ], [ -85.738546019999987, 10.53865064 ] ] ], [ [ [ -85.738486809999984, 10.53871398 ], [ -85.738468039999987, 10.53873422 ], [ -85.738486809999969, 10.53871398 ], [ -85.73848792, 10.53871278 ], [ -85.738486809999984, 10.53871398 ] ] ], [ [ [ -85.738334939999987, 10.53885939 ], [ -85.738321839999983, 10.53888531 ], [ -85.738334939999973, 10.53885939 ], [ -85.738350969999985, 10.53883545 ], [ -85.738334939999987, 10.53885939 ] ] ], [ [ [ -85.738310019999986, 10.53891105 ], [ -85.73829545, 10.53893598 ], [ -85.738310019999972, 10.53891105 ], [ -85.738321839999983, 10.53888531 ], [ -85.738310019999986, 10.53891105 ] ] ], [ [ [ -85.73824544999998, 10.53900892 ], [ -85.73822913, 10.5390316 ], [ -85.738245449999965, 10.53900892 ], [ -85.73826202, 10.53898415 ], [ -85.73824544999998, 10.53900892 ] ] ], [ [ [ -85.738187669999988, 10.53924286 ], [ -85.7381781, 10.53926361 ], [ -85.738187669999974, 10.53924286 ], [ -85.73818787, 10.53921493 ], [ -85.738187669999988, 10.53924286 ] ] ], [ [ [ -85.73814188999998, 10.5392883 ], [ -85.738112859999987, 10.5392909 ], [ -85.73814188999998, 10.5392883 ], [ -85.73815922, 10.5392835 ], [ -85.73814188999998, 10.5392883 ] ] ], [ [ [ -85.738056469999989, 10.53930015 ], [ -85.738028019999987, 10.53930844 ], [ -85.738056469999975, 10.53930015 ], [ -85.73808539, 10.53929439 ], [ -85.738056469999989, 10.53930015 ] ] ], [ [ [ -85.737993119999985, 10.53937181 ], [ -85.7379931, 10.539401 ], [ -85.73799311999997, 10.53937181 ], [ -85.73800211, 10.53934537 ], [ -85.737993119999985, 10.53937181 ] ] ], [ [ [ -85.738035539999984, 10.5394775 ], [ -85.7380442, 10.53950691 ], [ -85.73803553999997, 10.5394775 ], [ -85.738022709999981, 10.5394528 ], [ -85.738035539999984, 10.5394775 ] ] ], [ [ [ -85.73805283999998, 10.53956543 ], [ -85.738054189999986, 10.53959443 ], [ -85.73805119, 10.53962807 ], [ -85.738054189999971, 10.53959443 ], [ -85.738052839999966, 10.53956543 ], [ -85.73804875, 10.53953581 ], [ -85.73805283999998, 10.53956543 ] ] ], [ [ [ -85.737916649999988, 10.5398073 ], [ -85.73791798, 10.53983296 ], [ -85.737916649999974, 10.5398073 ], [ -85.7379252, 10.53978484 ], [ -85.737916649999988, 10.5398073 ] ] ], [ [ [ -85.737994799999981, 10.54006312 ], [ -85.738006299999981, 10.54007667 ], [ -85.73802625, 10.5401006 ], [ -85.738006299999967, 10.54007667 ], [ -85.737994799999981, 10.54006312 ], [ -85.73798561, 10.54005229 ], [ -85.737994799999981, 10.54006312 ] ] ], [ [ [ -85.738112359999988, 10.54017876 ], [ -85.738123009999981, 10.54020518 ], [ -85.738112359999974, 10.54017876 ], [ -85.738095429999987, 10.5401568 ], [ -85.738112359999988, 10.54017876 ] ] ], [ [ [ -85.738122989999979, 10.54023437 ], [ -85.73811249, 10.54025007 ], [ -85.738122989999979, 10.54023437 ], [ -85.738123009999981, 10.54020518 ], [ -85.738122989999979, 10.54023437 ] ] ], [ [ [ -85.738059309999983, 10.54027883 ], [ -85.73803116, 10.54029154 ], [ -85.738059309999969, 10.54027883 ], [ -85.73808729, 10.5402681 ], [ -85.738059309999983, 10.54027883 ] ] ], [ [ [ -85.73799065999998, 10.54033406 ], [ -85.737982619999983, 10.54036547 ], [ -85.73798822, 10.5403864 ], [ -85.737982619999968, 10.54036547 ], [ -85.737990659999966, 10.54033406 ], [ -85.73799628, 10.54032622 ], [ -85.73799065999998, 10.54033406 ] ] ], [ [ [ -85.737983569999983, 10.54076212 ], [ -85.737956579999988, 10.5407714 ], [ -85.737983569999983, 10.54076212 ], [ -85.73799866, 10.5407509 ], [ -85.737983569999983, 10.54076212 ] ] ], [ [ [ -85.737549199999989, 10.54063419 ], [ -85.737549199999989, 10.54063419 ], [ -85.737579400000016, 10.54062815 ], [ -85.737549199999989, 10.54063419 ] ] ], [ [ [ -85.737284049999985, 10.54058404 ], [ -85.737262139999984, 10.54060205 ], [ -85.73723997, 10.54062197 ], [ -85.73726213999997, 10.54060205 ], [ -85.737284049999971, 10.54058404 ], [ -85.737305399999983, 10.54056359 ], [ -85.737284049999985, 10.54058404 ] ] ], [ [ [ -85.737207139999981, 10.54087565 ], [ -85.73721599, 10.54090624 ], [ -85.737207139999967, 10.54087565 ], [ -85.737195499999984, 10.54085068 ], [ -85.737207139999981, 10.54087565 ] ] ], [ [ [ -85.737188929999988, 10.54113025 ], [ -85.73717766, 10.54115517 ], [ -85.737188929999974, 10.54113025 ], [ -85.737192429999979, 10.54110231 ], [ -85.737188929999988, 10.54113025 ] ] ], [ [ [ -85.737122319999983, 10.54122136 ], [ -85.737101699999982, 10.54124235 ], [ -85.737077219999989, 10.54125757 ], [ -85.73705258, 10.54126187 ], [ -85.737077219999975, 10.54125757 ], [ -85.737101699999968, 10.54124235 ], [ -85.737122319999969, 10.54122136 ], [ -85.73714038, 10.54120083 ], [ -85.737122319999983, 10.54122136 ] ] ], [ [ [ -85.736811470000021, 10.54114977 ], [ -85.73678753, 10.54113191 ], [ -85.736811470000021, 10.54114977 ], [ -85.73683596, 10.54116699 ], [ -85.736811470000021, 10.54114977 ] ] ], [ [ [ -85.736202919999982, 10.54098718 ], [ -85.73617781999998, 10.54100521 ], [ -85.736202919999968, 10.54098718 ], [ -85.73622511, 10.54097052 ], [ -85.736202919999982, 10.54098718 ] ] ], [ [ [ -85.735970109999982, 10.54126266 ], [ -85.73595096, 10.54128454 ], [ -85.735970109999968, 10.54126266 ], [ -85.73598888, 10.54123942 ], [ -85.735970109999982, 10.54126266 ] ] ], [ [ [ -85.73587277999998, 10.54138321 ], [ -85.73585262, 10.54140348 ], [ -85.735872779999966, 10.54138321 ], [ -85.73589212, 10.5413625 ], [ -85.73587277999998, 10.54138321 ] ] ], [ [ [ -85.73583026999998, 10.54142538 ], [ -85.7358081, 10.54144538 ], [ -85.735830269999965, 10.54142538 ], [ -85.73585262, 10.54140348 ], [ -85.73583026999998, 10.54142538 ] ] ], [ [ [ -85.735786939999983, 10.5414671 ], [ -85.73576561, 10.5414908 ], [ -85.735786939999969, 10.5414671 ], [ -85.7358081, 10.54144538 ], [ -85.735786939999983, 10.5414671 ] ] ], [ [ [ -85.73573383999998, 10.54165673 ], [ -85.73575131, 10.54167787 ], [ -85.735733839999966, 10.54165673 ], [ -85.735717459999989, 10.54163404 ], [ -85.73573383999998, 10.54165673 ] ] ], [ [ [ -85.735819389999989, 10.54173236 ], [ -85.735846429999981, 10.54174902 ], [ -85.735819389999975, 10.54173236 ], [ -85.73579519, 10.5417164 ], [ -85.735819389999989, 10.54173236 ] ] ], [ [ [ -85.735873969999986, 10.54179089 ], [ -85.73586944, 10.54181378 ], [ -85.735873969999972, 10.54179089 ], [ -85.735867090000013, 10.54177014 ], [ -85.735873969999986, 10.54179089 ] ] ], [ [ [ -85.735771339999985, 10.54192738 ], [ -85.73574695, 10.5419427 ], [ -85.735771339999971, 10.54192738 ], [ -85.73579754, 10.5419079 ], [ -85.735771339999985, 10.54192738 ] ] ], [ [ [ -85.735721749999982, 10.54196064 ], [ -85.73565478, 10.54200511 ], [ -85.735721749999968, 10.54196064 ], [ -85.73574695, 10.5419427 ], [ -85.735721749999982, 10.54196064 ] ] ], [ [ [ -85.735539499999987, 10.54206639 ], [ -85.73551962, 10.54208792 ], [ -85.735539499999987, 10.54206639 ], [ -85.73556718, 10.54205114 ], [ -85.735539499999987, 10.54206639 ] ] ], [ [ [ -85.73549887999998, 10.54216919 ], [ -85.73549685, 10.54219812 ], [ -85.73549887999998, 10.54216919 ], [ -85.73550028, 10.54214107 ], [ -85.73549887999998, 10.54216919 ] ] ], [ [ [ -85.735483839999986, 10.54225648 ], [ -85.73547386, 10.54228447 ], [ -85.735483839999972, 10.54225648 ], [ -85.735491629999984, 10.54222707 ], [ -85.735483839999986, 10.54225648 ] ] ], [ [ [ -85.735294049999979, 10.54264651 ], [ -85.73530645, 10.54267518 ], [ -85.735294049999965, 10.54264651 ], [ -85.73529125, 10.54261986 ], [ -85.735294049999979, 10.54264651 ] ] ], [ [ [ -85.735369869999985, 10.54279675 ], [ -85.73536924, 10.5428151 ], [ -85.735369869999971, 10.54279675 ], [ -85.735370529999983, 10.5427681 ], [ -85.735369869999985, 10.54279675 ] ] ], [ [ [ -85.735378089999983, 10.54291121 ], [ -85.735379274999985, 10.542926525000379 ], [ -85.735378089999969, 10.54291121 ], [ -85.735375819999987, 10.5428805 ], [ -85.735378089999983, 10.54291121 ] ] ], [ [ [ -85.73538302999998, 10.54297698 ], [ -85.73538684, 10.54300543 ], [ -85.735383029999966, 10.54297698 ], [ -85.735381745, 10.542959410000499 ], [ -85.73538302999998, 10.54297698 ] ] ], [ [ [ -85.735493099999985, 10.54325663 ], [ -85.73550046, 10.54328298 ], [ -85.735493099999971, 10.54325663 ], [ -85.73547971, 10.54322941 ], [ -85.735493099999985, 10.54325663 ] ] ], [ [ [ -85.735501269999986, 10.54331271 ], [ -85.735504349999985, 10.54334062 ], [ -85.735511169999981, 10.54336779 ], [ -85.735504349999971, 10.54334062 ], [ -85.735501269999972, 10.54331271 ], [ -85.73550046, 10.54328298 ], [ -85.735501269999986, 10.54331271 ] ] ], [ [ [ -85.735810969999989, 10.54363601 ], [ -85.735789859999983, 10.54365121 ], [ -85.73576542, 10.54365677 ], [ -85.735789859999983, 10.54365121 ], [ -85.735810969999974, 10.54363601 ], [ -85.73582781, 10.54360934 ], [ -85.735810969999989, 10.54363601 ] ] ], [ [ [ -85.735682469999986, 10.54370071 ], [ -85.735670749999983, 10.54371332 ], [ -85.735682469999972, 10.54370071 ], [ -85.73569008, 10.54369252 ], [ -85.735682469999986, 10.54370071 ] ] ], [ [ [ -85.735466139999986, 10.54388969 ], [ -85.7354425, 10.54390862 ], [ -85.735466139999971, 10.54388969 ], [ -85.73548832, 10.54386968 ], [ -85.735466139999986, 10.54388969 ] ] ], [ [ [ -85.735197859999985, 10.54406188 ], [ -85.73517594, 10.5440799 ], [ -85.735197859999971, 10.54406188 ], [ -85.73521996, 10.54404513 ], [ -85.735197859999985, 10.54406188 ] ] ], [ [ [ -85.735155329999984, 10.54410088 ], [ -85.735132689999986, 10.54411836 ], [ -85.73510444, 10.54413108 ], [ -85.735132689999972, 10.54411836 ], [ -85.735155329999984, 10.54410088 ], [ -85.73517594, 10.5440799 ], [ -85.735155329999984, 10.54410088 ] ] ], [ [ [ -85.732321269999986, 10.54302901 ], [ -85.73229308, 10.54303531 ], [ -85.732321269999971, 10.54302901 ], [ -85.73235404, 10.54302575 ], [ -85.732321269999986, 10.54302901 ] ] ], [ [ [ -85.732166939999985, 10.54306564 ], [ -85.7321364, 10.54307692 ], [ -85.732166939999971, 10.54306564 ], [ -85.73219685, 10.54305843 ], [ -85.732166939999985, 10.54306564 ] ] ], [ [ [ -85.732108699999984, 10.54308891 ], [ -85.732082559999981, 10.54310198 ], [ -85.732108699999969, 10.54308891 ], [ -85.7321364, 10.54307692 ], [ -85.732108699999984, 10.54308891 ] ] ], [ [ [ -85.731973289999985, 10.54316069 ], [ -85.73195138, 10.54317871 ], [ -85.731973289999971, 10.54316069 ], [ -85.7320005, 10.54314301 ], [ -85.731973289999985, 10.54316069 ] ] ], [ [ [ -85.731861269999982, 10.54325114 ], [ -85.73184021, 10.54327295 ], [ -85.731861269999968, 10.54325114 ], [ -85.73188518, 10.54323022 ], [ -85.731861269999982, 10.54325114 ] ] ], [ [ [ -85.731739079999983, 10.54341693 ], [ -85.73172279, 10.54344286 ], [ -85.731739079999969, 10.54341693 ], [ -85.73175447, 10.54339244 ], [ -85.731739079999983, 10.54341693 ] ] ], [ [ [ -85.73163452999998, 10.54356942 ], [ -85.73161969, 10.54359318 ], [ -85.731634529999965, 10.54356942 ], [ -85.731652109999985, 10.54354321 ], [ -85.73163452999998, 10.54356942 ] ] ], [ [ [ -85.731603849999985, 10.54361839 ], [ -85.73158627, 10.54364461 ], [ -85.731603849999971, 10.54361839 ], [ -85.73161969, 10.54359318 ], [ -85.731603849999985, 10.54361839 ] ] ], [ [ [ -85.731531589999989, 10.54372346 ], [ -85.73151842999998, 10.54374566 ], [ -85.7315006, 10.54377387 ], [ -85.731518429999966, 10.54374566 ], [ -85.731531589999975, 10.54372346 ], [ -85.731534989999986, 10.54371773 ], [ -85.731531589999989, 10.54372346 ] ] ], [ [ [ -85.731419369999983, 10.54389966 ], [ -85.73140509, 10.54392586 ], [ -85.731419369999969, 10.54389966 ], [ -85.73143521, 10.54387445 ], [ -85.731419369999983, 10.54389966 ] ] ], [ [ [ -85.731331539999985, 10.54408578 ], [ -85.73131892, 10.54411422 ], [ -85.731331539999971, 10.54408578 ], [ -85.7313428, 10.54405761 ], [ -85.731331539999985, 10.54408578 ] ] ], [ [ [ -85.731238239999982, 10.5442393 ], [ -85.73122166, 10.54426406 ], [ -85.731238239999968, 10.5442393 ], [ -85.73125464, 10.54421661 ], [ -85.731238239999982, 10.5442393 ] ] ], [ [ [ -85.730984359999979, 10.54460454 ], [ -85.73096824, 10.54462849 ], [ -85.730984359999965, 10.54460454 ], [ -85.73099819, 10.54457907 ], [ -85.730984359999979, 10.54460454 ] ] ], [ [ [ -85.73091171999998, 10.54469812 ], [ -85.730888309999983, 10.54472482 ], [ -85.73086769, 10.54474581 ], [ -85.730888309999969, 10.54472482 ], [ -85.73091171999998, 10.54469812 ], [ -85.73093305, 10.54467441 ], [ -85.73091171999998, 10.54469812 ] ] ], [ [ [ -85.730823159999986, 10.54478455 ], [ -85.7307975, 10.54480331 ], [ -85.730823159999971, 10.54478455 ], [ -85.73084452, 10.54476726 ], [ -85.730823159999986, 10.54478455 ] ] ], [ [ [ -85.730594489999987, 10.54485548 ], [ -85.730565269999985, 10.54485673 ], [ -85.730594489999973, 10.54485548 ], [ -85.730622149999988, 10.54485316 ], [ -85.730594489999987, 10.54485548 ] ] ], [ [ [ -85.729698639999981, 10.54453747 ], [ -85.729667889999988, 10.54454432 ], [ -85.72963742, 10.5445491 ], [ -85.729667889999973, 10.54454432 ], [ -85.729698639999967, 10.54453747 ], [ -85.72972611, 10.54453397 ], [ -85.729698639999981, 10.54453747 ] ] ], [ [ [ -85.72915651000001, 10.54413473 ], [ -85.729146140000012, 10.544125750000132 ], [ -85.72915651000001, 10.54413473 ], [ -85.729178909999987, 10.54415485 ], [ -85.72915651000001, 10.54413473 ] ] ], [ [ [ -85.729113110000014, 10.54409863 ], [ -85.7291016, 10.544090515000107 ], [ -85.729113110000014, 10.54409863 ], [ -85.72912444, 10.544107700000133 ], [ -85.729113110000014, 10.54409863 ] ] ], [ [ [ -85.72881172000001, 10.5439545 ], [ -85.728782, 10.5439468 ], [ -85.72881172000001, 10.5439545 ], [ -85.72884043, 10.5439604 ], [ -85.72881172000001, 10.5439545 ] ] ], [ [ [ -85.728499219999989, 10.54394546 ], [ -85.72847362, 10.54395771 ], [ -85.728499219999975, 10.54394546 ], [ -85.72852473, 10.5439352 ], [ -85.728499219999989, 10.54394546 ] ] ], [ [ [ -85.728394489999985, 10.5440008 ], [ -85.72837138, 10.54401575 ], [ -85.728394489999985, 10.5440008 ], [ -85.728407605, 10.543994265000066 ], [ -85.728394489999985, 10.5440008 ] ] ], [ [ [ -85.728044609999984, 10.5443644 ], [ -85.728026749999984, 10.54438935 ], [ -85.728044609999969, 10.5443644 ], [ -85.72806446, 10.54433636 ], [ -85.728044609999984, 10.5443644 ] ] ], [ [ [ -85.727925679999984, 10.54454309 ], [ -85.72791166, 10.5445673 ], [ -85.72792567999997, 10.54454309 ], [ -85.727941529999981, 10.54451788 ], [ -85.727925679999984, 10.54454309 ] ] ], [ [ [ -85.727867439999983, 10.54464617 ], [ -85.727853609999983, 10.54467164 ], [ -85.727867439999969, 10.54464617 ], [ -85.727880729999981, 10.54462142 ], [ -85.727867439999983, 10.54464617 ] ] ], [ [ [ -85.727785719999986, 10.54476618 ], [ -85.72777619999998, 10.54479344 ], [ -85.72776666999998, 10.5448206 ], [ -85.727776199999965, 10.54479344 ], [ -85.727785719999986, 10.54476618 ], [ -85.72780102, 10.54474179 ], [ -85.727785719999986, 10.54476618 ] ] ], [ [ [ -85.727780429999981, 10.54489762 ], [ -85.72779681, 10.5449203 ], [ -85.727780429999967, 10.54489762 ], [ -85.72776905, 10.54487075 ], [ -85.727780429999981, 10.54489762 ] ] ], [ [ [ -85.727835409999983, 10.54496185 ], [ -85.72784961, 10.54498626 ], [ -85.727835409999969, 10.54496185 ], [ -85.72781729, 10.54494017 ], [ -85.727835409999983, 10.54496185 ] ] ], [ [ [ -85.72795112999998, 10.54543615 ], [ -85.727935459999983, 10.54544319 ], [ -85.727951129999965, 10.54543615 ], [ -85.727960449999983, 10.54542073 ], [ -85.72795112999998, 10.54543615 ] ] ], [ [ [ -85.727802399999987, 10.54554559 ], [ -85.72778623, 10.54555987 ], [ -85.727802399999973, 10.54554559 ], [ -85.727806545, 10.545535355000167 ], [ -85.727802399999987, 10.54554559 ] ] ], [ [ [ -85.727721509999981, 10.54558318 ], [ -85.7276936, 10.54559065 ], [ -85.727721509999967, 10.54558318 ], [ -85.72775652, 10.5455716 ], [ -85.727721509999981, 10.54558318 ] ] ], [ [ [ -85.727548789999986, 10.54566492 ], [ -85.72753068, 10.54567568 ], [ -85.727548789999972, 10.54566492 ], [ -85.72756364, 10.54564125 ], [ -85.727548789999986, 10.54566492 ] ] ], [ [ [ -85.727470019999984, 10.54568975 ], [ -85.72744305, 10.54570228 ], [ -85.72747001999997, 10.54568975 ], [ -85.7274974, 10.54568626 ], [ -85.727470019999984, 10.54568975 ] ] ], [ [ [ -85.727375609999982, 10.54577667 ], [ -85.72734438, 10.54577774 ], [ -85.727375609999967, 10.54577667 ], [ -85.727395299999984, 10.54577014 ], [ -85.727375609999982, 10.54577667 ] ] ], [ [ [ -85.727279519999982, 10.54585817 ], [ -85.727286359999979, 10.5458885 ], [ -85.727279519999968, 10.54585817 ], [ -85.7272696, 10.5458322 ], [ -85.727279519999982, 10.54585817 ] ] ], [ [ [ -85.727285699999982, 10.54591724 ], [ -85.727277629999989, 10.54594539 ], [ -85.72726581000002, 10.54597113 ], [ -85.727277629999975, 10.54594539 ], [ -85.727285699999968, 10.54591724 ], [ -85.727286359999979, 10.5458885 ], [ -85.727285699999982, 10.54591724 ] ] ], [ [ [ -85.727256829999988, 10.54599756 ], [ -85.72725806, 10.54602322 ], [ -85.727256829999973, 10.54599756 ], [ -85.72726581000002, 10.54597113 ], [ -85.727256829999988, 10.54599756 ] ] ], [ [ [ -85.727277879999988, 10.54612045 ], [ -85.727261109999986, 10.54614386 ], [ -85.72724069, 10.54616612 ], [ -85.727261109999972, 10.54614386 ], [ -85.727277879999974, 10.54612045 ], [ -85.727286709999987, 10.54609926 ], [ -85.727277879999988, 10.54612045 ] ] ], [ [ [ -85.727208369999985, 10.54626788 ], [ -85.727222289999986, 10.54629112 ], [ -85.727208369999971, 10.54626788 ], [ -85.727204019999988, 10.54624024 ], [ -85.727208369999985, 10.54626788 ] ] ], [ [ [ -85.727199769999984, 10.54641225 ], [ -85.72718722, 10.54643754 ], [ -85.72719976999997, 10.54641225 ], [ -85.72721762, 10.5463873 ], [ -85.727199769999984, 10.54641225 ] ] ], [ [ [ -85.727079779999983, 10.54651467 ], [ -85.727080569999984, 10.54654115 ], [ -85.727079779999968, 10.54651467 ], [ -85.72708976, 10.54648678 ], [ -85.727079779999983, 10.54651467 ] ] ], [ [ [ -85.727064269999985, 10.54661571 ], [ -85.72704033, 10.54663021 ], [ -85.727064269999971, 10.54661571 ], [ -85.727077399999985, 10.54659621 ], [ -85.727064269999985, 10.54661571 ] ] ], [ [ [ -85.726464519999979, 10.5464611 ], [ -85.72644069, 10.54647885 ], [ -85.726464519999965, 10.5464611 ], [ -85.72648927, 10.54644388 ], [ -85.726464519999979, 10.5464611 ] ] ], [ [ [ -85.726322149999987, 10.546579 ], [ -85.726292929999985, 10.54659651 ], [ -85.726322149999987, 10.546579 ], [ -85.72634506, 10.54655954 ], [ -85.726322149999987, 10.546579 ] ] ], [ [ [ -85.726235139999986, 10.54666642 ], [ -85.72620919, 10.54668066 ], [ -85.726235139999972, 10.54666642 ], [ -85.72625519, 10.5466429 ], [ -85.726235139999986, 10.54666642 ] ] ], [ [ [ -85.726132399999983, 10.54675112 ], [ -85.726104489999983, 10.54675859 ], [ -85.72607881, 10.54677085 ], [ -85.726104489999969, 10.54675859 ], [ -85.726132399999969, 10.54675112 ], [ -85.72615884, 10.54674257 ], [ -85.726132399999983, 10.54675112 ] ] ], [ [ [ -85.726055599999981, 10.54678588 ], [ -85.72602745, 10.5467986 ], [ -85.726055599999967, 10.54678588 ], [ -85.72607881, 10.54677085 ], [ -85.726055599999981, 10.54678588 ] ] ], [ [ [ -85.725976319999987, 10.54681795 ], [ -85.7259579, 10.54684037 ], [ -85.725976319999972, 10.54681795 ], [ -85.72600045, 10.54680471 ], [ -85.725976319999987, 10.54681795 ] ] ], [ [ [ -85.725947369999986, 10.54686908 ], [ -85.72594113, 10.54689623 ], [ -85.725947369999972, 10.54686908 ], [ -85.7259579, 10.54684037 ], [ -85.725947369999986, 10.54686908 ] ] ], [ [ [ -85.726211479999989, 10.54733841 ], [ -85.72621052, 10.54736264 ], [ -85.726211479999975, 10.54733841 ], [ -85.726223299999987, 10.54731268 ], [ -85.726211479999989, 10.54733841 ] ] ], [ [ [ -85.72635176999998, 10.54789473 ], [ -85.726375729999987, 10.54791584 ], [ -85.726351769999965, 10.54789473 ], [ -85.72633933, 10.54787582 ], [ -85.72635176999998, 10.54789473 ] ] ], [ [ [ -85.726392239999981, 10.54817395 ], [ -85.726409649999979, 10.54820161 ], [ -85.726430429999979, 10.54822598 ], [ -85.72644456, 10.54825365 ], [ -85.726430429999965, 10.54822598 ], [ -85.726409649999965, 10.54820161 ], [ -85.726392239999967, 10.54817395 ], [ -85.7263869, 10.54815103 ], [ -85.726392239999981, 10.54817395 ] ] ], [ [ [ -85.726239279999987, 10.5486227 ], [ -85.72621968, 10.54864549 ], [ -85.726239279999973, 10.5486227 ], [ -85.726262449999979, 10.54860124 ], [ -85.726239279999987, 10.5486227 ] ] ], [ [ [ -85.726089089999988, 10.5487636 ], [ -85.726074719999986, 10.5487898 ], [ -85.72605588, 10.54881946 ], [ -85.726074719999971, 10.5487898 ], [ -85.726089089999988, 10.5487636 ], [ -85.72610467, 10.54874038 ], [ -85.726089089999988, 10.5487636 ] ] ], [ [ [ -85.726029039999986, 10.54887094 ], [ -85.726030279999989, 10.5488966 ], [ -85.72604115999998, 10.54891452 ], [ -85.7260445, 10.54894044 ], [ -85.726041159999966, 10.54891452 ], [ -85.726030279999975, 10.5488966 ], [ -85.726029039999972, 10.54887094 ], [ -85.72603985, 10.54884349 ], [ -85.726029039999986, 10.54887094 ] ] ], [ [ [ -85.726036459999989, 10.54895567 ], [ -85.72601782, 10.54897041 ], [ -85.726036459999989, 10.54895567 ], [ -85.7260445, 10.54894044 ], [ -85.726036459999989, 10.54895567 ] ] ], [ [ [ -85.725934739999985, 10.54899346 ], [ -85.725912369999989, 10.5490122 ], [ -85.725889949999981, 10.54903745 ], [ -85.725912369999975, 10.5490122 ], [ -85.725934739999985, 10.54899346 ], [ -85.725960429999986, 10.54898121 ], [ -85.725934739999985, 10.54899346 ] ] ], [ [ [ -85.725696989999989, 10.54915134 ], [ -85.725691579999989, 10.54915421 ], [ -85.725696989999975, 10.54915134 ], [ -85.72571699, 10.5491407 ], [ -85.725696989999989, 10.54915134 ] ] ], [ [ [ -85.72544467, 10.54691999 ], [ -85.725454559999989, 10.54690774 ], [ -85.725454559999989, 10.54690774 ], [ -85.72544467, 10.54691999 ] ] ], [ [ [ -85.725409839999983, 10.54699583 ], [ -85.72539758, 10.54702446 ], [ -85.725409839999969, 10.54699583 ], [ -85.72541763, 10.54696849 ], [ -85.725409839999983, 10.54699583 ] ] ], [ [ [ -85.725326749999979, 10.54709877 ], [ -85.725326749999979, 10.54709877 ], [ -85.72534362, 10.54709335 ], [ -85.725326749999979, 10.54709877 ] ] ], [ [ [ -85.724484530000012, 10.54617727 ], [ -85.72444896, 10.54617005 ], [ -85.724484530000012, 10.54617727 ], [ -85.72451681, 10.54618441 ], [ -85.724484530000012, 10.54617727 ] ] ], [ [ [ -85.723770229999985, 10.54606819 ], [ -85.723770229999971, 10.54606819 ], [ -85.72380019, 10.5460674 ], [ -85.723770229999985, 10.54606819 ] ] ], [ [ [ -85.722950979999979, 10.54602286 ], [ -85.72291646, 10.54602386 ], [ -85.722950979999979, 10.54602286 ], [ -85.72297838, 10.54602253 ], [ -85.722950979999979, 10.54602286 ] ] ], [ [ [ -85.722524029999988, 10.54604651 ], [ -85.7225148, 10.54604692 ], [ -85.722524029999974, 10.54604651 ], [ -85.722547309999982, 10.54604566 ], [ -85.722524029999988, 10.54604651 ] ] ], [ [ [ -85.721948199999986, 10.54613542 ], [ -85.72192157, 10.54614261 ], [ -85.721948199999972, 10.54613542 ], [ -85.72197693, 10.54612839 ], [ -85.721948199999986, 10.54613542 ] ] ], [ [ [ -85.721865399999984, 10.54615973 ], [ -85.721836399999987, 10.54616874 ], [ -85.72186539999997, 10.54615973 ], [ -85.721894299999988, 10.54615071 ], [ -85.721865399999984, 10.54615973 ] ] ], [ [ [ -85.721678239999989, 10.54620612 ], [ -85.721650499999981, 10.54621169 ], [ -85.721678239999974, 10.54620612 ], [ -85.72171099, 10.54619961 ], [ -85.721678239999989, 10.54620612 ] ] ], [ [ [ -85.721622309999987, 10.5462179 ], [ -85.72158958, 10.54622766 ], [ -85.721622309999972, 10.5462179 ], [ -85.721650499999981, 10.54621169 ], [ -85.721622309999987, 10.5462179 ] ] ], [ [ [ -85.721490569999986, 10.54625974 ], [ -85.72146341, 10.546271 ], [ -85.721490569999972, 10.54625974 ], [ -85.72152257, 10.54624953 ], [ -85.721490569999986, 10.54625974 ] ] ], [ [ [ -85.721380499999981, 10.54630833 ], [ -85.72135363, 10.54632085 ], [ -85.721380499999981, 10.54630833 ], [ -85.72140929, 10.54629479 ], [ -85.721380499999981, 10.54630833 ] ] ], [ [ [ -85.721241259999985, 10.54636467 ], [ -85.72121382, 10.54637467 ], [ -85.721241259999971, 10.54636467 ], [ -85.721270510000011, 10.54635366 ], [ -85.721241259999985, 10.54636467 ] ] ], [ [ [ -85.721047189999979, 10.54645068 ], [ -85.72101842, 10.54646746 ], [ -85.721047189999965, 10.54645068 ], [ -85.72107506, 10.5464367 ], [ -85.721047189999979, 10.54645068 ] ] ], [ [ [ -85.720941169999989, 10.54651922 ], [ -85.7209155, 10.54653472 ], [ -85.720941169999975, 10.54651922 ], [ -85.720965559999982, 10.54650399 ], [ -85.720941169999989, 10.54651922 ] ] ], [ [ [ -85.720585949999986, 10.54674764 ], [ -85.72056111, 10.54676368 ], [ -85.720585949999972, 10.54674764 ], [ -85.720610419999986, 10.54672916 ], [ -85.720585949999986, 10.54674764 ] ] ], [ [ [ -85.720428519999984, 10.54691723 ], [ -85.72042658, 10.54694616 ], [ -85.720428519999984, 10.54691723 ], [ -85.72043301, 10.54688774 ], [ -85.720428519999984, 10.54691723 ] ] ], [ [ [ -85.720159219999985, 10.54758315 ], [ -85.720169609999985, 10.54761156 ], [ -85.72017999, 10.54763997 ], [ -85.720169609999971, 10.54761156 ], [ -85.720159219999971, 10.54758315 ], [ -85.72015039, 10.54755572 ], [ -85.720159219999985, 10.54758315 ] ] ], [ [ [ -85.720192469999986, 10.54774962 ], [ -85.72018167, 10.54777706 ], [ -85.720192469999972, 10.54774962 ], [ -85.720198249999981, 10.54771994 ], [ -85.720192469999986, 10.54774962 ] ] ], [ [ [ -85.720047159999979, 10.54778249 ], [ -85.720036820000018, 10.54779629 ], [ -85.720047159999979, 10.54778249 ], [ -85.7200665, 10.54777796 ], [ -85.720047159999979, 10.54778249 ] ] ], [ [ [ -85.719965290000019, 10.54780861 ], [ -85.719952420000013, 10.54779367 ], [ -85.719947224999984, 10.547779465000328 ], [ -85.719952420000013, 10.54779367 ], [ -85.719965290000019, 10.54780861 ], [ -85.71997892, 10.547812690000027 ], [ -85.719965290000019, 10.54780861 ] ] ], [ [ [ -85.719810669999987, 10.54772856 ], [ -85.71979108, 10.54775451 ], [ -85.719810669999973, 10.54772856 ], [ -85.71983008, 10.5477046 ], [ -85.719810669999987, 10.54772856 ] ] ], [ [ [ -85.719613919999986, 10.54792412 ], [ -85.7195933, 10.54794502 ], [ -85.719613919999972, 10.54792412 ], [ -85.71963262, 10.54790287 ], [ -85.719613919999986, 10.54792412 ] ] ], [ [ [ -85.71903365999998, 10.54805597 ], [ -85.71900826, 10.54807012 ], [ -85.71903365999998, 10.54805597 ], [ -85.71906081, 10.54804354 ], [ -85.71903365999998, 10.54805597 ] ] ], [ [ [ -85.718934619999985, 10.54811598 ], [ -85.718905689999985, 10.54813611 ], [ -85.71888359, 10.54815358 ], [ -85.718905689999971, 10.54813611 ], [ -85.71893461999997, 10.54811598 ], [ -85.71895791999998, 10.54810094 ], [ -85.718934619999985, 10.54811598 ] ] ], [ [ [ -85.718861319999988, 10.54817205 ], [ -85.71883986, 10.54818943 ], [ -85.718861319999988, 10.54817205 ], [ -85.71888359, 10.54815358 ], [ -85.718861319999988, 10.54817205 ] ] ], [ [ [ -85.718128969999981, 10.5489268 ], [ -85.71807483, 10.54906112 ], [ -85.718128969999967, 10.5489268 ], [ -85.7181451, 10.54890249 ], [ -85.718128969999981, 10.5489268 ] ] ], [ [ [ -85.717879789999984, 10.54964765 ], [ -85.71787328, 10.54970841 ], [ -85.717879789999969, 10.54964765 ], [ -85.7178937, 10.54958611 ], [ -85.717879789999984, 10.54964765 ] ] ], [ [ [ -85.717872459999981, 10.54977575 ], [ -85.71787528, 10.54983846 ], [ -85.717872459999967, 10.54977575 ], [ -85.71787328, 10.54970841 ], [ -85.717872459999981, 10.54977575 ] ] ], [ [ [ -85.717880939999986, 10.55000327 ], [ -85.71789043, 10.55003359 ], [ -85.717880939999972, 10.55000327 ], [ -85.71787463, 10.54995243 ], [ -85.717880939999986, 10.55000327 ] ] ], [ [ [ -85.717933949999988, 10.55010719 ], [ -85.717986819999979, 10.55015589 ], [ -85.717933949999974, 10.55010719 ], [ -85.71789777, 10.55005696 ], [ -85.717933949999988, 10.55010719 ] ] ], [ [ [ -85.718547699999988, 10.55056225 ], [ -85.71857273, 10.55058019 ], [ -85.718547699999974, 10.55056225 ], [ -85.71852222, 10.55054657 ], [ -85.718547699999988, 10.55056225 ] ] ], [ [ [ -85.718653299999986, 10.55066389 ], [ -85.718666959999979, 10.55069075 ], [ -85.718653299999971, 10.55066389 ], [ -85.71863636, 10.55064121 ], [ -85.718653299999986, 10.55066389 ] ] ], [ [ [ -85.717753239999979, 10.55171192 ], [ -85.71768050999998, 10.55172479 ], [ -85.717753239999965, 10.55171192 ], [ -85.717818869999974, 10.55170533 ], [ -85.717818869999988, 10.55170533 ], [ -85.717753239999979, 10.55171192 ] ] ], [ [ [ -85.717534159999985, 10.55173552 ], [ -85.7174227, 10.55174788 ], [ -85.717534159999971, 10.55173552 ], [ -85.717573959999982, 10.5517316 ], [ -85.717534159999985, 10.55173552 ] ] ], [ [ [ -85.717176079999987, 10.5518283 ], [ -85.71711687, 10.55192189 ], [ -85.717176079999973, 10.5518283 ], [ -85.71725173, 10.55178279 ], [ -85.717176079999987, 10.5518283 ] ] ], [ [ [ -85.716799929999979, 10.55210247 ], [ -85.71678696, 10.55211989 ], [ -85.716799929999965, 10.55210247 ], [ -85.716834099999986, 10.55208873 ], [ -85.716799929999979, 10.55210247 ] ] ], [ [ [ -85.716751409999986, 10.55219889 ], [ -85.71672994, 10.55221311 ], [ -85.716751409999972, 10.55219889 ], [ -85.716768540000018, 10.55217449 ], [ -85.716751409999986, 10.55219889 ] ] ], [ [ [ -85.715930169999979, 10.55201193 ], [ -85.715902130000018, 10.55202835 ], [ -85.715930169999979, 10.55201193 ], [ -85.715959399999988, 10.55199623 ], [ -85.715930169999979, 10.55201193 ] ] ], [ [ [ -85.715279439999989, 10.55231678 ], [ -85.715248209999984, 10.55240182 ], [ -85.71521404, 10.55249889 ], [ -85.715248209999984, 10.55240182 ], [ -85.715279439999975, 10.55231678 ], [ -85.71531102, 10.55224738 ], [ -85.715279439999989, 10.55231678 ] ] ], [ [ [ -85.714941629999984, 10.55372634 ], [ -85.71495308999998, 10.55375104 ], [ -85.7149651, 10.5537761 ], [ -85.714953089999966, 10.55375104 ], [ -85.714941629999984, 10.55372634 ], [ -85.71492952, 10.55370128 ], [ -85.714941629999984, 10.55372634 ] ] ], [ [ [ -85.715178589999979, 10.55399627 ], [ -85.715196169999984, 10.5540194 ], [ -85.715178589999965, 10.55399627 ], [ -85.71516057, 10.55397549 ], [ -85.715178589999979, 10.55399627 ] ] ], [ [ [ -85.715226479999984, 10.55406795 ], [ -85.7152323, 10.55409621 ], [ -85.71522647999997, 10.55406795 ], [ -85.71522081, 10.55405807 ], [ -85.715226479999984, 10.55406795 ] ] ], [ [ [ -85.714908559999984, 10.55427023 ], [ -85.7148882, 10.55428841 ], [ -85.714908559999969, 10.55427023 ], [ -85.714936509999987, 10.55425372 ], [ -85.714908559999984, 10.55427023 ] ] ], [ [ [ -85.714835879999981, 10.55440592 ], [ -85.71482654, 10.55443489 ], [ -85.714835879999967, 10.55440592 ], [ -85.71484511, 10.55437432 ], [ -85.714835879999981, 10.55440592 ] ] ], [ [ [ -85.714786419999982, 10.55454654 ], [ -85.714772949999983, 10.55457228 ], [ -85.71475985, 10.5545973 ], [ -85.714772949999968, 10.55457228 ], [ -85.714786419999967, 10.55454654 ], [ -85.71479777, 10.55451711 ], [ -85.714786419999982, 10.55454654 ] ] ], [ [ [ -85.714717239999985, 10.55467055 ], [ -85.714698739999989, 10.55469596 ], [ -85.71467408, 10.55471263 ], [ -85.714698739999974, 10.55469596 ], [ -85.71471723999997, 10.55467055 ], [ -85.71473244, 10.55464498 ], [ -85.714717239999985, 10.55467055 ] ] ], [ [ [ -85.714216189999988, 10.55461019 ], [ -85.7141898, 10.55462832 ], [ -85.714216189999973, 10.55461019 ], [ -85.71424580999998, 10.55459981 ], [ -85.714216189999988, 10.55461019 ] ] ], [ [ [ -85.713933499999982, 10.55500649 ], [ -85.713932559999989, 10.55503433 ], [ -85.71392744, 10.55506653 ], [ -85.713932559999989, 10.55503433 ], [ -85.713933499999968, 10.55500649 ], [ -85.71393315, 10.55497621 ], [ -85.713933499999982, 10.55500649 ] ] ], [ [ [ -85.713859179999986, 10.55516108 ], [ -85.71383336000001, 10.55518128 ], [ -85.713859179999972, 10.55516108 ], [ -85.713881, 10.55514189 ], [ -85.713859179999986, 10.55516108 ] ] ], [ [ [ -85.713680589999981, 10.55535401 ], [ -85.71367072, 10.55538524 ], [ -85.713680589999981, 10.55535401 ], [ -85.713692129999984, 10.55532719 ], [ -85.713680589999981, 10.55535401 ] ] ], [ [ [ -85.713683119999985, 10.55552996 ], [ -85.713695049999984, 10.55555665 ], [ -85.71368311999997, 10.55552996 ], [ -85.71367163, 10.55550092 ], [ -85.713683119999985, 10.55552996 ] ] ], [ [ [ -85.71370770999998, 10.55558369 ], [ -85.713718359999987, 10.55560966 ], [ -85.713739659999987, 10.55564696 ], [ -85.713718359999987, 10.55560966 ], [ -85.713707709999966, 10.55558369 ], [ -85.713695049999984, 10.55555665 ], [ -85.71370770999998, 10.55558369 ] ] ], [ [ [ -85.713783619999987, 10.55573267 ], [ -85.71379491, 10.555759 ], [ -85.713783619999973, 10.55573267 ], [ -85.71377269, 10.55570571 ], [ -85.713783619999987, 10.55573267 ] ] ], [ [ [ -85.713807009999982, 10.55578406 ], [ -85.71382014, 10.55581318 ], [ -85.713807009999968, 10.55578406 ], [ -85.71379491, 10.555759 ], [ -85.713807009999982, 10.55578406 ] ] ], [ [ [ -85.713848499999983, 10.55587087 ], [ -85.71385915, 10.55589684 ], [ -85.713848499999969, 10.55587087 ], [ -85.713834, 10.55584103 ], [ -85.713848499999983, 10.55587087 ] ] ], [ [ [ -85.713885719999979, 10.55615978 ], [ -85.71386738, 10.55616287 ], [ -85.713885719999965, 10.55615978 ], [ -85.71390236, 10.55614632 ], [ -85.713885719999979, 10.55615978 ] ] ], [ [ [ -85.713532889999982, 10.55612781 ], [ -85.71350354, 10.55613917 ], [ -85.713532889999968, 10.55612781 ], [ -85.7135593, 10.55611393 ], [ -85.713532889999982, 10.55612781 ] ] ], [ [ [ -85.713127199999988, 10.55620095 ], [ -85.71310141, 10.55621085 ], [ -85.713127199999974, 10.55620095 ], [ -85.713153649999981, 10.55619304 ], [ -85.713127199999988, 10.55620095 ] ] ], [ [ [ -85.711688949999981, 10.55583124 ], [ -85.71168179, 10.55585794 ], [ -85.711688949999967, 10.55583124 ], [ -85.711700459999989, 10.55581473 ], [ -85.711688949999981, 10.55583124 ] ] ], [ [ [ -85.711637359999983, 10.55593283 ], [ -85.711615669999986, 10.55594163 ], [ -85.711637359999969, 10.55593283 ], [ -85.71165689, 10.55591312 ], [ -85.711637359999983, 10.55593283 ] ] ], [ [ [ -85.711423239999988, 10.55574745 ], [ -85.711405469999988, 10.55577159 ], [ -85.711423239999974, 10.55574745 ], [ -85.71144201, 10.55572313 ], [ -85.711423239999988, 10.55574745 ] ] ], [ [ [ -85.710870500000013, 10.55542409 ], [ -85.71084448, 10.55541068 ], [ -85.710870500000013, 10.55542409 ], [ -85.71089472, 10.5554433 ], [ -85.710870500000013, 10.55542409 ] ] ], [ [ [ -85.710611720000017, 10.55530656 ], [ -85.71058488, 10.55529179 ], [ -85.710611720000017, 10.55530656 ], [ -85.710639359999988, 10.55531572 ], [ -85.710611720000017, 10.55530656 ] ] ], [ [ [ -85.709779199999986, 10.55516194 ], [ -85.70978583, 10.55518902 ], [ -85.709779199999971, 10.55516194 ], [ -85.70977905, 10.55513437 ], [ -85.709779199999986, 10.55516194 ] ] ], [ [ [ -85.709637099999981, 10.55553073 ], [ -85.70960731, 10.55554435 ], [ -85.709637099999981, 10.55553073 ], [ -85.70966076, 10.55551433 ], [ -85.709637099999981, 10.55553073 ] ] ], [ [ [ -85.709579419999983, 10.55555481 ], [ -85.709552609999989, 10.55556327 ], [ -85.70952478, 10.55556776 ], [ -85.709552609999974, 10.55556327 ], [ -85.709579419999969, 10.55555481 ], [ -85.70960731, 10.55554435 ], [ -85.709579419999983, 10.55555481 ] ] ], [ [ [ -85.708838320000012, 10.55459946 ], [ -85.70881902, 10.55457787 ], [ -85.708838320000012, 10.55459946 ], [ -85.70885899, 10.55462176 ], [ -85.708838320000012, 10.55459946 ] ] ], [ [ [ -85.70830303000001, 10.55323403 ], [ -85.70829685, 10.55320641 ], [ -85.70830303000001, 10.55323403 ], [ -85.70830675, 10.55326284 ], [ -85.70830303000001, 10.55323403 ] ] ], [ [ [ -85.708208220000017, 10.55295293 ], [ -85.70819475, 10.55292878 ], [ -85.708208220000017, 10.55295293 ], [ -85.70822244, 10.55298014 ], [ -85.708208220000017, 10.55295293 ] ] ], [ [ [ -85.708065940000012, 10.55275776 ], [ -85.70804454, 10.55273672 ], [ -85.708065940000012, 10.55275776 ], [ -85.70808725, 10.55278041 ], [ -85.708065940000012, 10.55275776 ] ] ], [ [ [ -85.706541959999981, 10.55211048 ], [ -85.706541959999981, 10.55211048 ], [ -85.70657482, 10.55210632 ], [ -85.706541959999981, 10.55211048 ] ] ], [ [ [ -85.70418463999998, 10.54994102 ], [ -85.70411131, 10.54994313 ], [ -85.704184639999966, 10.54994102 ], [ -85.70427166, 10.54993648 ], [ -85.70418463999998, 10.54994102 ] ] ], [ [ [ -85.703869329999989, 10.54997037 ], [ -85.70377625, 10.54998678 ], [ -85.703869329999989, 10.54997037 ], [ -85.70398934, 10.549954 ], [ -85.703869329999989, 10.54997037 ] ] ], [ [ [ -85.703363989999986, 10.55004323 ], [ -85.70327, 10.5500582 ], [ -85.703363989999971, 10.55004323 ], [ -85.70339585, 10.55003935 ], [ -85.703363989999986, 10.55004323 ] ] ], [ [ [ -85.70279644999998, 10.5501814 ], [ -85.702691759999979, 10.55020998 ], [ -85.70259091, 10.55024089 ], [ -85.702691759999965, 10.55020998 ], [ -85.702796449999965, 10.5501814 ], [ -85.70288779, 10.55014756 ], [ -85.70279644999998, 10.5501814 ] ] ], [ [ [ -85.701554539999989, 10.55061323 ], [ -85.70148014, 10.55063731 ], [ -85.701554539999975, 10.55061323 ], [ -85.7016756, 10.55057001 ], [ -85.701554539999989, 10.55061323 ] ] ], [ [ [ -85.701425619999981, 10.55065613 ], [ -85.70138104, 10.55066992 ], [ -85.701425619999981, 10.55065613 ], [ -85.70148014, 10.55063731 ], [ -85.701425619999981, 10.55065613 ] ] ], [ [ [ -85.700898789999982, 10.55083854 ], [ -85.700860049999989, 10.5508524 ], [ -85.70077007, 10.55088424 ], [ -85.700860049999974, 10.5508524 ], [ -85.700898789999982, 10.55083854 ], [ -85.70100186, 10.55079587 ], [ -85.700898789999982, 10.55083854 ] ] ], [ [ [ -85.70017928999998, 10.55114816 ], [ -85.700141669999979, 10.55116762 ], [ -85.700179289999966, 10.55114816 ], [ -85.70024934, 10.55111489 ], [ -85.70017928999998, 10.55114816 ] ] ], [ [ [ -85.700116070000021, 10.55117851 ], [ -85.70004324, 10.55115694 ], [ -85.700116070000021, 10.55117851 ], [ -85.700116070000021, 10.55117851 ] ] ], [ [ [ -85.699699109999983, 10.55111279 ], [ -85.699709919999989, 10.5511337 ], [ -85.69972528, 10.55115413 ], [ -85.699709919999975, 10.5511337 ], [ -85.699699109999969, 10.55111279 ], [ -85.69970087, 10.5511003 ], [ -85.699699109999983, 10.55111279 ] ] ], [ [ [ -85.699863829999984, 10.55128534 ], [ -85.699865869999982, 10.55130828 ], [ -85.69986493, 10.55133667 ], [ -85.699865869999968, 10.55130828 ], [ -85.69986382999997, 10.55128534 ], [ -85.69985657, 10.55126043 ], [ -85.699863829999984, 10.55128534 ] ] ], [ [ [ -85.699675319999983, 10.55157005 ], [ -85.699651659999986, 10.55158689 ], [ -85.699675319999969, 10.55157005 ], [ -85.69969853, 10.55155447 ], [ -85.699675319999983, 10.55157005 ] ] ], [ [ [ -85.699411609999984, 10.55173406 ], [ -85.6993869, 10.55174151 ], [ -85.69941160999997, 10.55173406 ], [ -85.699424059999984, 10.551730330000023 ], [ -85.699411609999984, 10.55173406 ] ] ], [ [ [ -85.699334919999984, 10.55175679 ], [ -85.699311219999984, 10.55176433 ], [ -85.699288149999987, 10.55177195 ], [ -85.69931121999997, 10.55176433 ], [ -85.69933491999997, 10.55175679 ], [ -85.69936228, 10.5517486 ], [ -85.699334919999984, 10.55175679 ] ] ], [ [ [ -85.698994379999988, 10.55184927 ], [ -85.69896783, 10.55185592 ], [ -85.698994379999988, 10.55184927 ], [ -85.69902038, 10.55184353 ], [ -85.698994379999988, 10.55184927 ] ] ], [ [ [ -85.698940289999982, 10.5518633 ], [ -85.69891275, 10.55187203 ], [ -85.698940289999967, 10.5518633 ], [ -85.69896783, 10.55185592 ], [ -85.698940289999982, 10.5518633 ] ] ], [ [ [ -85.69871775999998, 10.55194041 ], [ -85.69869214, 10.55194986 ], [ -85.698717759999965, 10.55194041 ], [ -85.6987441, 10.55193051 ], [ -85.69871775999998, 10.55194041 ] ] ], [ [ [ -85.69837296999998, 10.55207657 ], [ -85.69834883999998, 10.55208899 ], [ -85.698372969999966, 10.55207657 ], [ -85.69839429, 10.55206597 ], [ -85.69837296999998, 10.55207657 ] ] ], [ [ [ -85.698260479999988, 10.55213266 ], [ -85.69823752, 10.55214418 ], [ -85.698260479999973, 10.55213266 ], [ -85.698283249999989, 10.55212097 ], [ -85.698260479999988, 10.55213266 ] ] ], [ [ [ -85.698170479999987, 10.55217635 ], [ -85.69814861, 10.55218577 ], [ -85.698170479999973, 10.55217635 ], [ -85.69819252, 10.5521662 ], [ -85.698170479999987, 10.55217635 ] ] ], [ [ [ -85.698126729999984, 10.55219466 ], [ -85.69809831, 10.55220765 ], [ -85.69812672999997, 10.55219466 ], [ -85.69814861, 10.55218577 ], [ -85.698126729999984, 10.55219466 ] ] ], [ [ [ -85.698070529999981, 10.55222126 ], [ -85.698043749999982, 10.55223577 ], [ -85.698070529999981, 10.55222126 ], [ -85.69809831, 10.55220765 ], [ -85.698070529999981, 10.55222126 ] ] ], [ [ [ -85.697940859999989, 10.55229417 ], [ -85.697917100000012, 10.55230957 ], [ -85.697940859999974, 10.55229417 ], [ -85.697963889999983, 10.55228058 ], [ -85.697940859999989, 10.55229417 ] ] ], [ [ [ -85.697894739999981, 10.55232795 ], [ -85.69787347, 10.55234677 ], [ -85.697894739999967, 10.55232795 ], [ -85.697917100000012, 10.55230957 ], [ -85.697894739999981, 10.55232795 ] ] ], [ [ [ -85.697737529999984, 10.55242459 ], [ -85.697715659999986, 10.55243465 ], [ -85.697737529999969, 10.55242459 ], [ -85.69776312, 10.55241207 ], [ -85.697737529999984, 10.55242459 ] ] ], [ [ [ -85.69751463999998, 10.5525037 ], [ -85.69748958, 10.55251431 ], [ -85.697514639999966, 10.5525037 ], [ -85.69754209, 10.55249641 ], [ -85.69751463999998, 10.5525037 ] ] ], [ [ [ -85.697199179999984, 10.55265732 ], [ -85.69717066, 10.55267066 ], [ -85.69719917999997, 10.55265732 ], [ -85.69722477, 10.55264425 ], [ -85.697199179999984, 10.55265732 ] ] ], [ [ [ -85.697119169999979, 10.55269155 ], [ -85.69709328, 10.55270136 ], [ -85.697119169999965, 10.55269155 ], [ -85.697145149999983, 10.55268147 ], [ -85.697119169999979, 10.55269155 ] ] ], [ [ [ -85.697067579999981, 10.55271126 ], [ -85.69703896, 10.55272316 ], [ -85.697067579999967, 10.55271126 ], [ -85.69709328, 10.55270136 ], [ -85.697067579999981, 10.55271126 ] ] ], [ [ [ -85.696966369999984, 10.55275961 ], [ -85.6969397, 10.55277602 ], [ -85.69696636999997, 10.55275961 ], [ -85.69698986, 10.55274665 ], [ -85.696966369999984, 10.55275961 ] ] ], [ [ [ -85.696790109999981, 10.55286458 ], [ -85.69676617, 10.55287836 ], [ -85.696790109999966, 10.55286458 ], [ -85.69681461, 10.55285098 ], [ -85.696790109999981, 10.55286458 ] ] ], [ [ [ -85.696739489999985, 10.55289314 ], [ -85.696716629999983, 10.55290619 ], [ -85.696693679999981, 10.5529186 ], [ -85.696716629999969, 10.55290619 ], [ -85.69673948999997, 10.55289314 ], [ -85.69676617, 10.55287836 ], [ -85.696739489999985, 10.55289314 ] ] ], [ [ [ -85.696645499999988, 10.55294344 ], [ -85.69662254, 10.55295495 ], [ -85.696645499999974, 10.55294344 ], [ -85.69667081999998, 10.55293038 ], [ -85.696645499999988, 10.55294344 ] ] ], [ [ [ -85.69657472999998, 10.55297961 ], [ -85.69654977, 10.55299231 ], [ -85.696574729999966, 10.55297961 ], [ -85.69659895, 10.55296692 ], [ -85.69657472999998, 10.55297961 ] ] ], [ [ [ -85.696500299999983, 10.55301571 ], [ -85.69647588, 10.55302642 ], [ -85.696500299999968, 10.55301571 ], [ -85.696524989999986, 10.55300455 ], [ -85.696500299999983, 10.55301571 ] ] ], [ [ [ -85.696352169999983, 10.55308483 ], [ -85.696329579999983, 10.55309616 ], [ -85.69630744, 10.5531074 ], [ -85.696329579999968, 10.55309616 ], [ -85.696352169999983, 10.55308483 ], [ -85.696378039999985, 10.55307195 ], [ -85.696352169999983, 10.55308483 ] ] ], [ [ [ -85.696163219999988, 10.55319114 ], [ -85.69613937, 10.55320618 ], [ -85.696163219999974, 10.55319114 ], [ -85.69618789, 10.55317519 ], [ -85.696163219999988, 10.55319114 ] ] ], [ [ [ -85.696053459999987, 10.55326267 ], [ -85.696030529999987, 10.55327952 ], [ -85.696053459999973, 10.55326267 ], [ -85.69607239, 10.55324965 ], [ -85.696053459999987, 10.55326267 ] ] ], [ [ [ -85.695931779999981, 10.55335913 ], [ -85.69590685999998, 10.55337951 ], [ -85.695883579999986, 10.55339861 ], [ -85.69585976, 10.55341799 ], [ -85.695883579999972, 10.55339861 ], [ -85.695906859999965, 10.55337951 ], [ -85.695931779999967, 10.55335913 ], [ -85.695952329999983, 10.55334293 ], [ -85.695931779999981, 10.55335913 ] ] ], [ [ [ -85.695725909999979, 10.5535287 ], [ -85.695703359999982, 10.55354617 ], [ -85.69568053, 10.5535632 ], [ -85.695703359999968, 10.55354617 ], [ -85.695725909999965, 10.5535287 ], [ -85.69574819, 10.55351059 ], [ -85.695725909999979, 10.5535287 ] ] ], [ [ [ -85.695284069999985, 10.55385453 ], [ -85.69526235, 10.55387517 ], [ -85.695284069999985, 10.55385453 ], [ -85.69530607, 10.55383507 ], [ -85.695284069999985, 10.55385453 ] ] ], [ [ [ -85.695194289999989, 10.55393898 ], [ -85.695172559999989, 10.55395816 ], [ -85.69515111, 10.55397717 ], [ -85.695172559999975, 10.55395816 ], [ -85.695194289999975, 10.55393898 ], [ -85.69521583, 10.55391907 ], [ -85.695194289999989, 10.55393898 ] ] ], [ [ [ -85.695126749999986, 10.55399853 ], [ -85.69510539, 10.5540179 ], [ -85.695126749999972, 10.55399853 ], [ -85.69515111, 10.55397717 ], [ -85.695126749999986, 10.55399853 ] ] ], [ [ [ -85.694947549999981, 10.55416543 ], [ -85.69492629, 10.55418678 ], [ -85.694947549999966, 10.55416543 ], [ -85.69497199, 10.5541418 ], [ -85.694947549999981, 10.55416543 ] ] ], [ [ [ -85.69478694999998, 10.55432789 ], [ -85.69476914, 10.5543457 ], [ -85.69478694999998, 10.55432789 ], [ -85.694797439999988, 10.554317575000171 ], [ -85.69478694999998, 10.55432789 ] ] ], [ [ [ -85.694515659999979, 10.5546266 ], [ -85.69449706, 10.55464902 ], [ -85.694515659999965, 10.5546266 ], [ -85.69453463, 10.55460345 ], [ -85.694515659999979, 10.5546266 ] ] ], [ [ [ -85.694370939999985, 10.55480217 ], [ -85.69435488, 10.55482114 ], [ -85.69437093999997, 10.55480217 ], [ -85.69438872, 10.55478065 ], [ -85.694370939999985, 10.55480217 ] ] ], [ [ [ -85.694336719999981, 10.55484212 ], [ -85.6943183, 10.55486318 ], [ -85.694336719999967, 10.55484212 ], [ -85.69435488, 10.55482114 ], [ -85.694336719999981, 10.55484212 ] ] ], [ [ [ -85.694166059999986, 10.55501791 ], [ -85.694146169999982, 10.55503808 ], [ -85.694166059999972, 10.55501791 ], [ -85.69418486, 10.55499883 ], [ -85.694166059999986, 10.55501791 ] ] ], [ [ [ -85.693821519999986, 10.55543288 ], [ -85.69380792, 10.55545139 ], [ -85.693821519999972, 10.55543288 ], [ -85.69383584, 10.55541346 ], [ -85.693821519999986, 10.55543288 ] ] ], [ [ [ -85.693659859999983, 10.555653 ], [ -85.69364272, 10.55567506 ], [ -85.693659859999968, 10.555653 ], [ -85.69367773, 10.55562941 ], [ -85.693659859999983, 10.555653 ] ] ], [ [ [ -85.693369889999985, 10.55604174 ], [ -85.69335357, 10.55606469 ], [ -85.693369889999971, 10.55604174 ], [ -85.693386389999986, 10.55601851 ], [ -85.693369889999985, 10.55604174 ] ] ], [ [ [ -85.693337439999979, 10.55608819 ], [ -85.693322859999981, 10.55611041 ], [ -85.693337439999979, 10.55608819 ], [ -85.69335357, 10.55606469 ], [ -85.693337439999979, 10.55608819 ] ] ], [ [ [ -85.693268529999983, 10.55619782 ], [ -85.69325314, 10.5562224 ], [ -85.693268529999969, 10.55619782 ], [ -85.69328456, 10.55617189 ], [ -85.693268529999983, 10.55619782 ] ] ], [ [ [ -85.693193119999989, 10.55632006 ], [ -85.69318135, 10.55633964 ], [ -85.693193119999975, 10.55632006 ], [ -85.693207959999981, 10.55629485 ], [ -85.693193119999989, 10.55632006 ] ] ], [ [ [ -85.693137079999985, 10.55641218 ], [ -85.69312214, 10.55643486 ], [ -85.693137079999971, 10.55641218 ], [ -85.69315175, 10.55638888 ], [ -85.693137079999985, 10.55641218 ] ] ], [ [ [ -85.693024369999989, 10.55659626 ], [ -85.69301142, 10.55661603 ], [ -85.693024369999975, 10.55659626 ], [ -85.69303822, 10.5565735 ], [ -85.693024369999989, 10.55659626 ] ] ], [ [ [ -85.692996199999982, 10.55663816 ], [ -85.69298034000002, 10.55666138 ], [ -85.692996199999968, 10.55663816 ], [ -85.69301142, 10.55661603 ], [ -85.692996199999982, 10.55663816 ] ] ], [ [ [ -85.692964939999982, 10.5566856 ], [ -85.69294954999998, 10.55671126 ], [ -85.69293752, 10.55673138 ], [ -85.692949549999966, 10.55671126 ], [ -85.692964939999982, 10.5566856 ], [ -85.69298034000002, 10.55666138 ], [ -85.692964939999982, 10.5566856 ] ] ], [ [ [ -85.69282416999998, 10.55691537 ], [ -85.69281168, 10.55693613 ], [ -85.692824169999966, 10.55691537 ], [ -85.69283612, 10.55689551 ], [ -85.69282416999998, 10.55691537 ] ] ], [ [ [ -85.692784249999988, 10.55698147 ], [ -85.69276922, 10.55700659 ], [ -85.692784249999974, 10.55698147 ], [ -85.69279963, 10.55695581 ], [ -85.692784249999988, 10.55698147 ] ] ], [ [ [ -85.692594549999981, 10.55731779 ], [ -85.69258361, 10.55733864 ], [ -85.692594549999967, 10.55731779 ], [ -85.69260693, 10.55729404 ], [ -85.692594549999981, 10.55731779 ] ] ], [ [ [ -85.692557219999983, 10.55739056 ], [ -85.692544389999981, 10.5574154 ], [ -85.692557219999969, 10.55739056 ], [ -85.692569689999985, 10.55736537 ], [ -85.692557219999983, 10.55739056 ] ] ], [ [ [ -85.692530549999987, 10.55744087 ], [ -85.692517809999984, 10.55746461 ], [ -85.692530549999987, 10.55744087 ], [ -85.692544389999981, 10.5574154 ], [ -85.692530549999987, 10.55744087 ] ] ], [ [ [ -85.692450579999985, 10.5575821 ], [ -85.69243683, 10.55760568 ], [ -85.692450579999985, 10.5575821 ], [ -85.69246497, 10.55755772 ], [ -85.692450579999985, 10.5575821 ] ] ], [ [ [ -85.692422979999989, 10.55762925 ], [ -85.69240895, 10.55765282 ], [ -85.692422979999975, 10.55762925 ], [ -85.69243683, 10.55760568 ], [ -85.692422979999989, 10.55762925 ] ] ], [ [ [ -85.692380449999987, 10.55770241 ], [ -85.69236507, 10.55772907 ], [ -85.692380449999973, 10.55770241 ], [ -85.69239502, 10.55767694 ], [ -85.692380449999987, 10.55770241 ] ] ], [ [ [ -85.692314259999989, 10.55782505 ], [ -85.692302429999984, 10.55784906 ], [ -85.692314259999975, 10.55782505 ], [ -85.69232628, 10.55780122 ], [ -85.692314259999989, 10.55782505 ] ] ], [ [ [ -85.69229113999998, 10.55787316 ], [ -85.692279219999989, 10.55789862 ], [ -85.692266219999979, 10.55792635 ], [ -85.69225376, 10.55795281 ], [ -85.692266219999965, 10.55792635 ], [ -85.692279219999975, 10.55789862 ], [ -85.692291139999966, 10.55787316 ], [ -85.692302429999984, 10.55784906 ], [ -85.69229113999998, 10.55787316 ] ] ], [ [ [ -85.692196039999985, 10.5580697 ], [ -85.69218311, 10.5580939 ], [ -85.69219603999997, 10.5580697 ], [ -85.692208419999986, 10.55804605 ], [ -85.692196039999985, 10.5580697 ] ] ], [ [ [ -85.692144249999984, 10.55817021 ], [ -85.69213296, 10.55819422 ], [ -85.69214424999997, 10.55817021 ], [ -85.69215635, 10.55814538 ], [ -85.692144249999984, 10.55817021 ] ] ], [ [ [ -85.692076979999982, 10.55831319 ], [ -85.692064699999989, 10.55833955 ], [ -85.69205279, 10.5583652 ], [ -85.692064699999975, 10.55833955 ], [ -85.692076979999968, 10.55831319 ], [ -85.69208791, 10.55828999 ], [ -85.692076979999982, 10.55831319 ] ] ], [ [ [ -85.691999309999986, 10.55849084 ], [ -85.69198867, 10.55851629 ], [ -85.691999309999986, 10.55849084 ], [ -85.69200931, 10.55846602 ], [ -85.691999309999986, 10.55849084 ] ] ], [ [ [ -85.69186861999998, 10.55881166 ], [ -85.691858359999983, 10.55883856 ], [ -85.691868619999966, 10.55881166 ], [ -85.69187780999998, 10.55878757 ], [ -85.69186861999998, 10.55881166 ] ] ], [ [ [ -85.691781029999987, 10.55901277 ], [ -85.69177156, 10.55903379 ], [ -85.691781029999973, 10.55901277 ], [ -85.6917916, 10.55899039 ], [ -85.691781029999987, 10.55901277 ] ] ], [ [ [ -85.691476069999979, 10.55985248 ], [ -85.69146753, 10.55987774 ], [ -85.691476069999979, 10.55985248 ], [ -85.69148479, 10.55982658 ], [ -85.691476069999979, 10.55985248 ] ] ], [ [ [ -85.691459079999987, 10.55990264 ], [ -85.69145017, 10.55992709 ], [ -85.691459079999973, 10.55990264 ], [ -85.69146753, 10.55987774 ], [ -85.691459079999987, 10.55990264 ] ] ], [ [ [ -85.691377009999982, 10.56016057 ], [ -85.691370379999981, 10.5601841 ], [ -85.691377009999968, 10.56016057 ], [ -85.691383, 10.56013713 ], [ -85.691377009999982, 10.56016057 ] ] ], [ [ [ -85.691342939999984, 10.56027824 ], [ -85.691335759999987, 10.56030106 ], [ -85.691326149999981, 10.56033021 ], [ -85.69131868, 10.56035194 ], [ -85.691326149999966, 10.56033021 ], [ -85.691335759999973, 10.56030106 ], [ -85.69134293999997, 10.56027824 ], [ -85.69134958, 10.56025561 ], [ -85.691342939999984, 10.56027824 ] ] ], [ [ [ -85.691286209999987, 10.56044421 ], [ -85.691278669999988, 10.56046829 ], [ -85.691286209999973, 10.56044421 ], [ -85.69129393999998, 10.56042157 ], [ -85.691286209999987, 10.56044421 ] ] ], [ [ [ -85.691119229999984, 10.56119371 ], [ -85.69111707, 10.56121641 ], [ -85.691119229999984, 10.56119371 ], [ -85.69112075, 10.56117084 ], [ -85.691119229999984, 10.56119371 ] ] ], [ [ [ -85.691080359999987, 10.56141779 ], [ -85.69107546, 10.56144149 ], [ -85.691080359999972, 10.56141779 ], [ -85.691082355, 10.561406615000205 ], [ -85.691080359999987, 10.56141779 ] ] ], [ [ [ -85.691001299999982, 10.56175993 ], [ -85.6909946, 10.56178663 ], [ -85.691001299999968, 10.56175993 ], [ -85.69100791, 10.56173233 ], [ -85.691001299999982, 10.56175993 ] ] ], [ [ [ -85.690983399999979, 10.56186134 ], [ -85.690980699999983, 10.56188449 ], [ -85.690975089999981, 10.56191163 ], [ -85.690980699999969, 10.56188449 ], [ -85.690983399999979, 10.56186134 ], [ -85.69098565, 10.56183783 ], [ -85.690983399999979, 10.56186134 ] ] ], [ [ [ -85.690969089999982, 10.56193381 ], [ -85.69096319, 10.56195598 ], [ -85.690969089999967, 10.56193381 ], [ -85.690975089999981, 10.56191163 ], [ -85.690969089999982, 10.56193381 ] ] ], [ [ [ -85.690911049999983, 10.56247684 ], [ -85.69090551, 10.56249983 ], [ -85.690911049999983, 10.56247684 ], [ -85.69091667, 10.56245313 ], [ -85.690911049999983, 10.56247684 ] ] ], [ [ [ -85.690894729999982, 10.56254987 ], [ -85.69088874, 10.56257367 ], [ -85.690894729999968, 10.56254987 ], [ -85.6908999, 10.56252544 ], [ -85.690894729999982, 10.56254987 ] ] ], [ [ [ -85.690877939999979, 10.56261855 ], [ -85.690872679999984, 10.56264398 ], [ -85.690877939999964, 10.56261855 ], [ -85.69088311, 10.56259557 ], [ -85.690877939999979, 10.56261855 ] ] ], [ [ [ -85.690849299999982, 10.5627606 ], [ -85.69084541, 10.56278385 ], [ -85.690849299999968, 10.5627606 ], [ -85.690853099999984, 10.56273771 ], [ -85.690849299999982, 10.5627606 ] ] ], [ [ [ -85.690835719999981, 10.56283325 ], [ -85.690832569999984, 10.5628574 ], [ -85.69083004, 10.56288064 ], [ -85.690832569999969, 10.5628574 ], [ -85.690835719999967, 10.56283325 ], [ -85.69084033, 10.56280801 ], [ -85.690835719999981, 10.56283325 ] ] ], [ [ [ -85.690827719999987, 10.56290568 ], [ -85.69082484, 10.56293046 ], [ -85.690827719999973, 10.56290568 ], [ -85.69083004, 10.56288064 ], [ -85.690827719999987, 10.56290568 ] ] ], [ [ [ -85.690815799999982, 10.56299938 ], [ -85.69081202, 10.56302516 ], [ -85.690815799999967, 10.56299938 ], [ -85.69081906, 10.56297659 ], [ -85.690815799999982, 10.56299938 ] ] ], [ [ [ -85.690780819999986, 10.56321539 ], [ -85.69077711, 10.56324036 ], [ -85.690780819999972, 10.56321539 ], [ -85.6907848, 10.56319205 ], [ -85.690780819999986, 10.56321539 ] ] ], [ [ [ -85.690700039999982, 10.56371155 ], [ -85.69069518, 10.56374176 ], [ -85.690700039999967, 10.56371155 ], [ -85.69070555, 10.56368224 ], [ -85.690700039999982, 10.56371155 ] ] ], [ [ [ -85.690690839999988, 10.56376646 ], [ -85.69068496, 10.56379279 ], [ -85.690690839999974, 10.56376646 ], [ -85.69069518, 10.56374176 ], [ -85.690690839999988, 10.56376646 ] ] ], [ [ [ -85.690662849999981, 10.56404262 ], [ -85.69066124, 10.56406595 ], [ -85.690662849999967, 10.56404262 ], [ -85.690664919999989, 10.56402011 ], [ -85.690662849999981, 10.56404262 ] ] ], [ [ [ -85.690656659999988, 10.56416358 ], [ -85.69065524, 10.56418763 ], [ -85.690656659999973, 10.56416358 ], [ -85.69065799, 10.56413981 ], [ -85.690656659999988, 10.56416358 ] ] ], [ [ [ -85.690653629999986, 10.56421132 ], [ -85.69065184, 10.56423456 ], [ -85.690653629999971, 10.56421132 ], [ -85.69065524, 10.56418763 ], [ -85.690653629999986, 10.56421132 ] ] ], [ [ [ -85.690654649999985, 10.56469701 ], [ -85.69065479, 10.56472286 ], [ -85.690654649999971, 10.56469701 ], [ -85.69065505, 10.56467098 ], [ -85.690654649999985, 10.56469701 ] ] ], [ [ [ -85.690661739999982, 10.56490927 ], [ -85.69066389, 10.56493411 ], [ -85.690661739999967, 10.56490927 ], [ -85.690659669999988, 10.56488117 ], [ -85.690661739999982, 10.56490927 ] ] ], [ [ [ -85.690679479999986, 10.56504583 ], [ -85.690683639999989, 10.56507147 ], [ -85.69068545, 10.56510183 ], [ -85.690683639999989, 10.56507147 ], [ -85.690679479999972, 10.56504583 ], [ -85.69067439, 10.56501775 ], [ -85.690679479999986, 10.56504583 ] ] ], [ [ [ -85.690679569999986, 10.56516232 ], [ -85.690677169999987, 10.56519162 ], [ -85.690679569999972, 10.56516232 ], [ -85.690683149999984, 10.56513257 ], [ -85.690679569999986, 10.56516232 ] ] ], [ [ [ -85.690654409999979, 10.56537205 ], [ -85.69066049, 10.5653975 ], [ -85.690654409999965, 10.56537205 ], [ -85.69065253, 10.56534603 ], [ -85.690654409999979, 10.56537205 ] ] ], [ [ [ -85.690762219999982, 10.56586051 ], [ -85.690772309999986, 10.56588522 ], [ -85.690762219999968, 10.56586051 ], [ -85.69075379, 10.56583895 ], [ -85.690762219999982, 10.56586051 ] ] ], [ [ [ -85.690795179999981, 10.56592459 ], [ -85.69080816, 10.56594386 ], [ -85.690795179999967, 10.56592459 ], [ -85.690782829999989, 10.56590541 ], [ -85.690795179999981, 10.56592459 ] ] ], [ [ [ -85.691423859999986, 10.56622065 ], [ -85.69145105, 10.5662318 ], [ -85.691423859999986, 10.56622065 ], [ -85.69140015, 10.5662111 ], [ -85.691423859999986, 10.56622065 ] ] ], [ [ [ -85.691563569999985, 10.5662791 ], [ -85.69158509, 10.56628901 ], [ -85.691563569999971, 10.5662791 ], [ -85.69154196, 10.56626945 ], [ -85.691563569999985, 10.5662791 ] ] ], [ [ [ -85.691808719999983, 10.56647634 ], [ -85.69182798, 10.56649124 ], [ -85.691808719999969, 10.56647634 ], [ -85.69179101, 10.5664618 ], [ -85.691808719999983, 10.56647634 ] ] ], [ [ [ -85.69186861999998, 10.56652284 ], [ -85.69189138, 10.56654215 ], [ -85.691868619999966, 10.56652284 ], [ -85.69184834, 10.56650586 ], [ -85.69186861999998, 10.56652284 ] ] ], [ [ [ -85.692072829999987, 10.56665117 ], [ -85.69209428, 10.56666352 ], [ -85.692072829999987, 10.56665117 ], [ -85.69205021, 10.56663918 ], [ -85.692072829999987, 10.56665117 ] ] ], [ [ [ -85.692263509999989, 10.56681002 ], [ -85.69228143, 10.5668299 ], [ -85.692263509999975, 10.56681002 ], [ -85.692243749999989, 10.56678817 ], [ -85.692263509999989, 10.56681002 ] ] ], [ [ [ -85.692411709999988, 10.56696793 ], [ -85.692430709999982, 10.56698329 ], [ -85.692411709999973, 10.56696793 ], [ -85.69239271, 10.56694987 ], [ -85.692411709999988, 10.56696793 ] ] ], [ [ [ -85.692581939999982, 10.56707819 ], [ -85.69260384, 10.56709036 ], [ -85.692581939999968, 10.56707819 ], [ -85.6925594, 10.56706529 ], [ -85.692581939999982, 10.56707819 ] ] ], [ [ [ -85.692631139999989, 10.5671054 ], [ -85.69265689, 10.56712089 ], [ -85.692631139999975, 10.5671054 ], [ -85.69260384, 10.56709036 ], [ -85.692631139999989, 10.5671054 ] ] ], [ [ [ -85.692838169999987, 10.56739802 ], [ -85.69284571, 10.56742401 ], [ -85.692838169999973, 10.56739802 ], [ -85.69282807, 10.56737078 ], [ -85.692838169999987, 10.56739802 ] ] ], [ [ [ -85.692978739999987, 10.56761282 ], [ -85.69298439, 10.56764306 ], [ -85.692978739999973, 10.56761282 ], [ -85.69297082, 10.56758466 ], [ -85.692978739999987, 10.56761282 ] ] ], [ [ [ -85.693005519999986, 10.56776577 ], [ -85.693010769999987, 10.56779132 ], [ -85.69301768, 10.56781731 ], [ -85.693010769999987, 10.56779132 ], [ -85.693005519999971, 10.56776577 ], [ -85.6929996, 10.56773652 ], [ -85.693005519999986, 10.56776577 ] ] ], [ [ [ -85.693122439999982, 10.56791689 ], [ -85.6931496, 10.56792226 ], [ -85.693122439999968, 10.56791689 ], [ -85.69309591, 10.56790899 ], [ -85.693122439999982, 10.56791689 ] ] ], [ [ [ -85.693616349999985, 10.56775264 ], [ -85.69363825, 10.56776509 ], [ -85.693616349999985, 10.56775264 ], [ -85.69359439, 10.56774598 ], [ -85.693616349999985, 10.56775264 ] ] ], [ [ [ -85.693682429999981, 10.56779278 ], [ -85.6937055, 10.56780215 ], [ -85.693682429999967, 10.56779278 ], [ -85.69365887, 10.56777826 ], [ -85.693682429999981, 10.56779278 ] ] ], [ [ [ -85.694292149999981, 10.5679605 ], [ -85.69431597, 10.5679742 ], [ -85.694292149999967, 10.5679605 ], [ -85.69427162, 10.56794832 ], [ -85.694292149999981, 10.5679605 ] ] ], [ [ [ -85.694404009999985, 10.56802073 ], [ -85.694428269999989, 10.56803235 ], [ -85.694454099999987, 10.56804414 ], [ -85.69448083, 10.56805538 ], [ -85.694454099999973, 10.56804414 ], [ -85.694428269999975, 10.56803235 ], [ -85.694404009999985, 10.56802073 ], [ -85.69438101, 10.56800919 ], [ -85.694404009999985, 10.56802073 ] ] ], [ [ [ -85.694613499999988, 10.56811143 ], [ -85.69463767, 10.5681225 ], [ -85.694613499999974, 10.56811143 ], [ -85.69458611, 10.56809865 ], [ -85.694613499999988, 10.56811143 ] ] ], [ [ [ -85.694922979999987, 10.56823051 ], [ -85.69495363999998, 10.56824092 ], [ -85.69498027, 10.56825063 ], [ -85.694953639999966, 10.56824092 ], [ -85.694922979999973, 10.56823051 ], [ -85.69489526, 10.56822198 ], [ -85.694922979999987, 10.56823051 ] ] ], [ [ [ -85.69529104999998, 10.56834015 ], [ -85.69531346, 10.56834563 ], [ -85.695291049999966, 10.56834015 ], [ -85.69526242, 10.56833271 ], [ -85.69529104999998, 10.56834015 ] ] ], [ [ [ -85.695416449999982, 10.56836975 ], [ -85.695439109999981, 10.56837253 ], [ -85.69546954, 10.56837399 ], [ -85.695439109999967, 10.56837253 ], [ -85.695416449999968, 10.56836975 ], [ -85.69538572, 10.56836405 ], [ -85.695416449999982, 10.56836975 ] ] ], [ [ [ -85.695632960000012, 10.5683582 ], [ -85.69565701, 10.56834749 ], [ -85.695632960000012, 10.5683582 ], [ -85.69561937, 10.568361930000023 ], [ -85.695632960000012, 10.5683582 ] ] ], [ [ [ -85.695805009999987, 10.56831787 ], [ -85.695833979999989, 10.56832015 ], [ -85.695833979999975, 10.56832015 ], [ -85.695805009999972, 10.56831787 ], [ -85.69577595, 10.5683154 ], [ -85.695805009999987, 10.56831787 ] ] ], [ [ [ -85.696099139999987, 10.56825339 ], [ -85.696126469999982, 10.56825613 ], [ -85.696099139999973, 10.56825339 ], [ -85.69607128, 10.56825299 ], [ -85.696099139999987, 10.56825339 ] ] ], [ [ [ -85.696423039999985, 10.56825273 ], [ -85.69644785, 10.56826209 ], [ -85.696423039999971, 10.56825273 ], [ -85.69639642, 10.56824555 ], [ -85.696423039999985, 10.56825273 ] ] ], [ [ [ -85.696554019999979, 10.56833373 ], [ -85.69657102, 10.56835334 ], [ -85.696554019999965, 10.56833373 ], [ -85.69653207, 10.56831252 ], [ -85.696554019999979, 10.56833373 ] ] ], [ [ [ -85.696586379999985, 10.56837196 ], [ -85.696601549999983, 10.56839086 ], [ -85.696586379999971, 10.56837196 ], [ -85.69657102, 10.56835334 ], [ -85.696586379999985, 10.56837196 ] ] ], [ [ [ -85.696652809999989, 10.56870872 ], [ -85.69663694, 10.5687304 ], [ -85.696652809999989, 10.56870872 ], [ -85.69666574999998, 10.56868786 ], [ -85.696652809999989, 10.56870872 ] ] ], [ [ [ -85.696619429999984, 10.56875237 ], [ -85.69660219, 10.56877352 ], [ -85.696619429999984, 10.56875237 ], [ -85.69663694, 10.5687304 ], [ -85.696619429999984, 10.56875237 ] ] ], [ [ [ -85.696570939999987, 10.56892091 ], [ -85.69658805, 10.56894242 ], [ -85.696570939999972, 10.56892091 ], [ -85.69655777, 10.56890074 ], [ -85.696570939999987, 10.56892091 ] ] ], [ [ [ -85.696608089999984, 10.56896527 ], [ -85.69662389, 10.56898227 ], [ -85.69660808999997, 10.56896527 ], [ -85.69658805, 10.56894242 ], [ -85.696608089999984, 10.56896527 ] ] ], [ [ [ -85.696677889999989, 10.56903539 ], [ -85.696697909999983, 10.56905462 ], [ -85.696677889999975, 10.56903539 ], [ -85.69665916, 10.56901732 ], [ -85.696677889999989, 10.56903539 ] ] ], [ [ [ -85.696765389999982, 10.56911771 ], [ -85.69678742, 10.5691372 ], [ -85.696765389999968, 10.56911771 ], [ -85.696743539999986, 10.56909749 ], [ -85.696765389999982, 10.56911771 ] ] ], [ [ [ -85.697239649999986, 10.56938484 ], [ -85.69726592, 10.56939356 ], [ -85.697239649999972, 10.56938484 ], [ -85.69720973, 10.56937461 ], [ -85.697239649999986, 10.56938484 ] ] ], [ [ [ -85.697344539999989, 10.56942305 ], [ -85.697371919999981, 10.56943493 ], [ -85.697399939999983, 10.56944716 ], [ -85.69742109, 10.56945644 ], [ -85.697399939999968, 10.56944716 ], [ -85.697371919999966, 10.56943493 ], [ -85.697344539999975, 10.56942305 ], [ -85.69731799, 10.56941199 ], [ -85.697344539999989, 10.56942305 ] ] ], [ [ [ -85.698029129999981, 10.56945082 ], [ -85.698052249999989, 10.56945196 ], [ -85.698029129999981, 10.56945082 ], [ -85.698029129999981, 10.56945082 ] ] ], [ [ [ -85.69827257999998, 10.56950383 ], [ -85.69829467, 10.56951844 ], [ -85.698272579999966, 10.56950383 ], [ -85.69824875, 10.56948941 ], [ -85.69827257999998, 10.56950383 ] ] ], [ [ [ -85.698588659999984, 10.56951062 ], [ -85.69861307, 10.56951429 ], [ -85.69858865999997, 10.56951062 ], [ -85.698563179999979, 10.5695104 ], [ -85.698588659999984, 10.56951062 ] ] ], [ [ [ -85.698802969999988, 10.56966411 ], [ -85.698822969999981, 10.56967918 ], [ -85.698802969999974, 10.56966411 ], [ -85.69879144, 10.56964311 ], [ -85.698802969999988, 10.56966411 ] ] ], [ [ [ -85.698876469999988, 10.56969092 ], [ -85.69890526, 10.56969419 ], [ -85.698876469999973, 10.56969092 ], [ -85.69885188, 10.56968752 ], [ -85.698876469999988, 10.56969092 ] ] ], [ [ [ -85.69897847999998, 10.56970365 ], [ -85.69900728, 10.5697091 ], [ -85.698978479999965, 10.56970365 ], [ -85.69895562, 10.56969998 ], [ -85.69897847999998, 10.56970365 ] ] ], [ [ [ -85.699457039999984, 10.56987126 ], [ -85.69947892, 10.56988108 ], [ -85.69945703999997, 10.56987126 ], [ -85.69943479, 10.56986243 ], [ -85.699457039999984, 10.56987126 ] ] ], [ [ [ -85.699547259999989, 10.56991714 ], [ -85.69956962, 10.56992985 ], [ -85.699547259999974, 10.56991714 ], [ -85.69952481, 10.56990478 ], [ -85.699547259999989, 10.56991714 ] ] ], [ [ [ -85.699697179999987, 10.57002207 ], [ -85.69971812, 10.57004238 ], [ -85.699697179999973, 10.57002207 ], [ -85.6996758, 10.57000312 ], [ -85.699697179999987, 10.57002207 ] ] ], [ [ [ -85.699757259999984, 10.57008393 ], [ -85.69977364, 10.57010598 ], [ -85.69975725999997, 10.57008393 ], [ -85.69973842, 10.57006306 ], [ -85.699757259999984, 10.57008393 ] ] ], [ [ [ -85.699871959999982, 10.57026163 ], [ -85.69988855, 10.57028784 ], [ -85.699871959999967, 10.57026163 ], [ -85.69985934, 10.57024217 ], [ -85.699871959999982, 10.57026163 ] ] ], [ [ [ -85.699976469999982, 10.57057865 ], [ -85.69998025, 10.57060204 ], [ -85.699976469999967, 10.57057865 ], [ -85.69997249, 10.57055237 ], [ -85.699976469999982, 10.57057865 ] ] ], [ [ [ -85.699984799999982, 10.57064937 ], [ -85.69998559, 10.57067594 ], [ -85.699984799999967, 10.57064937 ], [ -85.699983914999976, 10.570637490000228 ], [ -85.699984799999982, 10.57064937 ] ] ], [ [ [ -85.699991579999988, 10.57078499 ], [ -85.69999344, 10.57080776 ], [ -85.699991579999974, 10.57078499 ], [ -85.69998823, 10.57075781 ], [ -85.699991579999988, 10.57078499 ] ] ], [ [ [ -85.699690959999984, 10.57138058 ], [ -85.69967877, 10.57140776 ], [ -85.69969095999997, 10.57138058 ], [ -85.6997016, 10.57135675 ], [ -85.699690959999984, 10.57138058 ] ] ], [ [ [ -85.69964831999998, 10.57244636 ], [ -85.69965440999998, 10.57247444 ], [ -85.699648319999966, 10.57244636 ], [ -85.6996448, 10.57242108 ], [ -85.69964831999998, 10.57244636 ] ] ], [ [ [ -85.699570059999985, 10.57278362 ], [ -85.699558309999986, 10.57280583 ], [ -85.699570059999971, 10.57278362 ], [ -85.69958172, 10.57276124 ], [ -85.699570059999985, 10.57278362 ] ] ], [ [ [ -85.699502339999981, 10.57289362 ], [ -85.69948738, 10.5729125 ], [ -85.699502339999981, 10.57289362 ], [ -85.69951548, 10.5728743 ], [ -85.699502339999981, 10.57289362 ] ] ], [ [ [ -85.699332949999985, 10.57303516 ], [ -85.699312479999989, 10.57304937 ], [ -85.69928972, 10.57306476 ], [ -85.699312479999975, 10.57304937 ], [ -85.69933294999997, 10.57303516 ], [ -85.69935788, 10.5730174 ], [ -85.699332949999985, 10.57303516 ] ] ], [ [ [ -85.699264609999986, 10.57308261 ], [ -85.69924396, 10.57309773 ], [ -85.699264609999972, 10.57308261 ], [ -85.69928972, 10.57306476 ], [ -85.699264609999986, 10.57308261 ] ] ], [ [ [ -85.699184579999979, 10.57314649 ], [ -85.699163019999986, 10.57316342 ], [ -85.699138829999981, 10.57318162 ], [ -85.699163019999972, 10.57316342 ], [ -85.699184579999965, 10.57314649 ], [ -85.69920802999998, 10.5731263 ], [ -85.699184579999979, 10.57314649 ] ] ], [ [ [ -85.698551839999979, 10.57367771 ], [ -85.698538519999985, 10.57369748 ], [ -85.698551839999965, 10.57367771 ], [ -85.698565609999989, 10.5736582 ], [ -85.698551839999979, 10.57367771 ] ] ], [ [ [ -85.69844037999998, 10.57387352 ], [ -85.69843441, 10.57390157 ], [ -85.698440379999965, 10.57387352 ], [ -85.69844747, 10.57385125 ], [ -85.69844037999998, 10.57387352 ] ] ], [ [ [ -85.698428189999987, 10.5739505 ], [ -85.69842834, 10.57397752 ], [ -85.698428189999987, 10.5739505 ], [ -85.69843143, 10.57392445 ], [ -85.698428189999987, 10.5739505 ] ] ], [ [ [ -85.697743130000021, 10.57330645 ], [ -85.6977183, 10.57329257 ], [ -85.697743130000021, 10.57330645 ], [ -85.697755415, 10.573314380000099 ], [ -85.697743130000021, 10.57330645 ] ] ], [ [ [ -85.697030389999981, 10.57322605 ], [ -85.69700209, 10.57323 ], [ -85.697030389999966, 10.57322605 ], [ -85.69705987, 10.57322264 ], [ -85.697030389999981, 10.57322605 ] ] ], [ [ [ -85.696667389999988, 10.57332669 ], [ -85.69664142, 10.57333768 ], [ -85.696667389999973, 10.57332669 ], [ -85.69669126, 10.57331581 ], [ -85.696667389999988, 10.57332669 ] ] ], [ [ [ -85.696590259999979, 10.57335395 ], [ -85.69656408, 10.57336069 ], [ -85.696590259999965, 10.57335395 ], [ -85.696617169999982, 10.57334612 ], [ -85.696590259999979, 10.57335395 ] ] ], [ [ [ -85.696266579999985, 10.57337756 ], [ -85.6962471, 10.57339095 ], [ -85.696266579999985, 10.57337756 ], [ -85.69626703, 10.57337729 ], [ -85.696266579999985, 10.57337756 ] ] ], [ [ [ -85.696159719999983, 10.57343092 ], [ -85.69613338, 10.5734401 ], [ -85.696159719999983, 10.57343092 ], [ -85.69618397, 10.57342139 ], [ -85.696159719999983, 10.57343092 ] ] ], [ [ [ -85.695940239999985, 10.57361611 ], [ -85.695930119999986, 10.57363713 ], [ -85.695918, 10.57365844 ], [ -85.695930119999971, 10.57363713 ], [ -85.69594023999997, 10.57361611 ], [ -85.69594978, 10.57359147 ], [ -85.695940239999985, 10.57361611 ] ] ], [ [ [ -85.695793509999987, 10.57377849 ], [ -85.695773399999979, 10.57379189 ], [ -85.69575283, 10.57380438 ], [ -85.695773399999965, 10.57379189 ], [ -85.695793509999973, 10.57377849 ], [ -85.695812799999985, 10.57376429 ], [ -85.695793509999987, 10.57377849 ] ] ], [ [ [ -85.695707629999987, 10.57382496 ], [ -85.69567898, 10.57383108 ], [ -85.695707629999987, 10.57382496 ], [ -85.69573087, 10.57381589 ], [ -85.695707629999987, 10.57382496 ] ] ], [ [ [ -85.695475239999979, 10.57380741 ], [ -85.69545193, 10.57381955 ], [ -85.695475239999965, 10.57380741 ], [ -85.69550297, 10.57380012 ], [ -85.695475239999979, 10.57380741 ] ] ], [ [ [ -85.695380299999982, 10.57388338 ], [ -85.69535521, 10.57388976 ], [ -85.695380299999968, 10.57388338 ], [ -85.69540226, 10.57387396 ], [ -85.695380299999982, 10.57388338 ] ] ], [ [ [ -85.695139159999982, 10.57395192 ], [ -85.69511843, 10.57396875 ], [ -85.695139159999968, 10.57395192 ], [ -85.6951599, 10.57393627 ], [ -85.695139159999982, 10.57395192 ] ] ], [ [ [ -85.695086239999981, 10.57399622 ], [ -85.69507878, 10.57401822 ], [ -85.695086239999966, 10.57399622 ], [ -85.69509968, 10.57398205 ], [ -85.695086239999981, 10.57399622 ] ] ], [ [ [ -85.69450977000001, 10.57354761 ], [ -85.694503545, 10.573536705000192 ], [ -85.69450977000001, 10.57354761 ], [ -85.694522959999986, 10.57357085 ], [ -85.69450977000001, 10.57354761 ] ] ], [ [ [ -85.693782089999985, 10.57310947 ], [ -85.69376296, 10.57311807 ], [ -85.693782089999971, 10.57310947 ], [ -85.69380446, 10.57310791 ], [ -85.693782089999985, 10.57310947 ] ] ], [ [ [ -85.693676509999989, 10.57317891 ], [ -85.69365113, 10.57318103 ], [ -85.693676509999975, 10.57317891 ], [ -85.693687469999986, 10.57317776 ], [ -85.693676509999989, 10.57317891 ] ] ], [ [ [ -85.693496049999979, 10.57320157 ], [ -85.69346866, 10.57320397 ], [ -85.693496049999965, 10.57320157 ], [ -85.69352089, 10.57319999 ], [ -85.693496049999979, 10.57320157 ] ] ], [ [ [ -85.693271719999984, 10.57330363 ], [ -85.693243249999981, 10.57330975 ], [ -85.69327171999997, 10.57330363 ], [ -85.6932948, 10.57329854 ], [ -85.693271719999984, 10.57330363 ] ] ], [ [ [ -85.69315220999998, 10.57334865 ], [ -85.693126469999982, 10.57335204 ], [ -85.693126469999982, 10.57335204 ], [ -85.69315220999998, 10.57334865 ], [ -85.69317957, 10.57334046 ], [ -85.69315220999998, 10.57334865 ] ] ], [ [ [ -85.693073930000011, 10.57334781 ], [ -85.693048929999989, 10.57333782 ], [ -85.693073930000011, 10.57334781 ], [ -85.69309916, 10.57335192 ], [ -85.693073930000011, 10.57334781 ] ] ], [ [ [ -85.691488699999979, 10.57232473 ], [ -85.69148334, 10.57234726 ], [ -85.691488699999965, 10.57232473 ], [ -85.69149384, 10.57231259 ], [ -85.691488699999979, 10.57232473 ] ] ], [ [ [ -85.691254179999987, 10.57251759 ], [ -85.691231229999985, 10.57253009 ], [ -85.69120617, 10.57254135 ], [ -85.691231229999971, 10.57253009 ], [ -85.691254179999973, 10.57251759 ], [ -85.69127558, 10.57250455 ], [ -85.691254179999987, 10.57251759 ] ] ], [ [ [ -85.69102608999998, 10.57259961 ], [ -85.69099889, 10.57260464 ], [ -85.691026089999966, 10.57259961 ], [ -85.69104835, 10.57259434 ], [ -85.69102608999998, 10.57259961 ] ] ], [ [ [ -85.690838949999986, 10.57263893 ], [ -85.69081477, 10.5726434 ], [ -85.690838949999971, 10.57263893 ], [ -85.69086624, 10.57263409 ], [ -85.690838949999986, 10.57263893 ] ] ], [ [ [ -85.690736099999981, 10.57265584 ], [ -85.69071006999998, 10.57265698 ], [ -85.690736099999967, 10.57265584 ], [ -85.69076212, 10.57265335 ], [ -85.690736099999981, 10.57265584 ] ] ], [ [ [ -85.690271010000018, 10.57214435 ], [ -85.69025763, 10.57212047 ], [ -85.690271010000018, 10.57214435 ], [ -85.69028218, 10.57216598 ], [ -85.690271010000018, 10.57214435 ] ] ], [ [ [ -85.689389469999981, 10.57193253 ], [ -85.68936356, 10.57193691 ], [ -85.689389469999966, 10.57193253 ], [ -85.689413359999989, 10.57192472 ], [ -85.689389469999981, 10.57193253 ] ] ], [ [ [ -85.688895509999981, 10.57183765 ], [ -85.688895509999966, 10.57183765 ], [ -85.688921439999987, 10.57183571 ], [ -85.688895509999981, 10.57183765 ] ] ], [ [ [ -85.688636089999989, 10.57203724 ], [ -85.688618259999984, 10.57205171 ], [ -85.68859935, 10.5720669 ], [ -85.68861825999997, 10.57205171 ], [ -85.688636089999974, 10.57203724 ], [ -85.68865709, 10.57201869 ], [ -85.688636089999989, 10.57203724 ] ] ], [ [ [ -85.688264409999988, 10.57230395 ], [ -85.68824382, 10.57231481 ], [ -85.688264409999974, 10.57230395 ], [ -85.68828644, 10.57229073 ], [ -85.688264409999988, 10.57230395 ] ] ], [ [ [ -85.688151729999987, 10.57234522 ], [ -85.688126159999982, 10.57234644 ], [ -85.688151729999973, 10.57234522 ], [ -85.68817601, 10.57234121 ], [ -85.688151729999987, 10.57234522 ] ] ], [ [ [ -85.68447725999998, 10.57044458 ], [ -85.68445144, 10.57045005 ], [ -85.684477259999966, 10.57044458 ], [ -85.68450365, 10.57044173 ], [ -85.68447725999998, 10.57044458 ] ] ], [ [ [ -85.684182529999987, 10.57058561 ], [ -85.68415796, 10.57060282 ], [ -85.684182529999973, 10.57058561 ], [ -85.68420299, 10.57056788 ], [ -85.684182529999987, 10.57058561 ] ] ], [ [ [ -85.684114279999989, 10.57063198 ], [ -85.68409591, 10.57064663 ], [ -85.684114279999974, 10.57063198 ], [ -85.6841343, 10.57061841 ], [ -85.684114279999989, 10.57063198 ] ] ], [ [ [ -85.683991849999984, 10.57072726 ], [ -85.68397183, 10.57074083 ], [ -85.68399184999997, 10.57072726 ], [ -85.68401031, 10.5707127 ], [ -85.683991849999984, 10.57072726 ] ] ], [ [ [ -85.683890839999989, 10.57079667 ], [ -85.68386982, 10.57081178 ], [ -85.683890839999975, 10.57079667 ], [ -85.68391241, 10.57078408 ], [ -85.683890839999989, 10.57079667 ] ] ], [ [ [ -85.683770669999987, 10.57087142 ], [ -85.68374753, 10.57088302 ], [ -85.683770669999973, 10.57087142 ], [ -85.6837958, 10.57085673 ], [ -85.683770669999987, 10.57087142 ] ] ], [ [ [ -85.683601739999986, 10.57093242 ], [ -85.6835786, 10.57094402 ], [ -85.683601739999986, 10.57093242 ], [ -85.683628559999988, 10.5709255 ], [ -85.683601739999986, 10.57093242 ] ] ], [ [ [ -85.683122229999981, 10.57119256 ], [ -85.683094449999984, 10.57120771 ], [ -85.68306568, 10.57122449 ], [ -85.68309444999997, 10.57120771 ], [ -85.683122229999967, 10.57119256 ], [ -85.68315356, 10.57117522 ], [ -85.683122229999981, 10.57119256 ] ] ], [ [ [ -85.683022079999986, 10.57125374 ], [ -85.68299752, 10.57127095 ], [ -85.683022079999972, 10.57125374 ], [ -85.68304466, 10.57123961 ], [ -85.683022079999986, 10.57125374 ] ] ], [ [ [ -85.682842009999987, 10.57133179 ], [ -85.682809559999981, 10.57134398 ], [ -85.682776549999986, 10.57135365 ], [ -85.68274353, 10.57136332 ], [ -85.682776549999971, 10.57135365 ], [ -85.682809559999967, 10.57134398 ], [ -85.682842009999973, 10.57133179 ], [ -85.682874470000016, 10.5713196 ], [ -85.682842009999987, 10.57133179 ] ] ], [ [ [ -85.682543869999989, 10.57145078 ], [ -85.68251722, 10.57147117 ], [ -85.682543869999975, 10.57145078 ], [ -85.68257009, 10.57143465 ], [ -85.682543869999989, 10.57145078 ] ] ], [ [ [ -85.682430919999987, 10.57155875 ], [ -85.68240738, 10.57158111 ], [ -85.682430919999973, 10.57155875 ], [ -85.68245281, 10.57153541 ], [ -85.682430919999987, 10.57155875 ] ] ], [ [ [ -85.682338859999987, 10.57164492 ], [ -85.6823184, 10.57166257 ], [ -85.682338859999973, 10.57164492 ], [ -85.68236296, 10.57162518 ], [ -85.682338859999987, 10.57164492 ] ] ], [ [ [ -85.68229685999998, 10.57168184 ], [ -85.68227185, 10.57170312 ], [ -85.682296859999965, 10.57168184 ], [ -85.6823184, 10.57166257 ], [ -85.68229685999998, 10.57168184 ] ] ], [ [ [ -85.681835489999983, 10.57201952 ], [ -85.68181394, 10.57203879 ], [ -85.681835489999969, 10.57201952 ], [ -85.68209144, 10.57183631 ], [ -85.681835489999983, 10.57201952 ] ] ], [ [ [ -85.681796039999981, 10.57205588 ], [ -85.68177923, 10.57207142 ], [ -85.681796039999966, 10.57205588 ], [ -85.68181394, 10.57203879 ], [ -85.681796039999981, 10.57205588 ] ] ], [ [ [ -85.68167880999998, 10.57215005 ], [ -85.68165727, 10.57216923 ], [ -85.681678809999966, 10.57215005 ], [ -85.68170182, 10.57213185 ], [ -85.68167880999998, 10.57215005 ] ] ], [ [ [ -85.681633819999988, 10.57219159 ], [ -85.681608729999979, 10.57221287 ], [ -85.68158619, 10.57223369 ], [ -85.681608729999965, 10.57221287 ], [ -85.681633819999973, 10.57219159 ], [ -85.68165727, 10.57216923 ], [ -85.681633819999988, 10.57219159 ] ] ], [ [ [ -85.681350839999979, 10.57244354 ], [ -85.68133237, 10.5724581 ], [ -85.681350839999965, 10.57244354 ], [ -85.6813703, 10.57242743 ], [ -85.681350839999979, 10.57244354 ] ] ], [ [ [ -85.681310919999987, 10.57247737 ], [ -85.681293019999984, 10.57249446 ], [ -85.68127256, 10.5725121 ], [ -85.68129301999997, 10.57249446 ], [ -85.681310919999973, 10.57247737 ], [ -85.68133237, 10.5724581 ], [ -85.681310919999987, 10.57247737 ] ] ], [ [ [ -85.680936959999983, 10.57281395 ], [ -85.68091654, 10.57283827 ], [ -85.680936959999968, 10.57281395 ], [ -85.68095894, 10.5727906 ], [ -85.680936959999983, 10.57281395 ] ] ], [ [ [ -85.680871679999981, 10.57288642 ], [ -85.680852249999987, 10.5729092 ], [ -85.68083492, 10.57292891 ], [ -85.680852249999987, 10.5729092 ], [ -85.680871679999967, 10.57288642 ], [ -85.68089565, 10.57285999 ], [ -85.680871679999981, 10.57288642 ] ] ], [ [ [ -85.680614899999981, 10.57320357 ], [ -85.680596129999984, 10.57322888 ], [ -85.680614899999966, 10.57320357 ], [ -85.6806384, 10.57317461 ], [ -85.680614899999981, 10.57320357 ] ] ], [ [ [ -85.680399919999985, 10.57346392 ], [ -85.68038414, 10.57348461 ], [ -85.680399919999971, 10.57346392 ], [ -85.680418249999988, 10.57344267 ], [ -85.680399919999985, 10.57346392 ] ] ], [ [ [ -85.680363719999988, 10.57350894 ], [ -85.680342829999987, 10.57353065 ], [ -85.680363719999974, 10.57350894 ], [ -85.68038414, 10.57348461 ], [ -85.680363719999988, 10.57350894 ] ] ], [ [ [ -85.680038069999981, 10.57389406 ], [ -85.680021719999985, 10.57391213 ], [ -85.680038069999981, 10.57389406 ], [ -85.680061470000012, 10.57386502 ], [ -85.680038069999981, 10.57389406 ] ] ], [ [ [ -85.679839729999983, 10.5741254 ], [ -85.679817749999984, 10.57414875 ], [ -85.679839729999969, 10.5741254 ], [ -85.67986271, 10.57410061 ], [ -85.679839729999983, 10.5741254 ] ] ], [ [ [ -85.679779519999983, 10.57419025 ], [ -85.679755459999981, 10.57421659 ], [ -85.679779519999968, 10.57419025 ], [ -85.67980141, 10.57416691 ], [ -85.679779519999983, 10.57419025 ] ] ], [ [ [ -85.679632809999987, 10.57437333 ], [ -85.679611959999988, 10.57440182 ], [ -85.679632809999973, 10.57437333 ], [ -85.67965267, 10.57434647 ], [ -85.679632809999987, 10.57437333 ] ] ], [ [ [ -85.67932408999998, 10.57483094 ], [ -85.67930323, 10.57485943 ], [ -85.679324089999966, 10.57483094 ], [ -85.67933732, 10.5748108 ], [ -85.67932408999998, 10.57483094 ] ] ], [ [ [ -85.67927023999998, 10.57490642 ], [ -85.679254459999981, 10.57492711 ], [ -85.67923967, 10.57494626 ], [ -85.679254459999981, 10.57492711 ], [ -85.679270239999965, 10.57490642 ], [ -85.67928901, 10.5748811 ], [ -85.67927023999998, 10.57490642 ] ] ], [ [ [ -85.679065529999988, 10.57520856 ], [ -85.67905131, 10.57523023 ], [ -85.679065529999974, 10.57520856 ], [ -85.67907876, 10.57518842 ], [ -85.679065529999988, 10.57520856 ] ] ], [ [ [ -85.678922519999986, 10.57543364 ], [ -85.6789093, 10.57545378 ], [ -85.678922519999986, 10.57543364 ], [ -85.67893675, 10.57541196 ], [ -85.678922519999986, 10.57543364 ] ] ], [ [ [ -85.67867271999998, 10.57580805 ], [ -85.678656499999988, 10.5758329 ], [ -85.67864228, 10.57585458 ], [ -85.678656499999988, 10.5758329 ], [ -85.678672719999966, 10.57580805 ], [ -85.6786885, 10.57578736 ], [ -85.67867271999998, 10.57580805 ] ] ], [ [ [ -85.678590979999981, 10.57592942 ], [ -85.678576759999984, 10.57595118 ], [ -85.678567655, 10.575965105000318 ], [ -85.67857675999997, 10.57595118 ], [ -85.678590979999981, 10.57592942 ], [ -85.67861128, 10.57589849 ], [ -85.678590979999981, 10.57592942 ] ] ], [ [ [ -85.678453439999984, 10.57613603 ], [ -85.678439219999987, 10.57615771 ], [ -85.678423439999989, 10.5761784 ], [ -85.678439219999973, 10.57615771 ], [ -85.67845343999997, 10.57613603 ], [ -85.678473740000015, 10.57610501 ], [ -85.678453439999984, 10.57613603 ] ] ], [ [ [ -85.678018539999982, 10.5768405 ], [ -85.6780018, 10.57686942 ], [ -85.678018539999968, 10.5768405 ], [ -85.678038269999988, 10.57680705 ], [ -85.678018539999982, 10.5768405 ] ] ], [ [ [ -85.677832509999988, 10.57718547 ], [ -85.67781885, 10.57720968 ], [ -85.677832509999973, 10.57718547 ], [ -85.67784661, 10.57715711 ], [ -85.677832509999988, 10.57718547 ] ] ], [ [ [ -85.677806749999988, 10.57723496 ], [ -85.67779196, 10.5772541 ], [ -85.677806749999974, 10.57723496 ], [ -85.67781885, 10.57720968 ], [ -85.677806749999988, 10.57723496 ] ] ], [ [ [ -85.677549969999987, 10.57778971 ], [ -85.67753432, 10.57781709 ], [ -85.677549969999973, 10.57778971 ], [ -85.67756459, 10.57775728 ], [ -85.677549969999987, 10.57778971 ] ] ], [ [ [ -85.67743154999998, 10.578035 ], [ -85.677417019999979, 10.57806743 ], [ -85.67740439, 10.57809678 ], [ -85.677417019999965, 10.57806743 ], [ -85.677431549999966, 10.578035 ], [ -85.67744166, 10.5780128 ], [ -85.67743154999998, 10.578035 ] ] ], [ [ [ -85.67723789999998, 10.57850699 ], [ -85.67722736, 10.57853326 ], [ -85.677237899999966, 10.57850699 ], [ -85.67724888, 10.57847666 ], [ -85.67723789999998, 10.57850699 ] ] ], [ [ [ -85.677206399999989, 10.57859239 ], [ -85.6771985, 10.5786181 ], [ -85.677206399999974, 10.57859239 ], [ -85.67721681, 10.57855953 ], [ -85.677206399999989, 10.57859239 ] ] ], [ [ [ -85.677143109999989, 10.57878062 ], [ -85.677133649999988, 10.57880535 ], [ -85.677143109999989, 10.57878062 ], [ -85.67715309, 10.57875183 ], [ -85.677143109999989, 10.57878062 ] ] ], [ [ [ -85.677105699999984, 10.57888864 ], [ -85.677096279999986, 10.57891997 ], [ -85.67710569999997, 10.57888864 ], [ -85.67711468, 10.57886139 ], [ -85.677105699999984, 10.57888864 ] ] ], [ [ [ -85.676951299999985, 10.57935501 ], [ -85.67694188, 10.57938642 ], [ -85.676951299999971, 10.57935501 ], [ -85.676962399999979, 10.57933136 ], [ -85.676951299999985, 10.57935501 ] ] ], [ [ [ -85.676895479999985, 10.57952169 ], [ -85.67688662, 10.57955554 ], [ -85.67689547999997, 10.57952169 ], [ -85.67690247, 10.57949752 ], [ -85.676895479999985, 10.57952169 ] ] ], [ [ [ -85.676877759999982, 10.57958948 ], [ -85.676870849999986, 10.57961365 ], [ -85.676862, 10.57964759 ], [ -85.676870849999972, 10.57961365 ], [ -85.676877759999968, 10.57958948 ], [ -85.67688662, 10.57955554 ], [ -85.676877759999982, 10.57958948 ] ] ], [ [ [ -85.676814629999981, 10.579791 ], [ -85.67680578, 10.57982494 ], [ -85.676814629999967, 10.579791 ], [ -85.676818364999988, 10.579780225000189 ], [ -85.676814629999981, 10.579791 ] ] ], [ [ [ -85.676796349999989, 10.57985626 ], [ -85.67678537, 10.5798866 ], [ -85.676796349999989, 10.57985626 ], [ -85.67680578, 10.57982494 ], [ -85.676796349999989, 10.57985626 ] ] ], [ [ [ -85.676774399999985, 10.57991702 ], [ -85.676762329999988, 10.5799489 ], [ -85.676753869999985, 10.57997208 ], [ -85.67674796, 10.57999462 ], [ -85.67675386999997, 10.57997208 ], [ -85.676762329999974, 10.5799489 ], [ -85.676774399999971, 10.57991702 ], [ -85.67678537, 10.5798866 ], [ -85.676774399999985, 10.57991702 ] ] ], [ [ [ -85.676663929999989, 10.58029937 ], [ -85.67665707, 10.58033023 ], [ -85.676663929999975, 10.58029937 ], [ -85.67666928, 10.58027422 ], [ -85.676663929999989, 10.58029937 ] ] ], [ [ [ -85.676649929999982, 10.58037844 ], [ -85.67664558, 10.58040205 ], [ -85.676649929999968, 10.58037844 ], [ -85.67665272, 10.58035384 ], [ -85.676649929999982, 10.58037844 ] ] ], [ [ [ -85.676618099999985, 10.58055602 ], [ -85.67661223, 10.58058524 ], [ -85.67661809999997, 10.58055602 ], [ -85.676622879999982, 10.58052825 ], [ -85.676618099999985, 10.58055602 ] ] ], [ [ [ -85.676738139999983, 10.58079362 ], [ -85.676763, 10.58079638 ], [ -85.676738139999969, 10.58079362 ], [ -85.676713279999987, 10.58079086 ], [ -85.676738139999983, 10.58079362 ] ] ], [ [ [ -85.676876979999989, 10.58116208 ], [ -85.67686999, 10.58118625 ], [ -85.676876979999975, 10.58116208 ], [ -85.67688077, 10.58113594 ], [ -85.676876979999989, 10.58116208 ] ] ], [ [ [ -85.676862519999986, 10.5812078 ], [ -85.676855099999983, 10.58123613 ], [ -85.67684676, 10.58126591 ], [ -85.676855099999969, 10.58123613 ], [ -85.676862519999972, 10.5812078 ], [ -85.67686999, 10.58118625 ], [ -85.676862519999986, 10.5812078 ] ] ], [ [ [ -85.676839549999983, 10.58135153 ], [ -85.67684244, 10.58137755 ], [ -85.676839549999968, 10.58135153 ], [ -85.67683867, 10.58132234 ], [ -85.676839549999983, 10.58135153 ] ] ], [ [ [ -85.676848959999987, 10.58140155 ], [ -85.6768554, 10.58141413 ], [ -85.676848959999987, 10.58140155 ], [ -85.67684244, 10.58137755 ], [ -85.676848959999987, 10.58140155 ] ] ], [ [ [ -85.676874969999986, 10.58144678 ], [ -85.6768938, 10.58146548 ], [ -85.676874969999972, 10.58144678 ], [ -85.676860690000012, 10.58142445 ], [ -85.676874969999986, 10.58144678 ] ] ], [ [ [ -85.676842629999982, 10.5815471 ], [ -85.67681681, 10.58155257 ], [ -85.676842629999967, 10.5815471 ], [ -85.67686892, 10.58154415 ], [ -85.676842629999982, 10.5815471 ] ] ], [ [ [ -85.67675140999998, 10.58185595 ], [ -85.676755279999981, 10.58188052 ], [ -85.676751409999966, 10.58185595 ], [ -85.67674532, 10.58182788 ], [ -85.67675140999998, 10.58185595 ] ] ], [ [ [ -85.677123289999983, 10.58216054 ], [ -85.677134245, 10.582167580000078 ], [ -85.677123289999969, 10.58216054 ], [ -85.67710194999998, 10.58214909 ], [ -85.677123289999983, 10.58216054 ] ] ], [ [ [ -85.677240119999979, 10.58222671 ], [ -85.6772619, 10.5822341 ], [ -85.677240119999965, 10.58222671 ], [ -85.67721158, 10.58221936 ], [ -85.677240119999979, 10.58222671 ] ] ], [ [ [ -85.67730736999998, 10.58226323 ], [ -85.6773252, 10.58228347 ], [ -85.677307369999966, 10.58226323 ], [ -85.67728334, 10.58224555 ], [ -85.67730736999998, 10.58226323 ] ] ], [ [ [ -85.677513399999981, 10.58250534 ], [ -85.67750836, 10.58251974 ], [ -85.677513399999967, 10.58250534 ], [ -85.67752606, 10.58248268 ], [ -85.677513399999981, 10.58250534 ] ] ], [ [ [ -85.677757949999986, 10.58272601 ], [ -85.67777262, 10.58273759 ], [ -85.677757949999986, 10.58272601 ], [ -85.67774267, 10.58270521 ], [ -85.677757949999986, 10.58272601 ] ] ], [ [ [ -85.677800039999966, 10.5827398 ], [ -85.677800039999966, 10.5827398 ], [ -85.67777262, 10.58273759 ], [ -85.677800039999966, 10.5827398 ] ] ], [ [ [ -85.677899719999985, 10.58272679 ], [ -85.677917809999983, 10.58276032 ], [ -85.677899719999971, 10.58272679 ], [ -85.67786962, 10.58271846 ], [ -85.677899719999985, 10.58272679 ] ] ], [ [ [ -85.677953439999982, 10.58291296 ], [ -85.67794645, 10.58293713 ], [ -85.677953439999968, 10.58291296 ], [ -85.677953119999984, 10.58288639 ], [ -85.677953439999982, 10.58291296 ] ] ], [ [ [ -85.677879829999981, 10.583066 ], [ -85.6778828, 10.5830921 ], [ -85.677879829999966, 10.583066 ], [ -85.67788161999998, 10.58304294 ], [ -85.677879829999981, 10.583066 ] ] ], [ [ [ -85.677840509999982, 10.58322781 ], [ -85.67782417, 10.58324597 ], [ -85.677840509999967, 10.58322781 ], [ -85.67785742, 10.58321226 ], [ -85.677840509999982, 10.58322781 ] ] ], [ [ [ -85.677802339999985, 10.58331333 ], [ -85.67779223, 10.58333543 ], [ -85.677802339999971, 10.58331333 ], [ -85.6778098, 10.58329169 ], [ -85.677802339999985, 10.58331333 ] ] ], [ [ [ -85.677751769999986, 10.58340407 ], [ -85.677742219999985, 10.58342879 ], [ -85.677737869999987, 10.5834524 ], [ -85.677742219999971, 10.58342879 ], [ -85.677751769999972, 10.58340407 ], [ -85.67776434, 10.5833814 ], [ -85.677751769999986, 10.58340407 ] ] ], [ [ [ -85.677743219999982, 10.58354601 ], [ -85.67775187, 10.58357362 ], [ -85.677743219999968, 10.58354601 ], [ -85.6777367, 10.58352209 ], [ -85.677743219999982, 10.58354601 ] ] ], [ [ [ -85.677797029999979, 10.58366412 ], [ -85.677808189999979, 10.58368448 ], [ -85.67781926, 10.58370485 ], [ -85.677808189999979, 10.58368448 ], [ -85.677797029999965, 10.58366412 ], [ -85.67778587, 10.58364384 ], [ -85.677797029999979, 10.58366412 ] ] ], [ [ [ -85.677830429999986, 10.58372522 ], [ -85.67783795, 10.58374759 ], [ -85.677830429999972, 10.58372522 ], [ -85.67781926, 10.58370485 ], [ -85.677830429999986, 10.58372522 ] ] ], [ [ [ -85.677866449999982, 10.58394853 ], [ -85.67787409, 10.58397759 ], [ -85.677866449999982, 10.58394853 ], [ -85.67786036, 10.58392037 ], [ -85.677866449999982, 10.58394853 ] ] ], [ [ [ -85.678135499999982, 10.58413861 ], [ -85.67816547, 10.58414026 ], [ -85.678135499999968, 10.58413861 ], [ -85.678107429999983, 10.58413388 ], [ -85.678135499999982, 10.58413861 ] ] ], [ [ [ -85.67840246999998, 10.58413168 ], [ -85.678430449999979, 10.58413641 ], [ -85.678442665, 10.584139870000019 ], [ -85.678430449999965, 10.58413641 ], [ -85.678402469999966, 10.58413168 ], [ -85.67837917, 10.5841299 ], [ -85.67840246999998, 10.58413168 ] ] ], [ [ [ -85.678522019999988, 10.58421057 ], [ -85.67852447, 10.58424075 ], [ -85.678522019999974, 10.58421057 ], [ -85.67851073, 10.58418352 ], [ -85.678522019999988, 10.58421057 ] ] ], [ [ [ -85.678551729999981, 10.58446718 ], [ -85.67856233, 10.58448502 ], [ -85.678551729999967, 10.58446718 ], [ -85.67854832, 10.58444524 ], [ -85.678551729999981, 10.58446718 ] ] ], [ [ [ -85.678552569999979, 10.58457111 ], [ -85.67852207, 10.58457363 ], [ -85.678552569999965, 10.58457111 ], [ -85.67858042, 10.58456925 ], [ -85.678552569999979, 10.58457111 ] ] ], [ [ [ -85.678483259999979, 10.5845751 ], [ -85.67847663, 10.58458182 ], [ -85.678483259999965, 10.5845751 ], [ -85.67849768, 10.58457339 ], [ -85.678483259999979, 10.5845751 ] ] ], [ [ [ -85.678483589999985, 10.58460176 ], [ -85.67850506, 10.5846199 ], [ -85.678483589999971, 10.58460176 ], [ -85.67847663, 10.58458182 ], [ -85.678483589999985, 10.58460176 ] ] ], [ [ [ -85.678663859999986, 10.58469317 ], [ -85.67867758, 10.58471297 ], [ -85.678663859999972, 10.58469317 ], [ -85.678643939999986, 10.58467601 ], [ -85.678663859999986, 10.58469317 ] ] ], [ [ [ -85.678784959999987, 10.58477305 ], [ -85.67880787, 10.58478558 ], [ -85.678784959999973, 10.58477305 ], [ -85.67876253, 10.58476305 ], [ -85.678784959999987, 10.58477305 ] ] ], [ [ [ -85.679014630000012, 10.58484331 ], [ -85.67903522, 10.58483236 ], [ -85.679014630000012, 10.58484331 ], [ -85.67899249, 10.58485337 ], [ -85.679014630000012, 10.58484331 ] ] ], [ [ [ -85.67908137000002, 10.58480256 ], [ -85.67910406999998, 10.58479512 ], [ -85.67908137000002, 10.58480256 ], [ -85.67906135, 10.58481613 ], [ -85.67908137000002, 10.58480256 ] ] ], [ [ [ -85.679129369999984, 10.58479372 ], [ -85.67915275999998, 10.58479549 ], [ -85.67912936999997, 10.58479372 ], [ -85.679129369999984, 10.58479372 ] ] ], [ [ [ -85.679229849999984, 10.58487796 ], [ -85.67921772, 10.58489655 ], [ -85.67922984999997, 10.58487796 ], [ -85.679229649999982, 10.58485799 ], [ -85.679229849999984, 10.58487796 ] ] ], [ [ [ -85.679146209999985, 10.58493435 ], [ -85.67911836, 10.58493621 ], [ -85.679146209999971, 10.58493435 ], [ -85.67917091, 10.58492382 ], [ -85.679146209999985, 10.58493435 ] ] ], [ [ [ -85.678430559999981, 10.58538174 ], [ -85.67841577, 10.58540089 ], [ -85.678430559999967, 10.58538174 ], [ -85.67844998, 10.58535904 ], [ -85.678430559999981, 10.58538174 ] ] ], [ [ [ -85.678402669999983, 10.58542771 ], [ -85.67839269, 10.5854565 ], [ -85.678402669999969, 10.58542771 ], [ -85.67841577, 10.58540089 ], [ -85.678402669999983, 10.58542771 ] ] ], [ [ [ -85.678428389999979, 10.58557182 ], [ -85.678446219999984, 10.58559206 ], [ -85.678463579999985, 10.58560977 ], [ -85.678446219999969, 10.58559206 ], [ -85.678428389999965, 10.58557182 ], [ -85.67841255, 10.5855484 ], [ -85.678428389999979, 10.58557182 ] ] ], [ [ [ -85.678526629999979, 10.58564586 ], [ -85.678550619999982, 10.58565676 ], [ -85.67856888999998, 10.58567293 ], [ -85.678550619999967, 10.58565676 ], [ -85.678526629999965, 10.58564586 ], [ -85.6785032, 10.5856374 ], [ -85.678526629999979, 10.58564586 ] ] ], [ [ [ -85.678622479999987, 10.58573374 ], [ -85.67863775, 10.58575453 ], [ -85.678622479999973, 10.58573374 ], [ -85.6786062, 10.58571448 ], [ -85.678622479999987, 10.58573374 ] ] ], [ [ [ -85.678906059999989, 10.58589138 ], [ -85.67893824, 10.58589664 ], [ -85.678906059999989, 10.58589138 ], [ -85.67887708, 10.58588819 ], [ -85.678906059999989, 10.58589138 ] ] ], [ [ [ -85.678970989999982, 10.58590441 ], [ -85.67900419999998, 10.58591472 ], [ -85.679036419999989, 10.58592657 ], [ -85.679004199999966, 10.58591472 ], [ -85.678970989999968, 10.58590441 ], [ -85.67893824, 10.58589664 ], [ -85.678970989999982, 10.58590441 ] ] ], [ [ [ -85.679230939999982, 10.58603372 ], [ -85.67925285, 10.58604779 ], [ -85.679230939999968, 10.58603372 ], [ -85.67920271, 10.58601561 ], [ -85.679230939999982, 10.58603372 ] ] ], [ [ [ -85.679341809999983, 10.58624787 ], [ -85.67932292, 10.58626659 ], [ -85.679341809999968, 10.58624787 ], [ -85.67935448, 10.5862252 ], [ -85.679341809999983, 10.58624787 ] ] ], [ [ [ -85.67919065000001, 10.58628519 ], [ -85.67917926, 10.586282220000015 ], [ -85.67919065000001, 10.58628519 ], [ -85.679202585000013, 10.58628734 ], [ -85.67919065000001, 10.58628519 ] ] ], [ [ [ -85.679093329999986, 10.58627766 ], [ -85.679079969999989, 10.5862912 ], [ -85.679071509999986, 10.58631429 ], [ -85.67906461, 10.58633846 ], [ -85.679071509999972, 10.58631429 ], [ -85.679079969999975, 10.5862912 ], [ -85.679093329999986, 10.58627766 ], [ -85.679113949999987, 10.5862733 ], [ -85.679093329999986, 10.58627766 ] ] ], [ [ [ -85.678852209999988, 10.58640466 ], [ -85.67884943, 10.58642926 ], [ -85.678852209999988, 10.58640466 ], [ -85.678857, 10.58637698 ], [ -85.678852209999988, 10.58640466 ] ] ], [ [ [ -85.678975439999988, 10.58668834 ], [ -85.678975439999974, 10.58668834 ], [ -85.67900226, 10.58668133 ], [ -85.678975439999988, 10.58668834 ] ] ], [ [ [ -85.67879607, 10.58666344 ], [ -85.678813049999974, 10.58666118 ], [ -85.678813049999974, 10.58666118 ], [ -85.67879607, 10.58666344 ] ] ], [ [ [ -85.679064419999989, 10.58680698 ], [ -85.67909305, 10.58681433 ], [ -85.679064419999989, 10.58680698 ], [ -85.67903544, 10.58680379 ], [ -85.679064419999989, 10.58680698 ] ] ], [ [ [ -85.679256809999984, 10.58691053 ], [ -85.67927053, 10.58693033 ], [ -85.67925680999997, 10.58691053 ], [ -85.67923521, 10.58688579 ], [ -85.679256809999984, 10.58691053 ] ] ], [ [ [ -85.679264849999981, 10.58701035 ], [ -85.67923903, 10.58701573 ], [ -85.679264849999967, 10.58701035 ], [ -85.67928746, 10.58700282 ], [ -85.679264849999981, 10.58701035 ] ] ], [ [ [ -85.678778619999989, 10.58691407 ], [ -85.67879689, 10.58693024 ], [ -85.678778619999974, 10.58691407 ], [ -85.67876689, 10.58689117 ], [ -85.678778619999989, 10.58691407 ] ] ], [ [ [ -85.678864659999988, 10.58696269 ], [ -85.67888557, 10.5869783 ], [ -85.678864659999988, 10.58696269 ], [ -85.67884223, 10.58695268 ], [ -85.678864659999988, 10.58696269 ] ] ], [ [ [ -85.67894923999998, 10.58706093 ], [ -85.678972669999979, 10.5870693 ], [ -85.678949239999966, 10.58706093 ], [ -85.67893188, 10.58704322 ], [ -85.67894923999998, 10.58706093 ] ] ], [ [ [ -85.679156599999985, 10.58712797 ], [ -85.679179629999979, 10.5871471 ], [ -85.67915659999997, 10.58712797 ], [ -85.67913313, 10.58711291 ], [ -85.679156599999985, 10.58712797 ] ] ], [ [ [ -85.679227639999979, 10.5872571 ], [ -85.67921653, 10.58728075 ], [ -85.679227639999965, 10.5872571 ], [ -85.67922943, 10.58723405 ], [ -85.679227639999979, 10.5872571 ] ] ], [ [ [ -85.679203959999981, 10.5873035 ], [ -85.679186659999985, 10.58732981 ], [ -85.67917343, 10.58734994 ], [ -85.679186659999971, 10.58732981 ], [ -85.679203959999967, 10.5873035 ], [ -85.67921653, 10.58728075 ], [ -85.679203959999981, 10.5873035 ] ] ], [ [ [ -85.67909831999998, 10.58746458 ], [ -85.67908254, 10.58748527 ], [ -85.679098319999966, 10.58746458 ], [ -85.67911355, 10.58744136 ], [ -85.67909831999998, 10.58746458 ] ] ], [ [ [ -85.679069409999983, 10.5875054 ], [ -85.6790593, 10.5875276 ], [ -85.679069409999968, 10.5875054 ], [ -85.67908254, 10.58748527 ], [ -85.679069409999983, 10.5875054 ] ] ], [ [ [ -85.679048829999985, 10.58763521 ], [ -85.67905635, 10.58765767 ], [ -85.679048829999971, 10.58763521 ], [ -85.67904642000002, 10.58761172 ], [ -85.679048829999985, 10.58763521 ] ] ], [ [ [ -85.67907658999998, 10.58770149 ], [ -85.67909131, 10.58771967 ], [ -85.679076589999966, 10.58770149 ], [ -85.67906543, 10.58768112 ], [ -85.67907658999998, 10.58770149 ] ] ], [ [ [ -85.679263989999981, 10.58782603 ], [ -85.67928942, 10.5878314 ], [ -85.679263989999967, 10.58782603 ], [ -85.67924065, 10.58781765 ], [ -85.679263989999981, 10.58782603 ] ] ], [ [ [ -85.679342779999985, 10.58783482 ], [ -85.679354929999988, 10.587834895 ], [ -85.679342779999971, 10.58783482 ], [ -85.67931692, 10.58783361 ], [ -85.679342779999985, 10.58783482 ] ] ], [ [ [ -85.679391349999989, 10.58782851 ], [ -85.67936708000002, 10.58783497 ], [ -85.67936708000002, 10.58783497 ], [ -85.679391349999989, 10.58782851 ] ] ], [ [ [ -85.679856540000017, 10.5877023 ], [ -85.67987333, 10.587698730000021 ], [ -85.679856540000017, 10.5877023 ], [ -85.67982405, 10.58770781 ], [ -85.679856540000017, 10.5877023 ] ] ], [ [ [ -85.680338760000012, 10.5874483 ], [ -85.680358219999988, 10.5874322 ], [ -85.680338760000012, 10.5874483 ], [ -85.68033073, 10.58746741 ], [ -85.680338760000012, 10.5874483 ] ] ], [ [ [ -85.680806729999986, 10.58737883 ], [ -85.6808169, 10.58740074 ], [ -85.680806729999972, 10.58737883 ], [ -85.680794099999986, 10.58735757 ], [ -85.680806729999986, 10.58737883 ] ] ], [ [ [ -85.68082185999998, 10.58742376 ], [ -85.680819639999982, 10.58745088 ], [ -85.680821859999966, 10.58742376 ], [ -85.6808169, 10.58740074 ], [ -85.68082185999998, 10.58742376 ] ] ], [ [ [ -85.680724549999979, 10.58758578 ], [ -85.68070829, 10.58760385 ], [ -85.680724549999965, 10.58758578 ], [ -85.68074396999998, 10.58756299 ], [ -85.680724549999979, 10.58758578 ] ] ], [ [ [ -85.680693509999983, 10.587623 ], [ -85.680677159999988, 10.58764117 ], [ -85.680693509999983, 10.587623 ], [ -85.68070829, 10.58760385 ], [ -85.680693509999983, 10.587623 ] ] ], [ [ [ -85.680648279999986, 10.58768868 ], [ -85.6806393, 10.58771593 ], [ -85.680648279999971, 10.58768868 ], [ -85.68065995, 10.58766747 ], [ -85.680648279999986, 10.58768868 ] ] ], [ [ [ -85.680962079999986, 10.58762374 ], [ -85.68097321, 10.58763742 ], [ -85.680962079999972, 10.58762374 ], [ -85.68094908, 10.58761974 ], [ -85.680962079999986, 10.58762374 ] ] ], [ [ [ -85.680963319999989, 10.58771691 ], [ -85.68095897, 10.58774053 ], [ -85.680963319999975, 10.58771691 ], [ -85.68096975, 10.58769022 ], [ -85.680963319999989, 10.58771691 ] ] ], [ [ [ -85.680959419999979, 10.58797397 ], [ -85.680959419999965, 10.58797397 ], [ -85.68098424999998, 10.58797013 ], [ -85.680959419999979, 10.58797397 ] ] ], [ [ [ -85.680767279999984, 10.58788381 ], [ -85.6807447, 10.58789784 ], [ -85.680767279999969, 10.58788381 ], [ -85.68079042, 10.5878722 ], [ -85.680767279999984, 10.58788381 ] ] ], [ [ [ -85.68067895999998, 10.58793715 ], [ -85.68065529, 10.58795282 ], [ -85.680678959999966, 10.58793715 ], [ -85.68069954, 10.5879261 ], [ -85.68067895999998, 10.58793715 ] ] ], [ [ [ -85.68069251999998, 10.58826262 ], [ -85.68069251999998, 10.58826262 ], [ -85.68071725, 10.58825869 ], [ -85.68069251999998, 10.58826262 ] ] ], [ [ [ -85.680338889999987, 10.58829325 ], [ -85.680338889999973, 10.58829325 ], [ -85.680362059999979, 10.58828833 ], [ -85.680338889999987, 10.58829325 ] ] ], [ [ [ -85.680216369999982, 10.58850729 ], [ -85.680213969999983, 10.58852113 ], [ -85.680216369999968, 10.58850729 ], [ -85.68020785, 10.58848645 ], [ -85.680216369999982, 10.58850729 ] ] ], [ [ [ -85.68003213999998, 10.58894796 ], [ -85.68003866, 10.58897197 ], [ -85.680032139999966, 10.58894796 ], [ -85.68003125, 10.58891877 ], [ -85.68003213999998, 10.58894796 ] ] ], [ [ [ -85.680157379999983, 10.58906569 ], [ -85.68018224, 10.58906845 ], [ -85.680157379999969, 10.58906569 ], [ -85.68012784, 10.58905988 ], [ -85.680157379999983, 10.58906569 ] ] ], [ [ [ -85.680401669999981, 10.58910352 ], [ -85.68040283, 10.58911535 ], [ -85.680401669999966, 10.58910352 ], [ -85.68038812, 10.58909709 ], [ -85.680401669999981, 10.58910352 ] ] ], [ [ [ -85.680323159999986, 10.58919622 ], [ -85.68034763, 10.58920973 ], [ -85.680323159999972, 10.58919622 ], [ -85.68031, 10.58917893 ], [ -85.680323159999986, 10.58919622 ] ] ], [ [ [ -85.680476649999989, 10.58930132 ], [ -85.680489939999987, 10.5893252 ], [ -85.680502139999987, 10.58935062 ], [ -85.680489939999973, 10.5893252 ], [ -85.680476649999974, 10.58930132 ], [ -85.68045982, 10.58927945 ], [ -85.680476649999989, 10.58930132 ] ] ], [ [ [ -85.680510499999983, 10.58959578 ], [ -85.680498929999985, 10.58961699 ], [ -85.680510499999968, 10.58959578 ], [ -85.68051906, 10.58957268 ], [ -85.680510499999983, 10.58959578 ] ] ], [ [ [ -85.680262179999986, 10.58963895 ], [ -85.68024938, 10.58965492 ], [ -85.680262179999971, 10.58963895 ], [ -85.68028024, 10.58963505 ], [ -85.680262179999986, 10.58963895 ] ] ], [ [ [ -85.680293059999983, 10.58970711 ], [ -85.680293059999968, 10.58970711 ], [ -85.68026976, 10.58970542 ], [ -85.680293059999983, 10.58970711 ] ] ], [ [ [ -85.680344869999985, 10.58970954 ], [ -85.68037285, 10.58971427 ], [ -85.680344869999971, 10.58970954 ], [ -85.68031836, 10.5897058 ], [ -85.680344869999985, 10.58970954 ] ] ], [ [ [ -85.68039315999998, 10.58972067 ], [ -85.68040675, 10.58973388 ], [ -85.680393159999966, 10.58972067 ], [ -85.68037285, 10.58971427 ], [ -85.68039315999998, 10.58972067 ] ] ], [ [ [ -85.680393689999988, 10.5897673 ], [ -85.680384229999987, 10.58979203 ], [ -85.680393689999974, 10.5897673 ], [ -85.68041056, 10.58974507 ], [ -85.680393689999988, 10.5897673 ] ] ], [ [ [ -85.680450579999984, 10.58988079 ], [ -85.6804643, 10.5899006 ], [ -85.68045057999997, 10.58988079 ], [ -85.68043331, 10.58986308 ], [ -85.680450579999984, 10.58988079 ] ] ], [ [ [ -85.680518669999984, 10.59002124 ], [ -85.68052831, 10.59004721 ], [ -85.680518669999969, 10.59002124 ], [ -85.68050794, 10.5899968 ], [ -85.680518669999984, 10.59002124 ] ] ], [ [ [ -85.680466659999979, 10.59051805 ], [ -85.68043772, 10.59052155 ], [ -85.680466659999965, 10.59051805 ], [ -85.68049759, 10.59051156 ], [ -85.680466659999979, 10.59051805 ] ] ], [ [ [ -85.680626329999981, 10.59058318 ], [ -85.68065018999998, 10.59058748 ], [ -85.68067462, 10.59059431 ], [ -85.680650189999966, 10.59058748 ], [ -85.680626329999967, 10.59058318 ], [ -85.6805948, 10.59058045 ], [ -85.680626329999981, 10.59058318 ] ] ], [ [ [ -85.680800369999986, 10.59087074 ], [ -85.680791899999988, 10.59089392 ], [ -85.680800369999972, 10.59087074 ], [ -85.68080783, 10.59084919 ], [ -85.680800369999986, 10.59087074 ] ] ], [ [ [ -85.680847110000016, 10.59099973 ], [ -85.68086363499998, 10.59099824 ], [ -85.680847110000016, 10.59099973 ], [ -85.68081821, 10.59100983 ], [ -85.680847110000016, 10.59099973 ] ] ], [ [ [ -85.680880159999987, 10.59099675 ], [ -85.680907139999988, 10.59100303 ], [ -85.6809436, 10.59102208 ], [ -85.680907139999974, 10.59100303 ], [ -85.680880159999973, 10.59099675 ], [ -85.680880159999987, 10.59099675 ] ] ], [ [ [ -85.681163609999984, 10.59117853 ], [ -85.68118187, 10.5911947 ], [ -85.68116360999997, 10.59117853 ], [ -85.68114313, 10.59115875 ], [ -85.681163609999984, 10.59117853 ] ] ], [ [ [ -85.681253659999982, 10.5912583 ], [ -85.68128124, 10.59127379 ], [ -85.681253659999982, 10.5912583 ], [ -85.68122807, 10.59123964 ], [ -85.681253659999982, 10.5912583 ] ] ], [ [ [ -85.681355469999986, 10.59136757 ], [ -85.68135944, 10.59139213 ], [ -85.681355469999971, 10.59136757 ], [ -85.681347949999989, 10.59134511 ], [ -85.681355469999986, 10.59136757 ] ] ], [ [ [ -85.681429009999988, 10.59145213 ], [ -85.68143961, 10.59146997 ], [ -85.681429009999974, 10.59145213 ], [ -85.681410219999989, 10.59144012 ], [ -85.681429009999988, 10.59145213 ] ] ], [ [ [ -85.681247479999982, 10.59149847 ], [ -85.68124144, 10.5915145 ], [ -85.681247479999968, 10.59149847 ], [ -85.68126273, 10.59148194 ], [ -85.681247479999982, 10.59149847 ] ] ], [ [ [ -85.68113092, 10.5915338 ], [ -85.681155749999974, 10.59152987 ], [ -85.681155749999988, 10.59152987 ], [ -85.68113092, 10.5915338 ] ] ], [ [ [ -85.679972459999988, 10.59048499 ], [ -85.679952469999989, 10.59050516 ], [ -85.679972459999973, 10.59048499 ], [ -85.679991789999988, 10.5904622 ], [ -85.679972459999988, 10.59048499 ] ] ], [ [ [ -85.679856189999981, 10.5905402 ], [ -85.679856189999967, 10.5905402 ], [ -85.67987937, 10.59053529 ], [ -85.679856189999981, 10.5905402 ] ] ], [ [ [ -85.67943647, 10.59022701 ], [ -85.679459609999967, 10.5902155 ], [ -85.679459609999981, 10.5902155 ], [ -85.67943647, 10.59022701 ] ] ], [ [ [ -85.679414329999986, 10.59023707 ], [ -85.67939171, 10.59024452 ], [ -85.679414329999972, 10.59023707 ], [ -85.67943647, 10.59022701 ], [ -85.679414329999986, 10.59023707 ] ] ], [ [ [ -85.678434989999985, 10.5899059 ], [ -85.67840864, 10.58991544 ], [ -85.678434989999971, 10.5899059 ], [ -85.67846168, 10.5898922 ], [ -85.678434989999985, 10.5899059 ] ] ], [ [ [ -85.67745438999998, 10.59040125 ], [ -85.677432809999985, 10.59041375 ], [ -85.67741066, 10.59042381 ], [ -85.677432809999971, 10.59041375 ], [ -85.677454389999966, 10.59040125 ], [ -85.67747753, 10.59038965 ], [ -85.67745438999998, 10.59040125 ] ] ], [ [ [ -85.677164819999987, 10.59062251 ], [ -85.67714013, 10.59063312 ], [ -85.677164819999987, 10.59062251 ], [ -85.67718641, 10.59061001 ], [ -85.677164819999987, 10.59062251 ] ] ], [ [ [ -85.676521629999982, 10.59067419 ], [ -85.67650217, 10.59069038 ], [ -85.676521629999968, 10.59067419 ], [ -85.67654733, 10.59066212 ], [ -85.676521629999982, 10.59067419 ] ] ], [ [ [ -85.676466799999986, 10.59072049 ], [ -85.676448989999983, 10.59073766 ], [ -85.676466799999986, 10.59072049 ], [ -85.67648371, 10.59070494 ], [ -85.676466799999986, 10.59072049 ] ] ], [ [ [ -85.67635602999998, 10.59079464 ], [ -85.676334489999988, 10.59081383 ], [ -85.676315589999987, 10.59083255 ], [ -85.676334489999974, 10.59081383 ], [ -85.676356029999965, 10.59079464 ], [ -85.676379609999984, 10.59077897 ], [ -85.67635602999998, 10.59079464 ] ] ], [ [ [ -85.676049909999989, 10.59109552 ], [ -85.676031009999988, 10.59111415 ], [ -85.676049909999975, 10.59109552 ], [ -85.67606824, 10.59107427 ], [ -85.676049909999989, 10.59109552 ] ] ], [ [ [ -85.675927329999979, 10.59126554 ], [ -85.67593385, 10.59128955 ], [ -85.675927329999965, 10.59126554 ], [ -85.67593064, 10.59123678 ], [ -85.675927329999979, 10.59126554 ] ] ], [ [ [ -85.675947129999983, 10.59131343 ], [ -85.6759589, 10.59134301 ], [ -85.675947129999969, 10.59131343 ], [ -85.67593385, 10.59128955 ], [ -85.675947129999983, 10.59131343 ] ] ], [ [ [ -85.676041519999984, 10.59156978 ], [ -85.67605325, 10.59159267 ], [ -85.67604151999997, 10.59156978 ], [ -85.67602833, 10.5915459 ], [ -85.676041519999984, 10.59156978 ] ] ], [ [ [ -85.67611669999998, 10.59173676 ], [ -85.676129459999984, 10.5917648 ], [ -85.676138669999986, 10.59179494 ], [ -85.67612945999997, 10.5917648 ], [ -85.676116699999966, 10.59173676 ], [ -85.67610918, 10.59171439 ], [ -85.67611669999998, 10.59173676 ] ] ], [ [ [ -85.676153269999986, 10.59184385 ], [ -85.6761588, 10.5918694 ], [ -85.676153269999972, 10.59184385 ], [ -85.676149729999977, 10.591830580000288 ], [ -85.676153269999986, 10.59184385 ] ] ], [ [ [ -85.676204729999981, 10.59211778 ], [ -85.676196619999985, 10.59213807 ], [ -85.676204729999967, 10.59211778 ], [ -85.676201779999985, 10.59211265 ], [ -85.676204729999981, 10.59211778 ] ] ], [ [ [ -85.676020629999982, 10.59236459 ], [ -85.675992339999979, 10.59240289 ], [ -85.676020629999968, 10.59236459 ], [ -85.676048269999981, 10.59232332 ], [ -85.676020629999982, 10.59236459 ] ] ], [ [ [ -85.675961549999982, 10.59243676 ], [ -85.67592314, 10.59246155 ], [ -85.675961549999968, 10.59243676 ], [ -85.675992339999979, 10.59240289 ], [ -85.675961549999982, 10.59243676 ] ] ], [ [ [ -85.675810279999979, 10.59226892 ], [ -85.6757974, 10.59228616 ], [ -85.675810279999965, 10.59226892 ], [ -85.67582543, 10.59226667 ], [ -85.675810279999979, 10.59226892 ] ] ], [ [ [ -85.675390419999985, 10.59214968 ], [ -85.67537049, 10.59216325 ], [ -85.675390419999971, 10.59214968 ], [ -85.675414249999974, 10.5921473 ], [ -85.675414249999974, 10.5921473 ], [ -85.675390419999985, 10.59214968 ] ] ], [ [ [ -85.675267209999987, 10.59242265 ], [ -85.67525299, 10.59244433 ], [ -85.675267209999973, 10.59242265 ], [ -85.67528187, 10.5923969 ], [ -85.675267209999987, 10.59242265 ] ] ], [ [ [ -85.674970889999983, 10.59244384 ], [ -85.674943639999981, 10.59245492 ], [ -85.674970889999969, 10.59244384 ], [ -85.67499304, 10.59243378 ], [ -85.674970889999983, 10.59244384 ] ] ], [ [ [ -85.674667659999983, 10.59237035 ], [ -85.674676739999981, 10.5923938 ], [ -85.674667659999969, 10.59237035 ], [ -85.6746617, 10.59234896 ], [ -85.674667659999983, 10.59237035 ] ] ], [ [ [ -85.673050599999982, 10.59087774 ], [ -85.67302521, 10.59087905 ], [ -85.673050599999982, 10.59087774 ], [ -85.67307586, 10.59086975 ], [ -85.673050599999982, 10.59087774 ] ] ], [ [ [ -85.672433879999986, 10.59085842 ], [ -85.672433879999986, 10.59085842 ], [ -85.67245039, 10.59085354 ], [ -85.672433879999986, 10.59085842 ] ] ], [ [ [ -85.671749549999987, 10.59045029 ], [ -85.67172416, 10.5904516 ], [ -85.671749549999973, 10.59045029 ], [ -85.67177273, 10.59044537 ], [ -85.671749549999987, 10.59045029 ] ] ], [ [ [ -85.671594139999982, 10.5904804 ], [ -85.67156676, 10.59048479 ], [ -85.671594139999968, 10.5904804 ], [ -85.671619959999987, 10.59047493 ], [ -85.671594139999982, 10.5904804 ] ] ], [ [ [ -85.671295709999981, 10.59061682 ], [ -85.67127161, 10.59063656 ], [ -85.671295709999981, 10.59061682 ], [ -85.67131829, 10.5906027 ], [ -85.671295709999981, 10.59061682 ] ] ], [ [ [ -85.67118078999998, 10.59073448 ], [ -85.67116292, 10.59075825 ], [ -85.67118078999998, 10.59073448 ], [ -85.67119757, 10.59071224 ], [ -85.67118078999998, 10.59073448 ] ] ], [ [ [ -85.67113347999998, 10.59080323 ], [ -85.6711209, 10.5908259 ], [ -85.671133479999966, 10.59080323 ], [ -85.6711467, 10.5907831 ], [ -85.67113347999998, 10.59080323 ] ] ], [ [ [ -85.671013499999987, 10.59096601 ], [ -85.67098983, 10.59098168 ], [ -85.671013499999972, 10.59096601 ], [ -85.67103452, 10.5909509 ], [ -85.671013499999987, 10.59096601 ] ] ], [ [ [ -85.670965699999982, 10.59099482 ], [ -85.670939009999984, 10.59100843 ], [ -85.670918979999982, 10.591022 ], [ -85.670898399999984, 10.59103305 ], [ -85.670918979999968, 10.591022 ], [ -85.670939009999969, 10.59100843 ], [ -85.670965699999968, 10.59099482 ], [ -85.67098983, 10.59098168 ], [ -85.670965699999982, 10.59099482 ] ] ], [ [ [ -85.670834339999985, 10.59107993 ], [ -85.670813359999983, 10.59110174 ], [ -85.670834339999971, 10.59107993 ], [ -85.670855790000019, 10.59106075 ], [ -85.670834339999985, 10.59107993 ] ] ], [ [ [ -85.670767929999982, 10.59114735 ], [ -85.67074327, 10.59116456 ], [ -85.670767929999968, 10.59114735 ], [ -85.67078991, 10.591124 ], [ -85.670767929999982, 10.59114735 ] ] ], [ [ [ -85.670688229999982, 10.59119088 ], [ -85.670659979999982, 10.5912035 ], [ -85.670688229999968, 10.59119088 ], [ -85.67071657, 10.59117817 ], [ -85.670688229999982, 10.59119088 ] ] ], [ [ [ -85.670566129999983, 10.5912313 ], [ -85.67053411, 10.59123942 ], [ -85.670566129999969, 10.5912313 ], [ -85.67059806, 10.59122326 ], [ -85.670566129999983, 10.5912313 ] ] ], [ [ [ -85.669974769999982, 10.59149228 ], [ -85.66996323, 10.59152009 ], [ -85.669974769999968, 10.59149228 ], [ -85.669989, 10.59147061 ], [ -85.669974769999982, 10.59149228 ] ] ], [ [ [ -85.670086859999984, 10.59183034 ], [ -85.6700965, 10.59185641 ], [ -85.670086859999969, 10.59183034 ], [ -85.67007414, 10.59180908 ], [ -85.670086859999984, 10.59183034 ] ] ], [ [ [ -85.670133689999986, 10.59201004 ], [ -85.670120589999982, 10.59203686 ], [ -85.670133689999972, 10.59201004 ], [ -85.670144709999988, 10.5919863 ], [ -85.670133689999986, 10.59201004 ] ] ], [ [ [ -85.669844649999987, 10.59239677 ], [ -85.66986158, 10.59241855 ], [ -85.669844649999987, 10.59239677 ], [ -85.669828939999988, 10.59238004 ], [ -85.669844649999987, 10.59239677 ] ] ], [ [ [ -85.669901669999987, 10.59251685 ], [ -85.66989676, 10.59253793 ], [ -85.669901669999973, 10.59251685 ], [ -85.66989714, 10.59248976 ], [ -85.669901669999987, 10.59251685 ] ] ], [ [ [ -85.669541359999982, 10.59271705 ], [ -85.66955592, 10.59272195 ], [ -85.669541359999968, 10.59271705 ], [ -85.66954064, 10.59270115 ], [ -85.669541359999982, 10.59271705 ] ] ], [ [ [ -85.669664739999988, 10.59272571 ], [ -85.66969215, 10.59272791 ], [ -85.669664739999973, 10.59272571 ], [ -85.66963567, 10.59272252 ], [ -85.669664739999988, 10.59272571 ] ] ], [ [ [ -85.669775409999986, 10.59280113 ], [ -85.669777289999985, 10.59282878 ], [ -85.669775409999971, 10.59280113 ], [ -85.66976888, 10.59277712 ], [ -85.669775409999986, 10.59280113 ] ] ], [ [ [ -85.669456940000018, 10.59283228 ], [ -85.6694463, 10.59280784 ], [ -85.669456940000018, 10.59283228 ], [ -85.669467669999989, 10.59285672 ], [ -85.669456940000018, 10.59283228 ] ] ], [ [ [ -85.669335079999982, 10.59284874 ], [ -85.66932297, 10.59287393 ], [ -85.669335079999982, 10.59284874 ], [ -85.669349739999987, 10.59282291 ], [ -85.669335079999982, 10.59284874 ] ] ], [ [ [ -85.669448919999979, 10.593089 ], [ -85.669454449999989, 10.59311446 ], [ -85.66945478, 10.59314112 ], [ -85.669454449999989, 10.59311446 ], [ -85.669448919999965, 10.593089 ], [ -85.66943776, 10.59306863 ], [ -85.669448919999979, 10.593089 ] ] ], [ [ [ -85.669448339999988, 10.59316781 ], [ -85.66943732999998, 10.59319155 ], [ -85.669448339999974, 10.59316781 ], [ -85.66945478, 10.59314112 ], [ -85.669448339999988, 10.59316781 ] ] ], [ [ [ -85.669418859999979, 10.59320611 ], [ -85.66939616, 10.59321355 ], [ -85.669418859999965, 10.59320611 ], [ -85.66943732999998, 10.59319155 ], [ -85.669418859999979, 10.59320611 ] ] ], [ [ [ -85.669145090000015, 10.59288744 ], [ -85.669141559999986, 10.59285881 ], [ -85.669145090000015, 10.59288744 ], [ -85.6691543, 10.59291758 ], [ -85.669145090000015, 10.59288744 ] ] ], [ [ [ -85.669137070000019, 10.59246866 ], [ -85.6691373, 10.59244462 ], [ -85.669137070000019, 10.59246866 ], [ -85.669135175, 10.592481775000278 ], [ -85.669137070000019, 10.59246866 ] ] ], [ [ [ -85.668527020000013, 10.59084751 ], [ -85.668514590000015, 10.59084613 ], [ -85.668527020000013, 10.59084751 ], [ -85.668558639999986, 10.59085023 ], [ -85.668527020000013, 10.59084751 ] ] ], [ [ [ -85.668435800000012, 10.59083742 ], [ -85.668404179999982, 10.59083478 ], [ -85.668435800000012, 10.59083742 ], [ -85.66845289, 10.59083846 ], [ -85.668435800000012, 10.59083742 ] ] ], [ [ [ -85.66830689, 10.59083394 ], [ -85.668337379999969, 10.59083152 ], [ -85.668337379999983, 10.59083152 ], [ -85.66830689, 10.59083394 ] ] ], [ [ [ -85.668153159999989, 10.59087172 ], [ -85.668130459999986, 10.59087916 ], [ -85.66809333, 10.59088831 ], [ -85.668130459999972, 10.59087916 ], [ -85.668153159999974, 10.59087172 ], [ -85.66818518, 10.5908636 ], [ -85.668153159999989, 10.59087172 ] ] ], [ [ [ -85.667636369999983, 10.59105287 ], [ -85.66760176, 10.59105486 ], [ -85.667636369999968, 10.59105287 ], [ -85.66767306, 10.59104779 ], [ -85.667636369999983, 10.59105287 ] ] ], [ [ [ -85.667532039999983, 10.5910696 ], [ -85.66749578, 10.59107051 ], [ -85.667532039999969, 10.5910696 ], [ -85.66756718, 10.59106354 ], [ -85.667532039999983, 10.5910696 ] ] ], [ [ [ -85.666815349999979, 10.59116214 ], [ -85.666782889999979, 10.59117434 ], [ -85.666815349999965, 10.59116214 ], [ -85.66684681, 10.59115149 ], [ -85.666815349999979, 10.59116214 ] ] ], [ [ [ -85.666609869999988, 10.5912415 ], [ -85.666582619999986, 10.59125267 ], [ -85.66655738999998, 10.59126726 ], [ -85.666582619999971, 10.59125267 ], [ -85.666609869999974, 10.5912415 ], [ -85.666642330000016, 10.59122931 ], [ -85.666609869999988, 10.5912415 ] ] ], [ [ [ -85.666536369999989, 10.59128238 ], [ -85.666515349999983, 10.59129749 ], [ -85.66649433, 10.59131261 ], [ -85.666515349999969, 10.59129749 ], [ -85.666536369999974, 10.59128238 ], [ -85.66655738999998, 10.59126726 ], [ -85.666536369999989, 10.59128238 ] ] ], [ [ [ -85.666399649999988, 10.59135531 ], [ -85.66637084, 10.59136541 ], [ -85.666399649999974, 10.59135531 ], [ -85.66642591, 10.59134578 ], [ -85.666399649999988, 10.59135531 ] ] ], [ [ [ -85.666294649999983, 10.59140016 ], [ -85.66627052, 10.5914133 ], [ -85.666294649999983, 10.59140016 ], [ -85.66632091, 10.59139062 ], [ -85.666294649999983, 10.59140016 ] ] ], [ [ [ -85.666247379999987, 10.59142481 ], [ -85.666219039999987, 10.59143752 ], [ -85.666247379999973, 10.59142481 ], [ -85.66627052, 10.5914133 ], [ -85.666247379999987, 10.59142481 ] ] ], [ [ [ -85.666198449999982, 10.59144848 ], [ -85.666176869999987, 10.59146106 ], [ -85.66615229, 10.59147827 ], [ -85.666176869999973, 10.59146106 ], [ -85.666198449999968, 10.59144848 ], [ -85.666219039999987, 10.59143752 ], [ -85.666198449999982, 10.59144848 ] ] ], [ [ [ -85.666112479999981, 10.59160013 ], [ -85.66611749, 10.59162975 ], [ -85.666112479999967, 10.59160013 ], [ -85.66610739, 10.59157052 ], [ -85.666112479999981, 10.59160013 ] ] ], [ [ [ -85.666119789999982, 10.59168406 ], [ -85.666107559999986, 10.59170265 ], [ -85.6660881, 10.59171875 ], [ -85.666107559999972, 10.59170265 ], [ -85.666119789999968, 10.59168406 ], [ -85.66612258, 10.59165946 ], [ -85.666119789999982, 10.59168406 ] ] ], [ [ [ -85.666018469999983, 10.59173349 ], [ -85.66598788, 10.59173591 ], [ -85.666018469999969, 10.59173349 ], [ -85.666042209999986, 10.5917311 ], [ -85.666018469999983, 10.59173349 ] ] ], [ [ [ -85.665929840000018, 10.59172944 ], [ -85.6659085, 10.59171798 ], [ -85.665929840000018, 10.59172944 ], [ -85.66595791, 10.59173426 ], [ -85.665929840000018, 10.59172944 ] ] ], [ [ [ -85.665780469999987, 10.59186245 ], [ -85.66577204, 10.59189223 ], [ -85.665780469999973, 10.59186245 ], [ -85.66578737, 10.59183829 ], [ -85.665780469999987, 10.59186245 ] ] ], [ [ [ -85.665373609999989, 10.59210312 ], [ -85.66535428, 10.59212591 ], [ -85.665373609999989, 10.59210312 ], [ -85.66540083, 10.59208535 ], [ -85.665373609999989, 10.59210312 ] ] ], [ [ [ -85.665285559999987, 10.59225786 ], [ -85.66526931, 10.59227602 ], [ -85.665285559999973, 10.59225786 ], [ -85.66530131, 10.59223057 ], [ -85.665285559999987, 10.59225786 ] ] ], [ [ [ -85.665151699999981, 10.59238763 ], [ -85.66513539, 10.59241239 ], [ -85.665151699999967, 10.59238763 ], [ -85.66515981, 10.592375205000252 ], [ -85.665151699999981, 10.59238763 ] ] ], [ [ [ -85.664863379999986, 10.59279017 ], [ -85.66486059, 10.59281477 ], [ -85.664863379999971, 10.59279017 ], [ -85.66486461, 10.59276449 ], [ -85.664863379999986, 10.59279017 ] ] ], [ [ [ -85.664790719999985, 10.59293498 ], [ -85.664790719999971, 10.59293498 ], [ -85.66481654, 10.59292951 ], [ -85.664790719999985, 10.59293498 ] ] ], [ [ [ -85.664659249999985, 10.59293206 ], [ -85.66463199, 10.59294314 ], [ -85.664659249999971, 10.59293206 ], [ -85.66468282, 10.59291639 ], [ -85.664659249999985, 10.59293206 ] ] ], [ [ [ -85.664613639999985, 10.59304582 ], [ -85.6646385, 10.59304858 ], [ -85.66461363999997, 10.59304582 ], [ -85.66458722, 10.59304198 ], [ -85.664613639999985, 10.59304582 ] ] ], [ [ [ -85.663915159999988, 10.59291023 ], [ -85.66390938, 10.59293946 ], [ -85.663915159999974, 10.59291023 ], [ -85.663927269999988, 10.59288495 ], [ -85.663915159999988, 10.59291023 ] ] ], [ [ [ -85.66380608999998, 10.59308009 ], [ -85.663806089999966, 10.59308009 ], [ -85.66383291, 10.59307308 ], [ -85.66380608999998, 10.59308009 ] ] ], [ [ [ -85.663571770000019, 10.59236869 ], [ -85.66358587, 10.59234032 ], [ -85.663571770000019, 10.59236869 ], [ -85.6635626, 10.592379310000181 ], [ -85.663571770000019, 10.59236869 ] ] ], [ [ [ -85.663507219999985, 10.59213802 ], [ -85.663496669999986, 10.59216428 ], [ -85.663507219999971, 10.59213802 ], [ -85.663525, 10.59211424 ], [ -85.663507219999985, 10.59213802 ] ] ], [ [ [ -85.663483979999981, 10.59174255 ], [ -85.66347244, 10.59177035 ], [ -85.663483979999967, 10.59174255 ], [ -85.663496649999985, 10.5917198 ], [ -85.663483979999981, 10.59174255 ] ] ], [ [ [ -85.663402729999987, 10.59190385 ], [ -85.66339006, 10.59192651 ], [ -85.663402729999973, 10.59190385 ], [ -85.6634154, 10.5918811 ], [ -85.663402729999987, 10.59190385 ] ] ], [ [ [ -85.663291749999985, 10.59200865 ], [ -85.663291749999971, 10.59200865 ], [ -85.66331546, 10.59199966 ], [ -85.663291749999985, 10.59200865 ] ] ], [ [ [ -85.663321790000012, 10.59120944 ], [ -85.66334026, 10.59119488 ], [ -85.663321790000012, 10.59120944 ], [ -85.66330345, 10.59123069 ], [ -85.663321790000012, 10.59120944 ] ] ], [ [ [ -85.66282068000001, 10.58986145 ], [ -85.662860739999985, 10.5898363 ], [ -85.66282068000001, 10.58986145 ], [ -85.662786419999989, 10.58989444 ], [ -85.66282068000001, 10.58986145 ] ] ], [ [ [ -85.663666580000012, 10.58821732 ], [ -85.663647559999987, 10.58819727 ], [ -85.663666580000012, 10.58821732 ], [ -85.66368442, 10.58823973 ], [ -85.663666580000012, 10.58821732 ] ] ], [ [ [ -85.662693149999981, 10.58760779 ], [ -85.662693149999967, 10.58760779 ], [ -85.66270081, 10.58760459 ], [ -85.662693149999981, 10.58760779 ] ] ], [ [ [ -85.661092039999986, 10.58748645 ], [ -85.661061639999986, 10.58748878 ], [ -85.661092039999971, 10.58748645 ], [ -85.66112346, 10.58748475 ], [ -85.661092039999986, 10.58748645 ] ] ], [ [ [ -85.660833219999986, 10.58751457 ], [ -85.66080583, 10.5875176 ], [ -85.660833219999972, 10.58751457 ], [ -85.66086608, 10.58750969 ], [ -85.660833219999986, 10.58751457 ] ] ], [ [ [ -85.660537409999989, 10.58757993 ], [ -85.66052190500001, 10.587584715000038 ], [ -85.660537409999975, 10.58757993 ], [ -85.66056495, 10.58757147 ], [ -85.660537409999989, 10.58757993 ] ] ], [ [ [ -85.660355809999984, 10.5876315 ], [ -85.66032864, 10.58764159 ], [ -85.66035580999997, 10.5876315 ], [ -85.66038407, 10.58762078 ], [ -85.660355809999984, 10.5876315 ] ] ], [ [ [ -85.660130289999984, 10.58772126 ], [ -85.66010076, 10.58773389 ], [ -85.660130289999969, 10.58772126 ], [ -85.66015763999998, 10.58770991 ], [ -85.660130289999984, 10.58772126 ] ] ], [ [ [ -85.660015099999981, 10.58777248 ], [ -85.659989669999987, 10.5877831 ], [ -85.659961249999981, 10.58779717 ], [ -85.65993448, 10.58781304 ], [ -85.659961249999967, 10.58779717 ], [ -85.659989669999973, 10.5877831 ], [ -85.660015099999967, 10.58777248 ], [ -85.66004299, 10.58776023 ], [ -85.660015099999981, 10.58777248 ] ] ], [ [ [ -85.659883739999984, 10.58784042 ], [ -85.65985723, 10.58785366 ], [ -85.65988373999997, 10.58784042 ], [ -85.659908609999988, 10.58782745 ], [ -85.659883739999984, 10.58784042 ] ] ], [ [ [ -85.659776329999985, 10.58789467 ], [ -85.65975129, 10.5879089 ], [ -85.659776329999971, 10.58789467 ], [ -85.65980575, 10.58787915 ], [ -85.659776329999985, 10.58789467 ] ] ], [ [ [ -85.659677909999985, 10.58795556 ], [ -85.65965388, 10.5879725 ], [ -85.659677909999971, 10.58795556 ], [ -85.65970176, 10.5879398 ], [ -85.659677909999985, 10.58795556 ] ] ], [ [ [ -85.659550689999989, 10.58804562 ], [ -85.65952647, 10.58806183 ], [ -85.659550689999975, 10.58804562 ], [ -85.65957408, 10.58802959 ], [ -85.659550689999989, 10.58804562 ] ] ], [ [ [ -85.659503089999987, 10.58807994 ], [ -85.659476969999986, 10.58809689 ], [ -85.65945164, 10.58810958 ], [ -85.659476969999972, 10.58809689 ], [ -85.659503089999973, 10.58807994 ], [ -85.65952647, 10.58806183 ], [ -85.659503089999987, 10.58807994 ] ] ], [ [ [ -85.658257129999981, 10.58824367 ], [ -85.65822994, 10.58824951 ], [ -85.658257129999981, 10.58824367 ], [ -85.65828587999998, 10.58823746 ], [ -85.658257129999981, 10.58824367 ] ] ], [ [ [ -85.657931169999983, 10.58832465 ], [ -85.657901259999988, 10.58833366 ], [ -85.657931169999969, 10.58832465 ], [ -85.65795818, 10.588318 ], [ -85.657931169999983, 10.58832465 ] ] ], [ [ [ -85.657081399999981, 10.58825121 ], [ -85.65705245, 10.58825245 ], [ -85.657081399999967, 10.58825121 ], [ -85.65711173, 10.58825015 ], [ -85.657081399999981, 10.58825121 ] ] ], [ [ [ -85.656930389999985, 10.58826656 ], [ -85.65690082, 10.58827078 ], [ -85.656930389999971, 10.58826656 ], [ -85.656961969999983, 10.58826142 ], [ -85.656930389999985, 10.58826656 ] ] ], [ [ [ -85.656522269999982, 10.5883063 ], [ -85.65649078, 10.58831135 ], [ -85.656522269999968, 10.5883063 ], [ -85.65655677, 10.58830097 ], [ -85.656522269999982, 10.5883063 ] ] ], [ [ [ -85.65643215999998, 10.58831681 ], [ -85.656403209999979, 10.58831804 ], [ -85.65637407, 10.58831847 ], [ -85.656403209999965, 10.58831804 ], [ -85.656432159999966, 10.58831681 ], [ -85.656446954999979, 10.588315735 ], [ -85.65643215999998, 10.58831681 ] ] ], [ [ [ -85.656074899999979, 10.58836894 ], [ -85.656047709999982, 10.58837694 ], [ -85.656074899999965, 10.58836894 ], [ -85.65610499, 10.58835875 ], [ -85.656074899999979, 10.58836894 ] ] ], [ [ [ -85.655647619999982, 10.58838158 ], [ -85.655629939999983, 10.58840481 ], [ -85.655647619999968, 10.58838158 ], [ -85.655671, 10.58836347 ], [ -85.655647619999982, 10.58838158 ] ] ], [ [ [ -85.655605149999985, 10.58848393 ], [ -85.65559097, 10.58849765 ], [ -85.655605149999971, 10.58848393 ], [ -85.65561498, 10.58845974 ], [ -85.655605149999985, 10.58848393 ] ] ], [ [ [ -85.655377529999981, 10.58852218 ], [ -85.6553568, 10.58854055 ], [ -85.655377529999967, 10.58852218 ], [ -85.65539614, 10.58850166 ], [ -85.655377529999981, 10.58852218 ] ] ], [ [ [ -85.655272729999979, 10.58857045 ], [ -85.65524196, 10.58857332 ], [ -85.655272729999965, 10.58857045 ], [ -85.65530248, 10.58856487 ], [ -85.655272729999979, 10.58857045 ] ] ], [ [ [ -85.654856720000012, 10.58855357 ], [ -85.65484201000001, 10.58855297 ], [ -85.654856720000012, 10.58855357 ], [ -85.65488588, 10.5885573 ], [ -85.654856720000012, 10.58855357 ] ] ], [ [ [ -85.654645659999986, 10.5885629 ], [ -85.65461508, 10.58856649 ], [ -85.654645659999986, 10.5885629 ], [ -85.65467379, 10.58856185 ], [ -85.654645659999986, 10.5885629 ] ] ], [ [ [ -85.654436239999981, 10.58858867 ], [ -85.65440830999998, 10.58859261 ], [ -85.65438092, 10.58859556 ], [ -85.654408309999965, 10.58859261 ], [ -85.654436239999967, 10.58858867 ], [ -85.654467179999983, 10.58858453 ], [ -85.654436239999981, 10.58858867 ] ] ], [ [ [ -85.654101949999983, 10.58864945 ], [ -85.6540439, 10.58865987 ], [ -85.654101949999983, 10.58864945 ], [ -85.65420339, 10.58864132 ], [ -85.654101949999983, 10.58864945 ] ] ], [ [ [ -85.653971609999985, 10.5886702 ], [ -85.65387576, 10.58868254 ], [ -85.653971609999971, 10.5886702 ], [ -85.6540439, 10.58865987 ], [ -85.653971609999985, 10.5886702 ] ] ], [ [ [ -85.653661799999981, 10.5887312 ], [ -85.65356902, 10.58875383 ], [ -85.653661799999966, 10.5887312 ], [ -85.65371139, 10.58871205 ], [ -85.653661799999981, 10.5887312 ] ] ], [ [ [ -85.652525229999981, 10.58927963 ], [ -85.65247612, 10.58932055 ], [ -85.652525229999966, 10.58927963 ], [ -85.6525426, 10.58926516 ], [ -85.652525229999981, 10.58927963 ] ] ], [ [ [ -85.65228295999998, 10.58946681 ], [ -85.65222355, 10.58951177 ], [ -85.652282959999965, 10.58946681 ], [ -85.65234164, 10.58942185 ], [ -85.65228295999998, 10.58946681 ] ] ], [ [ [ -85.652096929999985, 10.58962993 ], [ -85.65207548, 10.58964929 ], [ -85.652096929999971, 10.58962993 ], [ -85.65212013, 10.589611 ], [ -85.652096929999985, 10.58962993 ] ] ], [ [ [ -85.651987169999984, 10.58972233 ], [ -85.65196363, 10.58974595 ], [ -85.65198716999997, 10.58972233 ], [ -85.65200844, 10.58970215 ], [ -85.651987169999984, 10.58972233 ] ] ], [ [ [ -85.651609149999985, 10.59007986 ], [ -85.65158696, 10.59009733 ], [ -85.65160914999997, 10.59007986 ], [ -85.65163454, 10.59006093 ], [ -85.651609149999985, 10.59007986 ] ] ], [ [ [ -85.651431009999982, 10.59024936 ], [ -85.65141139, 10.59026925 ], [ -85.651431009999968, 10.59024936 ], [ -85.6514539, 10.59022465 ], [ -85.651431009999982, 10.59024936 ] ] ], [ [ [ -85.651288529999988, 10.59039074 ], [ -85.651267279999985, 10.59041507 ], [ -85.651288529999974, 10.59039074 ], [ -85.65131069, 10.59036694 ], [ -85.651288529999988, 10.59039074 ] ] ], [ [ [ -85.651138389999986, 10.59058557 ], [ -85.651121709999984, 10.59060943 ], [ -85.65110667, 10.590633 ], [ -85.65112170999997, 10.59060943 ], [ -85.651138389999971, 10.59058557 ], [ -85.651154889999987, 10.59056298 ], [ -85.651138389999986, 10.59058557 ] ] ], [ [ [ -85.650939619999988, 10.59091288 ], [ -85.65092523, 10.59093763 ], [ -85.650939619999974, 10.59091288 ], [ -85.65095501, 10.59088677 ], [ -85.650939619999988, 10.59091288 ] ] ], [ [ [ -85.650850439999985, 10.59106202 ], [ -85.65083624, 10.5910875 ], [ -85.650850439999971, 10.59106202 ], [ -85.65086548, 10.59103845 ], [ -85.650850439999985, 10.59106202 ] ] ], [ [ [ -85.650748009999987, 10.59121078 ], [ -85.65073278, 10.59123355 ], [ -85.650748009999973, 10.59121078 ], [ -85.65076632, 10.59118448 ], [ -85.650748009999987, 10.59121078 ] ] ], [ [ [ -85.650581409999987, 10.59145541 ], [ -85.65056365, 10.59148208 ], [ -85.650581409999972, 10.59145541 ], [ -85.65059618, 10.59143238 ], [ -85.650581409999987, 10.59145541 ] ] ], [ [ [ -85.650481819999982, 10.59160533 ], [ -85.65046705, 10.59162846 ], [ -85.650481819999968, 10.59160533 ], [ -85.65049868, 10.59158021 ], [ -85.650481819999982, 10.59160533 ] ] ], [ [ [ -85.650402089999986, 10.59172858 ], [ -85.65038687, 10.59175134 ], [ -85.650402089999986, 10.59172858 ], [ -85.65041794, 10.59170283 ], [ -85.650402089999986, 10.59172858 ] ] ], [ [ [ -85.650281919999983, 10.59192497 ], [ -85.650265439999984, 10.59195172 ], [ -85.650249869999982, 10.59197919 ], [ -85.650265439999984, 10.59195172 ], [ -85.650281919999983, 10.59192497 ], [ -85.65029585, 10.59189995 ], [ -85.650281919999983, 10.59192497 ] ] ], [ [ [ -85.650145269999982, 10.59219963 ], [ -85.65013261999998, 10.5922269 ], [ -85.650145269999982, 10.59219963 ], [ -85.65015817, 10.59216983 ], [ -85.650145269999982, 10.59219963 ] ] ], [ [ [ -85.650050219999983, 10.59243204 ], [ -85.65003747999998, 10.59245841 ], [ -85.65002519, 10.59248315 ], [ -85.650037479999966, 10.59245841 ], [ -85.650050219999969, 10.59243204 ], [ -85.650062479999988, 10.59240107 ], [ -85.650050219999983, 10.59243204 ] ] ], [ [ [ -85.64998706999998, 10.59259677 ], [ -85.64997608, 10.59262584 ], [ -85.649987069999966, 10.59259677 ], [ -85.64999597, 10.59256988 ], [ -85.64998706999998, 10.59259677 ] ] ], [ [ [ -85.649963539999987, 10.59265519 ], [ -85.64995353, 10.59268064 ], [ -85.649963539999973, 10.59265519 ], [ -85.64997608, 10.59262584 ], [ -85.649963539999987, 10.59265519 ] ] ], [ [ [ -85.649936289999985, 10.59273686 ], [ -85.649927409999989, 10.59276592 ], [ -85.64991969, 10.59279217 ], [ -85.649927409999975, 10.59276592 ], [ -85.649936289999971, 10.59273686 ], [ -85.649944, 10.59270853 ], [ -85.649936289999985, 10.59273686 ] ] ], [ [ [ -85.649883549999984, 10.59290081 ], [ -85.64987485, 10.59293068 ], [ -85.64988354999997, 10.59290081 ], [ -85.64989209, 10.59287438 ], [ -85.649883549999984, 10.59290081 ] ] ], [ [ [ -85.649797619999987, 10.59321434 ], [ -85.64978982, 10.59324267 ], [ -85.649797619999973, 10.59321434 ], [ -85.64980386, 10.59318502 ], [ -85.649797619999987, 10.59321434 ] ] ], [ [ [ -85.649780209999989, 10.59327182 ], [ -85.64976941, 10.59330378 ], [ -85.649780209999975, 10.59327182 ], [ -85.64978982, 10.59324267 ], [ -85.649780209999989, 10.59327182 ] ] ], [ [ [ -85.649673109999981, 10.5935569 ], [ -85.64963941, 10.59367674 ], [ -85.649673109999981, 10.5935569 ], [ -85.649683669999988, 10.59353172 ], [ -85.649673109999981, 10.5935569 ] ] ], [ [ [ -85.649596889999984, 10.59387417 ], [ -85.64959018, 10.59390186 ], [ -85.64959688999997, 10.59387417 ], [ -85.6496036, 10.59384775 ], [ -85.649596889999984, 10.59387417 ] ] ], [ [ [ -85.649538759999984, 10.59410892 ], [ -85.64953042, 10.59413735 ], [ -85.64953875999997, 10.59410892 ], [ -85.64954702, 10.59408086 ], [ -85.649538759999984, 10.59410892 ] ] ], [ [ [ -85.64949104999998, 10.59430828 ], [ -85.64948426, 10.59433679 ], [ -85.64949104999998, 10.59430828 ], [ -85.64949784, 10.59428023 ], [ -85.64949104999998, 10.59430828 ] ] ], [ [ [ -85.649434209999981, 10.59459499 ], [ -85.64942797, 10.59462422 ], [ -85.649434209999967, 10.59459499 ], [ -85.64944055, 10.59456712 ], [ -85.649434209999981, 10.59459499 ] ] ], [ [ [ -85.649410589999988, 10.5947212 ], [ -85.64940516, 10.59474969 ], [ -85.649410589999974, 10.5947212 ], [ -85.64941672, 10.59469016 ], [ -85.649410589999988, 10.5947212 ] ] ], [ [ [ -85.649317379999985, 10.59712435 ], [ -85.64933735, 10.59715136 ], [ -85.649317379999971, 10.59712435 ], [ -85.64929699, 10.59710331 ], [ -85.649317379999985, 10.59712435 ] ] ], [ [ [ -85.649309229999986, 10.59756256 ], [ -85.64929685, 10.59758937 ], [ -85.649309229999972, 10.59756256 ], [ -85.64932242, 10.59753646 ], [ -85.649309229999986, 10.59756256 ] ] ], [ [ [ -85.649273919999985, 10.59764047 ], [ -85.649261449999983, 10.59766638 ], [ -85.64925347, 10.59769318 ], [ -85.649261449999969, 10.59766638 ], [ -85.64927391999997, 10.59764047 ], [ -85.649286849999982, 10.59761482 ], [ -85.649273919999985, 10.59764047 ] ] ], [ [ [ -85.649253159999986, 10.59772083 ], [ -85.649256879999982, 10.59775118 ], [ -85.649253159999986, 10.59772083 ], [ -85.64925347, 10.59769318 ], [ -85.649253159999986, 10.59772083 ] ] ], [ [ [ -85.649279079999985, 10.59783675 ], [ -85.64929139, 10.59786569 ], [ -85.649279079999971, 10.59783675 ], [ -85.649269439999983, 10.59781022 ], [ -85.649279079999985, 10.59783675 ] ] ], [ [ [ -85.649341279999987, 10.59808985 ], [ -85.64934636, 10.59811693 ], [ -85.649341279999973, 10.59808985 ], [ -85.64933399, 10.5980587 ], [ -85.649341279999987, 10.59808985 ] ] ], [ [ [ -85.649382419999981, 10.59819763 ], [ -85.64939991, 10.59822303 ], [ -85.649382419999966, 10.59819763 ], [ -85.64936767, 10.5981734 ], [ -85.649382419999981, 10.59819763 ] ] ], [ [ [ -85.649419409999979, 10.5982476 ], [ -85.649439629999989, 10.59827 ], [ -85.6494592, 10.59829114 ], [ -85.649439629999989, 10.59827 ], [ -85.649419409999965, 10.5982476 ], [ -85.64939991, 10.59822303 ], [ -85.649419409999979, 10.5982476 ] ] ], [ [ [ -85.64947850999998, 10.5983149 ], [ -85.649496189999979, 10.5983411 ], [ -85.64951022, 10.59836851 ], [ -85.649496189999965, 10.5983411 ], [ -85.649478509999966, 10.5983149 ], [ -85.6494592, 10.59829114 ], [ -85.64947850999998, 10.5983149 ] ] ], [ [ [ -85.649604239999988, 10.59859297 ], [ -85.64962466999998, 10.59862034 ], [ -85.64964215, 10.59864365 ], [ -85.649624669999966, 10.59862034 ], [ -85.649604239999974, 10.59859297 ], [ -85.64958692, 10.59856631 ], [ -85.649604239999988, 10.59859297 ] ] ], [ [ [ -85.649755069999983, 10.59908809 ], [ -85.649756599999989, 10.59911836 ], [ -85.649758119999987, 10.59914655 ], [ -85.649756599999975, 10.59911836 ], [ -85.649755069999983, 10.59908809 ], [ -85.64975335, 10.59905701 ], [ -85.649755069999983, 10.59908809 ] ] ], [ [ [ -85.649752389999989, 10.59923606 ], [ -85.64975345, 10.59926398 ], [ -85.649752389999975, 10.59923606 ], [ -85.64975524, 10.5992045 ], [ -85.649752389999989, 10.59923606 ] ] ], [ [ [ -85.649781959999984, 10.59938431 ], [ -85.64979444, 10.59941199 ], [ -85.64978195999997, 10.59938431 ], [ -85.64977131, 10.59935716 ], [ -85.649781959999984, 10.59938431 ] ] ], [ [ [ -85.649900339999988, 10.59955243 ], [ -85.64992401, 10.59957074 ], [ -85.649900339999974, 10.59955243 ], [ -85.64987896, 10.59953492 ], [ -85.649900339999988, 10.59955243 ] ] ], [ [ [ -85.650164319999988, 10.59975115 ], [ -85.65018717, 10.59976955 ], [ -85.650164319999973, 10.59975115 ], [ -85.65014166, 10.59973346 ], [ -85.650164319999988, 10.59975115 ] ] ], [ [ [ -85.65029020999998, 10.59987123 ], [ -85.650309059999984, 10.59989256 ], [ -85.65032599, 10.5999156 ], [ -85.650309059999969, 10.59989256 ], [ -85.650290209999966, 10.59987123 ], [ -85.650272279999982, 10.59984973 ], [ -85.65029020999998, 10.59987123 ] ] ], [ [ [ -85.650339919999979, 10.5999421 ], [ -85.650349109999979, 10.59996836 ], [ -85.650339919999965, 10.5999421 ], [ -85.65032599, 10.5999156 ], [ -85.650339919999979, 10.5999421 ] ] ], [ [ [ -85.650352629999986, 10.60014819 ], [ -85.65034834, 10.60018301 ], [ -85.650352629999986, 10.60014819 ], [ -85.65035494, 10.60011836 ], [ -85.650352629999986, 10.60014819 ] ] ], [ [ [ -85.650330919999988, 10.60044457 ], [ -85.65032709, 10.60047966 ], [ -85.650330919999973, 10.60044457 ], [ -85.65033258, 10.60041365 ], [ -85.650330919999988, 10.60044457 ] ] ], [ [ [ -85.650284959999979, 10.60068052 ], [ -85.6502691, 10.6007042 ], [ -85.650284959999965, 10.60068052 ], [ -85.65029916, 10.60065496 ], [ -85.650284959999979, 10.60068052 ] ] ], [ [ [ -85.650175599999983, 10.6008164 ], [ -85.65015114, 10.60083731 ], [ -85.650175599999969, 10.6008164 ], [ -85.65019676, 10.60079333 ], [ -85.650175599999983, 10.6008164 ] ] ], [ [ [ -85.650025649999989, 10.60091109 ], [ -85.65001317, 10.600918205000083 ], [ -85.650025649999975, 10.60091109 ], [ -85.65005362, 10.60089666 ], [ -85.650025649999989, 10.60091109 ] ] ], [ [ [ -85.649585479999985, 10.60126479 ], [ -85.6495592, 10.60128726 ], [ -85.649585479999985, 10.60126479 ], [ -85.64960529, 10.60124571 ], [ -85.649585479999985, 10.60126479 ] ] ], [ [ [ -85.649336139999988, 10.60170246 ], [ -85.649327439999979, 10.60173224 ], [ -85.649318259999987, 10.60175967 ], [ -85.649327439999965, 10.60173224 ], [ -85.649336139999974, 10.60170246 ], [ -85.64934383, 10.60167196 ], [ -85.649336139999988, 10.60170246 ] ] ], [ [ [ -85.649278879999983, 10.60202984 ], [ -85.64926678, 10.60205747 ], [ -85.649278879999983, 10.60202984 ], [ -85.64928657, 10.60199943 ], [ -85.649278879999983, 10.60202984 ] ] ], [ [ [ -85.649195299999988, 10.60215265 ], [ -85.64918933, 10.60217944 ], [ -85.649195299999988, 10.60215265 ], [ -85.64920869, 10.60212737 ], [ -85.649195299999988, 10.60215265 ] ] ], [ [ [ -85.64919193999998, 10.60229122 ], [ -85.64919206, 10.60230523000032 ], [ -85.649191939999966, 10.60229122 ], [ -85.64918831, 10.60226304 ], [ -85.64919193999998, 10.60229122 ] ] ], [ [ [ -85.649204739999988, 10.6024646 ], [ -85.6492079, 10.60249242 ], [ -85.649204739999973, 10.6024646 ], [ -85.64920074, 10.60243479 ], [ -85.649204739999988, 10.6024646 ] ] ], [ [ [ -85.649211339999979, 10.60251978 ], [ -85.64921989, 10.60254703 ], [ -85.649211339999979, 10.60251978 ], [ -85.6492079, 10.60249242 ], [ -85.649211339999979, 10.60251978 ] ] ], [ [ [ -85.649385609999982, 10.60278649 ], [ -85.64939216, 10.60281447 ], [ -85.649385609999968, 10.60278649 ], [ -85.64937297, 10.60276215 ], [ -85.649385609999982, 10.60278649 ] ] ], [ [ [ -85.649181809999988, 10.60316345 ], [ -85.64917995, 10.60319147 ], [ -85.649181809999973, 10.60316345 ], [ -85.649188409999979, 10.60313368 ], [ -85.649181809999988, 10.60316345 ] ] ], [ [ [ -85.649198249999984, 10.60328293 ], [ -85.64921384, 10.60331123 ], [ -85.649198249999969, 10.60328293 ], [ -85.64918741, 10.60325488 ], [ -85.649198249999984, 10.60328293 ] ] ], [ [ [ -85.649263439999984, 10.60341265 ], [ -85.649273829999984, 10.60344242 ], [ -85.64928221, 10.60347093 ], [ -85.64927382999997, 10.60344242 ], [ -85.64926343999997, 10.60341265 ], [ -85.64925317, 10.60338712 ], [ -85.649263439999984, 10.60341265 ] ] ], [ [ [ -85.64928811999998, 10.60349983 ], [ -85.64929, 10.60352756 ], [ -85.64928811999998, 10.60349983 ], [ -85.64928221, 10.60347093 ], [ -85.64928811999998, 10.60349983 ] ] ], [ [ [ -85.649294429999983, 10.6035862 ], [ -85.64929614, 10.60361511 ], [ -85.649294429999969, 10.6035862 ], [ -85.64929172, 10.60355864 ], [ -85.649294429999983, 10.6035862 ] ] ], [ [ [ -85.649297749999988, 10.6036433 ], [ -85.64929897, 10.60366571 ], [ -85.649297749999974, 10.6036433 ], [ -85.64929614, 10.60361511 ], [ -85.649297749999988, 10.6036433 ] ] ], [ [ [ -85.649117569999987, 10.60408177 ], [ -85.649114629999985, 10.60409525 ], [ -85.649109329999987, 10.6041477 ], [ -85.64911464, 10.60420028 ], [ -85.649109329999987, 10.6041477 ], [ -85.649114629999971, 10.60409525 ], [ -85.649117569999973, 10.60408177 ], [ -85.649124169999979, 10.60405191 ], [ -85.649117569999987, 10.60408177 ] ] ], [ [ [ -85.649124019999988, 10.6042794 ], [ -85.64912186, 10.60430219 ], [ -85.649124019999974, 10.6042794 ], [ -85.64912277, 10.60425148 ], [ -85.649124019999988, 10.6042794 ] ] ], [ [ [ -85.649003599999986, 10.6044814 ], [ -85.64898367, 10.60449723 ], [ -85.649003599999986, 10.6044814 ], [ -85.64902388, 10.60446557 ], [ -85.649003599999986, 10.6044814 ] ] ], [ [ [ -85.648858689999983, 10.60466608 ], [ -85.64884426, 10.60468432 ], [ -85.648858689999969, 10.60466608 ], [ -85.64887008, 10.60464424 ], [ -85.648858689999983, 10.60466608 ] ] ], [ [ [ -85.64873738999998, 10.60473884 ], [ -85.6487123, 10.60474467 ], [ -85.648737389999965, 10.60473884 ], [ -85.64876048, 10.60473321 ], [ -85.64873738999998, 10.60473884 ] ] ], [ [ [ -85.648107039999985, 10.60393595 ], [ -85.64808347, 10.60393752 ], [ -85.648107039999971, 10.60393595 ], [ -85.64813333, 10.60393265 ], [ -85.648107039999985, 10.60393595 ] ] ], [ [ [ -85.647940309999981, 10.60391821 ], [ -85.64792027, 10.60392898 ], [ -85.647940309999981, 10.60391821 ], [ -85.64795646, 10.6038986 ], [ -85.647940309999981, 10.60391821 ] ] ], [ [ [ -85.647147530000012, 10.6030473 ], [ -85.647135539999979, 10.60302639 ], [ -85.647147530000012, 10.6030473 ], [ -85.64716725, 10.60306247 ], [ -85.647147530000012, 10.6030473 ] ] ], [ [ [ -85.64654357000002, 10.60273937 ], [ -85.646511929999988, 10.60273393 ], [ -85.64654357000002, 10.60273937 ], [ -85.64657484, 10.60274309 ], [ -85.64654357000002, 10.60273937 ] ] ], [ [ [ -85.646178399999982, 10.60271805 ], [ -85.64614874, 10.60272237 ], [ -85.646178399999968, 10.60271805 ], [ -85.64620652, 10.60271492 ], [ -85.646178399999982, 10.60271805 ] ] ], [ [ [ -85.645569189999989, 10.60308439 ], [ -85.64545969, 10.60314217 ], [ -85.645569189999975, 10.60308439 ], [ -85.64564183, 10.60301812 ], [ -85.645569189999989, 10.60308439 ] ] ], [ [ [ -85.645343149999988, 10.60319809 ], [ -85.645322475, 10.603209860000227 ], [ -85.645343149999988, 10.60319809 ], [ -85.64543729, 10.60315485 ], [ -85.645343149999988, 10.60319809 ] ] ], [ [ [ -85.644841219999989, 10.60353612 ], [ -85.64475668999998, 10.60359883 ], [ -85.644841219999989, 10.60353612 ], [ -85.6449208, 10.60347 ], [ -85.644841219999989, 10.60353612 ] ] ], [ [ [ -85.643906339999987, 10.60457378 ], [ -85.6438914, 10.60459736 ], [ -85.643906339999972, 10.60457378 ], [ -85.6439825, 10.6044652 ], [ -85.643906339999987, 10.60457378 ] ] ], [ [ [ -85.643773849999988, 10.60477394 ], [ -85.64370176, 10.60487437 ], [ -85.643773849999974, 10.60477394 ], [ -85.64382283, 10.60470762 ], [ -85.643773849999988, 10.60477394 ] ] ], [ [ [ -85.643275909999986, 10.60555164 ], [ -85.643262459999988, 10.6055998 ], [ -85.643275909999971, 10.60555164 ], [ -85.64329284999998, 10.60550872 ], [ -85.643275909999986, 10.60555164 ] ] ], [ [ [ -85.643241599999982, 10.60569607 ], [ -85.64322658, 10.60574035 ], [ -85.643241599999968, 10.60569607 ], [ -85.643262459999988, 10.6055998 ], [ -85.643241599999982, 10.60569607 ] ] ], [ [ [ -85.643111229999988, 10.60590101 ], [ -85.643086329999988, 10.60594281 ], [ -85.643111229999988, 10.60590101 ], [ -85.64316629, 10.6058277 ], [ -85.643111229999988, 10.60590101 ] ] ], [ [ [ -85.643044229999987, 10.60608194 ], [ -85.643013059999987, 10.60628483 ], [ -85.643007519999983, 10.60632517 ], [ -85.64299178, 10.60637044 ], [ -85.643007519999983, 10.60632517 ], [ -85.643013059999973, 10.60628483 ], [ -85.643044229999973, 10.60608194 ], [ -85.64306702, 10.60598701 ], [ -85.643044229999987, 10.60608194 ] ] ], [ [ [ -85.642183639999985, 10.60652604 ], [ -85.64214433, 10.60655517 ], [ -85.642183639999971, 10.60652604 ], [ -85.64226823, 10.60647345 ], [ -85.642183639999985, 10.60652604 ] ] ], [ [ [ -85.642108349999987, 10.60659214 ], [ -85.6420725, 10.60663508 ], [ -85.642108349999972, 10.60659214 ], [ -85.64214433, 10.60655517 ], [ -85.642108349999987, 10.60659214 ] ] ], [ [ [ -85.641492289999988, 10.60769827 ], [ -85.641466239999986, 10.60776294 ], [ -85.6414425, 10.60781702 ], [ -85.641466239999971, 10.60776294 ], [ -85.641492289999974, 10.60769827 ], [ -85.64153899, 10.60758017 ], [ -85.641492289999988, 10.60769827 ] ] ], [ [ [ -85.641278929999984, 10.60830647 ], [ -85.64126466, 10.60840569 ], [ -85.64127892999997, 10.60830647 ], [ -85.64129052, 10.60825263 ], [ -85.641278929999984, 10.60830647 ] ] ], [ [ [ -85.641148679999986, 10.60899657 ], [ -85.64113969, 10.60909233 ], [ -85.641148679999972, 10.60899657 ], [ -85.64114802, 10.60894153 ], [ -85.641148679999986, 10.60899657 ] ] ], [ [ [ -85.641084279999987, 10.60985399 ], [ -85.641081559999989, 10.60992685 ], [ -85.641079319999989, 10.61000413 ], [ -85.64108867, 10.61011155 ], [ -85.641079319999974, 10.61000413 ], [ -85.641081559999975, 10.60992685 ], [ -85.641084279999987, 10.60985399 ], [ -85.641097699999989, 10.60974971 ], [ -85.641084279999987, 10.60985399 ] ] ], [ [ [ -85.641123469999982, 10.61091566 ], [ -85.64115256, 10.61095708 ], [ -85.641123469999968, 10.61091566 ], [ -85.64110341, 10.61087175 ], [ -85.641123469999982, 10.61091566 ] ] ], [ [ [ -85.641185469999982, 10.61152793 ], [ -85.64117771, 10.61163029 ], [ -85.641185469999968, 10.61152793 ], [ -85.641187519999988, 10.61143176 ], [ -85.641185469999982, 10.61152793 ] ] ], [ [ [ -85.640995009999983, 10.61216539 ], [ -85.64098421, 10.61219482 ], [ -85.640995009999969, 10.61216539 ], [ -85.641004089999981, 10.61212069 ], [ -85.640995009999983, 10.61216539 ] ] ], [ [ [ -85.641152749999989, 10.61244872 ], [ -85.641154769999986, 10.61246886 ], [ -85.64114758, 10.61249114 ], [ -85.641154769999972, 10.61246886 ], [ -85.641152749999975, 10.61244872 ], [ -85.64114159, 10.61242908 ], [ -85.641152749999989, 10.61244872 ] ] ], [ [ [ -85.641000529999985, 10.61244581 ], [ -85.640975979999979, 10.61245037 ], [ -85.641000529999971, 10.61244581 ], [ -85.64102382, 10.61244514 ], [ -85.641000529999985, 10.61244581 ] ] ], [ [ [ -85.64087705999998, 10.61266038 ], [ -85.64088349, 10.61268484 ], [ -85.640877059999966, 10.61266038 ], [ -85.64087456, 10.61263717 ], [ -85.64087705999998, 10.61266038 ] ] ], [ [ [ -85.640927739999981, 10.61284504 ], [ -85.640940179999987, 10.6128644 ], [ -85.640927739999967, 10.61284504 ], [ -85.640918209999981, 10.61282213 ], [ -85.640927739999981, 10.61284504 ] ] ], [ [ [ -85.640973549999984, 10.61300685 ], [ -85.64096445, 10.61302958 ], [ -85.64097354999997, 10.61300685 ], [ -85.64097535, 10.61298298 ], [ -85.640973549999984, 10.61300685 ] ] ], [ [ [ -85.640955829999982, 10.61307518 ], [ -85.6409565, 10.61309822 ], [ -85.640955829999967, 10.61307518 ], [ -85.64095799, 10.61305203 ], [ -85.640955829999982, 10.61307518 ] ] ], [ [ [ -85.64094215999998, 10.61323649 ], [ -85.6409325, 10.61325805 ], [ -85.640942159999966, 10.61323649 ], [ -85.6409532, 10.61321664 ], [ -85.64094215999998, 10.61323649 ] ] ], [ [ [ -85.640818129999985, 10.6134818 ], [ -85.64079914, 10.61350268 ], [ -85.640818129999971, 10.6134818 ], [ -85.64083476, 10.61346589 ], [ -85.640818129999985, 10.6134818 ] ] ], [ [ [ -85.640812749999981, 10.61362083 ], [ -85.640825639999989, 10.61363902 ], [ -85.64083826, 10.61365857 ], [ -85.640825639999974, 10.61363902 ], [ -85.640812749999967, 10.61362083 ], [ -85.64079286, 10.61360855 ], [ -85.640812749999981, 10.61362083 ] ] ], [ [ [ -85.640788049999983, 10.61382043 ], [ -85.6407658, 10.61382814 ], [ -85.640788049999969, 10.61382043 ], [ -85.640811529999979, 10.61381995 ], [ -85.640788049999983, 10.61382043 ] ] ], [ [ [ -85.640767299999979, 10.61383635 ], [ -85.640778699999984, 10.6138494 ], [ -85.640767299999965, 10.61383635 ], [ -85.6407658, 10.61382814 ], [ -85.640767299999979, 10.61383635 ] ] ], [ [ [ -85.640716659999981, 10.61405299 ], [ -85.640716659999967, 10.61405299 ], [ -85.640739379999985, 10.61404672 ], [ -85.640716659999981, 10.61405299 ] ] ], [ [ [ -85.640586359999986, 10.61411721 ], [ -85.640586359999986, 10.61411721 ], [ -85.64060325, 10.6141154 ], [ -85.640586359999986, 10.61411721 ] ] ], [ [ [ -85.640341009999986, 10.61398735 ], [ -85.640341009999972, 10.61398735 ], [ -85.64036657, 10.61398351 ], [ -85.640341009999986, 10.61398735 ] ] ], [ [ [ -85.640254199999987, 10.61401844 ], [ -85.640245539999981, 10.61403972 ], [ -85.64024046, 10.61406225 ], [ -85.640245539999967, 10.61403972 ], [ -85.640254199999973, 10.61401844 ], [ -85.640263605, 10.61400944000013 ], [ -85.640254199999987, 10.61401844 ] ] ], [ [ [ -85.640232309999988, 10.61419714 ], [ -85.64023263, 10.61422218 ], [ -85.640232309999988, 10.61419714 ], [ -85.64022661, 10.61417322 ], [ -85.640232309999988, 10.61419714 ] ] ], [ [ [ -85.640129950000016, 10.61408588 ], [ -85.64011103, 10.61406709 ], [ -85.640129950000016, 10.61408588 ], [ -85.64014875, 10.61409961 ], [ -85.640129950000016, 10.61408588 ] ] ], [ [ [ -85.63922780999998, 10.61378284 ], [ -85.63914342, 10.61382259 ], [ -85.639227809999966, 10.61378284 ], [ -85.63932207, 10.61374547 ], [ -85.63922780999998, 10.61378284 ] ] ], [ [ [ -85.638825269999984, 10.61405544 ], [ -85.63879542, 10.61409383 ], [ -85.63882526999997, 10.61405544 ], [ -85.63888674, 10.61398418 ], [ -85.638825269999984, 10.61405544 ] ] ], [ [ [ -85.638737309999982, 10.614179 ], [ -85.63872106, 10.61419816 ], [ -85.638737309999968, 10.614179 ], [ -85.63879542, 10.61409383 ], [ -85.638737309999982, 10.614179 ] ] ], [ [ [ -85.638605989999988, 10.61432728 ], [ -85.63855825, 10.61435202 ], [ -85.638605989999974, 10.61432728 ], [ -85.63864392, 10.6142959 ], [ -85.638605989999988, 10.61432728 ] ] ], [ [ [ -85.638488899999984, 10.61441791 ], [ -85.63841238, 10.6144775 ], [ -85.63848889999997, 10.61441791 ], [ -85.6385226, 10.61438221 ], [ -85.638488899999984, 10.61441791 ] ] ], [ [ [ -85.637689609999981, 10.61457536 ], [ -85.63764258, 10.61459485 ], [ -85.637689609999967, 10.61457536 ], [ -85.63773341, 10.61454792 ], [ -85.637689609999981, 10.61457536 ] ] ], [ [ [ -85.637030199999984, 10.61514584 ], [ -85.63698182, 10.61516941 ], [ -85.63703019999997, 10.61514584 ], [ -85.637072459999985, 10.61512113 ], [ -85.637030199999984, 10.61514584 ] ] ], [ [ [ -85.636627639999986, 10.61548252 ], [ -85.63655413, 10.61554039 ], [ -85.636627639999972, 10.61548252 ], [ -85.63670186, 10.61540459 ], [ -85.636627639999986, 10.61548252 ] ] ], [ [ [ -85.635476229999981, 10.61610021 ], [ -85.63545754, 10.61610781 ], [ -85.635476229999966, 10.61610021 ], [ -85.63550057, 10.61609033 ], [ -85.635476229999981, 10.61610021 ] ] ], [ [ [ -85.634875300000019, 10.61603845 ], [ -85.6348509, 10.616028315000168 ], [ -85.634875300000019, 10.61603845 ], [ -85.634922804999988, 10.616063280001008 ], [ -85.634875300000019, 10.61603845 ] ] ], [ [ [ -85.634647359999988, 10.61609043 ], [ -85.63457221, 10.61614866 ], [ -85.634647359999988, 10.61609043 ], [ -85.63468601, 10.61605651 ], [ -85.634647359999988, 10.61609043 ] ] ], [ [ [ -85.634368759999987, 10.61637404 ], [ -85.63434403, 10.61641412 ], [ -85.634368759999973, 10.61637404 ], [ -85.63443005, 10.61628651 ], [ -85.634368759999987, 10.61637404 ] ] ], [ [ [ -85.63406114999998, 10.61666658 ], [ -85.63398041, 10.61675648 ], [ -85.634061149999965, 10.61666658 ], [ -85.634096209999981, 10.61662753 ], [ -85.63406114999998, 10.61666658 ] ] ], [ [ [ -85.633342859999985, 10.61724676 ], [ -85.63330699, 10.61728916 ], [ -85.633342859999971, 10.61724676 ], [ -85.63338303, 10.61720841 ], [ -85.633342859999985, 10.61724676 ] ] ], [ [ [ -85.632285859999982, 10.61792658 ], [ -85.63224196, 10.61795167 ], [ -85.632285859999968, 10.61792658 ], [ -85.6323187, 10.61791629 ], [ -85.632285859999982, 10.61792658 ] ] ], [ [ [ -85.631633339999979, 10.61869631 ], [ -85.631597289999988, 10.61875452 ], [ -85.631633339999965, 10.61869631 ], [ -85.63167493, 10.6186312 ], [ -85.631633339999979, 10.61869631 ] ] ], [ [ [ -85.631437939999984, 10.6190095 ], [ -85.63140568, 10.61904202 ], [ -85.631437939999969, 10.6190095 ], [ -85.63146741, 10.6189685 ], [ -85.631437939999984, 10.6190095 ] ] ], [ [ [ -85.631347209999987, 10.61907685 ], [ -85.631307629999981, 10.61908989 ], [ -85.63120175, 10.61912696 ], [ -85.631307629999966, 10.61908989 ], [ -85.631347209999973, 10.61907685 ], [ -85.63140568, 10.61904202 ], [ -85.631347209999987, 10.61907685 ] ] ], [ [ [ -85.629546489999981, 10.62081907 ], [ -85.629525979999983, 10.62084457 ], [ -85.62942203, 10.62096975 ], [ -85.629525979999968, 10.62084457 ], [ -85.629546489999967, 10.62081907 ], [ -85.62961525, 10.62074315 ], [ -85.629546489999981, 10.62081907 ] ] ], [ [ [ -85.629392559999985, 10.62101075 ], [ -85.6293622, 10.62105836 ], [ -85.629392559999971, 10.62101075 ], [ -85.62942203, 10.62096975 ], [ -85.629392559999985, 10.62101075 ] ] ], [ [ [ -85.629057139999986, 10.62190075 ], [ -85.629054719999985, 10.6219972 ], [ -85.629057139999986, 10.62190075 ], [ -85.62906118, 10.62185437 ], [ -85.629057139999986, 10.62190075 ] ] ], [ [ [ -85.629033129999982, 10.62273184 ], [ -85.62903258999998, 10.62275091 ], [ -85.629033129999968, 10.62273184 ], [ -85.629033189999987, 10.62271015 ], [ -85.629033129999982, 10.62273184 ] ] ], [ [ [ -85.629032239999987, 10.62278924 ], [ -85.62903053, 10.62281076 ], [ -85.629032239999987, 10.62278924 ], [ -85.62903287, 10.62277016 ], [ -85.629032239999987, 10.62278924 ] ] ], [ [ [ -85.629028079999983, 10.62283083 ], [ -85.62902479, 10.62284866 ], [ -85.629028079999969, 10.62283083 ], [ -85.62903053, 10.62281076 ], [ -85.629028079999983, 10.62283083 ] ] ], [ [ [ -85.628985589999985, 10.62300314 ], [ -85.628979389999984, 10.62302215 ], [ -85.62897136, 10.6230409 ], [ -85.628979389999969, 10.62302215 ], [ -85.628985589999985, 10.62300314 ], [ -85.628990699999989, 10.62298341 ], [ -85.628985589999985, 10.62300314 ] ] ], [ [ [ -85.628839989999989, 10.62319812 ], [ -85.62882362, 10.6232114 ], [ -85.628839989999975, 10.62319812 ], [ -85.62885426, 10.62318476 ], [ -85.628839989999989, 10.62319812 ] ] ], [ [ [ -85.628773399999986, 10.62325206 ], [ -85.628757559999983, 10.62326254 ], [ -85.628773399999972, 10.62325206 ], [ -85.62878887, 10.62324032 ], [ -85.628773399999986, 10.62325206 ] ] ], [ [ [ -85.628707099999986, 10.62329281 ], [ -85.62869107, 10.62330148 ], [ -85.628707099999986, 10.62329281 ], [ -85.62872432, 10.62328359 ], [ -85.628707099999986, 10.62329281 ] ] ], [ [ [ -85.628673209999988, 10.62330943 ], [ -85.62865169, 10.62331759 ], [ -85.628673209999974, 10.62330943 ], [ -85.62869107, 10.62330148 ], [ -85.628673209999988, 10.62330943 ] ] ], [ [ [ -85.628505389999987, 10.62336417 ], [ -85.62848724, 10.6233705 ], [ -85.628505389999987, 10.62336417 ], [ -85.62852334999998, 10.62335721 ], [ -85.628505389999987, 10.62336417 ] ] ], [ [ [ -85.628430539999982, 10.62339321 ], [ -85.62840893, 10.62340227 ], [ -85.628430539999968, 10.62339321 ], [ -85.62845058, 10.62338398 ], [ -85.628430539999982, 10.62339321 ] ] ], [ [ [ -85.62816042999998, 10.62348942 ], [ -85.62813988, 10.6234907 ], [ -85.628160429999966, 10.62348942 ], [ -85.62818271, 10.62348695 ], [ -85.62816042999998, 10.62348942 ] ] ], [ [ [ -85.62803701, 10.62349187 ], [ -85.628055829999965, 10.62349114 ], [ -85.62805582999998, 10.62349114 ], [ -85.62803701, 10.62349187 ] ] ], [ [ [ -85.626477419999986, 10.62536676 ], [ -85.62662268, 10.62557217 ], [ -85.626477419999972, 10.62536676 ], [ -85.62641613, 10.62505798 ], [ -85.626477419999986, 10.62536676 ] ] ], [ [ [ -85.627496059999984, 10.62620067 ], [ -85.627526739999979, 10.62635263 ], [ -85.627528059999989, 10.62646379 ], [ -85.627526739999965, 10.62635263 ], [ -85.62749605999997, 10.62620067 ], [ -85.627480389999988, 10.62605352 ], [ -85.627496059999984, 10.62620067 ] ] ], [ [ [ -85.627471289999988, 10.62668199 ], [ -85.62746111, 10.62672723 ], [ -85.627471289999974, 10.62668199 ], [ -85.62747442, 10.62663507 ], [ -85.627471289999988, 10.62668199 ] ] ], [ [ [ -85.62751335999998, 10.62746583 ], [ -85.6275572, 10.62756737 ], [ -85.627513359999966, 10.62746583 ], [ -85.627602179999982, 10.62722839 ], [ -85.62751335999998, 10.62746583 ] ] ], [ [ [ -85.627616229999987, 10.6276541 ], [ -85.62768479, 10.62773048 ], [ -85.627616229999973, 10.6276541 ], [ -85.6275572, 10.62756737 ], [ -85.627616229999987, 10.6276541 ] ] ], [ [ [ -85.627754719999984, 10.62785954 ], [ -85.627783350000016, 10.62796758 ], [ -85.627754719999984, 10.62785954 ], [ -85.62773677, 10.62781535 ], [ -85.627754719999984, 10.62785954 ] ] ], [ [ [ -85.627792909999982, 10.62834125 ], [ -85.62777381, 10.62839169 ], [ -85.627792909999982, 10.62834125 ], [ -85.62780614, 10.62828714 ], [ -85.627792909999982, 10.62834125 ] ] ], [ [ [ -85.627637799999988, 10.62860434 ], [ -85.62761996, 10.62865288 ], [ -85.627637799999988, 10.62860434 ], [ -85.62766084, 10.62855641 ], [ -85.627637799999988, 10.62860434 ] ] ], [ [ [ -85.627562979999979, 10.62874446 ], [ -85.627543, 10.62878352 ], [ -85.627562979999965, 10.62874446 ], [ -85.62761996, 10.62865288 ], [ -85.627562979999979, 10.62874446 ] ] ], [ [ [ -85.627299529999988, 10.62947755 ], [ -85.62726546, 10.62951297 ], [ -85.627299529999974, 10.62947755 ], [ -85.62733028, 10.62943455 ], [ -85.627299529999988, 10.62947755 ] ] ], [ [ [ -85.627140039999986, 10.62962081 ], [ -85.627109159999989, 10.6296555 ], [ -85.62707076, 10.62970179 ], [ -85.627109159999975, 10.6296555 ], [ -85.627140039999972, 10.62962081 ], [ -85.62726546, 10.62951297 ], [ -85.627140039999986, 10.62962081 ] ] ], [ [ [ -85.626970689999979, 10.62995646 ], [ -85.62696822, 10.63000664 ], [ -85.626970689999979, 10.62995646 ], [ -85.62696424, 10.62991158 ], [ -85.626970689999979, 10.62995646 ] ] ], [ [ [ -85.626959969999987, 10.63005314 ], [ -85.62693313, 10.63014492 ], [ -85.626959969999973, 10.63005314 ], [ -85.62696822, 10.63000664 ], [ -85.626959969999987, 10.63005314 ] ] ], [ [ [ -85.626065329999989, 10.6308299 ], [ -85.626022979999988, 10.63087368 ], [ -85.62597867, 10.63090798 ], [ -85.626022979999973, 10.63087368 ], [ -85.626065329999989, 10.6308299 ], [ -85.62615446, 10.63070163 ], [ -85.626065329999989, 10.6308299 ] ] ], [ [ [ -85.625525169999989, 10.63099972 ], [ -85.625478389999984, 10.63099978 ], [ -85.625525169999975, 10.63099972 ], [ -85.62564052, 10.63099171 ], [ -85.625525169999989, 10.63099972 ] ] ], [ [ [ -85.624898439999981, 10.63104083 ], [ -85.62464012, 10.63113734 ], [ -85.624898439999967, 10.63104083 ], [ -85.625, 10.63099451 ], [ -85.624898439999981, 10.63104083 ] ] ], [ [ [ -85.623599649999989, 10.63101511 ], [ -85.623505309999985, 10.63105834 ], [ -85.62340774, 10.6310941 ], [ -85.62350530999997, 10.63105834 ], [ -85.623599649999974, 10.63101511 ], [ -85.62365775, 10.63099772 ], [ -85.623599649999989, 10.63101511 ] ] ], [ [ [ -85.622857509999989, 10.63115687 ], [ -85.62280434, 10.63115832 ], [ -85.622857509999974, 10.63115687 ], [ -85.62290438, 10.6311568 ], [ -85.622857509999989, 10.63115687 ] ] ], [ [ [ -85.622137849999987, 10.63124753 ], [ -85.62209378999998, 10.63126023 ], [ -85.62204912, 10.63127809 ], [ -85.62209378999998, 10.63126023 ], [ -85.622137849999973, 10.63124753 ], [ -85.62217985, 10.63122535 ], [ -85.622137849999987, 10.63124753 ] ] ], [ [ [ -85.621649209999987, 10.63155374 ], [ -85.6216048, 10.63158804 ], [ -85.621649209999973, 10.63155374 ], [ -85.62169286, 10.63151628 ], [ -85.621649209999987, 10.63155374 ] ] ], [ [ [ -85.621269089999984, 10.63199721 ], [ -85.621240139999983, 10.63203324 ], [ -85.62121184, 10.63207235 ], [ -85.621240139999969, 10.63203324 ], [ -85.62126908999997, 10.63199721 ], [ -85.6213043, 10.63195166 ], [ -85.621269089999984, 10.63199721 ] ] ], [ [ [ -85.620742369999988, 10.63275841 ], [ -85.62064199, 10.63288492 ], [ -85.620742369999988, 10.63275841 ], [ -85.6208088, 10.63265657 ], [ -85.620742369999988, 10.63275841 ] ] ], [ [ [ -85.620589969999983, 10.63296473 ], [ -85.620559109999988, 10.63300357 ], [ -85.620521699999983, 10.63303142 ], [ -85.62034527, 10.63311629 ], [ -85.620521699999969, 10.63303142 ], [ -85.620559109999988, 10.63300357 ], [ -85.620589969999969, 10.63296473 ], [ -85.62064199, 10.63288492 ], [ -85.620589969999983, 10.63296473 ] ] ], [ [ [ -85.620191219999981, 10.63321949 ], [ -85.62011861, 10.63327626 ], [ -85.620191219999967, 10.63321949 ], [ -85.62026114, 10.63317141 ], [ -85.620191219999981, 10.63321949 ] ] ], [ [ [ -85.619902589999981, 10.63337355 ], [ -85.619864819999989, 10.63340104 ], [ -85.619821639999984, 10.63342629 ], [ -85.619864819999975, 10.63340104 ], [ -85.619902589999967, 10.63337355 ], [ -85.61994515, 10.63335344 ], [ -85.619902589999981, 10.63337355 ] ] ], [ [ [ -85.619575519999984, 10.63363698 ], [ -85.61952321, 10.63376731 ], [ -85.61957551999997, 10.63363698 ], [ -85.61960043, 10.63359563 ], [ -85.619575519999984, 10.63363698 ] ] ], [ [ [ -85.619465889999987, 10.63395053 ], [ -85.61941781, 10.63403294 ], [ -85.619465889999972, 10.63395053 ], [ -85.6194853, 10.63390705 ], [ -85.619465889999987, 10.63395053 ] ] ], [ [ [ -85.619400099999979, 10.63469444 ], [ -85.61941241, 10.63474237 ], [ -85.619400099999964, 10.63469444 ], [ -85.619377349999979, 10.63455627 ], [ -85.619400099999979, 10.63469444 ] ] ], [ [ [ -85.619390439999989, 10.63591247 ], [ -85.61937004, 10.63595948 ], [ -85.619390439999975, 10.63591247 ], [ -85.61940629, 10.63586801 ], [ -85.619390439999989, 10.63591247 ] ] ], [ [ [ -85.619184589999989, 10.63624134 ], [ -85.61915015, 10.63627641 ], [ -85.619184589999975, 10.63624134 ], [ -85.61925283, 10.63614333001574 ], [ -85.619184589999989, 10.63624134 ] ] ], [ [ [ -85.610992610000011, 10.63501198 ], [ -85.61108983, 10.634664620197711 ], [ -85.610992610000011, 10.63501198 ], [ -85.610842995000013, 10.63526612010584 ], [ -85.610992610000011, 10.63501198 ] ] ], [ [ [ -85.614090540000021, 10.62693869 ], [ -85.6140756, 10.62689457 ], [ -85.614090540000021, 10.62693869 ], [ -85.614097375, 10.626961660000863 ], [ -85.614090540000021, 10.62693869 ] ] ], [ [ [ -85.614151210000017, 10.62547836 ], [ -85.61415949, 10.62538513 ], [ -85.614151210000017, 10.62547836 ], [ -85.61415711, 10.62552343 ], [ -85.614151210000017, 10.62547836 ] ] ], [ [ [ -85.606283349999984, 10.61528441 ], [ -85.60587504, 10.61557834 ], [ -85.60628334999997, 10.61528441 ], [ -85.60632718, 10.6152624 ], [ -85.606283349999984, 10.61528441 ] ] ], [ [ [ -85.60559354999998, 10.61568218 ], [ -85.60545682999998, 10.61572716 ], [ -85.605593549999966, 10.61568218 ], [ -85.60568935, 10.6156571 ], [ -85.60559354999998, 10.61568218 ] ] ], [ [ [ -85.604642429999984, 10.61591733 ], [ -85.60446845, 10.6159475 ], [ -85.604642429999984, 10.61591733 ], [ -85.60469149, 10.61591654 ], [ -85.604642429999984, 10.61591733 ] ] ], [ [ [ -85.604419919999984, 10.61599529 ], [ -85.60442935, 10.61601648 ], [ -85.60441991999997, 10.61599529 ], [ -85.60442911, 10.61597111 ], [ -85.604419919999984, 10.61599529 ] ] ], [ [ [ -85.604523279999981, 10.61631788 ], [ -85.60449039, 10.61635257 ], [ -85.604523279999967, 10.61631788 ], [ -85.6045481, 10.61627654 ], [ -85.604523279999981, 10.61631788 ] ] ], [ [ [ -85.604158799999979, 10.61674724 ], [ -85.60412875, 10.61678391 ], [ -85.604158799999965, 10.61674724 ], [ -85.60421139, 10.6166706 ], [ -85.604158799999979, 10.61674724 ] ] ], [ [ [ -85.58961432000001, 10.59859451 ], [ -85.58951243, 10.59839582 ], [ -85.58961432000001, 10.59859451 ], [ -85.589797809999979, 10.59885108 ], [ -85.58961432000001, 10.59859451 ] ] ] ] } }
]
}
