{
"type": "FeatureCollection",
"name": "Area de estudio - SIGA",
"crs": { "type": "name", "properties": { "name": "urn:ogc:def:crs:OGC:1.3:CRS84" } },
"features": [
{"type":"Feature","properties":{"fid":1},"geometry":{"type":"MultiPolygon","coordinates":[[[[-84.60581569668355,9.800433384205135],[-84.605721979123388,9.800488711439449],[-84.603283283204689,9.796830667561435],[-84.602176837834179,9.794121005429574],[-84.602899414402671,9.789988770678486],[-84.598541374473925,9.756750248527656],[-84.624012198513441,9.746634176568705],[-84.626541216503171,9.739589055025867],[-84.619405772889266,9.723602048447885],[-84.615612245904657,9.718363368326287],[-84.628437979995468,9.704092481098485],[-84.634805686005336,9.686750643454571],[-84.627557339802564,9.678441012916867],[-84.627557339802564,9.669228161668538],[-84.615002571924919,9.658479835212157],[-84.612925164290502,9.62939612833018],[-84.60714455174255,9.608080119559538],[-84.579957608352871,9.594983419255543],[-84.552590020821071,9.578815768535435],[-84.536783658385218,9.575383529835078],[-84.530998245730231,9.573298090389677],[-84.5311054,9.57324008],[-84.53134552,9.5730869],[-84.53152918,9.57303368],[-84.53180641,9.57298592],[-84.53199555,9.57297148],[-84.53242375,9.57287778],[-84.53253005,9.57281867],[-84.53263033,9.57272173],[-84.53267854,9.5726106],[-84.53267411,9.5725213],[-84.53259939,9.57244908],[-84.53253253,9.57234879],[-84.53248207,9.57213375],[-84.53232855,9.57186079],[-84.53227474,9.57172773],[-84.53220563,9.57145799],[-84.5322293,9.57102164],[-84.5323392,9.570358],[-84.53235177,9.57020694],[-84.53235545,9.57000457],[-84.53232281,9.56978233],[-84.53235179,9.56963934],[-84.53247769,9.56923421],[-84.53259798,9.56897191],[-84.53278964,9.56870108],[-84.53300542,9.56845464],[-84.5330724,9.56840806],[-84.53315759,9.56838133],[-84.53318604,9.56835147],[-84.5333668,9.56801881],[-84.53352116,9.56778295],[-84.53387532,9.56733335],[-84.5340921,9.56702315],[-84.53415913,9.5669542],[-84.53454785,9.56666688],[-84.53462676,9.56665868],[-84.53506365,9.56644837],[-84.53542573,9.56634655],[-84.53598543,9.5662644],[-84.53622316,9.56624717],[-84.53704157,9.5660511],[-84.53705226,9.56605191],[-84.53707206,9.56604461],[-84.53723002,9.56606676],[-84.53740735,9.56610168],[-84.53755887,9.56612704],[-84.53770071,9.56614281],[-84.53776843,9.5661651],[-84.5378651,9.56615216],[-84.53799077,9.56613277],[-84.53808418,9.56609743],[-84.53817683,9.56604709],[-84.53818332,9.56604247],[-84.53843381,9.56589668],[-84.53878739,9.56563817],[-84.53930628,9.56529469],[-84.53961259,9.56506591],[-84.53992743,9.56478675],[-84.5401257,9.56458622],[-84.54024799,9.56444344],[-84.5404131,9.56421176],[-84.54053782,9.56407653],[-84.54063847,9.5639223],[-84.540748,9.56365581],[-84.54077004,9.56356648],[-84.54074471,9.56347706],[-84.54075215,9.56343044],[-84.54072468,9.56319824],[-84.54073546,9.56315681],[-84.54072455,9.56311289],[-84.54075054,9.56307338],[-84.54074149,9.56302773],[-84.54075727,9.56298214],[-84.54073298,9.56265184],[-84.54076228,9.56202746],[-84.54077478,9.56198119],[-84.54076387,9.56193722],[-84.5407914,9.56174848],[-84.54083176,9.56166768],[-84.54083578,9.56161948],[-84.54086766,9.56158688],[-84.54092148,9.56137603],[-84.54086178,9.56086427],[-84.54080331,9.56063678],[-84.54075799,9.56055349],[-84.54069076,9.56049369],[-84.54055768,9.56044313],[-84.54031735,9.56042415],[-84.54017979,9.56038698],[-84.54009336,9.56034656],[-84.5399851,9.56025939],[-84.53964033,9.56009975],[-84.53942729,9.55991577],[-84.53934278,9.55987141],[-84.53929859,9.55977537],[-84.53903022,9.55945503],[-84.5390373,9.5594089],[-84.53883187,9.55899891],[-84.53880376,9.5589046],[-84.53878674,9.55876616],[-84.5387408,9.55871831],[-84.53871323,9.55871338],[-84.53865352,9.55859575],[-84.53864121,9.55853369],[-84.53864553,9.55843934],[-84.53866789,9.55834956],[-84.538745,9.5582357],[-84.53888459,9.55810967],[-84.53912004,9.55795107],[-84.53925308,9.55789476],[-84.53947359,9.55777523],[-84.53955378,9.55771353],[-84.5398041,9.55750262],[-84.54020871,9.55731061],[-84.54030909,9.55724652],[-84.54049241,9.55714703],[-84.54071924,9.55698112],[-84.54127488,9.5566166],[-84.54157274,9.55638146],[-84.54163959,9.55631386],[-84.54188709,9.55617306],[-84.5422458,9.55593592],[-84.54242812,9.55579124],[-84.54257442,9.55569387],[-84.54269336,9.55564171],[-84.54292466,9.5555935],[-84.54312694,9.55548792],[-84.54322323,9.55541122],[-84.54333574,9.55526805],[-84.54344732,9.55513602],[-84.5437885,9.5546164],[-84.54423439,9.55378297],[-84.54437183,9.55342967],[-84.54449122,9.55318319],[-84.5445356,9.55304976],[-84.54463151,9.55290137],[-84.54473337,9.55279876],[-84.54484076,9.55270361],[-84.5452689,9.55239611],[-84.54575659,9.55213427],[-84.54641087,9.55188559],[-84.54667784,9.55173159],[-84.54676596,9.55169384],[-84.54690219,9.55166732],[-84.54711075,9.55156179],[-84.54725599,9.5514418],[-84.54733779,9.55132662],[-84.54737178,9.55119071],[-84.54736128,9.55106256],[-84.54716355,9.5506824],[-84.54707133,9.55057156],[-84.5468319,9.5503453],[-84.54668243,9.55009979],[-84.54658507,9.54987629],[-84.54647447,9.54967013],[-84.54635322,9.54952195],[-84.54624409,9.54943496],[-84.54594962,9.54927669],[-84.54577088,9.5492069],[-84.54558515,9.54915403],[-84.54528124,9.54910098],[-84.54432595,9.54905557],[-84.5441772,9.5490558],[-84.54382056,9.54909464],[-84.54356978,9.54900891],[-84.54335746,9.5488657],[-84.54328002,9.54866487],[-84.54327961,9.5484065],[-84.54343332,9.54807134],[-84.54350684,9.54790646],[-84.54356149,9.54780813],[-84.54373155,9.5473711],[-84.54392474,9.54707816],[-84.5440648,9.54694046],[-84.5442503,9.54679582],[-84.54458132,9.54662103],[-84.54476181,9.54656053],[-84.54489955,9.54653956],[-84.5449863,9.54650394],[-84.545022,9.54647015],[-84.54506611,9.54645847],[-84.54510131,9.54642211],[-84.54514487,9.54640784],[-84.54547545,9.54613259],[-84.54640438,9.54529699],[-84.54664034,9.54512013],[-84.5468414,9.54499477],[-84.54698102,9.54486878],[-84.54709751,9.54480367],[-84.54731911,9.54478931],[-84.54788311,9.5448023],[-84.54797716,9.5448315],[-84.54817334,9.544958],[-84.54834695,9.54503878],[-84.54839237,9.54504518],[-84.54843057,9.54506998],[-84.54848154,9.54507257],[-84.54852116,9.54509977],[-84.54856799,9.54510412],[-84.54883695,9.54520216],[-84.54927093,9.5452758],[-84.54987979,9.54531503],[-84.55020482,9.54527247],[-84.55033481,9.5452186],[-84.55036704,9.54518329],[-84.55056976,9.54507099],[-84.55068617,9.54498491],[-84.55078389,9.54488629],[-84.55090348,9.54473872],[-84.55097844,9.54461817],[-84.55109685,9.54430446],[-84.55113014,9.54393166],[-84.55112062,9.54364998],[-84.55103608,9.54338547],[-84.55095253,9.54320404],[-84.55087915,9.54308765],[-84.55075226,9.54294011],[-84.55046268,9.54268012],[-84.55019133,9.54248322],[-84.55005158,9.54241273],[-84.54988612,9.5423587],[-84.54969589,9.54234015],[-84.54941227,9.54235276],[-84.54917675,9.54238098],[-84.54889686,9.54245145],[-84.5486343,9.54256863],[-84.548597,9.54256914],[-84.54855628,9.54259583],[-84.54846416,9.54260389],[-84.5484264,9.54262959],[-84.548244,9.54268955],[-84.54791602,9.54273984],[-84.54772343,9.5427504],[-84.54753704,9.54273741],[-84.54706311,9.5426259],[-84.54670421,9.54250598],[-84.54659236,9.54242302],[-84.54646669,9.54235929],[-84.54589042,9.5419318],[-84.54584604,9.54191713],[-84.54564032,9.54171686],[-84.5455536,9.54160131],[-84.54541169,9.54140483],[-84.54523584,9.54111378],[-84.54504833,9.54062867],[-84.5449253,9.54007067],[-84.54489786,9.53959516],[-84.5449276,9.53908309],[-84.54495552,9.5388518],[-84.54502997,9.53838604],[-84.54508367,9.53815561],[-84.54528093,9.53761995],[-84.54542907,9.53732681],[-84.54546568,9.53729289],[-84.54550786,9.53720733],[-84.54554648,9.53717924],[-84.5456016,9.53710456],[-84.54601696,9.53678867],[-84.54613643,9.53670688],[-84.54637191,9.53660746],[-84.546512,9.53657759],[-84.5468519,9.53655323],[-84.54723651,9.53657961],[-84.54755704,9.53666048],[-84.54787066,9.53680715],[-84.5483544,9.53710548],[-84.54871119,9.53742084],[-84.5489651,9.53770566],[-84.54917363,9.53790961],[-84.54957869,9.53823053],[-84.55026409,9.53846665],[-84.55072649,9.53871894],[-84.55110901,9.53882903],[-84.55198592,9.53927042],[-84.55241626,9.53939625],[-84.55319743,9.53974291],[-84.5534526,9.53991645],[-84.55364411,9.54012172],[-84.55377171,9.5402164],[-84.55399461,9.54013698],[-84.55423332,9.53997846],[-84.55437647,9.53983591],[-84.55463105,9.53964574],[-84.55513402,9.53919369],[-84.55535904,9.53883923],[-84.555793196963023,9.539122857614677],[-84.556556837083505,9.539667222587186],[-84.55688558,9.5398796],[-84.55714262156593,9.540057112544613],[-84.55733296,9.54018856],[-84.55744617,9.54029408],[-84.55887567,9.54138909],[-84.55904127,9.54150374],[-84.55906157,9.54155461],[-84.55920187,9.54168079],[-84.55928365,9.54172668],[-84.55937392,9.54178377],[-84.55953367,9.54193858],[-84.55956196,9.54196828],[-84.55961789,9.54202859],[-84.55966041,9.54207337],[-84.55967629,9.54208907],[-84.55968733,9.54209909],[-84.55970995,9.54211831],[-84.55972153,9.54212761],[-84.55974533,9.54214556],[-84.55976968,9.54216279],[-84.55978619,9.54217398],[-84.55981938,9.54219581],[-84.55982804,9.54220095],[-84.55983406,9.54220401],[-84.55984637,9.54220933],[-84.55985913,9.54221392],[-84.55988537,9.54222165],[-84.55990515,9.5422274],[-84.55992428,9.54223406],[-84.55993349,9.54223794],[-84.55994243,9.54224244],[-84.55994671,9.54224488],[-84.55995838,9.54225273],[-84.55996568,9.5422585],[-84.55997033,9.54226256],[-84.55997946,9.54227123],[-84.55999241,9.54228522],[-84.56000081,9.54229497],[-84.56001714,9.54231493],[-84.56003576,9.54233714],[-84.56004881,9.54235095],[-84.56005556,9.54235754],[-84.56006633,9.54236657],[-84.56007773,9.54237469],[-84.56008374,9.54237829],[-84.56009477,9.54238406],[-84.56010234,9.54238767],[-84.56011766,9.54239415],[-84.56013342,9.54240001],[-84.5601655,9.54241089],[-84.56018947,9.54241917],[-84.5602129,9.54242845],[-84.56022429,9.54243367],[-84.5602408,9.5424426],[-84.56026222,9.54245577],[-84.56027636,9.54246488],[-84.56030444,9.54248364],[-84.56042883,9.54257123],[-84.56045701,9.54259008],[-84.56047114,9.54259919],[-84.56049275,9.54261245],[-84.56051463,9.54262507],[-84.56052566,9.5426312],[-84.56056687,9.54265275],[-84.56065001,9.54269438],[-84.5606914,9.54271547],[-84.56071201,9.54272629],[-84.56077929,9.54276226],[-84.56081265,9.54278047],[-84.56086244,9.54280869],[-84.56089526,9.54282817],[-84.56091149,9.54283818],[-84.56093574,9.5428536],[-84.56096183,9.54287155],[-84.56097879,9.54288409],[-84.56098982,9.54289266],[-84.56101144,9.54291044],[-84.5610274,9.54292407],[-84.5610586,9.54295223],[-84.56107904,9.54297145],[-84.56111936,9.54301036],[-84.56114965,9.54303952],[-84.56115996,9.54304963],[-84.56117967,9.54307057],[-84.56119235,9.54308483],[-84.56121736,9.543114],[-84.56123616,9.54313585],[-84.56125569,9.54315716],[-84.56126582,9.54316754],[-84.5612816,9.5431827],[-84.56129464,9.54319408],[-84.56130139,9.54319949],[-84.56131161,9.54320725],[-84.56132756,9.54321825],[-84.56134407,9.54322835],[-84.56135255,9.54323304],[-84.56136987,9.54324169],[-84.56137862,9.54324566],[-84.56139211,9.54325106],[-84.56141025,9.54325718],[-84.56144688,9.54326725],[-84.56146511,9.54327255],[-84.56147413,9.54327561],[-84.56155042,9.54330198],[-84.56157557,9.54331143],[-84.56158797,9.54331657],[-84.56161249,9.54332756],[-84.56162452,9.5433336],[-84.56164212,9.54334351],[-84.5616516,9.54334929],[-84.56166993,9.54336128],[-84.56168789,9.54337373],[-84.56172346,9.54339926],[-84.56174252,9.54341343],[-84.56174544,9.54341586],[-84.56175092,9.54342128],[-84.5617657,9.54343907],[-84.56177364,9.54344737],[-84.56177802,9.54345107],[-84.56180218,9.54346885],[-84.56185115,9.54350358],[-84.56188754,9.54353001],[-84.56205153,9.54365452],[-84.56237876,9.54390463],[-84.56254265,9.54402941],[-84.56262473,9.54409149],[-84.56264726,9.54410872],[-84.56269205,9.54414355],[-84.56271485,9.54416033],[-84.56272643,9.54416854],[-84.56275004,9.54418405],[-84.56276217,9.54419126],[-84.56278077,9.54420145],[-84.56282799,9.54422506],[-84.56285981,9.5442402],[-84.56292353,9.54427003],[-84.56299509,9.54430373],[-84.56313311,9.54437087],[-84.56314304,9.54437546],[-84.56316309,9.54438375],[-84.5631836,9.54439131],[-84.56322489,9.54440562],[-84.5632557,9.54441687],[-84.56327083,9.54442308],[-84.563299,9.5444357],[-84.56331294,9.54444228],[-84.56333354,9.54445264],[-84.56335388,9.54446364],[-84.56336391,9.54446941],[-84.5633846,9.54448239],[-84.56342473,9.54451027],[-84.56344524,9.54452344],[-84.56345573,9.54452957],[-84.56384604,9.54474413],[-84.56401271,9.54484223],[-84.56401608,9.5448444],[-84.56402256,9.54484909],[-84.56402849,9.54485432],[-84.56403214,9.54485802],[-84.56403898,9.54486606],[-84.56404373,9.54487256],[-84.56405241,9.54488638],[-84.56405779,9.54489605],[-84.56406803,9.54491592],[-84.5640758,9.54493083],[-84.56408411,9.54494519],[-84.56408858,9.54495205],[-84.56409589,9.54496181],[-84.5641041,9.54497066],[-84.56410857,9.54497472],[-84.56412827,9.54499096],[-84.56413849,9.54499872],[-84.56421528,9.54505438],[-84.5642668,9.5450911],[-84.56437031,9.54516354],[-84.56437678,9.54516786],[-84.56439009,9.54517616],[-84.56440377,9.54518392],[-84.56443139,9.54519897],[-84.56445182,9.5452106],[-84.56446176,9.54521682],[-84.5644665,9.54522061],[-84.56446942,9.5452235],[-84.56447435,9.54523009],[-84.56447864,9.54523741],[-84.56448623,9.54525313],[-84.56449208,9.5452647],[-84.56449664,9.54527174],[-84.5644992,9.5452749],[-84.56450349,9.54527914],[-84.56450841,9.54528266],[-84.56451115,9.5452841],[-84.56451807,9.54528708],[-84.56453184,9.54529239],[-84.56454596,9.54529689],[-84.56455544,9.54529949],[-84.56457458,9.5453038],[-84.5646174,9.54531223],[-84.56469832,9.5453281],[-84.56471873,9.5453316],[-84.56475964,9.54533768],[-84.56478005,9.5453419],[-84.56479007,9.54534459],[-84.56479399,9.54534585],[-84.56480155,9.54534882],[-84.56480876,9.54535243],[-84.56481332,9.54535513],[-84.56482225,9.54536109],[-84.56483502,9.54537137],[-84.56484314,9.54537868],[-84.5648592,9.54539403],[-84.56487133,9.54540522],[-84.56487753,9.54541055],[-84.56495899,9.54547868],[-84.5649994,9.54551288],[-84.56505969,9.5455645],[-84.56514964,9.54564311],[-84.56517855,9.54566847],[-84.56519269,9.54568146],[-84.56520602,9.54569519],[-84.56521222,9.54570232],[-84.56521998,9.54571234],[-84.56522363,9.54571749],[-84.56522866,9.54572562],[-84.56523514,9.54573836],[-84.5652399,9.54574947],[-84.56524274,9.54575697],[-84.56524777,9.54577206],[-84.56525427,9.54579493],[-84.56526556,9.54584102],[-84.56528362,9.54591604],[-84.56528738,9.54592951],[-84.56529644,9.54595662],[-84.56530029,9.54597017],[-84.56530185,9.54597695],[-84.56530314,9.54598581],[-84.56530351,9.54599033],[-84.56530352,9.54599693],[-84.5653029,9.54600344],[-84.56530226,9.5460067],[-84.56530136,9.5460105],[-84.56529891,9.54601782],[-84.56529583,9.54602515],[-84.56528856,9.54603954],[-84.56528076,9.54605583],[-84.56523004,9.54617707],[-84.56520908,9.54622683],[-84.56520518,9.5462357],[-84.56519637,9.54625307],[-84.56518647,9.54626982],[-84.56517938,9.54628068],[-84.56517438,9.54628783],[-84.56516393,9.54630177],[-84.56515486,9.54631301],[-84.56515157,9.54631716],[-84.56514293,9.54632712],[-84.56512502,9.54634686],[-84.56510647,9.54636615],[-84.56506845,9.54640401],[-84.56504035,9.54643253],[-84.56502235,9.54645182],[-84.56501362,9.5464616],[-84.56500117,9.54647645],[-84.56498935,9.54649166],[-84.56498372,9.54649944],[-84.56497318,9.54651519],[-84.56496827,9.54652334],[-84.56496146,9.54653565],[-84.5649591,9.54654144],[-84.56495765,9.54654714],[-84.5649572,9.54655012],[-84.56495708,9.54655156],[-84.56495684,9.54655455],[-84.56495713,9.54656142],[-84.56495768,9.54656468],[-84.5649596,9.54657109],[-84.56496098,9.54657407],[-84.56496353,9.54657814],[-84.56498334,9.54660369],[-84.56499685,9.54662022],[-84.56502469,9.54665254],[-84.56503901,9.54666825],[-84.56506839,9.54669877],[-84.56509887,9.54672837],[-84.56511976,9.5467476],[-84.56513399,9.54676023],[-84.56516309,9.54678505],[-84.56518251,9.54680129],[-84.5652211,9.54683369],[-84.56525011,9.54685751],[-84.56527938,9.54688088],[-84.56532781,9.54691662],[-84.56534012,9.54692509],[-84.56536392,9.54694051],[-84.56539219,9.54695765],[-84.5654065,9.54696603],[-84.56542811,9.5469782],[-84.56546084,9.54699569],[-84.56549403,9.54701227],[-84.56551089,9.5470202],[-84.56553377,9.5470302],[-84.56555838,9.54703947],[-84.56557788,9.54704568],[-84.5655911,9.54704937],[-84.56561771,9.54705592],[-84.56564459,9.54706149],[-84.5656988,9.54707116],[-84.56573944,9.54707869],[-84.56576623,9.54708453],[-84.56577962,9.54708776],[-84.5657994,9.54709324],[-84.565819,9.54709954],[-84.56582866,9.54710305],[-84.56584679,9.54711016],[-84.56588262,9.54712539],[-84.56591781,9.54714187],[-84.56594096,9.5471535],[-84.56595619,9.54716152],[-84.56598655,9.54717811],[-84.56609131,9.54723698],[-84.56614328,9.54726701],[-84.5661947,9.54729775],[-84.56622024,9.54731363],[-84.56638236,9.54741635],[-84.56646306,9.54746821],[-84.56659911,9.54755605],[-84.56666696,9.54760033],[-84.56673444,9.54764507],[-84.566768,9.5476678],[-84.56687241,9.54773969],[-84.56708006,9.54788511],[-84.5672361,9.54799381],[-84.56737471,9.54808897],[-84.56741329,9.54811467],[-84.56743289,9.54812703],[-84.56743845,9.54813019],[-84.56744994,9.5481355],[-84.56746197,9.54813982],[-84.56748658,9.54814738],[-84.5674987,9.54815151],[-84.56750462,9.54815386],[-84.56751329,9.54815782],[-84.56757245,9.54818865],[-84.56761157,9.54820983],[-84.56763755,9.54822416],[-84.56768916,9.54825329],[-84.56771642,9.54826915],[-84.56777049,9.5483018],[-84.56780632,9.54832398],[-84.56787763,9.54836889],[-84.56793106,9.54840253],[-84.56798468,9.54843572],[-84.56801176,9.54845204],[-84.56805252,9.54847593],[-84.56806911,9.54848486],[-84.56808032,9.54849044],[-84.5681032,9.54850071],[-84.56811478,9.54850549],[-84.5681383,9.54851449],[-84.56820975,9.54853996],[-84.56824521,9.54855365],[-84.56826262,9.54856112],[-84.56827985,9.54856923],[-84.56828833,9.54857356],[-84.56830036,9.54858023],[-84.56830629,9.54858384],[-84.56831495,9.54858952],[-84.56832727,9.54859881],[-84.56833894,9.5486091],[-84.56834442,9.54861461],[-84.56834789,9.54861849],[-84.56835446,9.54862662],[-84.56837199,9.54865218],[-84.56838121,9.54866464],[-84.56838632,9.54867042],[-84.568446,9.54873325],[-84.56847629,9.5487643],[-84.56852237,9.54881025],[-84.56856926,9.54885547],[-84.56859317,9.54887786],[-84.56864726,9.54892713],[-84.56867472,9.54895114],[-84.56871668,9.54898633],[-84.56874532,9.54900898],[-84.56875982,9.54902008],[-84.56878189,9.54903632],[-84.5687912,9.54904272],[-84.56881043,9.54905454],[-84.56882366,9.54906175],[-84.56885037,9.54907554],[-84.56887052,9.5490859],[-84.56889021,9.54909672],[-84.56889987,9.54910258],[-84.56891392,9.54911187],[-84.56895733,9.5491429],[-84.56898615,9.54916383],[-84.56904342,9.54920615],[-84.56912861,9.54927056],[-84.56929825,9.54940067],[-84.56938353,9.54946527],[-84.56942639,9.54949711],[-84.56949124,9.54954439],[-84.56953465,9.54957497],[-84.56955653,9.54958994],[-84.56958973,9.54961204],[-84.56962319,9.5496335],[-84.56964015,9.54964396],[-84.56964398,9.54964622],[-84.56965191,9.54964991],[-84.56965747,9.54965207],[-84.56966868,9.54965585],[-84.56967707,9.54965873],[-84.56968937,9.54966377],[-84.56969512,9.54966693],[-84.56971646,9.54967991],[-84.56973059,9.54968893],[-84.5697584,9.54970742],[-84.56979953,9.54973611],[-84.56988097,9.54979492],[-84.56992192,9.54982379],[-84.56994262,9.54983786],[-84.56997408,9.54985825],[-84.56999797,9.54987168],[-84.57000189,9.54987438],[-84.57000928,9.54988034],[-84.57001621,9.54988693],[-84.57002917,9.54990083],[-84.57003191,9.54990435],[-84.57003666,9.54991212],[-84.57004818,9.54993733],[-84.57005293,9.54994474],[-84.57005576,9.54994799],[-84.57006087,9.54995214],[-84.57014658,9.55000824],[-84.5701909,9.55003728],[-84.57019646,9.55004043],[-84.57020038,9.55004223],[-84.5702085,9.55004511],[-84.57021688,9.55004727],[-84.57023437,9.55005041],[-84.5702474,9.55005292],[-84.57025588,9.55005507],[-84.57025998,9.55005642],[-84.57026591,9.55005876],[-84.57027165,9.55006174],[-84.57027439,9.55006354],[-84.57028724,9.55007301],[-84.57029536,9.55007978],[-84.57031114,9.55009413],[-84.570346,9.55012789],[-84.57036881,9.55015055],[-84.57041425,9.55019659],[-84.57043241,9.55021618],[-84.57044117,9.55022629],[-84.57045358,9.55024191],[-84.57046536,9.55025808],[-84.57047102,9.55026648],[-84.57047395,9.55027199],[-84.57047541,9.55027587],[-84.57047715,9.55028401],[-84.57047753,9.55028826],[-84.57047763,9.55029694],[-84.57047585,9.5503237],[-84.57047578,9.55033247],[-84.57047606,9.55033681],[-84.57047707,9.55034314],[-84.57047881,9.5503492],[-84.57048009,9.55035218],[-84.57048969,9.55037133],[-84.5704949,9.55038054],[-84.57050321,9.55039418],[-84.57051225,9.55040746],[-84.57051709,9.55041396],[-84.57052722,9.55042678],[-84.5705326,9.55043301],[-84.57054109,9.5504424],[-84.57056354,9.55046542],[-84.57057476,9.55047643],[-84.57059164,9.55049232],[-84.57061754,9.55051479],[-84.57063542,9.55052914],[-84.57064454,9.550536],[-84.5706585,9.55054619],[-84.57067774,9.55055936],[-84.57068777,9.55056585],[-84.57070309,9.55057541],[-84.57072725,9.55058939],[-84.57073199,9.55059182],[-84.57074156,9.55059569],[-84.57075122,9.5505983],[-84.57075778,9.55059946],[-84.57076207,9.55059991],[-84.57077063,9.55060035],[-84.57077473,9.55060007],[-84.57077746,9.55059961],[-84.57078292,9.55059825],[-84.57079102,9.55059498],[-84.5707963,9.55059217],[-84.57080677,9.55058573],[-84.57081041,9.55058229],[-84.57081222,9.55057948],[-84.57081322,9.55057731],[-84.57081467,9.55057279],[-84.57081575,9.5505651],[-84.570816,9.55054864],[-84.57081643,9.55053725],[-84.5708177,9.55053101],[-84.57081879,9.55052848],[-84.57082124,9.55052558],[-84.57082352,9.55052431],[-84.57082479,9.55052394],[-84.57082707,9.55052367],[-84.57083153,9.55052366],[-84.57084046,9.55052437],[-84.5708472,9.55052481],[-84.57087517,9.5505254],[-84.57088919,9.55052538],[-84.57091014,9.55052453],[-84.57091269,9.55052362],[-84.5709136,9.55052244],[-84.57091396,9.55052145],[-84.57091396,9.55051882],[-84.57091268,9.55051395],[-84.57090756,9.55050202],[-84.57090362,9.55049298],[-84.57090216,9.55048756],[-84.57090188,9.5504853],[-84.57090242,9.5504825],[-84.57090342,9.55048114],[-84.57090415,9.5504806],[-84.5709056,9.55048005],[-84.57094759,9.55047148],[-84.5709556,9.55046912],[-84.57097171,9.55046421],[-84.570984,9.55046139],[-84.57100195,9.5504591],[-84.57101397,9.55045808],[-84.57103819,9.55045723],[-84.57105031,9.5504573],[-84.57107454,9.55045798],[-84.57114724,9.55046238],[-84.57121192,9.55046608],[-84.57124426,9.55046855],[-84.57127642,9.55047176],[-84.57129255,9.55047372],[-84.57132471,9.55047828],[-84.57134084,9.55048105],[-84.57136489,9.55048581],[-84.57138184,9.55049021],[-84.57139278,9.55049381],[-84.57139998,9.55049642],[-84.57141402,9.55050245],[-84.57142432,9.55050741],[-84.57144456,9.5505185],[-84.57146444,9.55053076],[-84.57150438,9.55055746],[-84.57152007,9.55056883],[-84.57152737,9.55057496],[-84.57153731,9.55058471],[-84.57154315,9.55059166],[-84.57154571,9.55059528],[-84.57154918,9.55060097],[-84.57155074,9.55060494],[-84.57155129,9.55060774],[-84.5715513,9.55061371],[-84.57155084,9.55061679],[-84.57154912,9.55062303],[-84.57154659,9.55062927],[-84.57154459,9.55063334],[-84.57154014,9.55064094],[-84.57153505,9.55064846],[-84.57153232,9.5506519],[-84.57152796,9.55065661],[-84.57152296,9.55066087],[-84.57152013,9.55066286],[-84.57151531,9.5506654],[-84.57151194,9.55066676],[-84.57150484,9.55066858],[-84.57149746,9.55066959],[-84.57148244,9.55067034],[-84.57147123,9.55067099],[-84.57146413,9.55067208],[-84.57146076,9.5506729],[-84.57145584,9.55067463],[-84.57145129,9.55067708],[-84.57144911,9.55067862],[-84.57144047,9.55068605],[-84.5714241,9.55070226],[-84.57141573,9.55071014],[-84.57141137,9.55071394],[-84.57139008,9.55073107],[-84.57137925,9.55073931],[-84.57136269,9.55075127],[-84.57134568,9.5507626],[-84.57133694,9.55076795],[-84.5713323,9.55077031],[-84.57132893,9.55077149],[-84.57132192,9.55077304],[-84.57131828,9.5507735],[-84.5713109,9.5507736],[-84.57130361,9.5507728],[-84.57129887,9.55077181],[-84.57129013,9.55076893],[-84.57128621,9.55076704],[-84.571279,9.55076217],[-84.57127444,9.55075838],[-84.57126559,9.55074999],[-84.57125893,9.55074367],[-84.57125191,9.55073789],[-84.57124808,9.55073528],[-84.57124206,9.55073203],[-84.57122939,9.55072663],[-84.57122301,9.55072429],[-84.57121344,9.5507215],[-84.57120378,9.55071962],[-84.57119895,9.55071908],[-84.57119294,9.55071891],[-84.57118984,9.55071928],[-84.57118538,9.55072019],[-84.57118083,9.55072201],[-84.57117855,9.55072319],[-84.57117573,9.55072473],[-84.57116927,9.55072781],[-84.57116545,9.55073017],[-84.57116418,9.5507318],[-84.57116409,9.55073261],[-84.57116482,9.55073388],[-84.57117586,9.55074471],[-84.57119958,9.55076628],[-84.57121636,9.55078072],[-84.57125075,9.55080951],[-84.57127638,9.55083098],[-84.57130895,9.55085832],[-84.57137426,9.5509122],[-84.57142288,9.55095317],[-84.57143419,9.55096327],[-84.5714414,9.55097013],[-84.57145518,9.5509844],[-84.57146184,9.55099171],[-84.57147471,9.55100688],[-84.57148731,9.55102277],[-84.57151259,9.55105664],[-84.57152355,9.55107235],[-84.57152866,9.55108021],[-84.57153579,9.55109213],[-84.57154219,9.55110406],[-84.57154511,9.55111002],[-84.57155014,9.55112195],[-84.57155224,9.55112791],[-84.57155499,9.55113686],[-84.57155518,9.5511383],[-84.57155445,9.5511412],[-84.57155282,9.55114418],[-84.57154836,9.55114998],[-84.57154682,9.55115143],[-84.57154545,9.55115215],[-84.57154227,9.55115279],[-84.57153644,9.55115262],[-84.57152532,9.55115074],[-84.57152195,9.55115047],[-84.57152122,9.55115084],[-84.57152168,9.55115219],[-84.57153145,9.55116348],[-84.57154194,9.55117413],[-84.5715475,9.55117937],[-84.57155599,9.55118667],[-84.57158901,9.55121402],[-84.57165487,9.55126879],[-84.57170458,9.55130949],[-84.57175493,9.55134919],[-84.57178046,9.55136859],[-84.5717935,9.55137806],[-84.57182014,9.5513961],[-84.57183828,9.55140773],[-84.57187476,9.55143037],[-84.57190211,9.55144732],[-84.5719291,9.55146491],[-84.57194233,9.55147411],[-84.57196166,9.55148836],[-84.57197653,9.55150018],[-84.5719862,9.55150821],[-84.57200517,9.551525],[-84.57203282,9.5515509],[-84.5720872,9.55160407],[-84.57211475,9.55163015],[-84.5721288,9.55164279],[-84.57215051,9.5516612],[-84.57215972,9.55166842],[-84.57217851,9.5516824],[-84.57219137,9.55169151],[-84.57221727,9.55170928],[-84.57223669,9.55172254],[-84.57226524,9.5517432],[-84.5722791,9.55175412],[-84.57228768,9.55176143],[-84.5723041,9.55177704],[-84.57231459,9.55178796],[-84.57233512,9.55181026],[-84.57235064,9.55182687],[-84.57236679,9.55184276],[-84.57237527,9.55185025],[-84.57238859,9.55186081],[-84.57240847,9.55187515],[-84.57244869,9.55190339],[-84.57248936,9.55193081],[-84.57251672,9.55194884],[-84.57257189,9.55198402],[-84.57264611,9.55202983],[-84.57279529,9.55212027],[-84.57286933,9.55216626],[-84.57290599,9.55218971],[-84.57293389,9.5522082],[-84.57298879,9.55224617],[-84.5730302,9.55227431],[-84.57306539,9.55229704],[-84.5730891,9.55231183],[-84.57313679,9.55234086],[-84.57314463,9.55234519],[-84.57316095,9.55235285],[-84.57317225,9.55235735],[-84.57319495,9.5523659],[-84.57321172,9.55237275],[-84.57322248,9.55237797],[-84.57322768,9.55238077],[-84.57323525,9.55238546],[-84.57324236,9.55239078],[-84.57324582,9.55239367],[-84.57325997,9.5524063],[-84.57328779,9.55243203],[-84.57330877,9.55245125],[-84.5733397,9.55247914],[-84.57336059,9.55249909],[-84.57340111,9.55254016],[-84.57343158,9.55257103],[-84.57344564,9.55258529],[-84.57347328,9.55261445],[-84.57348734,9.55262872],[-84.57349454,9.55263567],[-84.5735096,9.55264875],[-84.57351735,9.55265498],[-84.57352957,9.55266355],[-84.57370666,9.55277953],[-84.57395307,9.55294531],[-84.5745473,9.55346034],[-84.57509364,9.55393213],[-84.57579784,9.55435086],[-84.57611651,9.55453234],[-84.5766486,9.55492767],[-84.57666329,9.55493858],[-84.57671742,9.55499159],[-84.57671825,9.5549924],[-84.5768423,9.55511387],[-84.57757463,9.55567785],[-84.57881335,9.55662634],[-84.57883614,9.55664243],[-84.57930593,9.55697417],[-84.57946261,9.55708503],[-84.57960504,9.55722476],[-84.57972094,9.55734663],[-84.58043898,9.55772702],[-84.58064307,9.55783514],[-84.58073694,9.55785976],[-84.58077111,9.5578663],[-84.58084165,9.55794123],[-84.58094893,9.55803536],[-84.58100201,9.55807107],[-84.58106505,9.5581245],[-84.58113926,9.55821831],[-84.58121213,9.55832217],[-84.58128672,9.55836689],[-84.58151686,9.55849969],[-84.58174274,9.55869552],[-84.58180722,9.5587389],[-84.58188938,9.55878867],[-84.58205835,9.55894626],[-84.58212926,9.558972],[-84.58220768,9.55901925],[-84.5822873,9.55907282],[-84.58237448,9.55913144],[-84.58250843,9.5592106],[-84.58257897,9.55928553],[-84.58267118,9.55935301],[-84.58280657,9.55942213],[-84.58382063,9.56018101],[-84.58432307,9.56053722],[-84.58449327,9.56066442],[-84.58478019,9.56086394],[-84.58485148,9.56094854],[-84.58495685,9.56104059],[-84.58501915,9.56109076],[-84.58508786,9.56115945],[-84.58520861,9.56124577],[-84.58543384,9.56137876],[-84.58548375,9.5614228],[-84.58557103,9.56148522],[-84.58565982,9.56152621],[-84.58575939,9.56158337],[-84.58591782,9.56169946],[-84.5861421,9.5618065],[-84.58635686,9.56194601],[-84.58651775,9.56206663],[-84.58682925,9.56225561],[-84.58691289,9.56231542],[-84.58700017,9.56237784],[-84.58713322,9.5624589],[-84.58721937,9.56255405],[-84.58732955,9.5626356],[-84.58743767,9.56268488],[-84.58770168,9.56290441],[-84.58782101,9.56301208],[-84.58804102,9.56318332],[-84.58818792,9.56326869],[-84.58826367,9.56330039],[-84.58835076,9.56335151],[-84.588427,9.5634059],[-84.58853715,9.56346792],[-84.5886835,9.56355013],[-84.5890363,9.56381066],[-84.58921096,9.56393541],[-84.58952423,9.56414537],[-84.58964791,9.56423937],[-84.58972143,9.56429747],[-84.5897718,9.56434468],[-84.58992632,9.56446629],[-84.5899906,9.56449828],[-84.59011414,9.56456136],[-84.59017456,9.56462971],[-84.59023777,9.5646749],[-84.59035409,9.56472443],[-84.59040567,9.5647389],[-84.59044662,9.56476812],[-84.59049082,9.56482772],[-84.5905701,9.56490119],[-84.5907969,9.56504366],[-84.59086289,9.56511606],[-84.59096194,9.56518967],[-84.59108195,9.56526144],[-84.59117819,9.56534482],[-84.59119288,9.56535745],[-84.59140852,9.56547246],[-84.59154777,9.5656111],[-84.59159828,9.56563995],[-84.59168345,9.56568854],[-84.59211514,9.56599983],[-84.59227337,9.56610453],[-84.59254204,9.56628256],[-84.59269789,9.56638274],[-84.59286067,9.56648509],[-84.5932457,9.56673217],[-84.59341991,9.56685384],[-84.59356109,9.56695478],[-84.59367447,9.56703578],[-84.59381383,9.56713536],[-84.59398658,9.56725894],[-84.59406854,9.56734822],[-84.59412714,9.56736665],[-84.59414018,9.56737151],[-84.59414857,9.56737539],[-84.59415404,9.56737827],[-84.59416471,9.56738467],[-84.59417246,9.56738981],[-84.5941876,9.567401],[-84.59419745,9.56740894],[-84.59421688,9.56742527],[-84.59423139,9.56743736],[-84.5942406,9.56744521],[-84.59425812,9.56746182],[-84.59426935,9.56747346],[-84.59429116,9.5674972],[-84.59430759,9.5675149],[-84.59432456,9.56753196],[-84.59433332,9.56754017],[-84.59434709,9.56755163],[-84.59435995,9.56756092],[-84.5943688,9.56756669],[-84.59438722,9.56757724],[-84.5943967,9.5675821],[-84.59441603,9.56759129],[-84.59447529,9.56761714],[-84.59449471,9.56762624],[-84.59450419,9.56763111],[-84.59451805,9.56763886],[-84.59453136,9.56764725],[-84.59453784,9.56765176],[-84.59454824,9.56765969],[-84.5945549,9.5676652],[-84.59456794,9.56767684],[-84.59458674,9.56769543],[-84.59462306,9.56773407],[-84.5946415,9.56775284],[-84.59465099,9.56776178],[-84.59466558,9.5677745],[-84.59466978,9.56777775],[-84.59467844,9.56778379],[-84.59468756,9.56778938],[-84.59469385,9.56779281],[-84.5947068,9.56779912],[-84.59472704,9.56780767],[-84.59476888,9.56782288],[-84.59478975,9.56783071],[-84.59479996,9.56783494],[-84.59481336,9.56784098],[-84.59481984,9.56784422],[-84.59482932,9.56784936],[-84.59484291,9.56785811],[-84.59485148,9.56786469],[-84.59485559,9.56786812],[-84.59486143,9.56787372],[-84.59486362,9.56787615],[-84.59486663,9.56788184],[-84.59486856,9.56788817],[-84.59487122,9.56790155],[-84.59487297,9.56790805],[-84.59487415,9.56791113],[-84.59487662,9.56791537],[-84.59489141,9.56793569],[-84.59489899,9.56794562],[-84.59491104,9.56796007],[-84.59492373,9.56797388],[-84.59493039,9.56798056],[-84.59494444,9.5679931],[-84.59495183,9.56799897],[-84.5949635,9.56800736],[-84.59497445,9.56801385],[-84.59498192,9.56801763],[-84.59499733,9.56802403],[-84.59501319,9.56802924],[-84.59502394,9.56803239],[-84.59504563,9.56803796],[-84.59506988,9.56804443],[-84.59508564,9.56804946],[-84.59509339,9.56805234],[-84.5951047,9.5680572],[-84.59511555,9.56806297],[-84.59512084,9.56806631],[-84.59512914,9.5680719],[-84.59514519,9.56808372],[-84.5951607,9.56809635],[-84.59517064,9.56810519],[-84.59518989,9.56812351],[-84.59519473,9.56812884],[-84.59519765,9.56813263],[-84.59520286,9.56814094],[-84.5952077,9.56814961],[-84.59521666,9.5681675],[-84.59522397,9.56818015],[-84.59522954,9.56818773],[-84.59523264,9.56819116],[-84.59523775,9.56819567],[-84.59524359,9.56819946],[-84.59524678,9.56820099],[-84.59527212,9.5682118],[-84.59532308,9.56823224],[-84.5953507,9.56824313],[-84.59540585,9.56826456],[-84.59544715,9.56828121],[-84.59545307,9.5682841],[-84.59545672,9.56828644],[-84.59546365,9.56829167],[-84.59546694,9.56829465],[-84.59547305,9.56830106],[-84.5954789,9.56830792],[-84.59548976,9.5683221],[-84.59549232,9.56832571],[-84.59549679,9.56833312],[-84.59550831,9.56835651],[-84.59551462,9.56836781],[-84.59551836,9.56837322],[-84.59552457,9.56838099],[-84.59552786,9.56838469],[-84.59553315,9.56838984],[-84.59553899,9.56839444],[-84.59554209,9.56839651],[-84.5955492,9.56840057],[-84.59556388,9.56840741],[-84.5955739,9.56841128],[-84.59559432,9.56841821],[-84.59560964,9.56842334],[-84.59562468,9.56842901],[-84.59563197,9.56843234],[-84.59564255,9.56843793],[-84.59568668,9.56846435],[-84.59570848,9.56847787],[-84.59574103,9.5684987],[-84.59577305,9.56852026],[-84.59578882,9.56853135],[-84.59579767,9.56853785],[-84.595815,9.56855129],[-84.59586573,9.56859333],[-84.59589145,9.56861381],[-84.59590468,9.56862347],[-84.59591024,9.56862716],[-84.59592182,9.56863375],[-84.59592975,9.56863771],[-84.59594607,9.56864519],[-84.59595829,9.56865086],[-84.59597023,9.5686569],[-84.59597598,9.56866032],[-84.59598428,9.56866583],[-84.59599394,9.56867322],[-84.59601265,9.56868901],[-84.59602478,9.56869993],[-84.5960485,9.56872241],[-84.5960663,9.56873928],[-84.59608445,9.56875571],[-84.59609385,9.56876356],[-84.59610826,9.56877484],[-84.59613772,9.5687964],[-84.59615268,9.56880686],[-84.59617557,9.56882192],[-84.59630051,9.56889819],[-84.59639781,9.5689596],[-84.5964238,9.56897628],[-84.59647515,9.56901046],[-84.59652586,9.56904546],[-84.59655951,9.56906909],[-84.59662619,9.56911717],[-84.59663175,9.5691215],[-84.59664234,9.56913097],[-84.596649,9.56913774],[-84.59666187,9.56915182],[-84.59667163,9.5691623],[-84.59668176,9.56917222],[-84.59668705,9.56917692],[-84.59669554,9.56918341],[-84.59672299,9.56920199],[-84.5967415,9.56921408],[-84.59677916,9.56923743],[-84.59683643,9.56927114],[-84.59695233,9.56933668],[-84.59700969,9.56937012],[-84.59703796,9.56938753],[-84.59707981,9.56941449],[-84.59709505,9.56942486],[-84.59712533,9.56944624],[-84.59721526,9.56951163],[-84.59724572,9.56953274],[-84.59726114,9.56954293],[-84.59728466,9.56955781],[-84.59732634,9.56958242],[-84.59741096,9.56962992],[-84.59745318,9.56965372],[-84.59747415,9.56966589],[-84.59754227,9.56970655],[-84.59758741,9.56973405],[-84.59767696,9.56979004],[-84.59769228,9.56980024],[-84.59770232,9.56980736],[-84.59772175,9.56982252],[-84.59773123,9.56983028],[-84.59774994,9.56984652],[-84.5978045,9.5698967],[-84.59783205,9.56992133],[-84.5978461,9.56993315],[-84.59786772,9.56995011],[-84.59787757,9.5699567],[-84.59788441,9.56996057],[-84.59789882,9.56996742],[-84.59791377,9.56997336],[-84.59794485,9.56998353],[-84.597968,9.56999126],[-84.59798304,9.5699972],[-84.59799033,9.57000054],[-84.59800091,9.57000603],[-84.59801094,9.57001235],[-84.59801568,9.57001586],[-84.59802061,9.57002029],[-84.59802353,9.57002345],[-84.59802883,9.57003049],[-84.5980334,9.57003817],[-84.59804153,9.57005452],[-84.59804757,9.57006689],[-84.59805204,9.57007466],[-84.59805451,9.57007846],[-84.59805853,9.57008369],[-84.598063,9.57008848],[-84.59806555,9.57009073],[-84.59807413,9.57009777],[-84.59809182,9.5701113],[-84.59810998,9.57012429],[-84.59812238,9.57013259],[-84.59814773,9.57014828],[-84.59815785,9.57015377],[-84.59816478,9.5701572],[-84.59817891,9.5701635],[-84.59819322,9.57016927],[-84.59822221,9.57018025],[-84.59824363,9.57018898],[-84.59825749,9.57019565],[-84.59826424,9.57019925],[-84.59827409,9.57020511],[-84.59828357,9.57021179],[-84.59828813,9.57021531],[-84.5982989,9.5702246],[-84.59830583,9.57023092],[-84.59831916,9.57024409],[-84.59833823,9.57026477],[-84.59837502,9.5703072],[-84.59838305,9.57031704],[-84.5983983,9.57033736],[-84.59840624,9.5703472],[-84.59841044,9.57035198],[-84.59841537,9.57035713],[-84.59842595,9.5703667],[-84.59843736,9.57037518],[-84.59844529,9.57038032],[-84.59845076,9.57038347],[-84.59846207,9.57038951],[-84.59847073,9.57039365],[-84.59848878,9.57040122],[-84.59850737,9.57040797],[-84.59854566,9.57042029],[-84.59857437,9.57042964],[-84.5985885,9.57043459],[-84.59860691,9.57044188],[-84.59861584,9.57044584],[-84.59862897,9.57045233],[-84.59864147,9.57045954],[-84.59864749,9.57046351],[-84.59865907,9.57047199],[-84.59866454,9.57047668],[-84.59867239,9.57048417],[-84.59867714,9.57048914],[-84.5986859,9.57049943],[-84.59869421,9.57051027],[-84.59870973,9.57053248],[-84.59871211,9.57053636],[-84.59871604,9.57054459],[-84.59871824,9.57055037],[-84.59872254,9.57056212],[-84.5987262,9.57057052],[-84.59873086,9.5705781],[-84.59873369,9.57058163],[-84.5987388,9.57058614],[-84.59874527,9.57059047],[-84.59874965,9.57059308],[-84.59875877,9.57059777],[-84.5987728,9.57060371],[-84.5988017,9.57061352],[-84.59881619,9.57061846],[-84.59882321,9.57062126],[-84.5988337,9.57062585],[-84.59884965,9.57063351],[-84.59888183,9.57064864],[-84.59890563,9.57066053],[-84.59892897,9.57067342],[-84.59894037,9.57068046],[-84.59894776,9.5706856],[-84.5989619,9.57069669],[-84.59897513,9.57070888],[-84.59900059,9.57073424],[-84.59901355,9.57074679],[-84.59902021,9.57075283],[-84.59903061,9.5707614],[-84.59904219,9.57077034],[-84.59906563,9.57078765],[-84.59908953,9.57080452],[-84.59910567,9.57081543],[-84.59913823,9.57083672],[-84.59914589,9.57084113],[-84.59915109,9.57084384],[-84.59916176,9.57084879],[-84.59917279,9.57085311],[-84.5991953,9.57086094],[-84.59921207,9.57086688],[-84.59922848,9.57087372],[-84.59923632,9.5708776],[-84.59924763,9.57088436],[-84.59925338,9.5708886],[-84.59925703,9.57089176],[-84.59926378,9.57089843],[-84.599273,9.57090954],[-84.59929035,9.57093302],[-84.59929966,9.5709443],[-84.59930459,9.57094945],[-84.5993128,9.57095658],[-84.5993201,9.57096208],[-84.59933515,9.57097245],[-84.59935056,9.57098237],[-84.59936104,9.57098859],[-84.5993822,9.57100067],[-84.5993925,9.57100581],[-84.59939961,9.57100887],[-84.5994142,9.57101418],[-84.59942915,9.57101858],[-84.59945959,9.57102649],[-84.59948228,9.57103278],[-84.59949695,9.57103791],[-84.59950416,9.57104079],[-84.59951455,9.57104574],[-84.59952458,9.5710516],[-84.59952951,9.57105485],[-84.59953315,9.57105782],[-84.59953525,9.57106008],[-84.599539,9.57106505],[-84.59954348,9.57107345],[-84.5995507,9.5710917],[-84.59955473,9.57110065],[-84.59955719,9.5711048],[-84.59956149,9.57111058],[-84.59958111,9.5711317],[-84.59959115,9.57114199],[-84.59960675,9.57115679],[-84.59962299,9.57117078],[-84.59963138,9.57117746],[-84.59964889,9.57118981],[-84.59965801,9.57119558],[-84.59967224,9.57120361],[-84.59967634,9.57120532],[-84.59967917,9.57120613],[-84.59968509,9.57120711],[-84.5996911,9.57120737],[-84.59970358,9.57120699],[-84.59971278,9.57120679],[-84.59971861,9.57120714],[-84.59972153,9.57120768],[-84.59972563,9.57120876],[-84.59972955,9.57121056],[-84.59973147,9.57121164],[-84.59977451,9.57124131],[-84.59979577,9.57125665],[-84.59990276,9.57133594],[-84.60006303,9.571457],[-84.60008848,9.57147649],[-84.60013902,9.571516],[-84.60017696,9.57154559],[-84.60020679,9.5715676],[-84.60022695,9.57158185],[-84.60026817,9.57160936],[-84.6002875,9.57162117],[-84.60030073,9.57162856],[-84.60032771,9.57164217],[-84.6003464,9.57165036],[-84.60038432,9.5716654],[-84.60041258,9.5716771],[-84.60043793,9.57168854],[-84.60045042,9.57169458],[-84.60046902,9.57170413],[-84.60048726,9.5717145],[-84.6004962,9.57172],[-84.60050121,9.57172342],[-84.60051043,9.57173091],[-84.600519,9.57173903],[-84.60053534,9.57175628],[-84.60053917,9.57176052],[-84.60054602,9.57176955],[-84.60056456,9.57179845],[-84.60057141,9.57180748],[-84.60057524,9.57181163],[-84.60058145,9.57181741],[-84.60058866,9.57182264],[-84.60059358,9.5718258],[-84.60060407,9.57183111],[-84.60060954,9.57183345],[-84.60062066,9.5718375],[-84.6006552,9.57184802],[-84.60067206,9.57185387],[-84.60068027,9.57185738],[-84.60069194,9.5718636],[-84.60072906,9.57188686],[-84.60074711,9.57189931],[-84.60076445,9.57191284],[-84.60077266,9.57192006],[-84.60078005,9.57192737],[-84.60079392,9.57194263],[-84.60080478,9.57195364],[-84.60082412,9.57197106],[-84.60083407,9.57197945],[-84.60084949,9.57199154],[-84.60086499,9.57200236],[-84.60089691,9.57202256],[-84.60090831,9.57202914],[-84.60091624,9.57203319],[-84.60093229,9.57204076],[-84.60094879,9.57204778],[-84.60098197,9.57206147],[-84.60099829,9.57206868],[-84.60100622,9.57207255],[-84.60102163,9.57208093],[-84.60102911,9.57208562],[-84.60103978,9.57209311],[-84.60104982,9.57210159],[-84.60105456,9.57210619],[-84.60106697,9.57211946],[-84.60109062,9.57214691],[-84.60110623,9.57216523],[-84.60113726,9.57220225],[-84.60116154,9.57222979],[-84.60116684,9.57223484],[-84.60117067,9.57223782],[-84.60117906,9.57224278],[-84.60118343,9.57224494],[-84.60119273,9.57224845],[-84.60120221,9.57225142],[-84.60122117,9.57225608],[-84.60122599,9.57225662],[-84.60122918,9.57225634],[-84.60123583,9.57225488],[-84.60124266,9.57225234],[-84.60125631,9.5722459],[-84.60126623,9.57224172],[-84.60127252,9.57224026],[-84.60127561,9.57223999],[-84.6012799,9.57224052],[-84.60128409,9.57224223],[-84.601286,9.57224359],[-84.60131857,9.57227047],[-84.60138289,9.5723247],[-84.60144146,9.5723746],[-84.60144475,9.57237776],[-84.60145041,9.57238489],[-84.6014537,9.57239013],[-84.60145964,9.57240115],[-84.60146412,9.57240946],[-84.60146905,9.57241732],[-84.60147188,9.57242093],[-84.60147662,9.57242581],[-84.60148274,9.57243032],[-84.60148711,9.57243257],[-84.60149012,9.57243383],[-84.6014965,9.5724359],[-84.60150151,9.57243697],[-84.60151199,9.5724384],[-84.60154461,9.57244033],[-84.60155518,9.57244167],[-84.60156037,9.57244266],[-84.60156775,9.57244491],[-84.60157468,9.57244815],[-84.60157806,9.57245013],[-84.60158253,9.57245365],[-84.60158463,9.57245564],[-84.60158746,9.57245889],[-84.6015902,9.57246322],[-84.60159175,9.5724662],[-84.6015944,9.57247262],[-84.60159651,9.5724793],[-84.6016,9.57249295],[-84.60160302,9.57250271],[-84.60160558,9.57250876],[-84.60160722,9.57251165],[-84.60160996,9.57251554],[-84.60161334,9.57251906],[-84.60161526,9.57252059],[-84.60169051,9.57257544],[-84.60181848,9.57266943],[-84.60182724,9.57267565],[-84.60184548,9.57268719],[-84.60186408,9.5726981],[-84.60190192,9.57271892],[-84.60191022,9.57272306],[-84.60191596,9.5727255],[-84.60192772,9.57272973],[-84.60193984,9.57273323],[-84.60196454,9.57273961],[-84.60198268,9.57274482],[-84.60199444,9.57274905],[-84.60200009,9.57275157],[-84.60200839,9.5727559],[-84.60201623,9.57276095],[-84.60202006,9.57276374],[-84.60202362,9.57276681],[-84.60203001,9.57277349],[-84.60203576,9.5727808],[-84.60204626,9.57279625],[-84.60205439,9.57280772],[-84.60205886,9.57281313],[-84.60208771,9.57284554],[-84.60210304,9.57286098],[-84.60211389,9.57287063],[-84.60211964,9.57287532],[-84.60212858,9.57288191],[-84.60213205,9.57288389],[-84.60213451,9.5728847],[-84.60213952,9.5728856],[-84.60214216,9.57288559],[-84.60214753,9.57288522],[-84.60216429,9.57288194],[-84.60217249,9.57288084],[-84.60217659,9.57288083],[-84.60218242,9.57288182],[-84.60220894,9.57289054],[-84.60222207,9.57289549],[-84.6022414,9.57290377],[-84.60226036,9.57291305],[-84.60226975,9.5729181],[-84.60228799,9.5729291],[-84.60229702,9.57293505],[-84.60231015,9.57294452],[-84.60231326,9.57294696],[-84.602319,9.57295237],[-84.60232421,9.57295824],[-84.6023274,9.5729624],[-84.60233325,9.57297125],[-84.60234083,9.57298534],[-84.60234532,9.57299519],[-84.60235391,9.57301515],[-84.6023605,9.5730297],[-84.60236406,9.57303665],[-84.60236927,9.57304551],[-84.60237201,9.57304966],[-84.60237658,9.57305553],[-84.6023816,9.57306095],[-84.60238424,9.57306347],[-84.60239008,9.57306798],[-84.60239318,9.57307006],[-84.6023982,9.57307276],[-84.60241132,9.57307871],[-84.60242017,9.57308249],[-84.60243803,9.57308942],[-84.60245617,9.57309581],[-84.60249291,9.57310768],[-84.60252034,9.57311667],[-84.6025476,9.5731263],[-84.60256091,9.57313161],[-84.60258069,9.57314044],[-84.6027025,9.57319891],[-84.60271792,9.5732119],[-84.60279147,9.5732879],[-84.60292552,9.57336389],[-84.60306186,9.57342611],[-84.60308105,9.57343487],[-84.60315209,9.57347344],[-84.603199,9.57352408],[-84.60323496,9.5735648],[-84.60336658,9.5736568],[-84.60344776,9.57370811],[-84.60346543,9.57371928],[-84.60350018,9.57379029],[-84.60360061,9.57386941],[-84.60373788,9.57391085],[-84.60380214,9.57393371],[-84.60380616,9.57393759],[-84.60384487,9.57398689],[-84.60386242,9.57402357],[-84.60389528,9.57405759],[-84.60394535,9.57409259],[-84.60396959,9.57409625],[-84.60398698,9.57409062],[-84.60399235,9.57403898],[-84.60403267,9.57401812],[-84.60410683,9.57407377],[-84.60411924,9.57408605],[-84.60413487,9.57411405],[-84.60413557,9.57415003],[-84.60414446,9.57417769],[-84.60417273,9.5742087],[-84.60418808,9.57422553],[-84.60422851,9.57426588],[-84.60427431,9.57430422],[-84.60430395,9.5743237],[-84.60431406,9.57432088],[-84.60431722,9.57430794],[-84.60432511,9.57428587],[-84.60433399,9.57426027],[-84.60434482,9.57425238],[-84.60436733,9.57426184],[-84.60443511,9.57431054],[-84.60449557,9.5743476],[-84.60451081,9.57436593],[-84.6045207,9.57439014],[-84.60456556,9.57441565],[-84.6047475,9.57453007],[-84.60483753,9.57459483],[-84.60488078,9.57463698],[-84.60489989,9.57467827],[-84.60491906,9.57469903],[-84.60496228,9.57472482],[-84.6050484,9.57474203],[-84.60512084,9.57475293],[-84.60518475,9.57477859],[-84.60523911,9.57481855],[-84.60524972,9.57484186],[-84.60524337,9.57485959],[-84.60524305,9.57488255],[-84.60526442,9.57491434],[-84.60529563,9.57494178],[-84.60532772,9.57495745],[-84.60537603,9.57497156],[-84.60540437,9.57497658],[-84.60544758,9.57499413],[-84.60551088,9.57504131],[-84.60557254,9.57508469],[-84.6056362,9.57512527],[-84.60574206,9.57518277],[-84.60585021,9.57524307],[-84.60590429,9.57527733],[-84.60594407,9.57531451],[-84.60600393,9.57536893],[-84.6060634,9.57540951],[-84.60617975,9.57547387],[-84.60624367,9.57550784],[-84.60628572,9.5755396],[-84.60631877,9.5755805],[-84.60635537,9.57562239],[-84.60641994,9.57565943],[-84.60652039,9.57569841],[-84.60654748,9.57571753],[-84.60657486,9.5757465],[-84.60664231,9.57581827],[-84.60672439,9.57586821],[-84.60681947,9.5759091],[-84.60685858,9.57592259],[-84.60688839,9.57593538],[-84.60692816,9.57596433],[-84.60699596,9.57602949],[-84.6071076,9.57610715],[-84.60719568,9.57615021],[-84.60728731,9.57619417],[-84.60736135,9.57623347],[-84.60740907,9.57627714],[-84.6074661,9.57632976],[-84.6075491,9.57638856],[-84.60762889,9.57643571],[-84.60768678,9.57646011],[-84.60774852,9.57649536],[-84.60782005,9.57655481],[-84.60786595,9.57660139],[-84.6079566,9.57665702],[-84.60802935,9.57668591],[-84.60807448,9.5767088],[-84.60811744,9.57674118],[-84.60815569,9.57678687],[-84.6082047,9.5768328],[-84.60825877,9.576863],[-84.60829751,9.57687902],[-84.60834811,9.5769],[-84.60838622,9.57691693],[-84.60843877,9.57695979],[-84.6084925,9.57700472],[-84.60852882,9.57703685],[-84.60859431,9.57708275],[-84.60865731,9.57711194],[-84.608704,9.57714278],[-84.60878008,9.5771997],[-84.60883379,9.57722826],[-84.60888274,9.57724554],[-84.60892056,9.57725677],[-84.60897437,9.5772895],[-84.60905266,9.57736567],[-84.60913439,9.57742638],[-84.60923105,9.57747504],[-84.60933692,9.5775366],[-84.60942888,9.57761085],[-84.60951798,9.57766685],[-84.60963787,9.57772396],[-84.60971923,9.57777897],[-84.60978801,9.5778284],[-84.60988216,9.57790545],[-84.60991847,9.57793757],[-84.61002472,9.57800483],[-84.61006066,9.57803126],[-84.6100956,9.57806113],[-84.61014367,9.57809414],[-84.61018215,9.57811676],[-84.61025655,9.57815352],[-84.61033951,9.57818774],[-84.6104057,9.57821628],[-84.61045878,9.57824991],[-84.61050111,9.57828329],[-84.61055264,9.57832136],[-84.61061623,9.57837007],[-84.61068078,9.57840305],[-84.61073932,9.5784307],[-84.61079406,9.57847627],[-84.610864,9.57851556],[-84.61089583,9.57853793],[-84.61095336,9.57856496],[-84.61103698,9.57861047],[-84.61111717,9.57867561],[-84.61120656,9.5787372],[-84.61130578,9.57879851],[-84.6114101,9.57885637],[-84.61152527,9.57892263],[-84.61162029,9.57897165],[-84.61174593,9.5790367],[-84.61182008,9.57908413],[-84.61188556,9.5791219],[-84.61197016,9.57915982],[-84.61204037,9.57919252],[-84.61212946,9.57924435],[-84.6121934,9.57928646],[-84.6122729,9.57932384],[-84.61234218,9.57935175],[-84.61240455,9.57938193],[-84.61244014,9.57941496],[-84.61247044,9.57944582],[-84.61250282,9.57947126],[-84.61255088,9.5795002],[-84.61260149,9.57952534],[-84.61265546,9.57954731],[-84.61271617,9.57956962],[-84.61277153,9.57960605],[-84.61281485,9.57963183],[-84.61285106,9.5796598],[-84.61289531,9.57969851],[-84.61295924,9.57973655],[-84.61302442,9.5797604],[-84.61309664,9.57979843],[-84.61315765,9.57983457],[-84.61320062,9.57987103],[-84.61325979,9.57989769],[-84.61333863,9.57991961],[-84.61338211,9.57993472],[-84.61342923,9.57994657],[-84.61347271,9.57996575],[-84.6135173,9.57998963],[-84.61355006,9.58002077],[-84.61357068,9.5800371],[-84.61360543,9.58006136],[-84.61365019,9.58007448],[-84.61367944,9.58008013],[-84.61369439,9.58008453],[-84.6137262,9.58009451],[-84.61373367,9.58009495],[-84.61377721,9.58009532],[-84.613804,9.58009726],[-84.61382066,9.58009045],[-84.61383011,9.58007805],[-84.61384492,9.58005777],[-84.6138602,9.58004056],[-84.6138803,9.58002642],[-84.61389779,9.58002413],[-84.61392212,9.58003006],[-84.61394473,9.58003933],[-84.61396606,9.58004734],[-84.61398831,9.5800567],[-84.61400864,9.58006697],[-84.6140309,9.58008321],[-84.61405233,9.58009447],[-84.61407684,9.5801013],[-84.61410008,9.58010262],[-84.61412321,9.58010023],[-84.61414707,9.58009675],[-84.61417049,9.58009779],[-84.61419537,9.58010281],[-84.61421879,9.58010702],[-84.61424284,9.58010761],[-84.61425476,9.58009954],[-84.61425628,9.58008688],[-84.6142597,9.58006436],[-84.61426941,9.58004129],[-84.61428395,9.58002327],[-84.61430196,9.58000543],[-84.61431868,9.57998596],[-84.61433268,9.57996685],[-84.61434906,9.57995742],[-84.61436091,9.57996156],[-84.61436995,9.5799752],[-84.61437099,9.57999255],[-84.61436957,9.58001715],[-84.61437071,9.58004093],[-84.61437975,9.58005565],[-84.61439463,9.58007289],[-84.61440615,9.58009475],[-84.6144113,9.58011897],[-84.61440779,9.5801443],[-84.61440501,9.58016844],[-84.61440387,9.58019195],[-84.61440501,9.58021817],[-84.61440869,9.58024149],[-84.61441903,9.58026589],[-84.61443025,9.58027156],[-84.61445147,9.58027288],[-84.61447853,9.58027256],[-84.61450276,9.58027243],[-84.61452854,9.58027211],[-84.61455195,9.58026872],[-84.6145737,9.58025711],[-84.61459025,9.58024153],[-84.61460689,9.58022405],[-84.61462137,9.58022023],[-84.61463629,9.580208],[-84.61464845,9.58018609],[-84.61466035,9.58016528],[-84.61467791,9.58015141],[-84.61469839,9.58014505],[-84.61472153,9.58014193],[-84.61473885,9.58014823],[-84.61474223,9.58015871],[-84.61474346,9.58018294],[-84.61474797,9.58020563],[-84.61475612,9.58022903],[-84.61475315,9.58024902],[-84.61474389,9.58027001],[-84.61473373,9.58029074],[-84.6147314,9.5803128],[-84.61473843,9.58032075],[-84.61476041,9.58033436],[-84.61478338,9.580343],[-84.61480661,9.58034431],[-84.61480914,9.58033518],[-84.61480401,9.58031846],[-84.61479768,9.58029225],[-84.61479955,9.58026711],[-84.61479759,9.58024397],[-84.61479637,9.58021983],[-84.61479623,9.5801946],[-84.61479783,9.58017173],[-84.61480684,9.58016701],[-84.61481941,9.58016925],[-84.61483119,9.58018053],[-84.61484498,9.58020057],[-84.61486322,9.58021546],[-84.61487424,9.58021273],[-84.61489783,9.58020708],[-84.61491296,9.58021167],[-84.61492692,9.58022394],[-84.61493442,9.58024128],[-84.61494366,9.58026414],[-84.61495071,9.5802861],[-84.61494353,9.58029552],[-84.61492724,9.58030414],[-84.61490667,9.58031403],[-84.61491106,9.58032234],[-84.61492492,9.58033217],[-84.61494081,9.58034959],[-84.61495059,9.58037154],[-84.61495501,9.5803945],[-84.61496744,9.58041618],[-84.61498514,9.58043197],[-84.61500656,9.58044125],[-84.61502934,9.58044383],[-84.6150522,9.58043692],[-84.61506283,9.58042569],[-84.61507464,9.58040433],[-84.61507679,9.5803838],[-84.61508194,9.58036028],[-84.61509158,9.5803552],[-84.61511572,9.58035064],[-84.61513976,9.5803449],[-84.61516215,9.58033799],[-84.61518556,9.5803346],[-84.61519832,9.580341],[-84.61521171,9.5803369],[-84.61522125,9.58032495],[-84.61524118,9.58031181],[-84.61525712,9.58031259],[-84.61528064,9.58032042],[-84.6153028,9.58033294],[-84.61532477,9.5803414],[-84.61534211,9.58035774],[-84.61533884,9.58036688],[-84.61532448,9.5803858],[-84.61531022,9.580404],[-84.61529376,9.58042247],[-84.61527456,9.58043643],[-84.61525271,9.58044117],[-84.6152293,9.58044338],[-84.61521237,9.58045309],[-84.6152103,9.58046457],[-84.61521634,9.58048183],[-84.6152284,9.58050206],[-84.61524501,9.58051831],[-84.61526863,9.58052858],[-84.61529177,9.58053387],[-84.61531474,9.58053817],[-84.61533725,9.58054373],[-84.61535,9.58053883],[-84.61534943,9.58053015],[-84.61534092,9.58050621],[-84.61533277,9.58048407],[-84.61533428,9.58046065],[-84.61534391,9.58044915],[-84.61536429,9.58043591],[-84.61538267,9.58042195],[-84.61539876,9.58040402],[-84.6154156,9.58039703],[-84.61543655,9.58039681],[-84.61546079,9.58039912],[-84.61547657,9.58040976],[-84.61548069,9.58042296],[-84.61547516,9.58043553],[-84.61546591,9.58045725],[-84.61546912,9.58047117],[-84.61547754,9.58049222],[-84.61549223,9.58050657],[-84.61550948,9.58052245],[-84.61552427,9.5805415],[-84.61553324,9.58056301],[-84.61553792,9.58058542],[-84.61554252,9.58061055],[-84.61554794,9.58063387],[-84.61555126,9.58065656],[-84.61556196,9.58067914],[-84.61557575,9.58069919],[-84.61559173,9.58071706],[-84.6156117,9.58073068],[-84.61562977,9.58075027],[-84.61564439,9.58077158],[-84.61565736,9.58079244],[-84.61567225,9.58081276],[-84.6156895,9.58083108],[-84.61570283,9.58085005],[-84.61571259,9.58085491],[-84.61572579,9.58084992],[-84.61573715,9.58083751],[-84.6157465,9.58081507],[-84.6157532,9.580793],[-84.61575817,9.58076975],[-84.61576888,9.58074894],[-84.61577932,9.58072794],[-84.61579079,9.58072313],[-84.61579827,9.58072899],[-84.61580595,9.58074489],[-84.615812,9.58076775],[-84.61582451,9.58078663],[-84.61583794,9.58080614],[-84.61585437,9.58082392],[-84.61586998,9.58084315],[-84.61587822,9.58086493],[-84.615885,9.5808867],[-84.61589224,9.5809083],[-84.61589866,9.58093134],[-84.61590598,9.58095339],[-84.61591586,9.5809758],[-84.61593047,9.58099521],[-84.6159509,9.58100747],[-84.61597024,9.58101946],[-84.61599119,9.58102295],[-84.61599783,9.58101507],[-84.61601155,9.58099453],[-84.61602327,9.58097525],[-84.61603334,9.58095362],[-84.6160498,9.58093831],[-84.61605892,9.58094164],[-84.61606458,9.5809523],[-84.61606251,9.5809665],[-84.61606647,9.58099009],[-84.61607788,9.58100191],[-84.61609657,9.58101038],[-84.61611509,9.58102499],[-84.61612879,9.58104459],[-84.61613967,9.58106491],[-84.61614791,9.58108868],[-84.61615715,9.58111036],[-84.61616757,9.58113195],[-84.61618155,9.58115372],[-84.6161968,9.58117277],[-84.61620647,9.58118188],[-84.61621414,9.5811891],[-84.61625382,9.58122158],[-84.61628273,9.58123491],[-84.61630305,9.58124157],[-84.6163139,9.58124408],[-84.61633066,9.58124667],[-84.61635654,9.5812478],[-84.6163763,9.58124587],[-84.61641692,9.58123929],[-84.61646618,9.5812241],[-84.61648839,9.58121673],[-84.61650814,9.58120513],[-84.61650785,9.58119419],[-84.61650471,9.58117114],[-84.61651069,9.5811534],[-84.61652215,9.5811466],[-84.616535,9.58114857],[-84.6165596,9.58114834],[-84.61656769,9.58113983],[-84.6165754,9.58111993],[-84.61657245,9.58110302],[-84.6165623,9.58108161],[-84.61655834,9.5810592],[-84.61654803,9.58104882],[-84.61653151,9.58103058],[-84.61652911,9.58101522],[-84.6165339,9.58099432],[-84.61654544,9.58097839],[-84.61656283,9.58096932],[-84.61657686,9.58097128],[-84.61658763,9.58098148],[-84.61659157,9.5809963],[-84.61660059,9.58099592],[-84.61660786,9.58098687],[-84.61662386,9.58096857],[-84.6166407,9.58096149],[-84.61665853,9.58094591],[-84.61667738,9.58093964],[-84.61670206,9.58093869],[-84.61672484,9.58094127],[-84.61673934,9.58095065],[-84.61674082,9.58096113],[-84.61675197,9.58097956],[-84.61676345,9.58098306],[-84.61678651,9.58098791],[-84.61681102,9.58099347],[-84.61683609,9.58099948],[-84.61685868,9.58100242],[-84.61686896,9.58099562],[-84.61687268,9.58098404],[-84.61688476,9.58096485],[-84.61689551,9.58096556],[-84.61691165,9.58097557],[-84.61692654,9.58099398],[-84.61694396,9.5810096],[-84.61694882,9.58102487],[-84.61694648,9.58104377],[-84.61693685,9.58105409],[-84.6169192,9.58107058],[-84.61691977,9.58108052],[-84.61692889,9.58108892],[-84.61695059,9.58109837],[-84.61696161,9.58109492],[-84.61697069,9.58108179],[-84.61698195,9.58106016],[-84.61699615,9.58105146],[-84.61700253,9.5810566],[-84.61701793,9.58105702],[-84.61702657,9.58104968],[-84.61704349,9.58103428],[-84.61705815,9.58103263],[-84.61708084,9.58103675],[-84.61710281,9.58104439],[-84.61712568,9.58104707],[-84.61714854,9.5810425],[-84.61717112,9.58103785],[-84.61719508,9.58103998],[-84.61721759,9.58104437],[-84.61724037,9.58104578],[-84.61726387,9.58104528],[-84.61728729,9.58104822],[-84.61730899,9.58105768],[-84.61732733,9.58107302],[-84.61734248,9.58109234],[-84.61734999,9.58111412],[-84.61735632,9.58113599],[-84.6173679,9.58114239],[-84.61737536,9.58113749],[-84.61738235,9.58112391],[-84.61739654,9.58111403],[-84.61740857,9.58111591],[-84.61742062,9.58112611],[-84.61742949,9.58114517],[-84.61743436,9.58116804],[-84.61743376,9.58119118],[-84.61743617,9.58121414],[-84.61743658,9.58123711],[-84.61744516,9.58124641],[-84.61745554,9.58124322],[-84.61747886,9.58124309],[-84.61750318,9.58124341],[-84.61751911,9.58123461],[-84.6175352,9.58121795],[-84.61755458,9.58120562],[-84.61756339,9.58119041],[-84.61758013,9.58117772],[-84.61759034,9.58118005],[-84.61759837,9.58119026],[-84.61761316,9.58120741],[-84.61762491,9.58120784],[-84.61764606,9.58121621],[-84.61766686,9.58122793],[-84.61768819,9.58123793],[-84.61771107,9.58124539],[-84.61773368,9.58125349],[-84.61775855,9.58125733],[-84.6177827,9.58126036],[-84.61780531,9.58126765],[-84.61782818,9.58127149],[-84.6178421,9.5812646],[-84.61785538,9.58124938],[-84.61787046,9.58123046],[-84.61788884,9.58121406],[-84.61790603,9.58119884],[-84.61792569,9.58119239],[-84.61794046,9.58119634],[-84.61796316,9.58120679],[-84.61797853,9.58119446],[-84.61799061,9.58117527],[-84.61800835,9.58116168],[-84.61802975,9.58115377],[-84.61804624,9.58115691],[-84.61806776,9.58116664],[-84.61808497,9.58116543],[-84.6181033,9.581172],[-84.61811981,9.58118662],[-84.61812595,9.58120351],[-84.61812854,9.5812262],[-84.61812247,9.58124592],[-84.6181092,9.58126195],[-84.61810513,9.58127932],[-84.61811306,9.58128066],[-84.61813163,9.58127665],[-84.61814654,9.5812561],[-84.61815752,9.58123546],[-84.61817163,9.58122712],[-84.61818375,9.58122945],[-84.61819625,9.58123955],[-84.61819864,9.58125302],[-84.61819238,9.58126542],[-84.61819005,9.58128821],[-84.618197,9.58130212],[-84.61819895,9.58132318],[-84.6181927,9.58134083],[-84.61819082,9.58136352],[-84.61819777,9.58137337],[-84.61820737,9.58139568],[-84.61821379,9.581418],[-84.61821829,9.58144141],[-84.61821907,9.58146501],[-84.6182118,9.58147723],[-84.61820124,9.58147942],[-84.61817709,9.58147557],[-84.61815676,9.5814653],[-84.6181441,9.58146822],[-84.61814166,9.58147781],[-84.61814524,9.58149561],[-84.61815713,9.58151883],[-84.61817456,9.5815357],[-84.61818877,9.58153731],[-84.61821329,9.58154612],[-84.61823254,9.58155893],[-84.61824839,9.58155917],[-84.61826331,9.5815501],[-84.61828232,9.58153524],[-84.61828622,9.5815214],[-84.61829675,9.58150086],[-84.61830992,9.58147995],[-84.61832656,9.58146364],[-84.61834439,9.58144806],[-84.61835678,9.58144813],[-84.61837956,9.58145396],[-84.61840171,9.58146206],[-84.61842368,9.58146853],[-84.61844365,9.58148215],[-84.61846471,9.58149124],[-84.61848695,9.58149862],[-84.61850001,9.58151153],[-84.61850842,9.58153068],[-84.61850297,9.58154],[-84.61848733,9.58155658],[-84.61846667,9.58156647],[-84.61844428,9.58157727],[-84.6184301,9.58159275],[-84.6184353,9.58160034],[-84.61844254,9.58162194],[-84.61844057,9.58164102],[-84.61843076,9.58165478],[-84.61842342,9.58167649],[-84.61842482,9.58169728],[-84.61841766,9.58171429],[-84.61841187,9.581737],[-84.61841264,9.58176177],[-84.61841478,9.58178455],[-84.61841664,9.58180833],[-84.61840909,9.58181521],[-84.61840166,9.58183403],[-84.61840306,9.58185211],[-84.61839625,9.5818693],[-84.61838642,9.58187158],[-84.61836265,9.58187551],[-84.61834682,9.58188603],[-84.61835048,9.58189425],[-84.61836087,9.58189631],[-84.61838437,9.58189898],[-84.61839696,9.58190954],[-84.61841694,9.58192433],[-84.61843737,9.58193777],[-84.61845607,9.58195256],[-84.61847077,9.58197008],[-84.6184891,9.58197908],[-84.61851061,9.58198764],[-84.61853376,9.58199401],[-84.61855637,9.58199967],[-84.61857224,9.58201194],[-84.61857381,9.58202279],[-84.61856773,9.58203699],[-84.61856395,9.58206005],[-84.61855305,9.5820768],[-84.6185433,9.58207709],[-84.61852725,9.58206997],[-84.61849773,9.58206596],[-84.61847433,9.58207577],[-84.6184555,9.58208909],[-84.61843986,9.58210566],[-84.61842331,9.58212242],[-84.61840211,9.58213313],[-84.61837989,9.5821385],[-84.61835666,9.58214035],[-84.61833362,9.58214645],[-84.61831397,9.58215851],[-84.61829587,9.5821759],[-84.61828307,9.58219744],[-84.61828064,9.58221662],[-84.61828378,9.58223958],[-84.61828911,9.58226235],[-84.61829534,9.58228422],[-84.61829903,9.58230836],[-84.61829333,9.58232952],[-84.61828006,9.58235116],[-84.61826862,9.58237188],[-84.61826065,9.58239351],[-84.61824628,9.58240935],[-84.61822617,9.58242151],[-84.61821208,9.58243943],[-84.61819617,9.582457],[-84.61816717,9.58248915],[-84.61814358,9.58254182],[-84.61813716,9.58256805],[-84.61813574,9.58259065],[-84.61813406,9.58261426],[-84.61813164,9.58263985],[-84.61812649,9.58266445],[-84.61811588,9.58268653],[-84.61810361,9.58270599],[-84.6180908,9.58272627],[-84.61807973,9.58274772],[-84.61807094,9.58277124],[-84.61806323,9.58279359],[-84.6180558,9.58281557],[-84.61804765,9.58284199],[-84.6180435,9.58286442],[-84.61804054,9.58288766],[-84.61803839,9.58291144],[-84.61803771,9.58293405],[-84.61803638,9.58295792],[-84.61803679,9.58298206],[-84.61803802,9.58300629],[-84.61804143,9.58302952],[-84.61804739,9.58305184],[-84.61805354,9.58307516],[-84.61805941,9.58309956],[-84.61806611,9.58312523],[-84.6180728,9.58314764],[-84.61808031,9.58317014],[-84.61808828,9.58319182],[-84.61809816,9.58321504],[-84.61810667,9.58323709],[-84.61811509,9.58325823],[-84.61812561,9.583281],[-84.61813558,9.58330395],[-84.6181546,9.58334442],[-84.61816568,9.5833783],[-84.61817101,9.58340234],[-84.6181696,9.58342812],[-84.61815757,9.5834747],[-84.6181515,9.58349234],[-84.61814461,9.58351243],[-84.618137,9.58353794],[-84.61813714,9.5835638],[-84.61813627,9.58358676],[-84.61813258,9.58360992],[-84.61812606,9.58363299],[-84.61812638,9.58365785],[-84.61813534,9.5836761],[-84.61814813,9.58369597],[-84.61816492,9.58371194],[-84.61818717,9.58372302],[-84.61819902,9.58372815],[-84.61820832,9.58373212],[-84.61823039,9.58374302],[-84.61825117,9.5837532],[-84.61827233,9.58376229],[-84.61829647,9.58376415],[-84.61831386,9.58375742],[-84.61832194,9.58374457],[-84.61832755,9.58372169],[-84.61834199,9.58369887],[-84.61835854,9.58367886],[-84.61837709,9.58366093],[-84.61839555,9.58364299],[-84.61840863,9.58362281],[-84.61841915,9.5835991],[-84.61843561,9.58358062],[-84.61845635,9.58356486],[-84.61847701,9.5835518],[-84.61849776,9.58354118],[-84.61852042,9.58353183],[-84.61854163,9.58352311],[-84.61856558,9.58351683],[-84.61858917,9.58351561],[-84.61860713,9.58352272],[-84.6186312,9.58352973],[-84.61865362,9.58353801],[-84.61867713,9.5835415],[-84.61870018,9.58353865],[-84.61872458,9.58353553],[-84.61874798,9.58352889],[-84.61876727,9.58351421],[-84.61878656,9.58349953],[-84.61880486,9.58349651],[-84.61882446,9.58350109],[-84.61884606,9.58350937],[-84.61886585,9.58352244],[-84.61888782,9.5835309],[-84.61890085,9.58352744],[-84.61891294,9.58351585],[-84.61892212,9.58350444],[-84.61893456,9.58348028],[-84.61894791,9.58346154],[-84.61895876,9.58346224],[-84.61897599,9.5834718],[-84.6189976,9.5834808],[-84.61901253,9.58347734],[-84.61903446,9.58346545],[-84.61904628,9.58344934],[-84.61905553,9.58342762],[-84.61906706,9.58340735],[-84.61908261,9.58339032],[-84.61909464,9.58339021],[-84.61911557,9.58338131],[-84.61913733,9.58337413],[-84.61914909,9.58337899],[-84.61917269,9.58337976],[-84.61918561,9.58337187],[-84.61920143,9.58335376],[-84.61921323,9.58333367],[-84.61922416,9.58333166],[-84.61924767,9.58333189],[-84.61925476,9.58332319],[-84.61925773,9.58330637],[-84.61925341,9.58328577],[-84.61924237,9.58327412],[-84.61923413,9.58325271],[-84.61923638,9.58323462],[-84.61924198,9.58321101],[-84.61925534,9.58319309],[-84.61927309,9.58318257],[-84.61929511,9.58317312],[-84.61931661,9.58317218],[-84.61931845,9.58318004],[-84.6193142,9.58319814],[-84.61931133,9.58322065],[-84.61931954,9.58322733],[-84.61934224,9.58323705],[-84.61936285,9.58325022],[-84.61938518,9.58325488],[-84.61940312,9.58325051],[-84.61940519,9.58324146],[-84.61941117,9.5832193],[-84.61941386,9.58319588],[-84.61942083,9.58317281],[-84.61941734,9.58315663],[-84.61942268,9.58313736],[-84.61943351,9.58313165],[-84.61944682,9.58313479],[-84.61946969,9.583139],[-84.61949247,9.58314239],[-84.61949549,9.58315098],[-84.61950488,9.58315449],[-84.61951489,9.58314877],[-84.61953463,9.58313472],[-84.61955438,9.5831223],[-84.61957551,9.58311874],[-84.61959182,9.58312404],[-84.61961588,9.58312662],[-84.61962452,9.58311928],[-84.619645,9.58310894],[-84.61965812,9.58311108],[-84.61967809,9.58312262],[-84.61969015,9.58313851],[-84.61970437,9.58314328],[-84.61972249,9.58313945],[-84.61974498,9.58313353],[-84.61976875,9.58312951],[-84.6197917,9.58312947],[-84.61979755,9.58313787],[-84.61980387,9.58315965],[-84.61980911,9.58318197],[-84.61982015,9.58319371],[-84.61983519,9.58319784],[-84.61985477,9.58319482],[-84.61987801,9.5831993],[-84.61989006,9.58321076],[-84.61989993,9.58323118],[-84.61990544,9.58325368],[-84.61991722,9.58326939],[-84.61993064,9.58328881],[-84.61992821,9.58329966],[-84.6199181,9.5833061],[-84.61989534,9.58331428],[-84.6198879,9.58332559],[-84.61989274,9.58333499],[-84.61990094,9.58333407],[-84.61992498,9.58333149],[-84.61994749,9.58333715],[-84.61996155,9.58334978],[-84.61996221,9.58336289],[-84.61995532,9.58338135],[-84.61994096,9.58339909],[-84.6199283,9.58340074],[-84.61990425,9.58340332],[-84.61988204,9.58341186],[-84.61987404,9.58342326],[-84.61988098,9.58342949],[-84.61990031,9.58344266],[-84.61990343,9.58345422],[-84.61989918,9.5834706],[-84.61989403,9.5834933],[-84.61989961,9.58350676],[-84.61991293,9.58351813],[-84.61992954,9.58353447],[-84.61993723,9.58355272],[-84.61993324,9.58356421],[-84.61992089,9.58358439],[-84.61990708,9.58360322],[-84.61989426,9.58362232],[-84.61988288,9.58362442],[-84.61986802,9.58361885],[-84.619855,9.5836223],[-84.6198521,9.58363126],[-84.61984996,9.58365378],[-84.61985899,9.58366054],[-84.61987566,9.58366259],[-84.61990136,9.5836658],[-84.61992459,9.58366585],[-84.61993672,9.5836746],[-84.61994212,9.58368824],[-84.61994033,9.58370506],[-84.61993982,9.58372821],[-84.61993074,9.58374206],[-84.61991636,9.58374823],[-84.61990345,9.58376372],[-84.61990966,9.5837704],[-84.61991351,9.58378594],[-84.6199077,9.58379698],[-84.61989141,9.58380886],[-84.61987648,9.58380906],[-84.61985353,9.58381435],[-84.61984899,9.58382349],[-84.61983289,9.58383817],[-84.61982241,9.58383638],[-84.61980648,9.58384246],[-84.6198045,9.58385395],[-84.61980172,9.5838781],[-84.61980477,9.58390187],[-84.61981454,9.58391632],[-84.6198294,9.58392271],[-84.61985191,9.58392638],[-84.61987461,9.58393565],[-84.61988137,9.58394775],[-84.61988515,9.58397162],[-84.61988528,9.5839944],[-84.61989006,9.58401727],[-84.61989767,9.58404031],[-84.61990272,9.5840629],[-84.61990577,9.58408785],[-84.6198998,9.58411083],[-84.61988834,9.58411998],[-84.61987233,9.58413719],[-84.61987317,9.58414921],[-84.61987659,9.58417443],[-84.61987846,9.58419939],[-84.6198805,9.58427],[-84.61987501,9.5843087],[-84.61987059,9.58433222],[-84.61986152,9.58435484],[-84.61984817,9.58437684],[-84.61983609,9.5843972],[-84.61982793,9.5844191],[-84.61982615,9.58444234],[-84.6198241,9.58446657],[-84.61982269,9.58449108],[-84.61981727,9.58451441],[-84.61980619,9.58453577],[-84.61979119,9.58455388],[-84.61977209,9.58456757],[-84.61975134,9.58457891],[-84.61973159,9.58459061],[-84.61971504,9.58460736],[-84.61969977,9.58462574],[-84.61968414,9.58464548],[-84.61967242,9.58466485],[-84.61966481,9.58468639],[-84.61965838,9.58470873],[-84.61965414,9.5847327],[-84.61964707,9.5847554],[-84.61964311,9.58477883],[-84.61964124,9.58480352],[-84.61963272,9.58482722],[-84.61962374,9.58484839],[-84.6196144,9.58487156],[-84.61960433,9.58489318],[-84.61959899,9.5849158],[-84.61959685,9.58493832],[-84.61958704,9.58495768],[-84.61956986,9.58497408],[-84.61955157,9.58498785],[-84.61953338,9.5850028],[-84.61952894,9.58501674],[-84.61953089,9.58503789],[-84.61953822,9.58506066],[-84.61954846,9.58508261],[-84.61955961,9.58510303],[-84.61956976,9.58512516],[-84.61958001,9.58514585],[-84.61963508,9.58522541],[-84.619747,9.5853498],[-84.61977292,9.58537616],[-84.6198128,9.58541632],[-84.61983351,9.58543563],[-84.61986754,9.58546405],[-84.6198929,9.5854829],[-84.61990604,9.58549165],[-84.6199261,9.58550346],[-84.61994671,9.58551292],[-84.6199571,9.58551651],[-84.61997806,9.58552082],[-84.61998863,9.58552143],[-84.62000448,9.58552014],[-84.62005538,9.58550883],[-84.62008679,9.58550019],[-84.62015199,9.58548126],[-84.62017527,9.58546278],[-84.620191,9.58544539],[-84.62020354,9.58542611],[-84.62021598,9.58540638],[-84.62022879,9.5853861],[-84.62022976,9.58536919],[-84.62022872,9.5853455],[-84.62022603,9.5853211],[-84.62023431,9.58531312],[-84.62024688,9.58531337],[-84.62026803,9.58532247],[-84.62028506,9.58532036],[-84.6203081,9.58531109],[-84.62033041,9.58530626],[-84.62035408,9.58530224],[-84.6203694,9.58530854],[-84.62038756,9.58532424],[-84.62040971,9.58533243],[-84.62043084,9.58533076],[-84.62044868,9.58532151],[-84.62046706,9.58530746],[-84.62048552,9.58529224],[-84.62050454,9.58527855],[-84.62052593,9.58526884],[-84.62054385,9.58525443],[-84.62054164,9.58524512],[-84.62053286,9.58522335],[-84.62052247,9.5852221],[-84.62049843,9.58522468],[-84.62047364,9.58522129],[-84.62045167,9.58521355],[-84.62044564,9.58520271],[-84.62045045,9.58519447],[-84.62046801,9.58517998],[-84.62048903,9.58516827],[-84.62051024,9.58516001],[-84.62053038,9.58516051],[-84.62054384,9.58515181],[-84.62055274,9.58513706],[-84.62057102,9.58512012],[-84.62059205,9.58510842],[-84.62061444,9.58509888],[-84.62063692,9.58508817],[-84.62066124,9.58508451],[-84.62068257,9.58508945],[-84.6206988,9.5851019],[-84.62071132,9.58512077],[-84.62072147,9.58514218],[-84.62071813,9.58515837],[-84.62070751,9.58517973],[-84.62069971,9.58520226],[-84.62070366,9.58521635],[-84.62071552,9.58522682],[-84.62073703,9.58523465],[-84.62076026,9.5852347],[-84.62076726,9.58522673],[-84.62077452,9.58520691],[-84.62078625,9.58519912],[-84.62079801,9.58520081],[-84.62082125,9.58520529],[-84.62084467,9.58521022],[-84.62086646,9.5852214],[-84.62088834,9.58523257],[-84.6209055,9.58524917],[-84.62092102,9.58526596],[-84.62093907,9.58527353],[-84.62096322,9.58527656],[-84.62097814,9.58526875],[-84.62097922,9.58525754],[-84.62098209,9.58523385],[-84.62099336,9.58521855],[-84.62101183,9.58520766],[-84.62103359,9.58520048],[-84.621059,9.58519519],[-84.62108469,9.58519641],[-84.62109855,9.58520498],[-84.62111361,9.58522231],[-84.62112404,9.58524272],[-84.62112745,9.58526668],[-84.62112959,9.58528991],[-84.62113573,9.58531323],[-84.62114604,9.58532234],[-84.62116775,9.58533306],[-84.62118581,9.58534903],[-84.62119751,9.58536981],[-84.62119791,9.58538635],[-84.62119312,9.58540924],[-84.62119924,9.58542179],[-84.62121622,9.58543949],[-84.62122901,9.58545863],[-84.62124198,9.58547814],[-84.62125723,9.58549601],[-84.62127199,9.58549996],[-84.62128355,9.58549235],[-84.62130685,9.58548218],[-84.62132571,9.58548269],[-84.62133821,9.58549207],[-84.62134379,9.58550752],[-84.62134857,9.58553111],[-84.62135989,9.58554049],[-84.6213803,9.58554688],[-84.62139824,9.58554323],[-84.62142064,9.58553568],[-84.62144359,9.58552922],[-84.62145316,9.58553436],[-84.62146986,9.58554988],[-84.62148556,9.58556757],[-84.62149353,9.58558926],[-84.62149503,9.5856124],[-84.62149507,9.58563591],[-84.62148661,9.58564298],[-84.62146585,9.58565043],[-84.62145922,9.5856622],[-84.62146461,9.5856696],[-84.62147819,9.58567157],[-84.62150124,9.58567315],[-84.62152476,9.58568414],[-84.62154174,9.58569984],[-84.62155814,9.5857037],[-84.62157499,9.58569861],[-84.6215962,9.58568907],[-84.62160003,9.58569585],[-84.62159988,9.58571131],[-84.62159208,9.58573067],[-84.62157745,9.58574824],[-84.6215639,9.58576653],[-84.62156938,9.58577312],[-84.62158771,9.58578167],[-84.62160877,9.58579077],[-84.62163184,9.58580067],[-84.62165281,9.58581131],[-84.62167542,9.58582058],[-84.62169874,9.58582234],[-84.62171267,9.58581545],[-84.62172139,9.58580169],[-84.62173109,9.58577871],[-84.62173606,9.58575356],[-84.62173911,9.58573077],[-84.62174281,9.58570717],[-84.62174476,9.58568176],[-84.62174773,9.58565734],[-84.62175105,9.58563355],[-84.62175611,9.58560642],[-84.62176326,9.58558299],[-84.62177169,9.58556073],[-84.62178094,9.58553911],[-84.62179247,9.58551558],[-84.6218009,9.58549259],[-84.62180678,9.58546799],[-84.62181138,9.5854442],[-84.62181407,9.58542078],[-84.62181275,9.58539682],[-84.62181016,9.58537422],[-84.62180911,9.58535045],[-84.62181629,9.58533895],[-84.62182831,9.58533577],[-84.62184934,9.58532605],[-84.62187255,9.58531778],[-84.62189495,9.58531015],[-84.62191497,9.58529755],[-84.62193508,9.58528657],[-84.62195048,9.58528817],[-84.62197553,9.58528858],[-84.62199811,9.58528266],[-84.62202152,9.58527846],[-84.62204502,9.58527751],[-84.62205985,9.58526926],[-84.62207923,9.58525503],[-84.6220999,9.58524956],[-84.62212239,9.58524121],[-84.62214525,9.5852418],[-84.62215037,9.58525092],[-84.62216325,9.58527052],[-84.62217276,9.58529112],[-84.62216896,9.58530224],[-84.62215931,9.58530542],[-84.62214236,9.58530247],[-84.62212242,9.58530802],[-84.62212107,9.58531833],[-84.62211428,9.58534004],[-84.62211241,9.58536274],[-84.62212108,9.58537249],[-84.62214069,9.58538539],[-84.62215794,9.58540371],[-84.62217118,9.58542222],[-84.62217559,9.58544328],[-84.62216987,9.5854536],[-84.62217571,9.58545892],[-84.6221966,9.585471],[-84.62221193,9.58548806],[-84.62222508,9.58550657],[-84.62223196,9.5855288],[-84.62222514,9.58553768],[-84.62220512,9.58555109],[-84.62218172,9.58555765],[-84.62216107,9.58556953],[-84.62214506,9.58558782],[-84.62213253,9.5856071],[-84.62212956,9.58562645],[-84.6221374,9.58563123],[-84.62215583,9.58564467],[-84.6221563,9.58565534],[-84.62214904,9.58567072],[-84.62215143,9.5856841],[-84.62214609,9.58570273],[-84.62211463,9.58573489],[-84.62209799,9.58575047],[-84.62208955,9.58577029],[-84.62208212,9.58579227],[-84.62207697,9.58581579],[-84.6220811,9.58583269],[-84.62208898,9.58585392],[-84.6221001,9.58586041],[-84.62210528,9.58585281],[-84.622117,9.58583308],[-84.62213154,9.58581307],[-84.62214736,9.58579622],[-84.62216675,9.58578715],[-84.62218861,9.58578557],[-84.62220392,9.58579305],[-84.62222236,9.58580893],[-84.62223542,9.58582771],[-84.62223316,9.58583829],[-84.6222219,9.58585793],[-84.62222774,9.58586398],[-84.62223931,9.58586477],[-84.62225964,9.58587459],[-84.62226522,9.58588598],[-84.62226379,9.58590099],[-84.62225727,9.58592279],[-84.62226149,9.58593652],[-84.62226226,9.58596012],[-84.62225601,9.5859821],[-84.62225423,9.58600534],[-84.62226173,9.58601826],[-84.62227534,9.58603994],[-84.6222854,9.58606089],[-84.62230119,9.58607777],[-84.62231807,9.58609302],[-84.62233514,9.58610918],[-84.6223532,9.58612442],[-84.62235459,9.58613563],[-84.6223519,9.58615897],[-84.6223409,9.586172],[-84.62232617,9.58619039],[-84.62233002,9.58619951],[-84.6223347,9.58622193],[-84.62232843,9.58622998],[-84.62231079,9.5862453],[-84.62229195,9.58625871],[-84.62227301,9.586262],[-84.62226192,9.58627269],[-84.62225302,9.58629187],[-84.62223711,9.58630944],[-84.62221983,9.58632412],[-84.62220566,9.58634359],[-84.62218537,9.58635728],[-84.62216599,9.58637151],[-84.62214971,9.58638971],[-84.62213387,9.58639579],[-84.62211793,9.58639302],[-84.62209442,9.58639279],[-84.62208214,9.58640149],[-84.6220817,9.58641234],[-84.6220894,9.58643385],[-84.622096,9.58645662],[-84.62210196,9.58648021],[-84.62210455,9.5865029],[-84.62210022,9.58652569],[-84.62209963,9.58654884],[-84.62210866,9.58655805],[-84.62212827,9.58657013],[-84.62215106,9.58657669],[-84.62216526,9.58657006],[-84.62218847,9.58656251],[-84.62219887,9.58656819],[-84.62220873,9.58658309],[-84.62222044,9.58660658],[-84.62222722,9.58662953],[-84.62224001,9.5866494],[-84.6222559,9.586668],[-84.6222776,9.58667944],[-84.62229775,9.58668998],[-84.62231509,9.58670713],[-84.62233006,9.58672474],[-84.62234803,9.58673311],[-84.62236898,9.58673416],[-84.62239138,9.58672851],[-84.62241388,9.58672459],[-84.62243647,9.58672825],[-84.62245799,9.58673807],[-84.62248151,9.5867439],[-84.62250448,9.58675453],[-84.6225241,9.58677113],[-84.62254498,9.58678321],[-84.62256669,9.58679511],[-84.62258921,9.58680709],[-84.62261073,9.5868208],[-84.62263352,9.58682781],[-84.62265694,9.58683075],[-84.62267954,9.58683369],[-84.62270378,9.58684034],[-84.62272666,9.58684735],[-84.62274881,9.58685554],[-84.62276803,9.58685361],[-84.62279116,9.58684877],[-84.62281503,9.58684647],[-84.62283907,9.58684588],[-84.62285637,9.58683753],[-84.62287404,9.58683732],[-84.62288235,9.58684526],[-84.62288784,9.58686261],[-84.62288396,9.58687889],[-84.62287999,9.58690187],[-84.6228863,9.58691415],[-84.62290006,9.58692027],[-84.62292376,9.58692466],[-84.62293225,9.58693468],[-84.62293738,9.58695258],[-84.62293157,9.58696371],[-84.62291511,9.58697974],[-84.62289836,9.58698529],[-84.62288317,9.58699861],[-84.62288119,9.58701127],[-84.62288506,9.58703513],[-84.62289528,9.58704506],[-84.62290589,9.58706638],[-84.62291755,9.5870688],[-84.62292866,9.58706263],[-84.62295069,9.58705319],[-84.62295926,9.58705805],[-84.62296174,9.58706872],[-84.62295767,9.58708536],[-84.6229473,9.58709361],[-84.62292372,9.58710287],[-84.6229088,9.5871171],[-84.62290828,9.58712876],[-84.62291641,9.58713932],[-84.62292971,9.58714319],[-84.6229515,9.58715237],[-84.62295544,9.58716475],[-84.62295119,9.5871804],[-84.62294276,9.58720383],[-84.6229398,9.58722707],[-84.62293693,9.58725194],[-84.6229387,9.58727527],[-84.62294694,9.58729795],[-84.622955,9.58732198],[-84.62296133,9.58734385],[-84.62297084,9.58736563],[-84.62298136,9.58738966],[-84.62299243,9.58741206],[-84.62300304,9.58743537],[-84.62301382,9.58745714],[-84.62302707,9.58747809],[-84.62304469,9.58749542],[-84.6230662,9.58750515],[-84.62308309,9.58752157],[-84.62309904,9.58752552],[-84.62312363,9.58752403],[-84.62313512,9.58753124],[-84.62315745,9.58753591],[-84.62318113,9.5875327],[-84.62320446,9.58753447],[-84.62321012,9.58754268],[-84.62320722,9.58755363],[-84.62319594,9.58756332],[-84.62319496,9.58757436],[-84.62320254,9.58758139],[-84.6232197,9.58759881],[-84.6232251,9.58761562],[-84.62322222,9.58763299],[-84.62322426,9.58765649],[-84.62322585,9.58767936],[-84.62321868,9.58768887],[-84.62320915,9.58771158],[-84.62321128,9.58772803],[-84.62322161,9.58774917],[-84.62323677,9.58776967],[-84.62324756,9.58779072],[-84.62325343,9.58781385],[-84.62325794,9.58783735],[-84.62325698,9.58786104],[-84.62324937,9.58788339],[-84.6232372,9.5879033],[-84.62322548,9.58792267],[-84.62321878,9.58794475],[-84.62320807,9.58796556],[-84.62319351,9.58797725],[-84.62317724,9.58799419],[-84.6231616,9.5880132],[-84.62314578,9.58803005],[-84.62313489,9.58805114],[-84.62312281,9.58807105],[-84.62310854,9.58808925],[-84.62309667,9.58812408],[-84.62310492,9.58815417],[-84.62310758,9.58816384],[-84.6231221,9.58818362],[-84.62312384,9.58818569],[-84.62313826,9.58820239],[-84.62315788,9.58821972],[-84.62317968,9.58823605],[-84.62319938,9.58824984],[-84.62322173,9.58826409],[-84.62324106,9.58827608],[-84.62326013,9.58829033],[-84.6232752,9.58830839],[-84.62328789,9.5883278],[-84.62330214,9.58834776],[-84.62331894,9.58836699],[-84.62333819,9.58838531],[-84.62335626,9.58840128],[-84.62337707,9.58842168],[-84.62339277,9.58843937],[-84.62341038,9.58845588],[-84.62342773,9.58847502],[-84.62344434,9.58849127],[-84.6234624,9.58850642],[-84.6234863,9.58852012],[-84.62350845,9.58853138],[-84.6235318,9.58854518],[-84.62355387,9.58855599],[-84.62357565,9.58856282],[-84.62360117,9.58856621],[-84.62362567,9.58856797],[-84.62364991,9.58856901],[-84.62367442,9.5885715],[-84.62370167,9.58857652],[-84.62372372,9.58858226],[-84.62374806,9.58858692],[-84.62377174,9.58858688],[-84.6237894,9.58857916],[-84.62381115,9.58856565],[-84.62382651,9.5885489],[-84.62384188,9.58853097],[-84.62386308,9.58851827],[-84.62388448,9.5885148],[-84.62390672,9.588519],[-84.62392887,9.58852638],[-84.62395176,9.58853782],[-84.62397611,9.58855333],[-84.62399554,9.58856695],[-84.62401415,9.58858129],[-84.62403213,9.58859798],[-84.62404828,9.5886164],[-84.62406317,9.58863599],[-84.62407842,9.58865378],[-84.62409446,9.58866017],[-84.62411761,9.58866654],[-84.62414113,9.58867193],[-84.624165,9.58867604],[-84.62418513,9.5886714],[-84.62420277,9.5886569],[-84.62421977,9.58863878],[-84.62423176,9.58861715],[-84.62422927,9.58860133],[-84.62422204,9.58857974],[-84.62421525,9.58855805],[-84.62421915,9.58854412],[-84.6242326,9.58853053],[-84.62425291,9.58852372],[-84.6242715,9.58852603],[-84.62428071,9.58853497],[-84.62429714,9.58855148],[-84.62430698,9.58855047],[-84.6243249,9.58853923],[-84.62434181,9.58852066],[-84.62435745,9.58850219],[-84.62437683,9.58849112],[-84.62439777,9.58848141],[-84.62442217,9.58847386],[-84.62444548,9.58847002],[-84.62444914,9.58847752],[-84.6244457,9.58848928],[-84.62443508,9.5885101],[-84.62442611,9.58853317],[-84.6244205,9.58855678],[-84.62442346,9.58857892],[-84.62443224,9.58860187],[-84.62444258,9.58862419],[-84.62445582,9.5886427],[-84.62447297,9.58865298],[-84.62449076,9.58866994],[-84.62450756,9.58868718],[-84.62452462,9.58870333],[-84.6245436,9.58871786],[-84.62456175,9.58873229],[-84.62456953,9.58874991],[-84.62457449,9.58877323],[-84.62458544,9.58878324],[-84.62459847,9.58878412],[-84.62461968,9.58877776],[-84.62464235,9.58876795],[-84.62466667,9.58876438],[-84.62468326,9.58876987],[-84.62469266,9.58878169],[-84.6246925,9.5887939],[-84.62468708,9.58881597],[-84.62467755,9.58883678],[-84.62466456,9.58885616],[-84.62466404,9.58887297],[-84.62467173,9.58889005],[-84.62468115,9.58891381],[-84.62468885,9.58893604],[-84.62468953,9.58895918],[-84.62468246,9.5889818],[-84.62466838,9.58900099],[-84.62465401,9.58901874],[-84.62464047,9.58903703],[-84.62463505,9.5890591],[-84.62462698,9.58908271],[-84.62461618,9.58910308],[-84.62460748,9.58912633],[-84.62460588,9.58915002],[-84.62460911,9.58917343],[-84.62461572,9.58919991],[-84.6246235,9.58922187],[-84.62462801,9.58924528],[-84.6246386,9.58925783],[-84.62465521,9.58927335],[-84.62466791,9.58929467],[-84.62467159,9.58931609],[-84.62467082,9.5893415],[-84.6246674,9.58936483],[-84.6246648,9.5893887],[-84.62466384,9.58941194],[-84.62465431,9.58943149],[-84.62464176,9.58944001],[-84.62462119,9.58945352],[-84.62462158,9.58946374],[-84.62462855,9.58948949],[-84.62463524,9.58951398],[-84.62464758,9.58953313],[-84.6246661,9.58954901],[-84.62468489,9.58956308],[-84.6247006,9.58958276],[-84.62471166,9.58960715],[-84.62471927,9.58963255],[-84.62472751,9.58965514],[-84.62474076,9.58967365],[-84.62475737,9.58969315],[-84.62476962,9.58971311],[-84.62478286,9.58973279],[-84.62479471,9.58973621],[-84.62481986,9.58973833],[-84.62484372,9.58973558],[-84.62486794,9.58973074],[-84.62489171,9.58972356],[-84.62491511,9.58971818],[-84.62493916,9.58971759],[-84.62496277,9.58972343],[-84.62498465,9.58973261],[-84.62500299,9.58974804],[-84.62502003,9.58975217],[-84.62504134,9.58974833],[-84.62505827,9.58973736],[-84.62507317,9.58971871],[-84.6250881,9.58971289],[-84.62510101,9.58969859],[-84.62511774,9.58968228],[-84.62513141,9.58968045],[-84.62514718,9.58968783],[-84.62515759,9.58970183],[-84.62516774,9.58972324],[-84.62518627,9.58974156],[-84.62520206,9.5897597],[-84.62520455,9.58977552],[-84.6251972,9.58978847],[-84.62517882,9.58980369],[-84.62515963,9.58981765],[-84.62514335,9.58983585],[-84.62512836,9.5898564],[-84.6251098,9.58986873],[-84.62508621,9.58987438],[-84.625065,9.58988319],[-84.6250601,9.5898936],[-84.62505659,9.58991693],[-84.62505682,9.58994215],[-84.62506051,9.58996548],[-84.62506656,9.58998834],[-84.62507061,9.59001311],[-84.62507558,9.59003896],[-84.62508073,9.59006318],[-84.62508697,9.59008776],[-84.62509247,9.59011026],[-84.62509844,9.59013503],[-84.62510623,9.5901578],[-84.62511119,9.59018039],[-84.62511688,9.59020262],[-84.62511974,9.59022667],[-84.62511714,9.59024928],[-84.62511172,9.59027262],[-84.62511195,9.59029703],[-84.62511964,9.59032052],[-84.62512224,9.59034556],[-84.62512164,9.59036826],[-84.62512424,9.59039212],[-84.62512811,9.59041526],[-84.62513934,9.59043052],[-84.62515712,9.59044043],[-84.62517552,9.59044112],[-84.62518972,9.59043323],[-84.62520245,9.59041684],[-84.6252127,9.59039612],[-84.62522487,9.59037621],[-84.62523905,9.59035756],[-84.62525844,9.59034767],[-84.6252782,9.59034682],[-84.6253009,9.59035093],[-84.62532449,9.59035288],[-84.625349,9.59035293],[-84.62536687,9.59036076],[-84.6253761,9.59037413],[-84.62537832,9.59039221],[-84.62538765,9.59041307],[-84.62539825,9.59043322],[-84.62540075,9.59045591],[-84.62539467,9.59047002],[-84.62539499,9.59049245],[-84.6254042,9.59049578],[-84.62542608,9.59050414],[-84.62542409,9.59051247],[-84.62541317,9.59052279],[-84.62540801,9.59053872],[-84.6254125,9.59055182],[-84.6254228,9.59055786],[-84.62543218,9.59055251],[-84.62544946,9.59053774],[-84.62546585,9.590534],[-84.62549099,9.59053486],[-84.62550823,9.59054315],[-84.62551764,9.59055741],[-84.62552597,9.59057928],[-84.62553462,9.59057945],[-84.62555137,9.59057191],[-84.62556801,9.59055515],[-84.62558986,9.59054408],[-84.62560616,9.59054424],[-84.6256282,9.59053841],[-84.62564952,9.59054208],[-84.62566065,9.59055182],[-84.62565967,9.59056231],[-84.62564985,9.59057291],[-84.62563428,9.59057845],[-84.62561151,9.59058093],[-84.6255985,9.59059081],[-84.62559652,9.59060347],[-84.62560175,9.59062191],[-84.62559887,9.59064235],[-84.62560129,9.59066658],[-84.62560907,9.59068853],[-84.62562104,9.59070904],[-84.6256331,9.59072999],[-84.6256408,9.59075276],[-84.62564439,9.59077644],[-84.62565536,9.59079713],[-84.62566679,9.59081781],[-84.62567658,9.59083977],[-84.62568782,9.59086145],[-84.62568667,9.59087664],[-84.62567704,9.59089139],[-84.62566296,9.59091249],[-84.62565416,9.59093646],[-84.62565666,9.59095752],[-84.62566754,9.59097703],[-84.62568434,9.59099617],[-84.62570668,9.59100924],[-84.6257272,9.59101915],[-84.62575043,9.59102119],[-84.62576326,9.59101411],[-84.62577963,9.59099519],[-84.62578542,9.59097574],[-84.62578838,9.59095005],[-84.62579836,9.59092915],[-84.62581491,9.59091239],[-84.62582955,9.59089483],[-84.62583698,9.59087284],[-84.62584313,9.59085032],[-84.62585477,9.59083764],[-84.62587215,9.59083101],[-84.6258963,9.59083078],[-84.62591971,9.59083065],[-84.62594357,9.59082708],[-84.62596679,9.5908208],[-84.62599048,9.59082392],[-84.62601382,9.59083211],[-84.62602869,9.59084609],[-84.62604204,9.5908694],[-84.62605219,9.5908909],[-84.62606762,9.59091157],[-84.62608623,9.59092393],[-84.62611029,9.5909285],[-84.62613306,9.59092791],[-84.62615584,9.59092733],[-84.62617925,9.59092837],[-84.62620439,9.59092796],[-84.62622736,9.59093226],[-84.62625034,9.59094416],[-84.62627104,9.59095705],[-84.62629383,9.59096234],[-84.62634834,9.59097951],[-84.62642104,9.59098236],[-84.62644463,9.5909787],[-84.62646849,9.59097396],[-84.62649015,9.59096434],[-84.62650917,9.59095074],[-84.62652855,9.59093642],[-84.62654194,9.59093685],[-84.62656462,9.59093337],[-84.62657061,9.59092441],[-84.6265888,9.59090891],[-84.62660756,9.59090391],[-84.62663069,9.59090034],[-84.62664325,9.59089064],[-84.62666436,9.59088066],[-84.62667831,9.59088335],[-84.62668634,9.59089346],[-84.62670068,9.59091151],[-84.62671038,9.59093302],[-84.62672195,9.59093426],[-84.62674037,9.59094454],[-84.62675613,9.59094433],[-84.62677873,9.59095116],[-84.62678149,9.590962],[-84.62677587,9.59097919],[-84.62676935,9.59100099],[-84.62675672,9.59101593],[-84.62673724,9.59102528],[-84.6267263,9.59102096],[-84.62671583,9.5910255],[-84.6267153,9.59103717],[-84.62671316,9.59105968],[-84.62672101,9.59106699],[-84.62674235,9.59107898],[-84.62675941,9.59109513],[-84.62677043,9.59109484],[-84.6267943,9.59109254],[-84.6268057,9.59109921],[-84.62681794,9.59111555],[-84.62683508,9.59112456],[-84.62685933,9.59113446],[-84.62687921,9.59114555],[-84.62690154,9.59115148],[-84.62690827,9.5911445],[-84.6269239,9.59112549],[-84.6269317,9.59110413],[-84.62694688,9.59108575],[-84.62696736,9.59107613],[-84.62699003,9.59106949],[-84.62699897,9.59107626],[-84.62699835,9.5910862],[-84.62699047,9.59110755],[-84.62699051,9.59113106],[-84.62699819,9.59114814],[-84.62700766,9.59114649],[-84.62703017,9.59115088],[-84.62703584,9.59116037],[-84.6270486,9.5911655],[-84.62705907,9.59115842],[-84.62707488,9.5911404],[-84.62709326,9.59112391],[-84.6271131,9.59111276],[-84.62713567,9.59110494],[-84.62714998,9.59110826],[-84.62715984,9.59111873],[-84.62716242,9.591135],[-84.62716219,9.59115833],[-84.62716396,9.59118093],[-84.6271661,9.59120371],[-84.62716424,9.59122957],[-84.62717055,9.59124746],[-84.62718535,9.59126742],[-84.62718693,9.59128387],[-84.62718069,9.59130911],[-84.62717581,9.59133344],[-84.62717149,9.5913575],[-84.62716962,9.59138218],[-84.62716784,9.59140651],[-84.62717144,9.59143146],[-84.6271734,9.59145569],[-84.62717782,9.59148117],[-84.62717504,9.5915065],[-84.62717144,9.59152893],[-84.62716191,9.59155164],[-84.62714856,9.59157083],[-84.62713145,9.59158216],[-84.62711687,9.59158183],[-84.62709301,9.59158332],[-84.62708674,9.59159138],[-84.62706726,9.59160398],[-84.62705596,9.5916021],[-84.62704638,9.59159181],[-84.62704289,9.59157572],[-84.62704321,9.59155285],[-84.62703536,9.59154635],[-84.62702745,9.59155061],[-84.62700779,9.59156268],[-84.62698357,9.59157194],[-84.62695808,9.59157805],[-84.62693313,9.59158451],[-84.62690917,9.59158754],[-84.62689067,9.59158196],[-84.62688573,9.59157257],[-84.62687085,9.59155542],[-84.62685215,9.5915418],[-84.62683427,9.59152755],[-84.62682175,9.59150858],[-84.62681015,9.59148826],[-84.62680054,9.59146721],[-84.62679804,9.59144253],[-84.62680064,9.59141875],[-84.62679495,9.59139769],[-84.626783,9.59138867],[-84.62676259,9.59138554],[-84.62673781,9.59138731],[-84.62671505,9.59139349],[-84.62669111,9.59140412],[-84.62667036,9.59141546],[-84.62664714,9.59142499],[-84.62662273,9.59142811],[-84.62660241,9.59142272],[-84.62658071,9.59141399],[-84.62655929,9.59140472],[-84.62653741,9.59139671],[-84.62651407,9.59138979],[-84.62648993,9.59138757],[-84.62646706,9.5913849],[-84.62644163,9.59138142],[-84.62641676,9.59138074],[-84.62639144,9.59138214],[-84.62636903,9.59138662],[-84.62634545,9.59139344],[-84.62632259,9.591398],[-84.62629692,9.59140429],[-84.62627616,9.59141499],[-84.62625231,9.5914248],[-84.6262291,9.59143506],[-84.6262058,9.59144405],[-84.62618295,9.59145296],[-84.62616174,9.59146176],[-84.62613807,9.59147456],[-84.62611951,9.59148806],[-84.62610151,9.59150518],[-84.62608569,9.59152275],[-84.62606905,9.59154276],[-84.62605415,9.59156331],[-84.62604061,9.5915816],[-84.62602306,9.59160171],[-84.62600607,9.59162181],[-84.6259908,9.59164101],[-84.62597552,9.59165939],[-84.62596135,9.59167885],[-84.62594818,9.59170094],[-84.62593711,9.59172311],[-84.62592631,9.59174582],[-84.62591696,9.59176709],[-84.62590853,9.59179007],[-84.62590093,9.59181685],[-84.62589414,9.59184281],[-84.62588908,9.5918656],[-84.62588248,9.59189256],[-84.62587715,9.59191508],[-84.62587245,9.59193724],[-84.62586812,9.59195994],[-84.62586525,9.5919849],[-84.62586156,9.59200724],[-84.62585678,9.59203211],[-84.62585427,9.59205527],[-84.62585732,9.59207904],[-84.62586709,9.59209023],[-84.62588088,9.59210838],[-84.62588848,9.59213016],[-84.6258769,9.59217837],[-84.62586976,9.59220569],[-84.62586069,9.59222831],[-84.62584888,9.5922484],[-84.62583115,9.5922657],[-84.62582717,9.59228153],[-84.62583194,9.59229762],[-84.62582942,9.59231679],[-84.62582673,9.59234022],[-84.62581538,9.59235895],[-84.62580363,9.59236358],[-84.62578197,9.59237122],[-84.62576368,9.59238499],[-84.62575383,9.59238085],[-84.62573395,9.5923666],[-84.62571925,9.59234791],[-84.62570421,9.59234577],[-84.62569092,9.59235221],[-84.62567027,9.59236645],[-84.62565254,9.59238447],[-84.6256461,9.59240239],[-84.62564132,9.59242771],[-84.62564664,9.59244732],[-84.6256597,9.5924661],[-84.6256744,9.59248479],[-84.62569026,9.59249073],[-84.6257135,9.59249512],[-84.62573466,9.5925062],[-84.62574188,9.59251948],[-84.62573999,9.59253269],[-84.62573047,9.59255422],[-84.62572167,9.59257585],[-84.62571898,9.59259918],[-84.6257252,9.59261219],[-84.62573933,9.59262102],[-84.62575756,9.59262271],[-84.62576601,9.59261483],[-84.62576999,9.592599],[-84.62577405,9.59257602],[-84.62578767,9.59255186],[-84.62580577,9.59253645],[-84.6258246,9.59252069],[-84.62584024,9.59250212],[-84.62586035,9.59249115],[-84.62587538,9.59249212],[-84.62588888,9.59250122],[-84.62590012,9.59251974],[-84.62590052,9.59253628],[-84.62589189,9.59254932],[-84.62588041,9.59255169],[-84.6258671,9.59254665],[-84.62584569,9.59254687],[-84.62583788,9.59255674],[-84.62583809,9.59257039],[-84.62584639,9.59257833],[-84.62586271,9.59258292],[-84.62586837,9.59259439],[-84.6258632,9.59260507],[-84.62584538,9.59262264],[-84.62582573,9.5926404],[-84.62581984,9.59265614],[-84.62580557,9.59267244],[-84.62578973,9.59267853],[-84.62576568,9.5926811],[-84.62575419,9.59267317],[-84.62573576,9.59265973],[-84.62572155,9.59266011],[-84.62569924,9.59266694],[-84.62568621,9.59266208],[-84.62567334,9.59264881],[-84.62566027,9.59263003],[-84.62564605,9.59262282],[-84.62562792,9.59262231],[-84.62560534,9.5926294],[-84.62558431,9.59263866],[-84.62556621,9.5926528],[-84.62554967,9.59267326],[-84.62553731,9.592693],[-84.62552195,9.59271219],[-84.62550711,9.59271611],[-84.62548471,9.59272166],[-84.62546423,9.59273201],[-84.62545224,9.59274966],[-84.62545017,9.59276711],[-84.62544274,9.59278955],[-84.62543091,9.5927969],[-84.62542056,9.59281473],[-84.6254225,9.59282946],[-84.62541863,9.59285334],[-84.62540754,9.59286593],[-84.62538978,9.59287129],[-84.62536828,9.59286907],[-84.62534548,9.59285817],[-84.62533106,9.59284283],[-84.6253149,9.59282206],[-84.62529183,9.59280899],[-84.62526704,9.59280388],[-84.62524016,9.59280077],[-84.6252141,9.59280253],[-84.62519107,9.59280854],[-84.62516758,9.59281781],[-84.62514683,9.59282725],[-84.62512371,9.59284112],[-84.62510652,9.59285634],[-84.62509061,9.59287391],[-84.6250768,9.59289202],[-84.62506171,9.59291284],[-84.62504709,9.59293484],[-84.62503847,9.59295863],[-84.62502977,9.59298144],[-84.62502796,9.59298488],[-84.62501779,9.59300424],[-84.62501036,9.59302623],[-84.62500894,9.59304883],[-84.62501708,9.59306464],[-84.62502984,9.59307104],[-84.62504936,9.59308267],[-84.62507079,9.59309637],[-84.62508931,9.59311026],[-84.62510711,9.59312533],[-84.62512436,9.59314193],[-84.62514297,9.59315628],[-84.62515745,9.59315616],[-84.62518003,9.59314825],[-84.6251964,9.59313448],[-84.62521834,9.59312386],[-84.62523719,9.59312319],[-84.62524851,9.59313185],[-84.62526248,9.59315045],[-84.62526333,9.59316447],[-84.62525507,9.5931813],[-84.62524106,9.59319208],[-84.6252235,9.59320658],[-84.62521424,9.59322513],[-84.62522036,9.59323136],[-84.62523357,9.59323269],[-84.62525699,9.59323618],[-84.6252786,9.59324636],[-84.62528864,9.59325972],[-84.62528621,9.59327139],[-84.6252753,9.59328488],[-84.62525618,9.59329414],[-84.62523799,9.59330909],[-84.62521623,9.59331627],[-84.6252062,9.5933105],[-84.62519715,9.59329497],[-84.62518992,9.59327328],[-84.6251794,9.5932525],[-84.62516673,9.59324583],[-84.62514357,9.59323738],[-84.62512305,9.59322548],[-84.62511738,9.59321283],[-84.62510105,9.59319993],[-84.62509021,9.59320312],[-84.6250679,9.59320921],[-84.62505463,9.59322208],[-84.62503469,9.59323079],[-84.6250253,9.59322529],[-84.62501525,9.59321076],[-84.62501084,9.59319096],[-84.62500925,9.59316682],[-84.62499894,9.59315645],[-84.62498005,9.5931412],[-84.62496599,9.59312287],[-84.62495765,9.59309983],[-84.62494441,9.59308005],[-84.62493009,9.59307284],[-84.62490758,9.59306918],[-84.62489247,9.59307535],[-84.62489094,9.59308476],[-84.62488944,9.59310881],[-84.62487871,9.59312131],[-84.62486723,9.59312296],[-84.62484973,9.59311648],[-84.62483458,9.59310231],[-84.62481488,9.59308842],[-84.62480003,9.59308845],[-84.62477671,9.59309102],[-84.62475157,9.59309532],[-84.62473811,9.59310655],[-84.62473213,9.59312311],[-84.62473608,9.59313902],[-84.6247462,9.5931465],[-84.62476408,9.59316076],[-84.62477806,9.59317936],[-84.62478393,9.59320177],[-84.62478288,9.59322456],[-84.62478912,9.59324959],[-84.6248018,9.59326141],[-84.62481949,9.59326762],[-84.62483254,9.59328125],[-84.62483339,9.59329653],[-84.62482585,9.59331173],[-84.62481121,9.59332215],[-84.62479809,9.59332073],[-84.62478249,9.59331108],[-84.62475906,9.59330055],[-84.62473473,9.59329652],[-84.62472335,9.59330305],[-84.62472027,9.59331508],[-84.62472477,9.59333217],[-84.62473319,9.59335493],[-84.62472884,9.5933657],[-84.62473415,9.59337772],[-84.62474399,9.59337987],[-84.62476123,9.59339141],[-84.6247648,9.59340352],[-84.62475844,9.5934123],[-84.62474633,9.59341558],[-84.62472283,9.59341535],[-84.62469776,9.59340934],[-84.62467488,9.59339989],[-84.62465654,9.59338572],[-84.62463702,9.59337283],[-84.62461841,9.59335894],[-84.62459961,9.5933417],[-84.6245861,9.59332256],[-84.62458479,9.59330737],[-84.62459058,9.59328476],[-84.62459719,9.59326223],[-84.62460517,9.59323934],[-84.62460004,9.59322651],[-84.62458828,9.59322093],[-84.624581,9.59322673],[-84.62457811,9.59323966],[-84.62456594,9.59326157],[-84.6245493,9.59327787],[-84.62453755,9.59327735],[-84.6245154,9.59326916],[-84.62449542,9.59325636],[-84.62447672,9.59324283],[-84.62446296,9.59324304],[-84.62445023,9.593253],[-84.62444352,9.59327074],[-84.62444329,9.59329334],[-84.62444114,9.59331586],[-84.62443196,9.59332528],[-84.62441775,9.59332874],[-84.62439434,9.59332652],[-84.62437904,9.59333297],[-84.62435839,9.59334928],[-84.62433856,9.5933636],[-84.62431863,9.59337675],[-84.62429926,9.59339414],[-84.62428171,9.59341434],[-84.62426225,9.59343246],[-84.62424425,9.5934503],[-84.62422898,9.5934695],[-84.62421106,9.59348707],[-84.62419396,9.59350274],[-84.62419162,9.59351604],[-84.62419649,9.5935389],[-84.62420854,9.59355353],[-84.6242267,9.59356914],[-84.62423091,9.59358287],[-84.62422621,9.5935987],[-84.6242155,9.5936207],[-84.62420177,9.59364007],[-84.6241834,9.59365647],[-84.62416783,9.59365957],[-84.62415798,9.59365226],[-84.62414591,9.59363131],[-84.62414248,9.59359533],[-84.6241448,9.59357254],[-84.6241413,9.59355003],[-84.62413136,9.59354427],[-84.62410803,9.59353735],[-84.62408324,9.59353151],[-84.62406036,9.59352767],[-84.62403485,9.59352618],[-84.62400926,9.59352939],[-84.62398367,9.59353504],[-84.62396173,9.59354566],[-84.62393917,9.59356233],[-84.62391953,9.59358081],[-84.6238987,9.5935993],[-84.62387932,9.59361597],[-84.62386177,9.59363173],[-84.62384349,9.59364939],[-84.62382321,9.59366625],[-84.6238041,9.59367948],[-84.62378353,9.59368983],[-84.62376196,9.59370307],[-84.62374258,9.5937173],[-84.62372348,9.5937337],[-84.62370721,9.5937519],[-84.62369358,9.5937729],[-84.62368169,9.59379489],[-84.62367317,9.59381796],[-84.62366847,9.59384202],[-84.62366952,9.5938658],[-84.6236792,9.5938817],[-84.62369563,9.59389433],[-84.62369656,9.59390563],[-84.62370579,9.59392405],[-84.62371985,9.59394193],[-84.62371814,9.59395287],[-84.62372427,9.59396417],[-84.6237321,9.59396072],[-84.62375041,9.59396086],[-84.62374796,9.59396855],[-84.62373661,9.59398856],[-84.62372243,9.59400721],[-84.62370423,9.59401818],[-84.62369484,9.59401476],[-84.62367614,9.59400114],[-84.62366144,9.59398372],[-84.62365485,9.59396366],[-84.62365298,9.59394106],[-84.6236432,9.59392344],[-84.62362834,9.59391343],[-84.6236061,9.59390796],[-84.62358971,9.59391179],[-84.62356529,9.59390975],[-84.6235598,9.5939],[-84.62354419,9.59388275],[-84.62353354,9.59388449],[-84.62351133,9.59389619],[-84.62349469,9.59391367],[-84.62348453,9.59393485],[-84.62347437,9.59395801],[-84.6234579,9.59397206],[-84.62344197,9.5939757],[-84.62341857,9.59398226],[-84.62340556,9.5939953],[-84.62339421,9.5940153],[-84.62337949,9.59403486],[-84.62338006,9.59404987],[-84.62338973,9.59405744],[-84.62340015,9.59407587],[-84.62339854,9.59409124],[-84.6233881,9.59411414],[-84.62337373,9.59412673],[-84.62335643,9.59413002],[-84.62334002,9.59412489],[-84.62331896,9.59411508],[-84.6232969,9.59410933],[-84.62327286,9.59411118],[-84.62326285,9.59412087],[-84.62325833,9.59413752],[-84.62326037,9.59415912],[-84.62327014,9.59416914],[-84.6232862,9.59418548],[-84.6232864,9.59419669],[-84.62327786,9.59420891],[-84.62326148,9.59421708],[-84.62324308,9.59421648],[-84.62322393,9.59420738],[-84.62320195,9.59419648],[-84.62317871,9.594192],[-84.62316807,9.59419817],[-84.62315544,9.59421618],[-84.623144,9.59424007],[-84.62313684,9.59426233],[-84.62312878,9.59428594],[-84.62312882,9.59430945],[-84.62313649,9.59431577],[-84.62315517,9.59432107],[-84.6231794,9.59432012],[-84.62320427,9.59431691],[-84.62322423,9.59432284],[-84.62324193,9.59433746],[-84.62325299,9.59435742],[-84.62325183,9.59437261],[-84.62324167,9.59439505],[-84.62322795,9.59441307],[-84.62320921,9.59442938],[-84.62318918,9.59443647],[-84.62317751,9.59443197],[-84.62315854,9.59441627],[-84.62314456,9.59439721],[-84.62313105,9.59437852],[-84.62311637,9.59437258],[-84.62309549,9.5943624],[-84.62308124,9.59434561],[-84.62306199,9.59432892],[-84.62304997,9.59432903],[-84.6230262,9.59433613],[-84.62300362,9.59434521],[-84.62298168,9.59435149],[-84.62295763,9.59435334],[-84.62293131,9.59435764],[-84.62290554,9.59436356],[-84.62288178,9.59437264],[-84.62286058,9.59438462],[-84.62284175,9.59440237],[-84.62283077,9.59442626],[-84.62282517,9.59444978],[-84.62282885,9.59447319],[-84.62283988,9.59447606],[-84.62286448,9.594479],[-84.62289046,9.59448556],[-84.62291216,9.59449501],[-84.62293032,9.59451143],[-84.62293992,9.59453049],[-84.62294151,9.59455219],[-84.62293368,9.59455763],[-84.62291537,9.59455992],[-84.62288977,9.59455671],[-84.62287247,9.59456307],[-84.6228713,9.59457194],[-84.62287888,9.59458223],[-84.62289322,9.59460219],[-84.62289124,9.59461295],[-84.62288024,9.594624],[-84.62286703,9.59462656],[-84.62284771,9.59462216],[-84.62283861,9.59462959],[-84.62283508,9.59464289],[-84.62282574,9.59466542],[-84.62282778,9.59468259],[-84.62283474,9.59470518],[-84.62283085,9.59472029],[-84.62281905,9.59474165],[-84.62280331,9.5947538],[-84.62278246,9.59476025],[-84.62276979,9.59475485],[-84.62274872,9.59474576],[-84.62274364,9.59475255],[-84.62273902,9.5947719],[-84.62272786,9.59479209],[-84.62273515,9.59479777],[-84.62274672,9.59479467],[-84.62277159,9.59479535],[-84.62278327,9.59480419],[-84.62278666,9.59481784],[-84.62278095,9.59483259],[-84.62276714,9.5948507],[-84.62275039,9.59486022],[-84.6227269,9.59486749],[-84.62270167,9.59486817],[-84.62267697,9.59486397],[-84.62265327,9.59485723],[-84.6226456,9.59484576],[-84.62263108,9.5948268],[-84.62261247,9.59481246],[-84.62260533,9.59479647],[-84.62260301,9.59477278],[-84.62260917,9.59475152],[-84.62262052,9.59473025],[-84.62263634,9.59471341],[-84.62265536,9.59470099],[-84.62267446,9.59468857],[-84.62268409,9.59467191],[-84.62269398,9.59465056],[-84.62270872,9.59463733],[-84.62270997,9.59462386],[-84.6227032,9.59461166],[-84.62269254,9.59461141],[-84.62267941,9.59460293],[-84.62265644,9.59459863],[-84.62264707,9.59460471],[-84.62262998,9.59462237],[-84.6226179,9.59464156],[-84.62259879,9.59465597],[-84.6225783,9.59466035],[-84.62255362,9.59466654],[-84.62252968,9.59467716],[-84.62251268,9.59469329],[-84.6225086,9.59470867],[-84.62250874,9.59473145],[-84.62250468,9.59475433],[-84.62251081,9.59476689],[-84.62252412,9.59477518],[-84.62253901,9.59479478],[-84.62254259,9.59481331],[-84.62253497,9.59482724],[-84.62252261,9.59484625],[-84.62251199,9.59486824],[-84.62249871,9.59487722],[-84.62247995,9.59488024],[-84.62245552,9.59487585],[-84.62243146,9.59487128],[-84.62240741,9.59487069],[-84.62238227,9.59487372],[-84.62235832,9.59487801],[-84.62233363,9.5948758],[-84.62230977,9.5948781],[-84.62228965,9.59488962],[-84.62227875,9.59490627],[-84.62227096,9.59493206],[-84.62227618,9.59494606],[-84.62228658,9.59495056],[-84.62230901,9.59496327],[-84.62232143,9.59497925],[-84.62232109,9.59499182],[-84.62231247,9.59501191],[-84.62229565,9.59502849],[-84.62227654,9.59504217],[-84.62225451,9.59505234],[-84.62223851,9.59506828],[-84.62221995,9.59508188],[-84.62219984,9.59509719],[-84.62217919,9.59511152],[-84.62215945,9.59512629],[-84.62214426,9.59514476],[-84.62213665,9.59516702],[-84.6221377,9.59518962],[-84.62214629,9.59520841],[-84.62215745,9.59523136],[-84.62216797,9.59525295],[-84.62217566,9.59527445],[-84.62218108,9.59529885],[-84.62218003,9.59532164],[-84.62217075,9.59533187],[-84.62215337,9.59533977],[-84.62212941,9.59534406],[-84.62209242,9.59534178],[-84.62204941,9.59533417],[-84.62202671,9.59532761],[-84.62200394,9.59532946],[-84.62198282,9.59533863],[-84.62196326,9.59535322],[-84.6219438,9.59537134],[-84.62192744,9.59539108],[-84.62191317,9.59541362],[-84.62189983,9.59543878],[-84.62188776,9.59546548],[-84.62187714,9.59548873],[-84.62186425,9.59550982],[-84.62185353,9.59553064],[-84.62184419,9.5955519],[-84.62183148,9.59557344],[-84.62181439,9.59559427],[-84.62179838,9.59561139],[-84.62178111,9.59563049],[-84.62176247,9.59565114],[-84.62174611,9.59567007],[-84.62173229,9.5956889],[-84.62171611,9.59570755],[-84.62169802,9.59572621],[-84.62167946,9.59574098],[-84.62165971,9.59575259],[-84.62163978,9.59576646],[-84.62162178,9.59578358],[-84.62160623,9.59580178],[-84.62158923,9.59582306],[-84.6215736,9.59583964],[-84.62155467,9.59585378],[-84.62153236,9.5958606],[-84.62152416,9.5958551],[-84.62150618,9.59583795],[-84.62148838,9.59582098],[-84.62146841,9.59580818],[-84.62144425,9.59580198],[-84.62142841,9.59580608],[-84.62141395,9.59581822],[-84.62140996,9.59583279],[-84.62141337,9.59585086],[-84.62142368,9.59586323],[-84.62143438,9.59588573],[-84.62143853,9.59591022],[-84.62144932,9.59593326],[-84.62146383,9.59594462],[-84.62148489,9.59595571],[-84.62150749,9.59596055],[-84.62152983,9.5959672],[-84.62154998,9.59597973],[-84.62157224,9.5959947],[-84.62159322,9.5960085],[-84.62160181,9.59602539],[-84.62159847,9.59603959],[-84.62158548,9.59606023],[-84.62157996,9.59608302],[-84.62158173,9.59610562],[-84.62158815,9.59612912],[-84.62158983,9.59615208],[-84.62158349,9.59617036],[-84.62157096,9.59619091],[-84.62156179,9.59621181],[-84.6215591,9.59623451],[-84.62156142,9.59625702],[-84.6215641,9.59628016],[-84.6215646,9.59630349],[-84.6215661,9.59632717],[-84.62157088,9.59634959],[-84.6215691,9.596374],[-84.62156404,9.59639788],[-84.62155377,9.59640784],[-84.62153601,9.59641312],[-84.62151151,9.59641461],[-84.62149182,9.59640759],[-84.62146877,9.59640727],[-84.62146368,9.59641479],[-84.6214512,9.59641743],[-84.62142824,9.59641431],[-84.62140437,9.59641146],[-84.62138825,9.59641736],[-84.62136513,9.5964241],[-84.62134217,9.59642305],[-84.62132101,9.59641341],[-84.62129813,9.59640523],[-84.62127563,9.59640518],[-84.62125961,9.59641352],[-84.62124569,9.59642458],[-84.62124042,9.59642875],[-84.62123525,9.59644386],[-84.62123156,9.59646819],[-84.62123932,9.59647622],[-84.62125399,9.59647773],[-84.62127794,9.59647543],[-84.62130198,9.59646969],[-84.62132666,9.59646548],[-84.62135291,9.59646788],[-84.62137605,9.59647182],[-84.62139975,9.5964762],[-84.62142518,9.59648167],[-84.62144751,9.59648751],[-84.62147247,9.59649108],[-84.62149671,9.59649023],[-84.62151212,9.59649815],[-84.62152909,9.59651386],[-84.62154306,9.59653246],[-84.62153807,9.59653979],[-84.6215225,9.59654795],[-84.6214991,9.5965565],[-84.62147606,9.5965606],[-84.62146594,9.59655384],[-84.62144842,9.59653905],[-84.62142826,9.59652697],[-84.62140521,9.59652222],[-84.62138243,9.5965228],[-84.62135774,9.59652257],[-84.62133342,9.59652099],[-84.62131055,9.59652356],[-84.62128907,9.59653409],[-84.62126641,9.59654471],[-84.62124509,9.59654538],[-84.6212213,9.59653864],[-84.62119625,9.59653706],[-84.62117347,9.59653755],[-84.62114815,9.59654022],[-84.62112366,9.59654731],[-84.62111056,9.59655909],[-84.62109602,9.59658027],[-84.62108577,9.59660299],[-84.62107807,9.59662723],[-84.62107047,9.59665401],[-84.62106368,9.59667879],[-84.6210567,9.59670069],[-84.62104891,9.59672457],[-84.62104176,9.59674873],[-84.62100834,9.596859],[-84.62099209,9.59693643],[-84.62098476,9.59696402],[-84.62097897,9.59698717],[-84.62097309,9.59701178],[-84.62096885,9.59703575],[-84.6209658,9.59706215],[-84.62096348,9.59708811],[-84.62096115,9.59711099],[-84.62095892,9.59713423],[-84.62095605,9.59716108],[-84.62095219,9.59719012],[-84.62094988,9.59722059],[-84.6209491,9.59724591],[-84.62094705,9.59726969],[-84.62094528,9.59730044],[-84.62094414,9.59732521],[-84.62094565,9.5973508],[-84.62094925,9.59737809],[-84.62095039,9.59740314],[-84.62095271,9.59742682],[-84.62095412,9.59744997],[-84.62095736,9.59747663],[-84.62096059,9.59750095],[-84.62096318,9.59752481],[-84.62096797,9.59754967],[-84.62097229,9.59757344],[-84.62097735,9.59759848],[-84.62098249,9.59762153],[-84.62098855,9.59764439],[-84.62098895,9.59766726],[-84.62099227,9.59769131],[-84.62099897,9.59771499],[-84.62100494,9.59774246],[-84.62100973,9.59777048],[-84.62101452,9.59779733],[-84.62101847,9.59781974],[-84.62102262,9.59784424],[-84.62102759,9.59787072],[-84.62103073,9.59789576],[-84.6210346,9.59792324],[-84.62103657,9.59794946],[-84.62103807,9.59797631],[-84.62103985,9.5980009],[-84.62104126,9.59802404],[-84.62105184,9.59818297],[-84.62105423,9.59829707],[-84.62105783,9.59832193],[-84.62105952,9.59834851],[-84.62106221,9.59837599],[-84.62106527,9.59840302],[-84.62106823,9.59842824],[-84.62107219,9.59845066],[-84.62107833,9.59847271],[-84.62108485,9.59849864],[-84.62109254,9.59852142],[-84.62109614,9.59854627],[-84.62109624,9.59854862],[-84.62109755,9.59857141],[-84.62109795,9.59858922],[-84.62109805,9.59859482],[-84.62109645,9.5986177],[-84.62109601,9.59862503],[-84.62109486,9.59864257],[-84.62109371,9.59866536],[-84.6210923,9.59868796],[-84.62109207,9.59871445],[-84.62109185,9.59874095],[-84.6210939,9.59876572],[-84.62109559,9.59879221],[-84.62109946,9.59881733],[-84.62110288,9.59884445],[-84.62110639,9.5988713],[-84.6211129,9.59889606],[-84.62111979,9.59892453],[-84.62112476,9.59895228],[-84.62113045,9.59897496],[-84.62113696,9.59899846],[-84.62114476,9.59902801],[-84.62115218,9.59905133],[-84.62115869,9.599076],[-84.62116757,9.59910139],[-84.621175,9.59912832],[-84.62118315,9.59915046],[-84.62119157,9.59917277],[-84.62120164,9.59919934],[-84.62120907,9.59922392],[-84.62121703,9.59924506],[-84.62126332,9.5993995],[-84.62127604,9.59947868],[-84.62128109,9.59950371],[-84.62128564,9.59954864],[-84.62128851,9.59957269],[-84.62128893,9.59957516],[-84.62129274,9.59959727],[-84.62129443,9.59962259],[-84.62129647,9.59964609],[-84.62129734,9.59967213],[-84.62129566,9.59969772],[-84.62130065,9.59973939],[-84.62130207,9.59976697],[-84.62130721,9.59979001],[-84.62131473,9.59981821],[-84.62132326,9.59984613],[-84.62133004,9.59986782],[-84.62133865,9.59989104],[-84.62134926,9.59991751],[-84.62135887,9.59994101],[-84.6213714,9.59996829],[-84.6213821,9.59999078],[-84.62139371,9.60001436],[-84.62140397,9.60004264],[-84.62141403,9.60006478],[-84.62142282,9.60008854],[-84.6214316,9.6001095],[-84.62144349,9.60013398],[-84.6214541,9.6001553],[-84.62147,9.60018222],[-84.62148243,9.60020588],[-84.62149441,9.60022684],[-84.6215093,9.60024842],[-84.62152373,9.60027208],[-84.62153571,9.60029304],[-84.6215475,9.60031897],[-84.62156069,9.60035348],[-84.62156556,9.60037879],[-84.62157272,9.60040753],[-84.62158042,9.6004341],[-84.62158602,9.60045705],[-84.62159281,9.60048127],[-84.62159895,9.60050531],[-84.62160565,9.60053098],[-84.62161289,9.60055375],[-84.62162205,9.60058131],[-84.6216302,9.60060589],[-84.62164191,9.60062865],[-84.62165134,9.60065513],[-84.62165512,9.60067899],[-84.62166199,9.60070438],[-84.62166996,9.60072797],[-84.62167684,9.60075336],[-84.62178104,9.60123798],[-84.62178332,9.60123825],[-84.62186228,9.60142645],[-84.62188874,9.60159566],[-84.62195048,9.60183415],[-84.62203503,9.60203255],[-84.62217238,9.60226766],[-84.62233245,9.60261357],[-84.62250255,9.60292176],[-84.6226525,9.60326616],[-84.62277973,9.60344396],[-84.62339351,9.60454638],[-84.62441459,9.60617997],[-84.62501026,9.60708947],[-84.62629441,9.60869076],[-84.62707029,9.60969297],[-84.62805891,9.6108993],[-84.62860656,9.61149812],[-84.62947253,9.61234157],[-84.62967784,9.61256462],[-84.63010796,9.61296265],[-84.63020883,9.61306672],[-84.63022325,9.61308071],[-84.63023329,9.61308955],[-84.63024022,9.61309523],[-84.63025436,9.61310615],[-84.63026522,9.61311409],[-84.63028757,9.61312914],[-84.6303028,9.61313888],[-84.63033363,9.6131579],[-84.6303567,9.61317215],[-84.63037951,9.61318684],[-84.63039064,9.61319442],[-84.63040706,9.61320623],[-84.63042293,9.61321877],[-84.63043069,9.61322527],[-84.63047787,9.6132665],[-84.63057204,9.61334951],[-84.63085302,9.61360017],[-84.63099392,9.61372505],[-84.63106474,9.61378713],[-84.63117379,9.61388168],[-84.6313927,9.61407016],[-84.63161225,9.61425782],[-84.6320519,9.61463206],[-84.63208374,9.61465813],[-84.63210546,9.61467491],[-84.63212023,9.61468583],[-84.63215007,9.61470711],[-84.63219559,9.61473795],[-84.63222642,9.61475805],[-84.63228854,9.61479754],[-84.63235813,9.61484226],[-84.63240383,9.61487301],[-84.63242637,9.61488879],[-84.63245957,9.61491314],[-84.63249187,9.61493858],[-84.63250775,9.61495175],[-84.63251113,9.614955],[-84.63251314,9.61495726],[-84.63251661,9.61496213],[-84.63251807,9.61496466],[-84.63252036,9.61496999],[-84.63252201,9.6149756],[-84.63252274,9.61497948],[-84.63252349,9.61498762],[-84.6325235,9.61499395],[-84.63252216,9.61500724],[-84.63251954,9.61502117],[-84.63251203,9.61505021],[-84.63250624,9.61507219],[-84.63250389,9.61508304],[-84.63250164,9.61509715],[-84.63250111,9.61510402],[-84.63250113,9.61511397],[-84.63250224,9.61512346],[-84.63250334,9.61512807],[-84.63250536,9.61513394],[-84.63250664,9.61513674],[-84.63250883,9.61514081],[-84.63251303,9.61514668],[-84.63251869,9.61515254],[-84.63252189,9.61515507],[-84.63252708,9.61515813],[-84.63253611,9.61516155],[-84.6325733,9.61517215],[-84.63259208,9.61517691],[-84.63260393,9.61517942],[-84.6326279,9.61518336],[-84.63264393,9.61518523],[-84.63267628,9.61518833],[-84.63270052,9.61519064],[-84.63272476,9.61519358],[-84.63273679,9.61519545],[-84.63275475,9.61519904],[-84.63279667,9.61520945],[-84.63281746,9.61521511],[-84.63284845,9.61522445],[-84.63287908,9.6152348],[-84.63289422,9.61524028],[-84.6329243,9.61525216],[-84.63293916,9.61525856],[-84.63296114,9.61526864],[-84.63299005,9.61528315],[-84.63300418,9.6152909],[-84.63302525,9.61530315],[-84.63304587,9.61531623],[-84.63305599,9.61532299],[-84.63310626,9.61535762],[-84.63320606,9.61542723],[-84.63330495,9.6154974],[-84.63337027,9.61554447],[-84.63341369,9.61557604],[-84.6335,9.61563935],[-84.63359634,9.61571115],[-84.63366011,9.6157594],[-84.63378693,9.61585655],[-84.63384998,9.61590553],[-84.63397525,9.61600439],[-84.6340998,9.61610425],[-84.63418247,9.61617155],[-84.6342374,9.61621666],[-84.63434708,9.6163076],[-84.63444773,9.61639213],[-84.63451452,9.61644879],[-84.63464757,9.61656274],[-84.63478007,9.61667714],[-84.6350448,9.61690649],[-84.63517739,9.61702071],[-84.63524392,9.61707755],[-84.63537742,9.61719078],[-84.63544449,9.61724698],[-84.63554568,9.61733061],[-84.63564751,9.61741352],[-84.63569879,9.61745456],[-84.63582653,9.61755604],[-84.63591193,9.61762334],[-84.63608319,9.61775729],[-84.63616914,9.61782404],[-84.63634131,9.61795681],[-84.63651411,9.61808895],[-84.63662953,9.6181768],[-84.6368609,9.61835178],[-84.63692824,9.61840274],[-84.63706263,9.61850512],[-84.63733114,9.61871032],[-84.63746572,9.61881242],[-84.63760093,9.61891362],[-84.6376689,9.61896376],[-84.63777126,9.61903826],[-84.63786286,9.61910364],[-84.63790884,9.61913601],[-84.63797817,9.61918416],[-84.63804796,9.61923159],[-84.63808298,9.61925513],[-84.63815341,9.61930165],[-84.63818889,9.61932464],[-84.63824216,9.61935881],[-84.63965529,9.62025484],[-84.64015525,9.62057172],[-84.64081457,9.62094545],[-84.64118232,9.6211567],[-84.64180272,9.62151811],[-84.64238319,9.62181613],[-84.64275397,9.62199545],[-84.64282508,9.62202001],[-84.64291177,9.62204218],[-84.64312662,9.62204847],[-84.64315028,9.62203793],[-84.64320056,9.62198305],[-84.643212,9.62196133],[-84.64322901,9.62194846],[-84.64325031,9.62193838],[-84.64327471,9.62192785],[-84.6432951,9.62191552],[-84.64331465,9.62189948],[-84.64332937,9.62187576],[-84.64333533,9.62185052],[-84.6433352,9.62182656],[-84.64333096,9.62180198],[-84.64333046,9.62177856],[-84.6433388,9.62175648],[-84.64334969,9.62173431],[-84.64336552,9.62172153],[-84.64338134,9.62170424],[-84.64340227,9.62169027],[-84.64342476,9.6216858],[-84.64344746,9.62169037],[-84.64345741,9.62170129],[-84.64346017,9.62171765],[-84.64345721,9.6217408],[-84.64346199,9.62176448],[-84.6434635,9.62179142],[-84.64346392,9.62181674],[-84.64347189,9.62184014],[-84.64347985,9.62186146],[-84.64348787,9.621861],[-84.64350671,9.62185093],[-84.64352454,9.6218357],[-84.64354363,9.6218165],[-84.64356311,9.62180362],[-84.64358778,9.62179653],[-84.64361111,9.62179504],[-84.64362907,9.6218026],[-84.64365077,9.62181178],[-84.64367257,9.62182512],[-84.64368745,9.62184281],[-84.64369843,9.62186332],[-84.64371077,9.62188544],[-84.64371117,9.62190353],[-84.64370372,9.62191611],[-84.64368598,9.62193133],[-84.6436697,9.62194746],[-84.64366354,9.62196419],[-84.64365821,9.6219878],[-84.64366352,9.62200217],[-84.643673,9.62200387],[-84.64369388,9.62201368],[-84.64370849,9.62202921],[-84.64372673,9.6220374],[-84.64374522,9.62203719],[-84.64376962,9.62202873],[-84.64379082,9.62201378],[-84.6438125,9.62200994],[-84.64383537,9.62201424],[-84.64385861,9.62201672],[-84.64388202,9.62201523],[-84.64390726,9.62201663],[-84.64392839,9.62200927],[-84.6439464,9.6219954],[-84.64396679,9.62198433],[-84.64398928,9.6219786],[-84.64401161,9.62198127],[-84.64403476,9.62198701],[-84.64405628,9.62199529],[-84.64407734,9.62200646],[-84.6440966,9.62202134],[-84.64411467,9.62203912],[-84.64413119,9.62205555],[-84.64415554,9.62206879],[-84.64418098,9.62207715],[-84.64420731,9.62208126],[-84.64423137,9.62208059],[-84.64425487,9.62207837],[-84.64428129,9.62207733],[-84.64430671,9.62207882],[-84.64433195,9.62208013],[-84.64435592,9.6220827],[-84.64437934,9.62208573],[-84.64440285,9.62208958],[-84.6444332,9.62209431],[-84.64445625,9.62209707],[-84.64447976,9.62209974],[-84.64450856,9.62210059],[-84.64453625,9.62209819],[-84.64456477,9.62209886],[-84.64459219,9.622098],[-84.64461642,9.62209714],[-84.64464148,9.62209628],[-84.64466717,9.62209514],[-84.64469113,9.62209519],[-84.64471883,9.62209577],[-84.64475007,9.6220949],[-84.64477904,9.62209421],[-84.64480574,9.62209208],[-84.64483015,9.62209213],[-84.64485539,9.62209226],[-84.64488372,9.62209194],[-84.6449096,9.62209288],[-84.64493702,9.62209084],[-84.6449649,9.62208943],[-84.64499131,9.62208513],[-84.6450149,9.6220822],[-84.64504277,9.6220788],[-84.64506782,9.62207432],[-84.6450935,9.62206867],[-84.64511818,9.62206275],[-84.64514222,9.62205529],[-84.64516562,9.62204819],[-84.64518637,9.62203531],[-84.64520438,9.62201901],[-84.64520692,9.62201584],[-84.64521947,9.62200044],[-84.64523137,9.62198107],[-84.64523051,9.62196435],[-84.64522191,9.62194212],[-84.64522296,9.62192177],[-84.64523178,9.62191217],[-84.64525017,9.62190337],[-84.64527202,9.62189564],[-84.64529541,9.62188484],[-84.64531644,9.62187142],[-84.64533691,9.6218571],[-84.64535948,9.62184747],[-84.64536238,9.62183634],[-84.64536561,9.62181211],[-84.64537515,9.62179889],[-84.64539126,9.62178991],[-84.64541457,9.62177983],[-84.64543705,9.62177101],[-84.64545945,9.62176365],[-84.64548076,9.62175475],[-84.6454903,9.62174153],[-84.64550165,9.62172171],[-84.64551482,9.62169989],[-84.6455176,9.62167819],[-84.6455212,9.62165422],[-84.64551979,9.62163144],[-84.64551029,9.62162043],[-84.64549622,9.62160083],[-84.64549812,9.62158871],[-84.64550965,9.62157233],[-84.64552337,9.62155205],[-84.64553454,9.62153015],[-84.64555099,9.62151004],[-84.64556645,9.62149211],[-84.64558546,9.62147806],[-84.64560575,9.62146455],[-84.64562184,9.62144581],[-84.6456355,9.62144171],[-84.64564408,9.62144721],[-84.64566578,9.62145766],[-84.64567588,9.62145285],[-84.64569611,9.62145182],[-84.64571489,9.62145983],[-84.64571892,9.62147058],[-84.64571796,9.621493],[-84.64570942,9.62150613],[-84.64569233,9.62152461],[-84.64567004,9.62154056],[-84.64565047,9.62155299],[-84.64564785,9.62156375],[-84.64565062,9.62158499],[-84.64566184,9.62159266],[-84.64567715,9.62159371],[-84.64569649,9.62160453],[-84.6457018,9.6216169],[-84.64570119,9.62163472],[-84.64570124,9.62165822],[-84.64570955,9.62167087],[-84.64572332,9.62167735],[-84.64574556,9.62168328],[-84.64576898,9.6216854],[-84.64579093,9.62167985],[-84.64581387,9.6216704],[-84.64583927,9.62166095],[-84.64586267,9.62165503],[-84.6458889,9.62164937],[-84.64591176,9.62164553],[-84.6459349,9.62164142],[-84.6459613,9.62163351],[-84.64598734,9.6216236],[-84.64601401,9.62161216],[-84.64603595,9.62160118],[-84.64605752,9.62158884],[-84.64607791,9.62157696],[-84.64609628,9.62156336],[-84.64611457,9.6215485],[-84.64612847,9.62153039],[-84.64614119,9.62150867],[-84.64615244,9.62148396],[-84.64616051,9.62146252],[-84.64616985,9.621439],[-84.6461842,9.62141709],[-84.64619764,9.62139663],[-84.64621072,9.62137364],[-84.64622015,9.62135057],[-84.64622977,9.62132966],[-84.6462443,9.62130703],[-84.64625893,9.62128657],[-84.64627357,9.62126855],[-84.64628884,9.62124971],[-84.64630101,9.62123007],[-84.6463129,9.62120699],[-84.64632215,9.62118546],[-84.64633195,9.62116067],[-84.6463401,9.62113759],[-84.64634434,9.62111317],[-84.64634356,9.62109012],[-84.6463386,9.62106789],[-84.64632799,9.62104684],[-84.64631447,9.62102833],[-84.64629968,9.62100982],[-84.64629518,9.62098994],[-84.64628639,9.62096853],[-84.64627278,9.62094957],[-84.64626718,9.62092652],[-84.64627162,9.62091286],[-84.64628497,9.62089439],[-84.64630199,9.62088468],[-84.64631976,9.62088366],[-84.64633851,9.62087431],[-84.64634031,9.62086418],[-84.64635121,9.62084698],[-84.64636441,9.62084171],[-84.64638209,9.62084348],[-84.6464067,9.62084688],[-84.6464312,9.62084249],[-84.64644229,9.6208318],[-84.64644463,9.62081832],[-84.64644523,9.62079572],[-84.64645193,9.62077374],[-84.64646602,9.62075653],[-84.6464805,9.62075379],[-84.64648935,9.62076028],[-84.64650004,9.62077817],[-84.6464966,9.62078767],[-84.64649874,9.62081171],[-84.64650843,9.62083177],[-84.64652141,9.62085109],[-84.64655723,9.62090943],[-84.64660379,9.62095654],[-84.64662404,9.62096925],[-84.64664192,9.6209836],[-84.646662,9.62100146],[-84.64668326,9.62101688],[-84.64670504,9.62102281],[-84.64672773,9.62102421],[-84.64675442,9.62101964],[-84.64677919,9.62101417],[-84.64680251,9.62101349],[-84.64682666,9.62101453],[-84.64685035,9.6210182],[-84.64687478,9.62102267],[-84.64689911,9.62102461],[-84.64692352,9.62102104],[-84.64694756,9.62101548],[-84.64697105,9.6210064],[-84.64699417,9.62099306],[-84.64701282,9.62098001],[-84.64702891,9.6209637],[-84.64704236,9.62094324],[-84.64705161,9.62091972],[-84.64705784,9.62089303],[-84.64706153,9.62086871],[-84.64706067,9.62084583],[-84.64705233,9.62082306],[-84.64703781,9.62080356],[-84.64702648,9.62078369],[-84.64702617,9.62076733],[-84.64703434,9.62074995],[-84.64704596,9.6207304],[-84.64705749,9.62070913],[-84.6470725,9.62069816],[-84.64708067,9.62068196],[-84.64707946,9.62066578],[-84.64706869,9.62065604],[-84.64704953,9.62064359],[-84.64703237,9.62062446],[-84.64701994,9.62060549],[-84.64701407,9.62058344],[-84.64702043,9.62057502],[-84.64706751,9.62056417],[-84.64712291,9.62056805],[-84.64714706,9.62057036],[-84.64716867,9.62057782],[-84.64718919,9.6205899],[-84.64720953,9.62060306],[-84.64722814,9.62061632],[-84.64724312,9.62063455],[-84.64725455,9.62065686],[-84.64727144,9.62067591],[-84.64729024,9.62069133],[-84.64731066,9.62069808],[-84.64733417,9.62070192],[-84.64735814,9.62070405],[-84.64738393,9.62070698],[-84.64740773,9.6207167],[-84.64742634,9.62073122],[-84.64744277,9.62074837],[-84.64745738,9.62076706],[-84.64746599,9.62079001],[-84.64748361,9.62080788],[-84.64750368,9.62082258],[-84.64752412,9.62083619],[-84.64754537,9.62084791],[-84.64756598,9.62086125],[-84.64758505,9.62087686],[-84.64760494,9.62089129],[-84.64762538,9.6209049],[-84.64764481,9.6209187],[-84.64766579,9.62093267],[-84.64768685,9.62094231],[-84.64771384,9.62095085],[-84.64773281,9.62096356],[-84.64774898,9.62098243],[-84.64776304,9.6210013],[-84.64777811,9.62102116],[-84.6477961,9.62104165],[-84.64781571,9.62105517],[-84.64783842,9.62106661],[-84.6478625,9.62107778],[-84.64788547,9.62108741],[-84.64790699,9.6210956],[-84.64793014,9.62110134],[-84.64795338,9.62110582],[-84.64797663,9.62111192],[-84.64799761,9.62112472],[-84.64800939,9.62114089],[-84.64802173,9.62116057],[-84.64803605,9.62116742],[-84.64805856,9.62117343],[-84.64808399,9.62117691],[-84.64809828,9.62117001],[-84.64810526,9.62115508],[-84.64811151,9.62113319],[-84.64811529,9.6211094],[-84.64812628,9.62109022],[-84.64813657,9.62108757],[-84.64815814,9.62107768],[-84.64817463,9.62107864],[-84.64818066,9.62108695],[-84.64819091,9.62110736],[-84.64819377,9.62113023],[-84.64820129,9.62115291],[-84.64820434,9.62117632],[-84.64819653,9.62119189],[-84.64817862,9.62120865],[-84.64816882,9.62122901],[-84.64816521,9.62125135],[-84.64815988,9.62127424],[-84.64816583,9.62128697],[-84.64817539,9.62128669],[-84.64818859,9.62127662],[-84.64820879,9.62126375],[-84.64822537,9.62126281],[-84.6482486,9.6212653],[-84.64826736,9.62125839],[-84.64828987,9.62125962],[-84.64829216,9.62127037],[-84.64829175,9.62129397],[-84.64828661,9.62131857],[-84.6482759,9.62133921],[-84.64826965,9.62136228],[-84.6482594,9.62138472],[-84.64824486,9.62140319],[-84.6482394,9.62140781],[-84.64823438,9.6214495],[-84.64824088,9.62146504],[-84.64825403,9.62148364],[-84.64827146,9.62149862],[-84.64829235,9.62151088],[-84.64831524,9.62152204],[-84.64833776,9.62152933],[-84.64836227,9.62153226],[-84.64838779,9.62153945],[-84.64840978,9.62155243],[-84.64843294,9.62156622],[-84.64845437,9.62157648],[-84.64847589,9.62158594],[-84.64849741,9.62159539],[-84.64851902,9.6216053],[-84.64854337,9.62161782],[-84.64856645,9.62162998],[-84.64859016,9.62164042],[-84.64861176,9.62164789],[-84.64863419,9.62165472],[-84.6486567,9.62165956],[-84.64867976,9.62166358],[-84.64870746,9.62166733],[-84.64873152,9.62166792],[-84.64875475,9.62166796],[-84.64877925,9.62166602],[-84.64880348,9.62166272],[-84.64882852,9.62165499],[-84.64885165,9.62164771],[-84.64887021,9.62163303],[-84.64888283,9.62161203],[-84.6488981,9.62159247],[-84.64891321,9.62158557],[-84.64893444,9.6215868],[-84.64894895,9.62159581],[-84.64896929,9.62160771],[-84.64899253,9.6216139],[-84.64901487,9.62162263],[-84.64903746,9.62162313],[-84.64905121,9.62161578],[-84.64907553,9.62161167],[-84.64909431,9.62161778],[-84.64911537,9.62162741],[-84.64913798,9.62163515],[-84.64916259,9.62163926],[-84.64918601,9.62164518],[-84.64920935,9.62165011],[-84.64923204,9.62165269],[-84.64925746,9.62165499],[-84.64928288,9.62165359],[-84.64930703,9.6216559],[-84.64933118,9.62166381],[-84.64935424,9.62166657],[-84.64936653,9.62166039],[-84.64937907,9.621645],[-84.6493735,9.62163859],[-84.6493669,9.62161935],[-84.64937144,9.62160812],[-84.649384,9.6215996],[-84.64939666,9.62160012],[-84.64941326,9.62160967],[-84.64943206,9.62162628],[-84.64945295,9.6216398],[-84.64947365,9.62164998],[-84.64949463,9.62166268],[-84.64951388,9.62167802],[-84.64953541,9.62168991],[-84.64955883,9.62169656],[-84.64958217,9.62170077],[-84.64960432,9.62170859],[-84.64962846,9.62170728],[-84.64963637,9.62169777],[-84.64964699,9.62167596],[-84.64965952,9.62165568],[-84.64967781,9.62164082],[-84.64969938,9.62162975],[-84.6497166,9.62163153],[-84.64972746,9.621641],[-84.64973433,9.62165717],[-84.64973865,9.62168103],[-84.64973906,9.621704],[-84.64974712,9.62172405],[-84.64975971,9.6217347],[-84.64978133,9.62174949],[-84.64980185,9.62176111],[-84.64982383,9.62177047],[-84.6498489,9.62177947],[-84.64987516,9.62178792],[-84.64989867,9.62179059],[-84.64992637,9.62179198],[-84.64995352,9.62179292],[-84.64997949,9.62179676],[-84.65000464,9.62179889],[-84.65002898,9.62180327],[-84.65005285,9.62180621],[-84.65007982,9.62180788],[-84.65010525,9.62181135],[-84.65012903,9.62181176],[-84.65015372,9.62181398],[-84.65017814,9.62181402],[-84.65020374,9.62181352],[-84.65022688,9.62181239],[-84.65025265,9.62180674],[-84.65027599,9.62181221],[-84.65030151,9.62181985],[-84.65031499,9.6218143],[-84.65033501,9.62180306],[-84.65034864,9.62178594],[-84.65036766,9.6217756],[-84.65038288,9.62177729],[-84.65040485,9.62178547],[-84.65042365,9.62179963],[-84.65044054,9.62181741],[-84.65046152,9.62182904],[-84.65047791,9.62182629],[-84.65048409,9.62181688],[-84.65050093,9.62180799],[-84.65051851,9.62180804],[-84.65054311,9.62180773],[-84.65056408,9.62181564],[-84.65058686,9.62181949],[-84.6506111,9.62182225],[-84.65063434,9.62182718],[-84.6506574,9.62182993],[-84.65066252,9.62183888],[-84.65066465,9.62185804],[-84.65065757,9.62186881],[-84.65064229,9.62188647],[-84.65062602,9.62190314],[-84.65061093,9.62192125],[-84.65061586,9.62192848],[-84.65063257,9.62194653],[-84.65064085,9.62194389],[-84.65064521,9.62193294],[-84.65065418,9.62191122],[-84.65067055,9.62189302],[-84.65069047,9.62187888],[-84.65070949,9.62186483],[-84.65072969,9.62185403],[-84.65075183,9.62185137],[-84.65076259,9.62185795],[-84.65077434,9.62185494],[-84.65079656,9.62184911],[-84.65080696,9.62185551],[-84.65080971,9.6218669],[-84.6508213,9.62187773],[-84.65082922,9.6218731],[-84.65084687,9.62185743],[-84.65086716,9.62184464],[-84.65087773,9.62184778],[-84.65089707,9.62186113],[-84.65091678,9.62187393],[-84.65093875,9.62188085],[-84.65096381,9.62188487],[-84.65098678,9.62188962],[-84.65100183,9.62190099],[-84.65101791,9.62191994],[-84.65103352,9.62193772],[-84.65104704,9.6219594],[-84.65104707,9.62197477],[-84.6510401,9.62199901],[-84.6510334,9.622021],[-84.651034,9.62204441],[-84.65103851,9.622068],[-84.65104265,9.62209204],[-84.65105263,9.62211599],[-84.65105759,9.6221394],[-84.65105554,9.62216236],[-84.65106268,9.62217953],[-84.65106837,9.62220303],[-84.65106413,9.6222213],[-84.65106308,9.62224535],[-84.65106823,9.62226975],[-84.65107393,9.62229524],[-84.65107734,9.62231974],[-84.65108158,9.62234432],[-84.65108964,9.62236619],[-84.65109852,9.62238932],[-84.65110749,9.62241163],[-84.65112696,9.62244288],[-84.65116712,9.62248222],[-84.65118673,9.62249403],[-84.65120981,9.62250538],[-84.65123334,9.62251863],[-84.65125432,9.62253459],[-84.65127713,9.62255136],[-84.65129793,9.62256317],[-84.65131854,9.62257452],[-84.65133961,9.62258777],[-84.65136197,9.62260591],[-84.65137986,9.62262395],[-84.65139666,9.62264246],[-84.65141473,9.62265906],[-84.65143634,9.62266896],[-84.65146114,9.62267525],[-84.65148347,9.62268407],[-84.65150127,9.62269922],[-84.6515137,9.62271945],[-84.6515244,9.62274294],[-84.65152481,9.62276464],[-84.65151545,9.62277641],[-84.65149452,9.62279073],[-84.65147441,9.62280162],[-84.65145183,9.62280926],[-84.65143342,9.62280749],[-84.65141403,9.62281476],[-84.65139265,9.6228317],[-84.65137729,9.62285253],[-84.65136576,9.62287253],[-84.65136234,9.6228946],[-84.65137219,9.62290136],[-84.65139289,9.62291199],[-84.65141523,9.62291954],[-84.65143919,9.62291968],[-84.65146196,9.62291295],[-84.65148444,9.62290359],[-84.65150885,9.62289875],[-84.65153263,9.62289799],[-84.65155595,9.62289722],[-84.65158073,9.62289789],[-84.65160433,9.62289984],[-84.65162866,9.62289943],[-84.65165171,9.62289975],[-84.65167787,9.62290531],[-84.65170102,9.62290978],[-84.65172662,9.62291181],[-84.65175187,9.6229143],[-84.65177611,9.62291832],[-84.6518007,9.62291565],[-84.6518149,9.62290577],[-84.65183209,9.62289019],[-84.65185348,9.62288056],[-84.65187669,9.62287012],[-84.65189845,9.62286185],[-84.65192232,9.62286036],[-84.65194929,9.62286447],[-84.65197243,9.62286406],[-84.65199492,9.62285471],[-84.6520184,9.62284318],[-84.65204018,9.62284233],[-84.6520636,9.62284572],[-84.65208666,9.62284974],[-84.65211036,9.62285775],[-84.65213297,9.62286674],[-84.65215503,9.62287294],[-84.6521801,9.62287696],[-84.65220661,9.62287881],[-84.65223149,9.62288437],[-84.65225429,9.62289183],[-84.65227725,9.62289414],[-84.65230212,9.62289364],[-84.65232561,9.62288699],[-84.65234026,9.6228734],[-84.65235762,9.6228543],[-84.65236369,9.62283394],[-84.65237622,9.62281493],[-84.65239316,9.62280766],[-84.65241546,9.62279985],[-84.65243859,9.62279257],[-84.65246173,9.6227909],[-84.65247131,9.62279793],[-84.65248392,9.62281662],[-84.65248495,9.62283425],[-84.6524809,9.62285668],[-84.65247092,9.62287867],[-84.65247204,9.62289558],[-84.65248162,9.62290216],[-84.65249976,9.62290493],[-84.65250894,9.62289714],[-84.65250983,9.62288393],[-84.65251443,9.62286141],[-84.65252798,9.62284394],[-84.652541,9.6228402],[-84.65254899,9.6228288],[-84.65255024,9.62281261],[-84.65256088,9.62280129],[-84.65257408,9.62279927],[-84.65259878,9.6228051],[-84.65262193,9.62280841],[-84.65264051,9.62280304],[-84.65266364,9.62279694],[-84.65268074,9.62278452],[-84.65270259,9.62277317],[-84.65272416,9.62276445],[-84.65274692,9.6227541],[-84.65276694,9.62274276],[-84.65278844,9.62274046],[-84.65281111,9.62273454],[-84.65283278,9.62272754],[-84.65285338,9.62272913],[-84.65286378,9.62273743],[-84.65286426,9.6227499],[-84.65285699,9.62276212],[-84.65285711,9.62277686],[-84.65286581,9.62279701],[-84.65287849,9.62280639],[-84.65289856,9.62282108],[-84.65290588,9.62283671],[-84.65291594,9.62285857],[-84.65291251,9.6228725],[-84.65290362,9.6228935],[-84.65289683,9.6229162],[-84.65288587,9.62294715],[-84.65287182,9.62298659],[-84.65285801,9.6230076],[-84.65284118,9.62301902],[-84.65283228,9.62303558],[-84.65283214,9.62305566],[-84.65283392,9.62308025],[-84.65283505,9.6231033],[-84.65284056,9.62312662],[-84.6528528,9.62313907],[-84.65286987,9.62315658],[-84.65288285,9.62317834],[-84.65288972,9.62320139],[-84.65288657,9.6232192],[-84.65287522,9.62323894],[-84.65286889,9.62326237],[-84.6528672,9.62328597],[-84.65287416,9.6233034],[-84.65287584,9.62332673],[-84.65287124,9.62334925],[-84.65286773,9.62337331],[-84.6528583,9.62339511],[-84.65284476,9.62341512],[-84.65283068,9.6234335],[-84.65282388,9.62345494],[-84.65282747,9.62347311],[-84.65283289,9.62349525],[-84.65283876,9.62351721],[-84.65284546,9.62353935],[-84.65285652,9.62355986],[-84.65287113,9.62357782],[-84.6528852,9.62359741],[-84.652902,9.62361718],[-84.65291789,9.62363397],[-84.65293406,9.62365537],[-84.65294449,9.62367913],[-84.65295009,9.62370299],[-84.65295187,9.62372559],[-84.65295465,9.62374999],[-84.65296489,9.62376914],[-84.65296884,9.6237883],[-84.65299572,9.62383518],[-84.65302021,9.62387735],[-84.65303419,9.62389604],[-84.65304416,9.62391673],[-84.65305332,9.62393968],[-84.6530581,9.62396345],[-84.65306844,9.62398594],[-84.65307677,9.62400717],[-84.65307864,9.62403041],[-84.65307403,9.62405356],[-84.65306232,9.62407194],[-84.65304595,9.62409014],[-84.65303178,9.62411051],[-84.65301861,9.62413079],[-84.65299987,9.62414873],[-84.65297948,9.62415926],[-84.65295837,9.62417286],[-84.65294347,9.62419124],[-84.65293385,9.62421531],[-84.65292606,9.62423766],[-84.65291764,9.62426244],[-84.65291076,9.62428542],[-84.65290379,9.62430913],[-84.65290037,9.62433183],[-84.6528965,9.62435624],[-84.65289126,9.62437985],[-84.65288465,9.62440292],[-84.65287203,9.62442473],[-84.6528604,9.62444429],[-84.6528497,9.62446763],[-84.65283945,9.62449008],[-84.65283931,9.62451205],[-84.65285362,9.62456708],[-84.65287368,9.62462211],[-84.65288584,9.62464487],[-84.65289245,9.62466945],[-84.65290279,9.62469393],[-84.65291742,9.62471669],[-84.6529314,9.62473791],[-84.65294037,9.62476077],[-84.65295052,9.62478227],[-84.65295357,9.6248055],[-84.65296353,9.62482094],[-84.65298125,9.62483953],[-84.65299168,9.62486447],[-84.65299273,9.62488888],[-84.65299032,9.62491375],[-84.65299373,9.62493752],[-84.65299934,9.6249631],[-84.65300467,9.62498524],[-84.65301173,9.62501045],[-84.65302325,9.6250305],[-84.65303759,9.62505109],[-84.65305103,9.62507267],[-84.65306464,9.62509317],[-84.65307844,9.62511466],[-84.6530947,9.62513489],[-84.65310976,9.62515186],[-84.6531292,9.62516963],[-84.65314737,9.62518741],[-84.65316589,9.62520419],[-84.65318569,9.62521934],[-84.65320485,9.62523251],[-84.65322538,9.62524458],[-84.65324818,9.62525638],[-84.65327335,9.62526891],[-84.65329687,9.62527637],[-84.65332138,9.62528048],[-84.65334498,9.62527953],[-84.65336993,9.6252727],[-84.65339114,9.62526272],[-84.65341334,9.62524812],[-84.65343692,9.62523641],[-84.65346196,9.62523003],[-84.6534849,9.62522194],[-84.65350583,9.62520735],[-84.65352138,9.62518987],[-84.65354039,9.62517328],[-84.65355274,9.62515373],[-84.65355944,9.62513184],[-84.65357217,9.6251206],[-84.65358757,9.62511858],[-84.65361008,9.62512388],[-84.65363196,9.62513071],[-84.6536541,9.62512967],[-84.65367734,9.62513623],[-84.65369941,9.62514477],[-84.65372402,9.62515368],[-84.65374672,9.62516114],[-84.65376634,9.62517611],[-84.65378959,9.62518592],[-84.65380073,9.62519883],[-84.65381671,9.62521643],[-84.65382823,9.62523648],[-84.65384029,9.6252568],[-84.65385398,9.62526455],[-84.65387795,9.62526875],[-84.65390319,9.62527287],[-84.65392642,9.62527138],[-84.65394053,9.62526249],[-84.65396155,9.6252516],[-84.6539744,9.62525365],[-84.65399637,9.62526094],[-84.65401851,9.62526035],[-84.6540411,9.62525479],[-84.65405956,9.62524156],[-84.65407958,9.62522841],[-84.65409189,9.6252301],[-84.6541144,9.62523531],[-84.65413791,9.62523716],[-84.65416062,9.62524779],[-84.65417504,9.62526322],[-84.65417698,9.62527678],[-84.65417238,9.62529993],[-84.65414843,9.62540007],[-84.65413976,9.62543914],[-84.65414308,9.62546201],[-84.65415068,9.62548361],[-84.65416512,9.62550302],[-84.65417581,9.62552298],[-84.65417758,9.62554251],[-84.65417105,9.62555599],[-84.6541556,9.62557401],[-84.6541448,9.62559609],[-84.65413354,9.62561637],[-84.65412456,9.62563754],[-84.6541174,9.62565962],[-84.65410971,9.62568522],[-84.65410355,9.62570702],[-84.65410077,9.62572972],[-84.65410064,9.62575287],[-84.65410724,9.62577501],[-84.65411384,9.6257976],[-84.65412635,9.62581105],[-84.65414577,9.62581996],[-84.65416235,9.62581866],[-84.65416908,9.62581051],[-84.65418435,9.62579349],[-84.65420282,9.62578025],[-84.65420926,9.62576622],[-84.65421442,9.62574415],[-84.65421747,9.62572091],[-84.6542228,9.62569857],[-84.65424032,9.62566264],[-84.65425167,9.62564282],[-84.65426105,9.62564271],[-84.65427218,9.62565046],[-84.65428943,9.62566607],[-84.65430559,9.62568259],[-84.65432366,9.62570109],[-84.65434073,9.62571815],[-84.65435404,9.62571758],[-84.65436258,9.62570852],[-84.6543794,9.62569221],[-84.65439152,9.62569219],[-84.65441304,9.62570038],[-84.65442017,9.6257113],[-84.65443087,9.62573271],[-84.65444348,9.62575222],[-84.65444972,9.62577418],[-84.65446033,9.62579441],[-84.65447767,9.62580975],[-84.65449745,9.62581685],[-84.65452125,9.62582892],[-84.65454032,9.62584399],[-84.65455499,9.62584315],[-84.65457639,9.62583488],[-84.65458687,9.62584064],[-84.65459264,9.62585266],[-84.6545946,9.62587634],[-84.65459838,9.62589957],[-84.65460998,9.62591754],[-84.65461909,9.62591725],[-84.65464177,9.62591387],[-84.65466474,9.6259178],[-84.65468526,9.62592934],[-84.65469622,9.62594459],[-84.65469379,9.62595671],[-84.65468225,9.62597681],[-84.65468266,9.62599589],[-84.65469196,9.62600165],[-84.654708,9.62600244],[-84.65471453,9.62598895],[-84.65474168,9.62598619],[-84.65475362,9.62599286],[-84.6547736,9.62600656],[-84.6547933,9.6260181],[-84.65481328,9.6260318],[-84.65482553,9.62604941],[-84.65483984,9.62605553],[-84.65485162,9.62607016],[-84.65485101,9.62608182],[-84.65484247,9.62609648],[-84.6548406,9.62611611],[-84.65483098,9.62613701],[-84.65482164,9.62615801],[-84.65482911,9.62616224],[-84.65484697,9.62616266],[-84.65486974,9.62615927],[-84.65488142,9.62616567],[-84.65489311,9.62618102],[-84.65491191,9.62619599],[-84.65493316,9.62620644],[-84.65494749,9.6262226],[-84.65495436,9.62624293],[-84.65495295,9.62626363],[-84.65494406,9.62628662],[-84.65493287,9.62629405],[-84.65491111,9.62630169],[-84.6548982,9.62631482],[-84.65490386,9.62632123],[-84.6549242,9.62633512],[-84.6549349,9.62635381],[-84.65493447,9.62636918],[-84.65494269,9.62638029],[-84.65495637,9.62638487],[-84.65497888,9.6263889],[-84.65499685,9.62640008],[-84.6550007,9.62641173],[-84.65500994,9.6264335],[-84.65502492,9.62645255],[-84.65503762,9.62647206],[-84.65504568,9.62649429],[-84.65505608,9.62649888],[-84.65507986,9.62650091],[-84.65510275,9.62651],[-84.65510751,9.62652093],[-84.6551048,9.62653604],[-84.65509506,9.62654121],[-84.65507167,9.62655382],[-84.65505028,9.62656336],[-84.65503008,9.62657433],[-84.6550128,9.626592],[-84.65499041,9.6266037],[-84.65496902,9.62661396],[-84.65494936,9.62662774],[-84.65492953,9.62664297],[-84.65490842,9.62665666],[-84.65488831,9.62666854],[-84.65486811,9.6266807],[-84.65484535,9.62669096],[-84.65482049,9.62669788],[-84.65479699,9.62670362],[-84.65477551,9.6267127],[-84.65475348,9.62672133],[-84.6547319,9.62672987],[-84.65470987,9.62673859],[-84.65470288,9.62675018],[-84.65469754,9.62677252],[-84.6547004,9.62678897],[-84.65470095,9.62679195],[-84.65471127,9.62680559],[-84.65472607,9.62682437],[-84.65474368,9.62683988],[-84.65476393,9.6268525],[-84.65478609,9.62686033],[-84.65480933,9.62686245],[-84.65482845,9.62685518],[-84.65485194,9.62684935],[-84.65486571,9.62685439],[-84.65488714,9.6268633],[-84.65489569,9.62685741],[-84.65491781,9.62685049],[-84.65493268,9.62685571],[-84.65495083,9.62686987],[-84.6549669,9.62688711],[-84.65497103,9.62690292],[-84.65496844,9.62692734],[-84.65495854,9.62694237],[-84.65494336,9.62696175],[-84.65493966,9.62698029],[-84.6549448,9.62700152],[-84.65495805,9.62702266],[-84.6549733,9.6270418],[-84.65498846,9.62705931],[-84.65499925,9.62707927],[-84.65500175,9.62710087],[-84.6550008,9.62712592],[-84.6550084,9.62714824],[-84.65502311,9.62716512],[-84.65504655,9.62718171],[-84.65506808,9.62719559],[-84.65509225,9.62720947],[-84.65511341,9.62721947],[-84.65513475,9.62722919],[-84.6551588,9.62723141],[-84.65518158,9.62722919],[-84.65520507,9.62722463],[-84.65522519,9.6272132],[-84.65523973,9.62719545],[-84.65525866,9.62718158],[-84.65527959,9.62717268],[-84.6553021,9.62717227],[-84.65532425,9.62717928],[-84.65535014,9.62718502],[-84.65537292,9.62718724],[-84.65539715,9.62718792],[-84.65542157,9.62718443],[-84.65544107,9.62718937],[-84.65546531,9.62719122],[-84.65548616,9.62718504],[-84.65548742,9.62717545],[-84.6554933,9.62715347],[-84.65549089,9.62712987],[-84.65548692,9.62710746],[-84.65549236,9.62709],[-84.65550518,9.62707551],[-84.65551698,9.62705442],[-84.6555297,9.62703432],[-84.65554351,9.62701449],[-84.65556134,9.62700361],[-84.65557519,9.62700467],[-84.6555835,9.62701388],[-84.65559693,9.62703266],[-84.65560563,9.62705533],[-84.65560037,9.6270661],[-84.65558829,9.62708575],[-84.65558259,9.62710827],[-84.6555879,9.62712083],[-84.65560097,9.62714097],[-84.65561349,9.62716129],[-84.65562901,9.62717889],[-84.6556499,9.62719241],[-84.65567096,9.62720114],[-84.65569249,9.62721177],[-84.6557056,9.62720957],[-84.65571397,9.62720034],[-84.65571603,9.62718559],[-84.65571462,9.62716109],[-84.65572197,9.62714688],[-84.65573186,9.62712616],[-84.65574587,9.62711492],[-84.65576753,9.62710313],[-84.65577225,9.62709127],[-84.65576713,9.62708089],[-84.65577075,9.62706994],[-84.65578221,9.62706151],[-84.65580425,9.62705351],[-84.65582548,9.62705564],[-84.65584253,9.6270651],[-84.65585611,9.62706272],[-84.65587953,9.62706657],[-84.65590276,9.62706743],[-84.65592618,9.62706883],[-84.65593941,9.62707794],[-84.65594536,9.62709203],[-84.65593954,9.62709927],[-84.6559208,9.62711233],[-84.6559047,9.62712873],[-84.65590109,9.62714528],[-84.65590948,9.62714861],[-84.65593036,9.6271596],[-84.65593139,9.62716945],[-84.65592513,9.62718321],[-84.6559135,9.62720276],[-84.65590361,9.62722466],[-84.6558971,9.627247],[-84.65588392,9.62726719],[-84.65587239,9.62728728],[-84.65586888,9.62730872],[-84.65585844,9.62733026],[-84.65584344,9.62734376],[-84.65583163,9.62736485],[-84.65582293,9.62738819],[-84.65582307,9.62741079],[-84.65583101,9.6274181],[-84.65583956,9.62741465],[-84.65585011,9.62740197],[-84.65586775,9.62738494],[-84.65588795,9.62737035],[-84.65590971,9.62736154],[-84.65593057,9.62736168],[-84.65595391,9.6273695],[-84.65597543,9.62737814],[-84.65599885,9.62738071],[-84.65601915,9.62737417],[-84.6560276,9.62736222],[-84.65603549,9.62734077],[-84.65604009,9.62731834],[-84.65604928,9.62731208],[-84.65607012,9.6273002],[-84.65609051,9.62728967],[-84.65611108,9.6272777],[-84.65612462,9.62726013],[-84.65613625,9.62724058],[-84.65614222,9.62721778],[-84.65615304,9.627207],[-84.65617196,9.6271944],[-84.65619892,9.62719073],[-84.65622517,9.62719267],[-84.65624867,9.62718811],[-84.65627299,9.62718734],[-84.6562956,9.62719299],[-84.65631602,9.62720344],[-84.65633618,9.62721434],[-84.65634039,9.62722618],[-84.65633376,9.62723532],[-84.65632305,9.62725542],[-84.6563288,9.62726345],[-84.65633892,9.62726217],[-84.65636315,9.62726284],[-84.65638084,9.62727194],[-84.65640155,9.6272832],[-84.65640211,9.62729243],[-84.6563944,9.62730727],[-84.65637829,9.62731923],[-84.65636138,9.62733509],[-84.65635194,9.62735446],[-84.65635434,9.62736837],[-84.65636485,9.62738942],[-84.6563758,9.62739383],[-84.6563984,9.62739948],[-84.65642255,9.62740215],[-84.65643621,9.62739589],[-84.65645916,9.62739096],[-84.65647065,9.62739772],[-84.65648962,9.62741043],[-84.65651078,9.62742043],[-84.65652493,9.62743568],[-84.65654373,9.62744866],[-84.6565645,9.62745161],[-84.65658874,9.62745346],[-84.65661308,9.62746029],[-84.65663777,9.62746015],[-84.65666165,9.6274658],[-84.65668526,9.62746928],[-84.65670785,9.62746616],[-84.65673062,9.62746278],[-84.65674554,9.62745253],[-84.65674461,9.62744186],[-84.65675133,9.6274301],[-84.65676425,9.62742374],[-84.65678866,9.6274189],[-84.65681217,9.62741877],[-84.65683522,9.62741755],[-84.65685834,9.6274091],[-84.6568801,9.62740029],[-84.65690241,9.62739373],[-84.65692536,9.62739125],[-84.65694332,9.62739727],[-84.65696576,9.62740654],[-84.65698883,9.62741735],[-84.65700744,9.62743178],[-84.65702952,9.62744675],[-84.65705422,9.6274542],[-84.65707874,9.62745624],[-84.65709658,9.62744978],[-84.65710785,9.62743719],[-84.65710929,9.62742408],[-84.65710305,9.62740456],[-84.65709117,9.62738515],[-84.65707238,9.62737216],[-84.65704776,9.62736317],[-84.6570256,9.62735417],[-84.6570059,9.62734263],[-84.6569881,9.62732549],[-84.65698388,9.62731049],[-84.65698887,9.62729755],[-84.65700424,9.62728351],[-84.65702345,9.62727669],[-84.65704485,9.62726842],[-84.65706322,9.62725347],[-84.65707039,9.62723781],[-84.65706999,9.62722],[-84.65707825,9.62720434],[-84.65709617,9.62718821],[-84.65711573,9.62717525],[-84.65713776,9.62716779],[-84.65715514,9.62715374],[-84.65717005,9.62713663],[-84.65717502,9.62711808],[-84.65718409,9.62709736],[-84.65718569,9.62707385],[-84.65717901,9.62705885],[-84.65717568,9.62703553],[-84.65718185,9.62702259],[-84.65719314,9.62701678],[-84.65721471,9.6270058],[-84.65722489,9.62699095],[-84.6572335,9.62696915],[-84.65723719,9.62694617],[-84.65724444,9.62692464],[-84.65725351,9.62690383],[-84.65726194,9.62688103],[-84.65726062,9.62686024],[-84.65725222,9.62684859],[-84.65724197,9.62682727],[-84.65723332,9.62682873],[-84.65722195,9.62683843],[-84.65720302,9.62685103],[-84.65718572,9.62685351],[-84.65716712,9.62684785],[-84.65716045,9.62683728],[-84.65714857,9.62681786],[-84.65715192,9.62680873],[-84.65714941,9.62678025],[-84.65716949,9.62675236],[-84.65718796,9.62673786],[-84.65718548,9.6267291],[-84.65718853,9.62670576],[-84.65719753,9.62669734],[-84.65721929,9.62668726],[-84.65723949,9.62667583],[-84.65726042,9.6266625],[-84.65726932,9.6266472],[-84.6572652,9.62663591],[-84.65725687,9.62661341],[-84.65726167,9.62660201],[-84.65726691,9.62657921],[-84.65727899,9.62656075],[-84.65729408,9.62654209],[-84.65730853,9.62652425],[-84.65732892,9.62651056],[-84.65734903,9.62649868],[-84.65736594,9.62648156],[-84.65736819,9.62646655],[-84.65736532,9.62644313],[-84.65735726,9.62642082],[-84.65734631,9.62641324],[-84.65734146,9.62639978],[-84.65734636,9.62638964],[-84.65735992,9.62638085],[-84.65737604,9.62638091],[-84.65740083,9.62638393],[-84.65742452,9.6263847],[-84.65743744,9.62637717],[-84.65745929,9.62636755],[-84.65747415,9.62637087],[-84.65749603,9.62638095],[-84.65751855,9.62638859],[-84.65753276,9.62638468],[-84.65753622,9.62638359],[-84.65758366,9.62636993],[-84.65764656,9.62633953],[-84.65766812,9.6263233],[-84.65768867,9.62630491],[-84.65770969,9.62629085],[-84.65773273,9.62628511],[-84.65775723,9.62627964],[-84.65778137,9.62627706],[-84.65780489,9.62628217],[-84.65782786,9.62629171],[-84.65785101,9.62629339],[-84.65786129,9.62628613],[-84.65786773,9.62627093],[-84.65787315,9.62624705],[-84.65788413,9.62622587],[-84.65789951,9.62621698],[-84.65791528,9.62621885],[-84.65793806,9.62622107],[-84.65795563,9.62621127],[-84.65796862,9.62619452],[-84.65798462,9.62617568],[-84.65799916,9.62615667],[-84.65801097,9.62613675],[-84.65801685,9.62611477],[-84.65800982,9.626108],[-84.65799602,9.62608904],[-84.65799344,9.62607142],[-84.65798875,9.62604837],[-84.65799189,9.62602549],[-84.65800172,9.62601643],[-84.65802656,9.62600146],[-84.65804995,9.62599129],[-84.65806934,9.62597851],[-84.65808689,9.62596229],[-84.6581027,9.62594246],[-84.65811935,9.62592642],[-84.6581381,9.6259197],[-84.65814303,9.62592602],[-84.65814224,9.6259375],[-84.65814974,9.62595494],[-84.65816151,9.62596314],[-84.65817608,9.62596185],[-84.65818527,9.62595234],[-84.65820775,9.62593991],[-84.65822694,9.62592233],[-84.65823719,9.62590224],[-84.65824845,9.62588205],[-84.65826645,9.62586122],[-84.65828857,9.62584934],[-84.65831333,9.62584079],[-84.65833811,9.62583622],[-84.65836279,9.62583166],[-84.65838865,9.62582537],[-84.65841525,9.62582034],[-84.65843893,9.62581985],[-84.65845295,9.62581177],[-84.65846548,9.62579321],[-84.65848231,9.62577564],[-84.6585036,9.62576493],[-84.65852527,9.62575757],[-84.65853585,9.62576261],[-84.65853277,9.62577112],[-84.65852116,9.62579591],[-84.65850863,9.62581691],[-84.65849664,9.62583836],[-84.65848931,9.62586261],[-84.65847623,9.62588325],[-84.65846096,9.625901],[-84.65844431,9.62591703],[-84.65842548,9.62593009],[-84.65841121,9.6259501],[-84.65839905,9.62597055],[-84.65838751,9.62599137],[-84.65837571,9.62601119],[-84.65835762,9.62603202],[-84.65834025,9.62604924],[-84.65832187,9.62606419],[-84.6583014,9.62607616],[-84.65828238,9.62609076],[-84.65826858,9.62611257],[-84.6582524,9.62613051],[-84.65823384,9.626147],[-84.65822795,9.62616256],[-84.65822025,9.626185],[-84.65820789,9.62620446],[-84.65819144,9.62622149],[-84.6581726,9.62623455],[-84.65815733,9.6262523],[-84.65813704,9.62626771],[-84.65811931,9.62628302],[-84.65810057,9.62629852],[-84.65808292,9.62631482],[-84.65807567,9.62633265],[-84.65805949,9.62635302],[-84.6580476,9.62637448],[-84.65802977,9.62639223],[-84.65800884,9.6264024],[-84.65798845,9.62641283],[-84.65796907,9.62642562],[-84.65794896,9.62643949],[-84.65792922,9.62645282],[-84.65790792,9.62646353],[-84.6579012,9.62647539],[-84.65790551,9.62649012],[-84.65791884,9.62650727],[-84.65793136,9.62652705],[-84.65794596,9.62653461],[-84.65795145,9.62654762],[-84.65794902,9.62656291],[-84.65794141,9.62658625],[-84.65792851,9.62660788],[-84.65791087,9.62662166],[-84.65789176,9.62663535],[-84.65785056,9.62667105],[-84.65784074,9.62668282],[-84.65782465,9.62670003],[-84.6578183,9.62671885],[-84.65780413,9.62673732],[-84.65779247,9.62673924],[-84.65776869,9.62673721],[-84.65774482,9.62673988],[-84.65772306,9.62674796],[-84.65771188,9.62676182],[-84.65770909,9.62677774],[-84.65771585,9.62678876],[-84.6577246,9.6267882],[-84.65774766,9.62679457],[-84.65776972,9.62680113],[-84.6577946,9.62680271],[-84.65781847,9.6268052],[-84.65783808,9.62681501],[-84.65785815,9.62682917],[-84.65786319,9.62684227],[-84.65785975,9.62685656],[-84.65785059,9.62687738],[-84.65784654,9.62690162],[-84.65783528,9.62692388],[-84.65782001,9.62694154],[-84.6578051,9.62695866],[-84.65778819,9.62697451],[-84.65778339,9.62699043],[-84.65777888,9.62701332],[-84.65778428,9.62702587],[-84.65779339,9.62702432],[-84.65781189,9.62702944],[-84.65782491,9.6270248],[-84.65782626,9.62701567],[-84.65783916,9.62699602],[-84.65784727,9.62699908],[-84.65785687,9.62701263],[-84.65785918,9.62703134],[-84.65785576,9.62705567],[-84.65784679,9.62707693],[-84.65783405,9.62708744],[-84.65783344,9.62709983],[-84.6578403,9.62711699],[-84.65784509,9.62713995],[-84.65784102,9.62715985],[-84.65782966,9.62717199],[-84.65781001,9.62718577],[-84.65779197,9.62718815],[-84.65776921,9.62719471],[-84.657749,9.62720623],[-84.657731,9.6272238],[-84.65771527,9.62724282],[-84.65769936,9.62725967],[-84.65768628,9.62727841],[-84.65767575,9.62730067],[-84.65766468,9.6273214],[-84.65765734,9.62734365],[-84.65765766,9.62736671],[-84.65766634,9.6273817],[-84.65768223,9.62739804],[-84.65769702,9.62741609],[-84.65771581,9.62742907],[-84.65773562,9.62744631],[-84.65775433,9.6274639],[-84.6577764,9.62747616],[-84.65779774,9.62748705],[-84.65781654,9.62750085],[-84.65783643,9.62751727],[-84.65785478,9.62753351],[-84.65787694,9.62754377],[-84.65789443,9.62754229],[-84.6579182,9.62753791],[-84.65794153,9.62754121],[-84.65795594,9.62755221],[-84.65796955,9.62757081],[-84.65797976,9.6275707],[-84.65799268,9.62756236],[-84.65801051,9.62754705],[-84.65802706,9.62753056],[-84.65804635,9.62751732],[-84.65808621,9.62749338],[-84.65811731,9.62746267],[-84.65813687,9.62744843],[-84.65815323,9.62743023],[-84.65815448,9.62741739],[-84.658147,9.62740954],[-84.65814387,9.62739471],[-84.65815041,9.62738439],[-84.65816933,9.62736854],[-84.65818844,9.62735367],[-84.65820882,9.6273407],[-84.65822692,9.62732358],[-84.65824283,9.62730628],[-84.65824108,9.62729562],[-84.65824723,9.62727255],[-84.65825833,9.62726394],[-84.65827871,9.62725214],[-84.65829755,9.62723909],[-84.65831912,9.62723172],[-84.65833198,9.62723577],[-84.65834658,9.62724894],[-84.65834733,9.62725979],[-84.65834282,9.62728222],[-84.65833904,9.62730546],[-84.65833179,9.62732826],[-84.6583197,9.62734031],[-84.65830023,9.62735382],[-84.65828094,9.62736778],[-84.65826339,9.62738526],[-84.65825895,9.62740046],[-84.65826715,9.62739963],[-84.65827892,9.62740657],[-84.65827684,9.62741489],[-84.65826841,9.62743769],[-84.65825469,9.62745879],[-84.65824316,9.62747879],[-84.65824147,9.62749742],[-84.65824904,9.62750211],[-84.65827164,9.62750785],[-84.65827965,9.62750078],[-84.65829218,9.62748177],[-84.65830755,9.62746456],[-84.65832629,9.62744898],[-84.65834732,9.62744008],[-84.65837109,9.62743813],[-84.65838948,9.62742833],[-84.65840075,9.62741375],[-84.65841577,9.62740911],[-84.65843908,9.62740039],[-84.65845992,9.62738986],[-84.65846455,9.62737873],[-84.65847754,9.62735954],[-84.65848938,9.62735608],[-84.65849932,9.62736149],[-84.65850052,9.62737107],[-84.65850002,9.62739476],[-84.65849761,9.62741899],[-84.65849009,9.62744035],[-84.6584781,9.62746044],[-84.65846647,9.62748008],[-84.65845549,9.6275],[-84.65844386,9.62751964],[-84.65844498,9.62753311],[-84.65845272,9.62753165],[-84.65845981,9.62752241],[-84.65847271,9.62750204],[-84.65848899,9.62748528],[-84.65850836,9.62746942],[-84.65852218,9.62745077],[-84.65853316,9.62743032],[-84.65854679,9.62741203],[-84.65855495,9.62739031],[-84.65855183,9.62737667],[-84.65853995,9.62736168],[-84.65853774,9.62734668],[-84.65854345,9.62733265],[-84.65855607,9.62731201],[-84.65856773,9.62730964],[-84.65859077,9.627302],[-84.65860672,9.62730477],[-84.65861001,9.62731363],[-84.65860081,9.62735876],[-84.65859075,9.62738735],[-84.65859406,9.62740308],[-84.65860198,9.6274008],[-84.65862484,9.62739344],[-84.65864861,9.62739221],[-84.65866402,9.62739915],[-84.65866614,9.62740846],[-84.65866005,9.62741868],[-84.65864798,9.62744032],[-84.65864192,9.62746384],[-84.65864596,9.62748236],[-84.65865102,9.62750559],[-84.65864595,9.62752052],[-84.6586335,9.6275407],[-84.65861567,9.62755484],[-84.6585991,9.62755813],[-84.65857808,9.62757146],[-84.6585587,9.62758497],[-84.65854123,9.62759965],[-84.65852715,9.62761939],[-84.65850686,9.62763227],[-84.65848565,9.6276427],[-84.65846298,9.6276498],[-84.65845981,9.62765984],[-84.65846466,9.6276733],[-84.65847497,9.62767934],[-84.65848526,9.62767652],[-84.65850765,9.62766608],[-84.65852923,9.62765672],[-84.65853525,9.62766322],[-84.65853409,9.62767462],[-84.65852384,9.62769778],[-84.65852006,9.6277203],[-84.65852674,9.62773648],[-84.65853944,9.62775526],[-84.65855366,9.62775894],[-84.65856795,9.62775421],[-84.65857377,9.6277438],[-84.65858904,9.62772487],[-84.65860342,9.62772186],[-84.65861993,9.62772699],[-84.658641,9.62773969],[-84.65866107,9.62775267],[-84.65866647,9.62776568],[-84.65866267,9.62777934],[-84.65864949,9.62779637],[-84.65863413,9.62781484],[-84.65863088,9.62783076],[-84.65861924,9.62784082],[-84.65860329,9.62784239],[-84.65858673,9.62785327],[-84.65858721,9.6278633],[-84.65857987,9.62788511],[-84.65856849,9.62788965],[-84.65854472,9.62789277],[-84.65852168,9.62789842],[-84.65849901,9.62791076],[-84.65847817,9.62792255],[-84.65846081,9.62794094],[-84.65844672,9.62795941],[-84.65843443,9.62796215],[-84.65841331,9.62797385],[-84.65840123,9.62799033],[-84.65838669,9.62801007],[-84.65837306,9.62802836],[-84.65837181,9.62804563],[-84.65837778,9.62806867],[-84.6583967,9.62809811],[-84.65842377,9.62810692],[-84.65844272,9.62810517],[-84.65846651,9.62810765],[-84.65847551,9.6281004],[-84.65849188,9.62808419],[-84.65850715,9.62806653],[-84.65851923,9.62804562],[-84.65853459,9.62802714],[-84.65854998,9.6280207],[-84.65857184,9.62801993],[-84.65858625,9.62802777],[-84.65859001,9.62803852],[-84.65860499,9.62805748],[-84.65862278,9.62807264],[-84.65862408,9.62808466],[-84.65861728,9.62810239],[-84.658605,9.62811155],[-84.65858434,9.62812189],[-84.65856056,9.62812429],[-84.65854036,9.62813572],[-84.65853829,9.6281473],[-84.6585397,9.6281718],[-84.6585317,9.62818321],[-84.65851278,9.62819581],[-84.65849365,9.62819666],[-84.65847086,9.62819245],[-84.65845611,9.62819854],[-84.65844693,9.6282104],[-84.65843376,9.62823059],[-84.6584201,9.62823251],[-84.65840204,9.62822522],[-84.65837989,9.6282174],[-84.65836696,9.62822131],[-84.65834758,9.62823527],[-84.65833422,9.62825384],[-84.65833116,9.62827274],[-84.65833829,9.62828312],[-84.65835535,9.62829385],[-84.65836978,9.62831172],[-84.65837026,9.62832754],[-84.65836172,9.62834031],[-84.65834198,9.6283568],[-84.65832005,9.62836914],[-84.65830219,9.62836927],[-84.65827886,9.62836588],[-84.65827068,9.62837312],[-84.65826361,9.62839122],[-84.65825317,9.62841158],[-84.65823788,9.62842282],[-84.6582185,9.6284376],[-84.65819813,9.62845247],[-84.65819451,9.62846585],[-84.65819419,9.62849054],[-84.65819579,9.62851477],[-84.65818945,9.62853485],[-84.65819049,9.62855754],[-84.65819099,9.62858024],[-84.6581955,9.62860428],[-84.65820129,9.62862759],[-84.65821126,9.62864819],[-84.65822096,9.62866915],[-84.65823084,9.62869056],[-84.65823945,9.62871269],[-84.65824997,9.62873491],[-84.65826076,9.62875732],[-84.65827419,9.62877691],[-84.65829126,9.62879198],[-84.65831315,9.62880649],[-84.65833395,9.6288183],[-84.65835783,9.62882512],[-84.65838089,9.62882634],[-84.65840494,9.62882612],[-84.65842862,9.62882372],[-84.65845184,9.62881699],[-84.65847214,9.62880601],[-84.65849399,9.62879521],[-84.65851464,9.62878169],[-84.65853904,9.62876998],[-84.65856153,9.62876244],[-84.65858766,9.6287576],[-84.65861107,9.62875375],[-84.65863494,9.6287538],[-84.65866119,9.62875818],[-84.65868362,9.62876546],[-84.65870931,9.62876505],[-84.65873007,9.62875714],[-84.65873387,9.62874674],[-84.65873184,9.62872902],[-84.65873836,9.62871102],[-84.65874788,9.62868894],[-84.65876315,9.62867001],[-84.65878127,9.6286613],[-84.65880413,9.6286551],[-84.65882836,9.62865506],[-84.65885124,9.62865972],[-84.65887603,9.62866274],[-84.6588833,9.62865568],[-84.65889948,9.62863774],[-84.65891348,9.62861764],[-84.6589334,9.62860404],[-84.65895498,9.62859424],[-84.65897784,9.6285913],[-84.6589896,9.62859752],[-84.65900995,9.62860941],[-84.65903047,9.62861977],[-84.65903884,9.62861424],[-84.65904337,9.62860067],[-84.65905581,9.62858039],[-84.65906825,9.62856084],[-84.65908591,9.6285495],[-84.65910185,9.62854857],[-84.65911899,9.62855532],[-84.65913475,9.62855276],[-84.65915668,9.62854241],[-84.65918027,9.62853386],[-84.65919976,9.62853482],[-84.65922229,9.62854328],[-84.65924299,9.62855463],[-84.65926024,9.62856942],[-84.6592644,9.62859925],[-84.65927618,9.62861306],[-84.65929542,9.62862541],[-84.65930165,9.62863978],[-84.65930068,9.62865841],[-84.65929535,9.62868147],[-84.65929257,9.62870498],[-84.65929544,9.62872966],[-84.65930141,9.62875343],[-84.65930829,9.62877575],[-84.6593218,9.62879064],[-84.65933767,9.62879568],[-84.659359,9.62880585],[-84.65937989,9.62881684],[-84.65938219,9.62882787],[-84.65937803,9.62884533],[-84.65936522,9.62886416],[-84.65935862,9.62888732],[-84.65936284,9.62890241],[-84.65936962,9.62892464],[-84.65937641,9.62894777],[-84.659378,9.62897073],[-84.65937149,9.62899317],[-84.65936023,9.62901534],[-84.65935936,9.62903641],[-84.65936569,9.62906009],[-84.6593782,9.62907227],[-84.65939598,9.62907856],[-84.65941596,9.62909227],[-84.65943494,9.62910688],[-84.65945152,9.6291101],[-84.65947622,9.62911385],[-84.65950365,9.62911579],[-84.65952679,9.62911303],[-84.65955147,9.62911036],[-84.6595767,9.6291057],[-84.65960202,9.62909824],[-84.6596256,9.62909096],[-84.6596479,9.62908007],[-84.659667,9.62906313],[-84.65968673,9.62904419],[-84.65970749,9.62903312],[-84.65972844,9.62903263],[-84.65975196,9.6290381],[-84.65977684,9.62904284],[-84.65979963,9.62904895],[-84.65980721,9.6290606],[-84.65981455,9.629084],[-84.65982531,9.62909185],[-84.65984738,9.62910293],[-84.65986999,9.62910984],[-84.65989705,9.62910862],[-84.6599189,9.62910026],[-84.65994193,9.62909063],[-84.65996461,9.62908353],[-84.65998754,9.62906902],[-84.65999689,9.62905364],[-84.66000943,9.62903462],[-84.66002123,9.62901272],[-84.66002583,9.62898957],[-84.6600297,9.62896632],[-84.66003212,9.62894218],[-84.66003207,9.62891731],[-84.66002438,9.62890087],[-84.66001244,9.62889547],[-84.65999992,9.62887958],[-84.66000054,9.62886593],[-84.65999903,9.62884215],[-84.66000748,9.62882704],[-84.66002384,9.62881001],[-84.66003209,9.62878946],[-84.66003633,9.62876685],[-84.6600392,9.62874388],[-84.66003515,9.62872093],[-84.66004059,9.62870663],[-84.66005559,9.62868996],[-84.66007589,9.62868224],[-84.66008556,9.62868792],[-84.66010127,9.62870651],[-84.66011315,9.62872593],[-84.66011812,9.62874988],[-84.66011607,9.62877348],[-84.6601068,9.62878562],[-84.66008915,9.62880192],[-84.66009036,9.6288135],[-84.66009997,9.62883708],[-84.66010767,9.62885993],[-84.6601068,9.62888308],[-84.66010193,9.62890723],[-84.66008985,9.62892697],[-84.66009079,9.62894197],[-84.66009983,9.62895127],[-84.66011999,9.62896344],[-84.66013155,9.6289598],[-84.66013772,9.62894686],[-84.66014551,9.62892451],[-84.66014884,9.62890136],[-84.66014217,9.62888953],[-84.6601383,9.62886711],[-84.66014291,9.62884829],[-84.66014915,9.6288245],[-84.66014956,9.62880036],[-84.66015106,9.62877685],[-84.66015639,9.62875252],[-84.66016776,9.62874364],[-84.66018139,9.62872526],[-84.66017973,9.62871387],[-84.66018681,9.6287002],[-84.66019891,9.62869376],[-84.66022277,9.62868738],[-84.66024499,9.62868165],[-84.66026875,9.6286741],[-84.66029308,9.62867206],[-84.66030226,9.6286621],[-84.66029951,9.62865243],[-84.66029828,9.62862955],[-84.66030142,9.6286055],[-84.66031123,9.62859002],[-84.66032144,9.62859036],[-84.66033117,9.62858284],[-84.66033433,9.62856882],[-84.66034587,9.62855315],[-84.66035394,9.6285309],[-84.66035226,9.62851191],[-84.66035905,9.62849047],[-84.66037088,9.62848385],[-84.66038889,9.62846817],[-84.66039961,9.6284488],[-84.66041253,9.62844173],[-84.66043521,9.6284378],[-84.66044834,9.62844319],[-84.66045224,9.62843451],[-84.66044966,9.62842077],[-84.66045126,9.62839663],[-84.66045951,9.62837527],[-84.66047351,9.62836159],[-84.66048435,9.62836157],[-84.66050686,9.6283656],[-84.66053018,9.62836257],[-84.66054805,9.62836886],[-84.66055573,9.62838087],[-84.6605585,9.6283994],[-84.66056793,9.62842534],[-84.66056745,9.62845915],[-84.66056021,9.62848141],[-84.66054584,9.62849771],[-84.66053093,9.62851483],[-84.66051621,9.62853294],[-84.66050546,9.62853341],[-84.66048434,9.62854303],[-84.66048299,9.62855343],[-84.66048686,9.62857666],[-84.66049065,9.62859989],[-84.66048585,9.62861771],[-84.66047952,9.62864105],[-84.66048366,9.62866003],[-84.66048643,9.62868299],[-84.6604811,9.62870289],[-84.66047413,9.62872542],[-84.66047016,9.62874939],[-84.66047494,9.62877045],[-84.66048479,9.62877658],[-84.66050714,9.62878657],[-84.66052545,9.62878635],[-84.66054876,9.62877763],[-84.66055602,9.62876613],[-84.66056828,9.62874377],[-84.66057233,9.62872071],[-84.66057274,9.62869648],[-84.66057597,9.62867242],[-84.66057802,9.6286481],[-84.66058636,9.62862602],[-84.66059844,9.62860638],[-84.66061572,9.62859061],[-84.66062543,9.62857025],[-84.66062784,9.62854656],[-84.66063035,9.62852286],[-84.66063331,9.62849989],[-84.6606434,9.62848649],[-84.66066151,9.62847579],[-84.66067496,9.62845894],[-84.66067693,9.62844258],[-84.6606778,9.62841952],[-84.66068651,9.62839889],[-84.66069825,9.62839181],[-84.66071628,9.6283906],[-84.66072823,9.62839926],[-84.66073865,9.6284166],[-84.66074088,9.62843522],[-84.66075139,9.62845301],[-84.66075572,9.62847615],[-84.66075101,9.62849325],[-84.66075424,9.62851168],[-84.66075738,9.6285341],[-84.66076568,9.62853816],[-84.66078502,9.62855222],[-84.66079936,9.62857154],[-84.66081134,9.62859349],[-84.66081421,9.6286169],[-84.66081325,9.62864078],[-84.6608113,9.62866555],[-84.66080934,9.62868834],[-84.6608051,9.62871095],[-84.66079429,9.62872671],[-84.66077573,9.62874067],[-84.6607667,9.62873707],[-84.66075036,9.62872209],[-84.66073548,9.62870358],[-84.66072732,9.62868081],[-84.66071517,9.6286604],[-84.66070359,9.62865762],[-84.66069303,9.62866343],[-84.66068713,9.62867537],[-84.66067798,9.62869809],[-84.66066982,9.6287198],[-84.66065618,9.62873375],[-84.66063863,9.62875124],[-84.66062874,9.62877313],[-84.66062533,9.62879701],[-84.66062938,9.62882123],[-84.6606328,9.62884374],[-84.66063685,9.6288667],[-84.66064482,9.62888856],[-84.66065448,9.62888981],[-84.66067826,9.62888859],[-84.66070068,9.62889343],[-84.66072328,9.62889908],[-84.66073539,9.62889345],[-84.66075642,9.62888256],[-84.66077836,9.62887466],[-84.66078793,9.62887934],[-84.66080355,9.62889676],[-84.6608096,9.62891573],[-84.66080617,9.62893084],[-84.66079498,9.62894144],[-84.66077468,9.62895242],[-84.66075448,9.62896385],[-84.66074166,9.62898033],[-84.66074315,9.62899244],[-84.66074401,9.62901541],[-84.66073565,9.6290279],[-84.66072047,9.62904484],[-84.66070365,9.62906114],[-84.6607044,9.62907208],[-84.66071261,9.62907957],[-84.66072728,9.62908189],[-84.6607496,9.62907787],[-84.66077838,9.62907257],[-84.66080389,9.62907252],[-84.66081466,9.62908037],[-84.66082763,9.62909933],[-84.66084461,9.62911521],[-84.6608601,9.6291188],[-84.66087771,9.62913179],[-84.66088229,9.62914552],[-84.66087805,9.62916253],[-84.66086597,9.62918343],[-84.66085827,9.62920578],[-84.66084436,9.62922199],[-84.66083397,9.62922237],[-84.66082111,9.62921471],[-84.66079959,9.62920526],[-84.66079222,9.62921061],[-84.66078697,9.62922463],[-84.66078964,9.62923946],[-84.6607864,9.62926433],[-84.66077569,9.62928126],[-84.66076525,9.62930207],[-84.66076837,9.62931436],[-84.66077758,9.62931896],[-84.66079919,9.62932687],[-84.66082243,9.62933089],[-84.66083089,9.62932464],[-84.66085,9.62930923],[-84.66087403,9.6293006],[-84.66089845,9.62929901],[-84.66090776,9.62930722],[-84.66090742,9.62931988],[-84.66089843,9.62933916],[-84.66088453,9.62935853],[-84.66087154,9.62937764],[-84.66085645,9.62939701],[-84.66084903,9.62941963],[-84.66083649,9.62943991],[-84.66083289,9.62946288],[-84.66084001,9.62946811],[-84.66085799,9.62948254],[-84.66086239,9.62949655],[-84.6608658,9.62951915],[-84.66085945,9.62953109],[-84.66084135,9.62954632],[-84.66082059,9.62955296],[-84.66080791,9.62954864],[-84.66079787,9.62953718],[-84.66078246,9.62953395],[-84.6607751,9.62954183],[-84.66076348,9.62956138],[-84.66074692,9.62957426],[-84.6607311,9.62959282],[-84.66072066,9.62961355],[-84.66072106,9.62963027],[-84.66072621,9.62965268],[-84.66072288,9.62967629],[-84.66072129,9.62969926],[-84.66072616,9.62972276],[-84.66072429,9.62974726],[-84.66070509,9.62980498],[-84.66070855,9.62985046],[-84.66071598,9.62987431],[-84.66072422,9.62989835],[-84.660728,9.62992103],[-84.66072833,9.62994653],[-84.66072847,9.62997184],[-84.66072651,9.62999472],[-84.66073075,9.63001858],[-84.66073207,9.63004191],[-84.66073266,9.63006704],[-84.66073107,9.63009372],[-84.66073066,9.63011669],[-84.66073108,9.63014345],[-84.66073295,9.63016903],[-84.66073655,9.63019208],[-84.66074324,9.63021395],[-84.66075649,9.63023065],[-84.66077683,9.63024372],[-84.66079717,9.63025562],[-84.6608176,9.63026796],[-84.66083885,9.63027968],[-84.66086283,9.63028587],[-84.6608835,9.63028312],[-84.66090626,9.63027403],[-84.660922,9.63025945],[-84.66092743,9.63024325],[-84.66093914,9.6302209],[-84.66095678,9.63020142],[-84.66097943,9.63018474],[-84.66099972,9.6301706],[-84.66101801,9.63015519],[-84.66103931,9.63014521],[-84.66106117,9.63014444],[-84.66108413,9.63014512],[-84.66110873,9.63014327],[-84.66113296,9.63014006],[-84.66115591,9.63013386],[-84.66117794,9.63012324],[-84.66119722,9.63010883],[-84.66121295,9.63008981],[-84.66122421,9.63006881],[-84.66123163,9.63004692],[-84.66124437,9.63003568],[-84.66126302,9.63002163],[-84.66128166,9.63000569],[-84.66130269,9.6299948],[-84.66132582,9.62998878],[-84.66135169,9.6299881],[-84.66137504,9.6299971],[-84.66139728,9.6300042],[-84.66141167,9.62999992],[-84.66142895,9.62998669],[-84.66144669,9.62997011],[-84.66145826,9.62996972],[-84.66147412,9.6299772],[-84.66149119,9.62999353],[-84.66150526,9.6300115],[-84.66152197,9.63003036],[-84.66153877,9.63004651],[-84.66155656,9.63006122],[-84.66157499,9.63007592],[-84.66159696,9.63008202],[-84.66161993,9.63008352],[-84.66163103,9.63007608],[-84.66164338,9.63005852],[-84.66166003,9.63004248],[-84.66167822,9.6300278],[-84.66169961,9.63001637],[-84.66171515,9.62999961],[-84.66172532,9.62997907],[-84.6617422,9.62994676],[-84.6617725,9.62992319],[-84.66179115,9.62990842],[-84.66180742,9.62989166],[-84.66182709,9.62988357],[-84.66183584,9.62988826],[-84.66183832,9.62989901],[-84.66183362,9.62991656],[-84.66182008,9.62993413],[-84.66181565,9.62995376],[-84.66182242,9.62996722],[-84.66183485,9.62998654],[-84.6618488,9.62999131],[-84.66187122,9.6299985],[-84.66188282,9.63001014],[-84.6618988,9.63003018],[-84.66190431,9.63005205],[-84.66189969,9.63006761],[-84.66189081,9.6300905],[-84.66187817,9.63010219],[-84.66187264,9.6301192],[-84.66187387,9.63014081],[-84.66187574,9.63016404],[-84.66187888,9.63018646],[-84.66188512,9.63020832],[-84.66188206,9.63022849],[-84.66187153,9.63024958],[-84.6618558,9.6302629],[-84.66184545,9.63028372],[-84.66185075,9.63029067],[-84.66186296,9.63029308],[-84.66187619,9.63030454],[-84.66188935,9.63032396],[-84.66190197,9.63034672],[-84.66191695,9.63036649],[-84.66193402,9.63038156],[-84.66193915,9.63039755],[-84.66193691,9.63041582],[-84.66193039,9.63043816],[-84.66192533,9.63046141],[-84.66192902,9.63048102],[-84.66193878,9.63048986],[-84.66196119,9.63053602],[-84.66198894,9.63056092],[-84.66200465,9.63057834],[-84.66200696,9.63059497],[-84.66200855,9.6306192],[-84.66201714,9.63062986],[-84.66203593,9.6306404],[-84.66205581,9.63065239],[-84.6620798,9.63066536],[-84.6621046,9.63067725],[-84.66212494,9.63068842],[-84.66214792,9.63069669],[-84.66217216,9.63070062],[-84.66219432,9.63071089],[-84.66221849,9.63072233],[-84.66224138,9.63073223],[-84.66226482,9.63074484],[-84.66228222,9.63074535],[-84.66230564,9.63074675],[-84.66233124,9.63074833],[-84.66235403,9.63075254],[-84.6623769,9.63075276],[-84.66240096,9.63075742],[-84.66242793,9.63075818],[-84.66245363,9.63075903],[-84.66247923,9.63076016],[-84.66250282,9.63075858],[-84.66260211,9.63074401],[-84.66266912,9.63072372],[-84.66269444,9.63071554],[-84.66271684,9.63070826],[-84.66273923,9.63069782],[-84.66276035,9.6306881],[-84.66278449,9.63068643],[-84.6628079,9.63068702],[-84.66283114,9.63068914],[-84.6628543,9.63069597],[-84.66287954,9.63069891],[-84.66290478,9.63069786],[-84.66292782,9.63069583],[-84.66295096,9.63069379],[-84.66297556,9.63069519],[-84.6630008,9.63069288],[-84.66302521,9.63069257],[-84.66304809,9.63069722],[-84.66307015,9.6307046],[-84.66309376,9.63071052],[-84.66311755,9.63071454],[-84.6631428,9.63071793],[-84.66316803,9.63071761],[-84.66319264,9.63072018],[-84.66321898,9.63072456],[-84.66324258,9.63072931],[-84.66326628,9.63073532],[-84.66328926,9.6307417],[-84.66331268,9.63074744],[-84.66334285,9.63075145],[-84.66336845,9.63074986],[-84.66339167,9.63074394],[-84.66341863,9.63073955],[-84.66344351,9.63074104],[-84.66346948,9.63074723],[-84.66349283,9.63075939],[-84.66351463,9.63077029],[-84.66354279,9.63077304],[-84.66357031,9.63077416],[-84.66359582,9.63077727],[-84.66362171,9.63078346],[-84.66364733,9.63079019],[-84.66367384,9.63079114],[-84.66369852,9.63078775],[-84.66372375,9.63078309],[-84.66374725,9.63077653],[-84.663769,9.63076772],[-84.6637903,9.63075647],[-84.66381306,9.63074792],[-84.66383592,9.63074173],[-84.66386388,9.63073716],[-84.66389021,9.63073638],[-84.66391436,9.63073905],[-84.66393651,9.63074561],[-84.66395958,9.63075569],[-84.66397892,9.63076777],[-84.664001,9.63077957],[-84.66402234,9.63079164],[-84.66404087,9.6308077],[-84.66405685,9.63082648],[-84.66407219,9.63084363],[-84.66408334,9.63086422],[-84.66409395,9.63088572],[-84.66410394,9.63091201],[-84.66411027,9.63093514],[-84.66411022,9.63096001],[-84.66410553,9.63098271],[-84.66410922,9.63100739],[-84.66410809,9.63103081],[-84.66410859,9.63105431],[-84.66410599,9.63107873],[-84.66409492,9.63109864],[-84.66407791,9.63111658],[-84.66406702,9.63113821],[-84.66406542,9.63115919],[-84.664073,9.63116758],[-84.66409025,9.63118436],[-84.66409055,9.63119729],[-84.6640821,9.63120807],[-84.66406417,9.63121651],[-84.66403985,9.63122054],[-84.66401707,9.63121959],[-84.66399136,9.63121231],[-84.66396522,9.63121399],[-84.66394619,9.63122298],[-84.66392727,9.63123757],[-84.6639078,9.63125108],[-84.66388806,9.6312664],[-84.6638717,9.63128578],[-84.66386345,9.63130831],[-84.66386431,9.63132856],[-84.66387173,9.63135115],[-84.66387816,9.63137799],[-84.6638825,9.63140438],[-84.6638789,9.63142898],[-84.66386755,9.63144953],[-84.66385657,9.63147188],[-84.66384814,9.63149351],[-84.66384891,9.63151322],[-84.66385834,9.63153716],[-84.6638684,9.6315583],[-84.66388129,9.6315787],[-84.66389381,9.63159975],[-84.66391124,9.631613],[-84.66392139,9.63163062],[-84.66393792,9.63165174],[-84.66395735,9.63166635],[-84.66397971,9.63168394],[-84.66400261,9.63169746],[-84.66401949,9.63171352],[-84.66403339,9.63173628],[-84.66404764,9.63175759],[-84.66406662,9.63177229],[-84.66408306,9.63179215],[-84.66408993,9.6318132],[-84.66409754,9.63183687],[-84.66410315,9.63186037],[-84.66410557,9.63188713],[-84.66411217,9.63191053],[-84.66411841,9.63193322],[-84.66412001,9.63195744],[-84.66411623,9.63198114],[-84.66410397,9.63200115],[-84.66409013,9.63200768],[-84.66406574,9.63201939],[-84.66404043,9.63203192],[-84.66401804,9.63204164],[-84.66400955,9.63203596],[-84.66400114,9.63202069],[-84.66399244,9.63199675],[-84.66398602,9.63197434],[-84.66397832,9.63194904],[-84.66397262,9.63192428],[-84.66396738,9.63189942],[-84.66395594,9.63187738],[-84.6639396,9.63185924],[-84.66392017,9.63184906],[-84.66389684,9.63184251],[-84.66387286,9.63183713],[-84.66384607,9.6318341],[-84.66382996,9.63184037],[-84.66381523,9.63185604],[-84.66380962,9.63187694],[-84.66380347,9.63190118],[-84.6637893,9.63192237],[-84.66376948,9.63194212],[-84.66375119,9.63195824],[-84.66373127,9.63197429],[-84.66370988,9.63198581],[-84.66368548,9.63199182],[-84.66366445,9.63200073],[-84.66362167,9.63202486],[-84.66356851,9.63205019],[-84.66355278,9.63206595],[-84.66355008,9.63208313],[-84.66355395,9.63210555],[-84.66356183,9.63212814],[-84.66356616,9.63215127],[-84.66356256,9.63217343],[-84.6635544,9.63219524],[-84.66354096,9.63221642],[-84.66352578,9.63223462],[-84.66350987,9.632254],[-84.66348958,9.63226688],[-84.66347441,9.63228825],[-84.66346479,9.63231033],[-84.66345582,9.63233277],[-84.66345386,9.63235764],[-84.6634571,9.63238168],[-84.66346571,9.63240635],[-84.66347323,9.63243264],[-84.66347692,9.63245614],[-84.6634736,9.63248056],[-84.6634617,9.63249993],[-84.66344214,9.63251543],[-84.66342139,9.63252849],[-84.66340648,9.63254561],[-84.66339185,9.6325649],[-84.66338105,9.63258499],[-84.66336569,9.63260545],[-84.66334513,9.63261869],[-84.66332209,9.63262714],[-84.6632975,9.63263018],[-84.66327427,9.63263176],[-84.66325077,9.63263388],[-84.66322299,9.63263818],[-84.66319985,9.63264338],[-84.66317673,9.63265373],[-84.66315689,9.63266535],[-84.66313377,9.63267823],[-84.66311476,9.63269156],[-84.66309657,9.63270624],[-84.66308221,9.63272697],[-84.66307114,9.63274887],[-84.66306389,9.63277122],[-84.66304945,9.63279268],[-84.66303034,9.63280555],[-84.66301224,9.63281951],[-84.66299623,9.63283591],[-84.66298834,9.6328559],[-84.66298,9.63287789],[-84.66296847,9.63289753],[-84.6629511,9.63291465],[-84.66293118,9.63292952],[-84.66290778,9.6329358],[-84.66288572,9.63293241],[-84.6628734,9.63292186],[-84.66285205,9.63290779],[-84.66283255,9.63290475],[-84.66280976,9.63289937],[-84.66278878,9.63288911],[-84.66276526,9.63288038],[-84.66274138,9.63287663],[-84.66270606,9.63289352],[-84.66266522,9.63292732],[-84.66265269,9.63294714],[-84.66264153,9.63297103],[-84.66263747,9.63299328],[-84.66264025,9.63301633],[-84.6626494,9.63303883],[-84.6626612,9.63306223],[-84.66266699,9.63308744],[-84.66266986,9.63311167],[-84.66267301,9.63313535],[-84.66268212,9.63313822],[-84.66269678,9.63313295],[-84.66272064,9.63312459],[-84.66274242,9.63312581],[-84.66276466,9.63313282],[-84.66278753,9.63313305],[-84.66281296,9.63313616],[-84.66283712,9.63314407],[-84.66284689,9.63315536],[-84.66284244,9.63316622],[-84.66282536,9.63318804],[-84.66280954,9.63320534],[-84.6627949,9.6332239],[-84.66278055,9.63324337],[-84.66276728,9.63326229],[-84.66276577,9.63328065],[-84.66277273,9.633297],[-84.6627844,9.63330222],[-84.6628082,9.63331239],[-84.6628319,9.63331714],[-84.66284376,9.63332769],[-84.66284168,9.63333602],[-84.66282995,9.63334553],[-84.66281075,9.63335805],[-84.6627889,9.63337084],[-84.66277618,9.63338894],[-84.66277858,9.63340124],[-84.66279018,9.63341532],[-84.66280458,9.63342063],[-84.66282574,9.63343306],[-84.66283343,9.63344833],[-84.66284422,9.63346829],[-84.66284617,9.63349071],[-84.662839,9.63350193],[-84.66283093,9.63352491],[-84.66282707,9.63355006],[-84.6628252,9.63357339],[-84.66281987,9.63359573],[-84.66281135,9.63362007],[-84.66279689,9.63363583],[-84.66277859,9.63364364],[-84.66275573,9.63364459],[-84.66273122,9.63364698],[-84.66270754,9.63364811],[-84.66267041,9.63367025],[-84.66265898,9.6336992],[-84.66266266,9.63371511],[-84.66267126,9.63373652],[-84.66267942,9.63375802],[-84.66268028,9.63378144],[-84.66267201,9.63379068],[-84.66265163,9.63380437],[-84.66263005,9.63381535],[-84.6626051,9.633821],[-84.66258005,9.63382177],[-84.66255554,9.63382092],[-84.6625324,9.63382286],[-84.66251593,9.63383302],[-84.66251276,9.63384632],[-84.66251071,9.63386983],[-84.66250356,9.63389263],[-84.66249309,9.63389771],[-84.66247104,9.63389875],[-84.66245581,9.63389082],[-84.66243456,9.6338792],[-84.6624115,9.63387354],[-84.66238827,9.63387386],[-84.66236294,9.63387246],[-84.66234719,9.63387945],[-84.66232799,9.63389314],[-84.66230513,9.63389925],[-84.66229382,9.63389348],[-84.6622704,9.63388846],[-84.66225264,9.63389293],[-84.66222914,9.63389677],[-84.66220546,9.63390034],[-84.66218016,9.63391865],[-84.66212704,9.63396234],[-84.66211077,9.63398226],[-84.66210188,9.63400316],[-84.66209145,9.6340247],[-84.66207891,9.63404452],[-84.66206675,9.63406616],[-84.66205631,9.63408652],[-84.6620404,9.63410581],[-84.66202878,9.63412735],[-84.66201186,9.63414131],[-84.66199056,9.63415202],[-84.66198181,9.63414733],[-84.66196929,9.63413072],[-84.66196826,9.63411526],[-84.66196867,9.63409103],[-84.66196062,9.63407558],[-84.6619483,9.63406828],[-84.66193382,9.63406885],[-84.66191113,9.6340651],[-84.66189465,9.63407327],[-84.66188884,9.63408567],[-84.66187111,9.63410342],[-84.66185899,9.63410344],[-84.66183938,9.63409363],[-84.66182842,9.63407837],[-84.66182537,9.63405722],[-84.66183235,9.63403912],[-84.66184361,9.63401894],[-84.66184575,9.63399506],[-84.66185519,9.63397326],[-84.66186626,9.63395253],[-84.66186705,9.63393417],[-84.66186135,9.6339114],[-84.66185848,9.63388717],[-84.6618477,9.63387363],[-84.66183074,9.63386462],[-84.66181543,9.63386592],[-84.66179111,9.63386669],[-84.66177552,9.63385939],[-84.66175363,9.63384814],[-84.66172829,9.63384475],[-84.66170151,9.63385004],[-84.66167747,9.63385624],[-84.66165718,9.63386966],[-84.66160467,9.63389806],[-84.66157246,9.63392335],[-84.6615447,9.63393524],[-84.66152165,9.63393845],[-84.66149732,9.63393805],[-84.66147391,9.63393664],[-84.66145022,9.63393913],[-84.66142782,9.63394514],[-84.66140542,9.63395242],[-84.66138303,9.63396286],[-84.66136475,9.63398025],[-84.66134455,9.63399611],[-84.66132471,9.63400773],[-84.66130397,9.63402323],[-84.6612866,9.63403926],[-84.66126613,9.63405494],[-84.66124502,9.63407099],[-84.66122446,9.63408495],[-84.66120453,9.63409656],[-84.66118177,9.63410963],[-84.66116258,9.63412449],[-84.66114439,9.63414234],[-84.66113359,9.63416324],[-84.66112315,9.63418361],[-84.66111326,9.63420542],[-84.66109581,9.63422787],[-84.66107616,9.63424165],[-84.66105239,9.63424794],[-84.66103043,9.63424509],[-84.66100527,9.63423817],[-84.66097665,9.63423551],[-84.6609495,9.63423502],[-84.66092527,9.63423507],[-84.66090029,9.63422788],[-84.66087641,9.63422296],[-84.66084944,9.63422419],[-84.66082384,9.63422378],[-84.6607965,9.63421913],[-84.6607738,9.63421222],[-84.66074955,9.6342091],[-84.66073262,9.63421537],[-84.66071086,9.63422617],[-84.66068892,9.63423335],[-84.66066443,9.63424326],[-84.66064387,9.63425731],[-84.66062001,9.63426441],[-84.66059542,9.63427069],[-84.66058196,9.63428229],[-84.66056642,9.63430303],[-84.66054869,9.63432006],[-84.66052875,9.63433122],[-84.66050599,9.6343403],[-84.66048177,9.63434677],[-84.66045882,9.63435043],[-84.66043459,9.63435418],[-84.66041018,9.63435893],[-84.66038888,9.63436964],[-84.66036987,9.63438423],[-84.6603525,9.63440145],[-84.66033614,9.63442092],[-84.66032571,9.63444444],[-84.66031609,9.63446526],[-84.66031432,9.63449221],[-84.66032083,9.63451308],[-84.66032834,9.63453503],[-84.66034295,9.63455092],[-84.66036275,9.6345649],[-84.66037773,9.63458385],[-84.66038898,9.63460698],[-84.66038956,9.63462578],[-84.66038112,9.6346409],[-84.66036183,9.6346573],[-84.66034064,9.63467289],[-84.66032364,9.63469399],[-84.66031248,9.63471861],[-84.66030405,9.63474267],[-84.66029772,9.63476601],[-84.66030159,9.63478924],[-84.66030282,9.63481202],[-84.6603015,9.63483644],[-84.66031028,9.63485188],[-84.66032652,9.63486451],[-84.6603442,9.63486592],[-84.66037125,9.6348628],[-84.66039146,9.63485254],[-84.66041568,9.63484165],[-84.66043972,9.63483626],[-84.66046522,9.63483169],[-84.66048916,9.63481818],[-84.660509,9.63480657],[-84.66053066,9.63479486],[-84.66055634,9.63478686],[-84.66058067,9.63478916],[-84.66058898,9.63479764],[-84.66059183,9.63481301],[-84.66058584,9.63482369],[-84.66057137,9.63483312],[-84.66054825,9.63484347],[-84.66052441,9.63485943],[-84.66050403,9.63487439],[-84.66048256,9.63489342],[-84.66045873,9.63491263],[-84.66043317,9.6349351],[-84.66040788,9.63495576],[-84.66038732,9.63497181],[-84.66036648,9.6349836],[-84.66034481,9.63499413],[-84.66032863,9.6350108],[-84.66031893,9.63503568],[-84.66031232,9.63505875],[-84.66030143,9.63508038],[-84.66028388,9.6351003],[-84.66026497,9.63511933],[-84.66024842,9.63513663],[-84.66022786,9.63515312],[-84.66020729,9.6351651],[-84.66019157,9.63518294],[-84.66017357,9.63520368],[-84.66015154,9.63521674],[-84.6601265,9.63522321],[-84.660109,9.63521827],[-84.66008592,9.6352043],[-84.66006812,9.63518715],[-84.66006207,9.63516935],[-84.66006633,9.6351556],[-84.66008143,9.63514337],[-84.6601039,9.63512895],[-84.66011243,9.6351122],[-84.6601173,9.63508606],[-84.66012318,9.63506408],[-84.66013609,9.6350457],[-84.66015638,9.63503147],[-84.66017402,9.63501444],[-84.66018728,9.63499425],[-84.66019581,9.63497317],[-84.66020989,9.63495225],[-84.66022333,9.63492908],[-84.66022557,9.63490964],[-84.66021628,9.63491219],[-84.6601947,9.63492199],[-84.66017259,9.6349346],[-84.66014682,9.63494342],[-84.66012159,9.63494691],[-84.66010153,9.63494035],[-84.66009149,9.63492879],[-84.66008644,9.63491009],[-84.66008666,9.63488414],[-84.66009546,9.63486278],[-84.66010507,9.63484115],[-84.66010231,9.63482706],[-84.66009416,9.63480546],[-84.66008856,9.6347807],[-84.66008869,9.63475556],[-84.66009146,9.63472961],[-84.66009278,9.63470402],[-84.66009155,9.63467925],[-84.66008777,9.6346552],[-84.66007888,9.63463162],[-84.66006463,9.63461149],[-84.66006296,9.63459567],[-84.6600579,9.63457127],[-84.66004483,9.63454905],[-84.66002648,9.63453154],[-84.66000898,9.63452669],[-84.65999177,9.63453034],[-84.65997001,9.63454042],[-84.6599488,9.63454959],[-84.65992513,9.63455959],[-84.65990191,9.63456632],[-84.6598774,9.63456673],[-84.65985107,9.63456868],[-84.65982849,9.63457261],[-84.65980298,9.63457709],[-84.65977848,9.6345794],[-84.6597536,9.63457791],[-84.65973054,9.63457352],[-84.65970419,9.63456471],[-84.65968231,9.63455462],[-84.65966333,9.634542],[-84.65964436,9.63452929],[-84.65961461,9.63450873],[-84.6595931,9.63450055],[-84.65956793,9.63449237],[-84.65954524,9.63448744],[-84.65952118,9.63448405],[-84.65949686,9.63448807],[-84.65947638,9.63449806],[-84.659454,9.63451537],[-84.65943243,9.63453033],[-84.65941323,9.63454284],[-84.65939249,9.63455708],[-84.65937366,9.63457212],[-84.65935719,9.63458789],[-84.65934092,9.63460582],[-84.65932383,9.63462403],[-84.65930583,9.63464522],[-84.65928545,9.63466334],[-84.65926881,9.63467937],[-84.65925208,9.63469496],[-84.65924055,9.63471505],[-84.65924049,9.63473304],[-84.65924773,9.63475473],[-84.65925998,9.63477803],[-84.65927324,9.63479917],[-84.65927308,9.63481472],[-84.65926281,9.63482712],[-84.65924352,9.63483837],[-84.65922139,9.63484212],[-84.65919679,9.63484325],[-84.65919106,9.63485167],[-84.65918946,9.63487066],[-84.65919406,9.6348948],[-84.65920657,9.63490743],[-84.65922746,9.63492167],[-84.65923606,9.63493983],[-84.659235,9.63495801],[-84.6592261,9.6349733],[-84.65920773,9.63498708],[-84.65918561,9.6349977],[-84.65916157,9.63500507],[-84.6591368,9.63501172],[-84.65911167,9.63502325],[-84.65908726,9.63502682],[-84.65906703,9.6350218],[-84.65904251,9.63501968],[-84.65902546,9.63501021],[-84.65900738,9.63499298],[-84.65899113,9.6349752],[-84.65897961,9.63495271],[-84.658974,9.6349284],[-84.65896976,9.63490327],[-84.65896188,9.63487752],[-84.65894972,9.6348572],[-84.65893447,9.63483797],[-84.65891767,9.63482109],[-84.65890187,9.63480403],[-84.65888899,9.63478353],[-84.65887874,9.63476149],[-84.65886904,9.63474063],[-84.65885998,9.63471858],[-84.65884565,9.63470559],[-84.65881994,9.63469515],[-84.65879551,9.6346923],[-84.65877255,9.6346928],[-84.65875523,9.63468515],[-84.65873516,9.63467217],[-84.65868672,9.63464477],[-84.6586414,9.63462325],[-84.65862053,9.63462184],[-84.65859721,9.63462288],[-84.65854016,9.63461693],[-84.65848451,9.63462717],[-84.65840647,9.63464956],[-84.65828525,9.63467529],[-84.65816089,9.63472118],[-84.65809773,9.63476235],[-84.65804752,9.63480132],[-84.65798586,9.6348603],[-84.65777309,9.63503874],[-84.65770021,9.63508978],[-84.65766092,9.63512529],[-84.6576221,9.63516805],[-84.65750918,9.63529321],[-84.65728216,9.6355931],[-84.65722219,9.63567567],[-84.65717831,9.6357414],[-84.65714325,9.63580078],[-84.65697802,9.6360614],[-84.65696042,9.63609805],[-84.65695777,9.63613955],[-84.65695986,9.63618431],[-84.65695143,9.63620738],[-84.65691438,9.63627444],[-84.6568881,9.63634511],[-84.65688568,9.63636799],[-84.65688454,9.63639086],[-84.6568855,9.63641726],[-84.65688273,9.63644195],[-84.65687021,9.63646874],[-84.65686306,9.63649615],[-84.65686675,9.63652155],[-84.65687891,9.63654187],[-84.65689052,9.63656282],[-84.65689987,9.63658785],[-84.65690565,9.63661261],[-84.65690261,9.63663947],[-84.65689243,9.63665143],[-84.65687232,9.63666702],[-84.65685842,9.63668504],[-84.65684461,9.63670649],[-84.6568329,9.63672803],[-84.65683348,9.63674467],[-84.65684298,9.63675848],[-84.65686333,9.63677454],[-84.65687994,9.63679304],[-84.65689037,9.63681345],[-84.65690507,9.63683115],[-84.65691149,9.63685256],[-84.65690487,9.63686776],[-84.65689077,9.63687873],[-84.65687146,9.63688293],[-84.65685869,9.63687518],[-84.6568389,9.63686192],[-84.65681764,9.63684894],[-84.65681233,9.63683557],[-84.65679717,9.6368168],[-84.6567856,9.63681682],[-84.65676411,9.63682482],[-84.65675502,9.63683632],[-84.65674386,9.63685993],[-84.65672704,9.63687923],[-84.6567063,9.63689274],[-84.65668717,9.63689549],[-84.65666293,9.636893],[-84.65663804,9.63688663],[-84.65661597,9.63687546],[-84.6565993,9.63687576],[-84.65659339,9.63688445],[-84.65657684,9.63690157],[-84.65656723,9.63692284],[-84.65655816,9.63694654],[-84.65655119,9.63696889],[-84.65653674,9.63698827],[-84.65651718,9.6370025],[-84.65649686,9.63700516],[-84.65647207,9.63700042],[-84.65644763,9.63698979],[-84.65642829,9.63697518],[-84.65640339,9.63696049],[-84.6563774,9.63695204],[-84.65635316,9.63694892],[-84.65632883,9.63694481],[-84.65630331,9.63694115],[-84.65627997,9.63693496],[-84.65625519,9.63693383],[-84.65622933,9.63694102],[-84.65620674,9.63694513],[-84.65618387,9.63694735],[-84.65616056,9.63695128],[-84.65613551,9.63695657],[-84.65611239,9.63696765],[-84.656088,9.63698234],[-84.65606734,9.63699504],[-84.65604478,9.63701135],[-84.65602841,9.63702938],[-84.65601269,9.63705111],[-84.65599487,9.63707185],[-84.65597878,9.63709005],[-84.65596543,9.63710969],[-84.65592617,9.63716556],[-84.65587399,9.63722777],[-84.65585654,9.63724797],[-84.65583708,9.63726798],[-84.65581944,9.63728673],[-84.65580299,9.63730602],[-84.65578736,9.63732775],[-84.655775,9.63734767],[-84.65576002,9.63737274],[-84.65574794,9.63739238],[-84.65573404,9.63741339],[-84.65571741,9.63743367],[-84.65570131,9.63745061],[-84.6556814,9.63747081],[-84.65566212,9.63749182],[-84.65564758,9.63751138],[-84.65563432,9.6375332],[-84.65562179,9.63755465],[-84.65560917,9.637578],[-84.65559746,9.63759954],[-84.65558475,9.63762416],[-84.65557358,9.63764606],[-84.65556206,9.63766896],[-84.65555208,9.63769339],[-84.65554303,9.63772243],[-84.6555346,9.63774866],[-84.65552682,9.63777399],[-84.65552003,9.63779851],[-84.65551307,9.63782691],[-84.65550619,9.63785206],[-84.65549995,9.6378745],[-84.65549035,9.63790191],[-84.65548201,9.63792335],[-84.65547139,9.63794851],[-84.65545778,9.6379753],[-84.65544561,9.63799612],[-84.65543244,9.63801667],[-84.65541772,9.63804075],[-84.6554082,9.63806255],[-84.65540059,9.638084],[-84.65539097,9.63810535],[-84.65537735,9.63812843],[-84.65536299,9.63814953],[-84.65534728,9.63817325],[-84.65533238,9.6381976],[-84.65531903,9.63822131],[-84.65530377,9.63824376],[-84.65528851,9.63826621],[-84.65527178,9.63828767],[-84.65525624,9.63830633],[-84.65524006,9.6383277],[-84.65522716,9.63834725],[-84.65521426,9.63836681],[-84.65520526,9.6383793],[-84.65519827,9.63838917],[-84.655185,9.638408],[-84.65517147,9.63842964],[-84.65515666,9.638452],[-84.65514322,9.63847354],[-84.65513386,9.63849001],[-84.65510364,9.63854902],[-84.6550584,9.63862207],[-84.65504642,9.63864461],[-84.65503235,9.63867067],[-84.65502028,9.63869448],[-84.65500903,9.63871882],[-84.65499868,9.63874126],[-84.65499071,9.63876334],[-84.65498356,9.63878831],[-84.65497686,9.63881327],[-84.65496817,9.63884177],[-84.65496083,9.63886457],[-84.65495414,9.63888954],[-84.65494763,9.63891297],[-84.65494193,9.63893531],[-84.65492733,9.63901906],[-84.65493267,9.63909527],[-84.65493609,9.63912167],[-84.65493814,9.63914517],[-84.65494257,9.63917265],[-84.65494799,9.63919551],[-84.65495377,9.63921901],[-84.65496074,9.63924079],[-84.65496571,9.63926501],[-84.65497277,9.6392885],[-84.65497682,9.63931164],[-84.65498006,9.6393346],[-84.6549832,9.63935964],[-84.65498735,9.6393844],[-84.6549905,9.63941189],[-84.65499529,9.639438],[-84.65499342,9.63946079],[-84.65498296,9.63947302],[-84.65496468,9.63948725],[-84.6549453,9.63950121],[-84.65492637,9.63951508],[-84.65490225,9.63952507],[-84.65487813,9.6395375],[-84.65485765,9.63955201],[-84.65483983,9.63956787],[-84.65482319,9.63958688],[-84.65480965,9.6396068],[-84.65479849,9.63962798],[-84.6547855,9.63965187],[-84.65477179,9.63967378],[-84.65475771,9.63969695],[-84.65474563,9.63971705],[-84.65473146,9.63973905],[-84.65471756,9.63976321],[-84.65470777,9.63978484],[-84.65469943,9.63981035],[-84.65469401,9.63983405],[-84.65468777,9.63985594],[-84.65468126,9.63988308],[-84.65467584,9.63990723],[-84.65467069,9.63993238],[-84.65466744,9.63994531],[-84.65466518,9.63995445],[-84.65465957,9.63997715],[-84.65465315,9.63999986],[-84.65464709,9.64002392],[-84.65464203,9.64004708],[-84.65463498,9.64007259],[-84.65462911,9.64010054],[-84.65462523,9.64012369],[-84.65458991,9.64032801],[-84.6545891,9.64033397],[-84.65457742,9.64041763],[-84.65457491,9.64044132],[-84.65457314,9.64046583],[-84.65457045,9.64049016],[-84.65457005,9.64051566],[-84.65456918,9.64053871],[-84.65457078,9.64056348],[-84.65457128,9.64058636],[-84.65457169,9.64061231],[-84.65457174,9.64063645],[-84.6545686,9.64066168],[-84.65456664,9.64068573],[-84.65456486,9.64071069],[-84.65456346,9.64073872],[-84.65456178,9.64076296],[-84.65456137,9.64078719],[-84.65456096,9.64081015],[-84.65455964,9.64083629],[-84.65455796,9.6408617],[-84.65455527,9.64088566],[-84.65454838,9.64114001],[-84.65454208,9.64122727],[-84.65454204,9.6412534],[-84.65454291,9.64128053],[-84.65454333,9.64130774],[-84.65454393,9.64133468],[-84.65454516,9.64135882],[-84.6545453,9.64138341],[-84.65454607,9.64140764],[-84.65454484,9.64143251],[-84.65454567,9.64157862],[-84.65454909,9.64161078],[-84.65455291,9.64164669],[-84.65462369,9.64206391],[-84.65463701,9.64212066],[-84.65464678,9.64217643],[-84.65465353,9.64222868],[-84.65467012,9.64242204],[-84.65467836,9.64248794],[-84.65468504,9.64255411],[-84.65470474,9.64260977],[-84.65472104,9.64265052],[-84.65473982,9.64280021],[-84.65473978,9.64282742],[-84.65474792,9.64288853],[-84.65478244,9.64302255],[-84.65480168,9.64312757],[-84.65483206,9.64328882],[-84.65489437,9.64351699],[-84.65499229,9.64378715],[-84.65500276,9.64382124],[-84.65504758,9.64396724],[-84.6551102,9.64416965],[-84.65511627,9.64419812],[-84.65516677,9.64435191],[-84.65527063,9.64457956],[-84.65532834,9.64474346],[-84.65538617,9.6448693],[-84.65543306,9.64499073],[-84.65545017,9.64502767],[-84.65549099,9.64512479],[-84.65551305,9.64517719],[-84.65557236,9.64531758],[-84.65559979,9.64536382],[-84.65563917,9.64546963],[-84.6556548,9.64549609],[-84.65571587,9.64564841],[-84.65580951,9.64582454],[-84.65583158,9.6458811],[-84.65588488,9.64597394],[-84.65597136,9.64616727],[-84.6559924,9.64621081],[-84.65605815,9.64633491],[-84.65613883,9.64649732],[-84.65622609,9.64667066],[-84.65633801,9.64687759],[-84.65646613,9.64707047],[-84.65650616,9.64713314],[-84.65660075,9.6472826],[-84.65662295,9.64731601],[-84.65668689,9.64744301],[-84.65672765,9.64750469],[-84.65682777,9.64763732],[-84.65684689,9.6476796],[-84.65695626,9.6478359],[-84.65700085,9.6479001],[-84.65721303,9.64817021],[-84.65731391,9.64831821],[-84.65736232,9.64838068],[-84.65745906,9.6485097],[-84.6575113,9.64857054],[-84.65756099,9.64863518],[-84.6576869,9.6488184],[-84.65775848,9.64889168],[-84.65782475,9.64895204],[-84.65794144,9.649034],[-84.65800941,9.64907908],[-84.65806715,9.64911125],[-84.65820819,9.64920202],[-84.65825671,9.64922643],[-84.65832558,9.64926807],[-84.65841411,9.64934268],[-84.65844681,9.64938285],[-84.65846503,9.64943263],[-84.65851746,9.64954537],[-84.65854616,9.64958971],[-84.65862136,9.64965304],[-84.65867956,9.64968783],[-84.65873758,9.64972515],[-84.65876177,9.64974481],[-84.65884277,9.64983914],[-84.65895511,9.64993187],[-84.6589979,9.64996081],[-84.65907383,9.65002323],[-84.65919314,9.6501844],[-84.65928622,9.65030411],[-84.65939499,9.65043129],[-84.65957109,9.65060446],[-84.65976431,9.65077235],[-84.6599134,9.65088192],[-84.66009688,9.65100408],[-84.66016247,9.65104627],[-84.66042991,9.65119521],[-84.66050443,9.65123639],[-84.66084432,9.65138981],[-84.66127753,9.65155163],[-84.66142215,9.65160931],[-84.66163176,9.65167889],[-84.66171563,9.6517016],[-84.66181671,9.65171488],[-84.66189882,9.65172141],[-84.66196579,9.65172381],[-84.66201462,9.65171848],[-84.66222175,9.65168372],[-84.66228593,9.65165701],[-84.66232545,9.65164365],[-84.66238664,9.65162255],[-84.66249723,9.65156041],[-84.6625248,9.65154137],[-84.66256684,9.65151272],[-84.66262708,9.65147526],[-84.66267406,9.65145374],[-84.66270483,9.65144229],[-84.6628336,9.65140687],[-84.66288323,9.65139393],[-84.6629029,9.65138476],[-84.66291681,9.65137199],[-84.66292308,9.65136239],[-84.66293387,9.65133534],[-84.66296632,9.65125019],[-84.66299267,9.65121],[-84.66300458,9.65119587],[-84.66303114,9.65117629],[-84.6630711,9.65115298],[-84.66320305,9.65106656],[-84.66325592,9.651034],[-84.66328961,9.65102028],[-84.66334966,9.65097867],[-84.66336848,9.65095413],[-84.6633792,9.65093783],[-84.6633919,9.65091204],[-84.66339927,9.65086103],[-84.66340402,9.65067784],[-84.66339819,9.65035173],[-84.66338844,9.65007336],[-84.66339782,9.64974486],[-84.66339838,9.64970725],[-84.66332285,9.64970948],[-84.66332084,9.64966056],[-84.66331866,9.64952196],[-84.66340085,9.64952443],[-84.66340157,9.64947108],[-84.66340416,9.64944829],[-84.66341267,9.64941844],[-84.66342611,9.64939581],[-84.66343774,9.64938014],[-84.66346494,9.6493555],[-84.66349333,9.64933709],[-84.6635504,9.64930859],[-84.66357963,9.64929741],[-84.66360323,9.64929909],[-84.66363112,9.64930473],[-84.66365447,9.649313],[-84.66368593,9.64932777],[-84.66370391,9.64934211],[-84.66373139,9.64936927],[-84.66374065,9.64940117],[-84.66373868,9.64941889],[-84.66373779,9.64942649],[-84.66373726,9.64943572],[-84.66373544,9.64943852],[-84.66372881,9.64945065],[-84.66372217,9.64945455],[-84.66369293,9.64946157],[-84.6636789,9.64946205],[-84.66365695,9.64946417],[-84.66363463,9.64946891],[-84.66362236,9.64948142],[-84.66361709,9.64949155],[-84.66361158,9.64951254],[-84.66361589,9.6495751],[-84.66361981,9.64971776],[-84.66362538,9.65004641],[-84.66362212,9.65038149],[-84.66362167,9.65043574],[-84.6636216,9.65044388],[-84.66363139,9.65120778],[-84.6636331,9.65166536],[-84.66365287,9.6517071],[-84.6636907,9.65171778],[-84.66371212,9.65172389],[-84.66371404,9.65172443],[-84.6638141,9.65173527],[-84.6639076,9.65174024],[-84.66399845,9.6517425],[-84.66404364,9.65174405],[-84.66407634,9.65173521],[-84.66408259,9.65171585],[-84.66408332,9.65167381],[-84.66408661,9.65163293],[-84.66409933,9.65161112],[-84.6641197,9.6515911],[-84.66415611,9.65157493],[-84.66425188,9.65157656],[-84.66432059,9.65157905],[-84.66441526,9.65158049],[-84.66453626,9.65158207],[-84.66467066,9.6515809],[-84.66474509,9.65157732],[-84.66478152,9.65156875],[-84.66479525,9.65155535],[-84.66480244,9.65150117],[-84.66481149,9.65147159],[-84.66482638,9.65144471],[-84.66484938,9.65141655],[-84.66487502,9.65139019],[-84.66490595,9.65136662],[-84.66498561,9.65133319],[-84.66499691,9.65133037],[-84.66503106,9.6513218],[-84.6650317,9.65132153],[-84.66506501,9.65130619],[-84.66509221,9.6512791],[-84.66516612,9.65119785],[-84.66519061,9.6511865],[-84.66526164,9.6511672],[-84.66532195,9.65115994],[-84.66545598,9.65116176],[-84.66561498,9.65116236],[-84.66576643,9.65116785],[-84.66583805,9.65116853],[-84.66589258,9.65114826],[-84.66597432,9.65110262],[-84.66611232,9.65094413],[-84.66618979,9.65086405],[-84.6662636,9.65077458],[-84.66629199,9.65070906],[-84.66630405,9.65063237],[-84.66629444,9.65051666],[-84.66629358,9.65044794],[-84.66630246,9.65042397],[-84.66630753,9.65041021],[-84.6663253,9.65036226],[-84.66635414,9.6502943],[-84.666408,9.65020496],[-84.66641435,9.65019401],[-84.66645322,9.65012648],[-84.66646175,9.65011173],[-84.6664718,9.65007898],[-84.66647683,9.65004136],[-84.66646244,9.64999726],[-84.66643465,9.64994931],[-84.66639897,9.64992171],[-84.66629124,9.64986233],[-84.66611203,9.64977724],[-84.66590214,9.64965866],[-84.66571846,9.64956851],[-84.66556597,9.64949539],[-84.66542643,9.64942938],[-84.66502959,9.64922536],[-84.66467643,9.64904268],[-84.66443093,9.64892797],[-84.66427367,9.64883749],[-84.66422396,9.64881082],[-84.66417883,9.64879807],[-84.6641318,9.64878822],[-84.66405753,9.64878655],[-84.66398204,9.64875966],[-84.66393489,9.64874158],[-84.6638754,9.6486964],[-84.6638477,9.64864862],[-84.66384677,9.64859365],[-84.66385129,9.64857619],[-84.66388699,9.64851754],[-84.66390671,9.64849363],[-84.66393163,9.64847025],[-84.66395093,9.64845955],[-84.66399445,9.64844545],[-84.66409481,9.64841768],[-84.6641369,9.64841624],[-84.66416688,9.64841646],[-84.66425948,9.64842993],[-84.66435548,9.64846329],[-84.66441859,9.64849029],[-84.66455255,9.64854944],[-84.66465909,9.64860863],[-84.66481847,9.6487085],[-84.66502368,9.64881362],[-84.66513304,9.64887055],[-84.66523728,9.64891863],[-84.66535605,9.64898838],[-84.66546185,9.64904388],[-84.66553282,9.64908443],[-84.66562993,9.64912348],[-84.66572346,9.64914491],[-84.66578427,9.64916576],[-84.66582662,9.64919977],[-84.66588345,9.64928022],[-84.66595793,9.64934698],[-84.66604532,9.64939934],[-84.66613033,9.64944357],[-84.66622554,9.64948561],[-84.66637418,9.64954825],[-84.66644292,9.64956892],[-84.66647537,9.64957789],[-84.66653381,9.64959406],[-84.666601,9.64961373],[-84.66670132,9.64966136],[-84.66678303,9.649699],[-84.66687244,9.64975488],[-84.66692325,9.64978778],[-84.66700273,9.64984369],[-84.66706094,9.64988688],[-84.66709945,9.64991836],[-84.66712986,9.64994896],[-84.6671641,9.64998858],[-84.66718741,9.65002326],[-84.66721594,9.65007654],[-84.66723342,9.65011837],[-84.66725331,9.65017484],[-84.66726486,9.65021388],[-84.66726876,9.65024805],[-84.66727137,9.65027906],[-84.66724416,9.65038878],[-84.66721118,9.65048387],[-84.66718774,9.65056448],[-84.66714955,9.65064755],[-84.66708849,9.65073854],[-84.6670458,9.65080345],[-84.66698657,9.65089343],[-84.66693533,9.65097129],[-84.66688937,9.65104606],[-84.66685766,9.65108753],[-84.66683358,9.65112411],[-84.66679858,9.65116567],[-84.66677047,9.65118661],[-84.66674208,9.65120638],[-84.66672144,9.65122776],[-84.66667835,9.6512782],[-84.66655851,9.65140519],[-84.66654488,9.65142502],[-84.66653182,9.65145796],[-84.66652576,9.65148121],[-84.66652577,9.65148482],[-84.66652572,9.65150535],[-84.66653032,9.65152803],[-84.66654057,9.65155043],[-84.66655382,9.65157084],[-84.666571,9.6515926],[-84.66658853,9.65161146],[-84.66660378,9.65163069],[-84.66661886,9.65165191],[-84.66663557,9.65167213],[-84.66665337,9.65168828],[-84.66667299,9.65170397],[-84.66669489,9.65172084],[-84.66671351,9.65173455],[-84.66673513,9.65174924],[-84.66675411,9.65176485],[-84.6667752,9.65178271],[-84.66679591,9.65180003],[-84.66681544,9.65181482],[-84.66683406,9.65182853],[-84.66685322,9.65184151],[-84.66687556,9.65185457],[-84.66689828,9.65186827],[-84.66691935,9.6518808],[-84.6669386,9.65189297],[-84.66695986,9.65190531],[-84.66698119,9.65191314],[-84.66700808,9.65191607],[-84.66703104,9.65191684],[-84.66705619,9.65191797],[-84.66708161,9.65191756],[-84.66710903,9.65191479],[-84.66713472,9.65191167],[-84.66716005,9.65190954],[-84.66718483,9.65190949],[-84.6672077,9.65190854],[-84.66723521,9.65190623],[-84.6672619,9.65190337],[-84.66728777,9.65189772],[-84.66731117,9.65189089],[-84.66733385,9.65188488],[-84.66736089,9.6518766],[-84.66738566,9.6518676],[-84.66741096,9.65185354],[-84.66743207,9.65184084],[-84.66745392,9.65182814],[-84.6674774,9.65181661],[-84.66749734,9.65180554],[-84.66752046,9.65179709],[-84.66754487,9.65178981],[-84.66756755,9.65178551],[-84.66759078,9.65178402],[-84.66761702,9.65178659],[-84.66764245,9.65179106],[-84.66766497,9.65179599],[-84.6676894,9.65180065],[-84.66771246,9.65180557],[-84.66776808,9.65182473],[-84.6678369,9.65184087],[-84.66785996,9.65184453],[-84.66788521,9.65184728],[-84.66791081,9.65184488],[-84.66793549,9.65183833],[-84.66795716,9.65183123],[-84.66798239,9.65182702],[-84.66800635,9.65182562],[-84.66802984,9.65181608],[-84.66805004,9.65180519],[-84.66807399,9.65179846],[-84.66809786,9.65179371],[-84.66812255,9.65179194],[-84.66813988,9.65180041],[-84.66816077,9.6518161],[-84.66818249,9.65183079],[-84.66820246,9.65184179],[-84.66822399,9.65185305],[-84.66824325,9.65187136],[-84.66825778,9.65189095],[-84.66827485,9.65190946],[-84.66829156,9.65192769],[-84.66830919,9.65194818],[-84.66833018,9.65196685],[-84.66834798,9.65198128],[-84.66836677,9.65199517],[-84.66838821,9.6520096],[-84.66841038,9.6520242],[-84.66843182,9.65203618],[-84.66845654,9.65204997],[-84.66847597,9.65206187],[-84.6684965,9.65207412],[-84.66851684,9.6520853],[-84.66853727,9.65209755],[-84.66855716,9.65211053],[-84.66857805,9.65212342],[-84.66860204,9.65213468],[-84.66862794,9.65214557],[-84.66865265,9.65215573],[-84.66867882,9.65216563],[-84.66870335,9.65217562],[-84.66872442,9.6521857],[-84.6687484,9.65219578],[-84.66877147,9.65220722],[-84.668794,9.65221884],[-84.66881981,9.65222801],[-84.66884561,9.65223556],[-84.66887296,9.6522431],[-84.66889866,9.65224766],[-84.66892427,9.65225231],[-84.6689497,9.65225552],[-84.66897312,9.65225746],[-84.66900083,9.65226148],[-84.66902807,9.6522626],[-84.6690524,9.6522602],[-84.66907973,9.65225698],[-84.66910277,9.65225341],[-84.66912627,9.65224921],[-84.66914904,9.65224247],[-84.66917144,9.65223556],[-84.66919283,9.65222666],[-84.66921568,9.65221549],[-84.66923844,9.65220749],[-84.66926312,9.65219849],[-84.6692878,9.65219257],[-84.6693122,9.65218456],[-84.66933424,9.65217774],[-84.66935928,9.65216883],[-84.66938095,9.65216183],[-84.66940562,9.65214867],[-84.66942865,9.65213678],[-84.66944931,9.65212453],[-84.66947142,9.65211337],[-84.6694929,9.65210121],[-84.66951292,9.65208824],[-84.66953394,9.65207084],[-84.66955304,9.65205552],[-84.66956813,9.65203832],[-84.66962682,9.65199417],[-84.66967969,9.65196441],[-84.66970054,9.65195271],[-84.66972119,9.65193766],[-84.66974276,9.6519236],[-84.66976487,9.65190991],[-84.66978343,9.6518954],[-84.66980181,9.65188126],[-84.66982064,9.6518645],[-84.66983937,9.65184448],[-84.66985381,9.65182275],[-84.66986543,9.65179868],[-84.66987896,9.65177759],[-84.66989669,9.65175721],[-84.66991716,9.65174117],[-84.6699379,9.65172657],[-84.66995673,9.65170863],[-84.66997317,9.65168455],[-84.6699879,9.65166544],[-84.67000672,9.65164832],[-84.67002355,9.65163273],[-84.67003854,9.65161209],[-84.67005099,9.65159272],[-84.67006653,9.65157542],[-84.67008573,9.65155938],[-84.67010401,9.6515447],[-84.67012285,9.65153046],[-84.67014413,9.65151089],[-84.6701573,9.65148989],[-84.67016692,9.65146862],[-84.67017234,9.65144565],[-84.67018433,9.65143053],[-84.67020463,9.65141837],[-84.67022639,9.6514082],[-84.67024879,9.65140201],[-84.67027274,9.65139654],[-84.67029423,9.65138737],[-84.67030641,9.65137387],[-84.67031958,9.65135332],[-84.67032391,9.65132962],[-84.67031695,9.65131273],[-84.6703047,9.65129214],[-84.67030732,9.65128047],[-84.67031887,9.65127321],[-84.67033818,9.65127028],[-84.67036224,9.65127304],[-84.67038492,9.65126703],[-84.67039465,9.65125643],[-84.67040126,9.65123716],[-84.67040258,9.65121356],[-84.67041295,9.65120332],[-84.67043388,9.65119135],[-84.67045272,9.65117829],[-84.6704638,9.65116037],[-84.67047998,9.65114388],[-84.67049992,9.65113281],[-84.67052196,9.65113014],[-84.67054229,9.65113526],[-84.67056509,9.65114652],[-84.67058816,9.6511556],[-84.67059466,9.65116771],[-84.6705924,9.6511801],[-84.6705837,9.65120118],[-84.67059155,9.65120894],[-84.67061162,9.65122048],[-84.67063039,9.65122252],[-84.67064368,9.65121634],[-84.6706637,9.6512041],[-84.67068619,9.65119474],[-84.67070274,9.65117889],[-84.67072029,9.65116294],[-84.67073978,9.65115612],[-84.67076191,9.65114975],[-84.67078504,9.6511441],[-84.67080809,9.65114125],[-84.67082547,9.65112964],[-84.6708411,9.65111162],[-84.67086012,9.65109585],[-84.67087968,9.6510837],[-84.67090025,9.65107218],[-84.67092173,9.65106137],[-84.67093883,9.65104597],[-84.67094908,9.6510238],[-84.67094577,9.65100518],[-84.67093499,9.65099263],[-84.67091629,9.65097965],[-84.67090203,9.65096015],[-84.67090155,9.65094469],[-84.6709088,9.65092505],[-84.67091531,9.65090171],[-84.67092976,9.65088243],[-84.67094622,9.65086621],[-84.6709635,9.65085126],[-84.67098489,9.65083865],[-84.67100775,9.65083291],[-84.67102179,9.65083822],[-84.67104467,9.65084342],[-84.67105991,9.65085541],[-84.67107689,9.65087211],[-84.67108458,9.65089035],[-84.6710838,9.6509107],[-84.67108194,9.65093439],[-84.67108226,9.65095754],[-84.67107482,9.65097744],[-84.67106147,9.65099618],[-84.67106204,9.65100929],[-84.67107117,9.65101994],[-84.67108722,9.6510266],[-84.67111137,9.65102864],[-84.67113716,9.65102886],[-84.67116339,9.65102492],[-84.6711878,9.65101809],[-84.67121265,9.65100945],[-84.67123322,9.65099802],[-84.67125625,9.65098495],[-84.67127764,9.65097533],[-84.67130131,9.65096543],[-84.67132152,9.65095463],[-84.67134254,9.65094139],[-84.67136028,9.6509268],[-84.67137437,9.65090805],[-84.67138608,9.65088859],[-84.671403,9.65087174],[-84.67141966,9.65086665],[-84.6714408,9.6508695],[-84.67146442,9.65087768],[-84.67148503,9.65088786],[-84.67150983,9.65089314],[-84.67153434,9.65089707],[-84.67155941,9.65090371],[-84.67158439,9.65090873],[-84.67160954,9.65091175],[-84.67163406,9.65091442],[-84.67165712,9.6509169],[-84.67168127,9.65091894],[-84.67170842,9.65091843],[-84.67173265,9.65091549],[-84.67175551,9.65090975],[-84.67178146,9.65090437],[-84.67180505,9.65089944],[-84.67183192,9.65089504],[-84.67185524,9.65089283],[-84.67188057,9.65089188],[-84.67190626,9.65088758],[-84.67193049,9.65088346],[-84.67195508,9.65087763],[-84.67197839,9.65087243],[-84.6720008,9.65086795],[-84.67202329,9.65086104],[-84.67204624,9.65085575],[-84.67206828,9.65084883],[-84.67209213,9.65084047],[-84.6721138,9.65083175],[-84.67213648,9.65082501],[-84.67220073,9.65078899],[-84.67225152,9.65076114],[-84.67227236,9.65074943],[-84.67229376,9.65074098],[-84.6723157,9.65073126],[-84.67233535,9.6507164],[-84.67235025,9.65069575],[-84.6723626,9.65067665],[-84.67236503,9.65065866],[-84.67236015,9.65063624],[-84.67236705,9.65061959],[-84.67237529,9.65059733],[-84.67238792,9.65057651],[-84.67240085,9.65057206],[-84.67242499,9.65056876],[-84.67245004,9.65056889],[-84.6724677,9.65056045],[-84.67246614,9.65055195],[-84.67245917,9.65052846],[-84.67244928,9.65050795],[-84.67244423,9.65048527],[-84.67245095,9.65047305],[-84.67246442,9.65046543],[-84.67248682,9.65045797],[-84.67249764,9.65044647],[-84.67251894,9.65043512],[-84.67254216,9.65042956],[-84.6725663,9.65042617],[-84.67258371,9.65043264],[-84.67260396,9.65044463],[-84.67261092,9.65045791],[-84.67260666,9.65046895],[-84.67259294,9.65048832],[-84.6725916,9.65050587],[-84.67259529,9.65052873],[-84.67259771,9.65055404],[-84.67259795,9.65057954],[-84.6725969,9.65060341],[-84.67260522,9.65061596],[-84.67261697,9.65061739],[-84.67263363,9.65061103],[-84.67265658,9.65060113],[-84.67267544,9.65060118],[-84.6726994,9.65060348],[-84.67272226,9.65059837],[-84.67273859,9.65060458],[-84.67274216,9.65061678],[-84.6727444,9.65064119],[-84.67274608,9.65066397],[-84.67274003,9.65068731],[-84.67273506,9.65070965],[-84.67273874,9.6507289],[-84.67274777,9.65073133],[-84.67275924,9.65072597],[-84.67278127,9.6507196],[-84.67279774,9.650707],[-84.67281867,9.65069457],[-84.67283376,9.65067736],[-84.67285314,9.65066222],[-84.67287417,9.65065142],[-84.67289181,9.65063349],[-84.67289642,9.65061657],[-84.67290951,9.65059801],[-84.6729228,9.65059428],[-84.67294731,9.65059332],[-84.67296855,9.65060024],[-84.67298589,9.65061404],[-84.67299093,9.65062886],[-84.67298825,9.65065156],[-84.67297762,9.65067174],[-84.67296199,9.65068986],[-84.67294651,9.65069495],[-84.6729366,9.65070826],[-84.67293781,9.65071974],[-84.67294096,9.65074397],[-84.67293387,9.65075185],[-84.67292625,9.65077202],[-84.67293174,9.65078142],[-84.67294562,9.65080019],[-84.67294428,9.65081358],[-84.67294187,9.65083646],[-84.67293287,9.65084714],[-84.67293108,9.65086234],[-84.67293286,9.65088684],[-84.67292568,9.65089797],[-84.67290658,9.65091492],[-84.67288619,9.65092608],[-84.67286681,9.65093878],[-84.67286738,9.65095053],[-84.67287353,9.65097348],[-84.67288341,9.65099453],[-84.67290022,9.65101448],[-84.67292166,9.65102764],[-84.67294619,9.65103808],[-84.67297126,9.65104842],[-84.67299634,9.6510576],[-84.67301941,9.65106542],[-84.67304157,9.65107749],[-84.67306593,9.65109064],[-84.67308936,9.6510991],[-84.6731127,9.6511042],[-84.67313793,9.65110407],[-84.67316244,9.65110013],[-84.67318704,9.6511008],[-84.67320671,9.65109326],[-84.67320778,9.65108377],[-84.67321001,9.65106071],[-84.67321644,9.65103809],[-84.67322645,9.65103138],[-84.6732493,9.6510251],[-84.67326289,9.65102977],[-84.67326446,9.65103899],[-84.67327413,9.65104837],[-84.67328388,9.65104555],[-84.67329196,9.65103424],[-84.6732973,9.65101334],[-84.67330217,9.65099045],[-84.67330522,9.65096513],[-84.67330918,9.65094243],[-84.67331296,9.65091883],[-84.67332003,9.65089657],[-84.67332855,9.65087332],[-84.67333889,9.65085096],[-84.67335398,9.65083367],[-84.67336992,9.65082975],[-84.67338251,9.65083659],[-84.67339548,9.65085311],[-84.67340663,9.65087289],[-84.67342025,9.65089276],[-84.67343131,9.65091326],[-84.67344573,9.65092173],[-84.67346295,9.65092233],[-84.67348672,9.6509183],[-84.6735055,9.65092405],[-84.67352193,9.65093795],[-84.6735319,9.65095827],[-84.67353368,9.6509815],[-84.67352605,9.65099146],[-84.67350902,9.651],[-84.67349699,9.65099722],[-84.67347529,9.65098912],[-84.6734619,9.65099313],[-84.67345545,9.65100308],[-84.67345812,9.65101547],[-84.67346789,9.65102458],[-84.67348869,9.65103702],[-84.67351031,9.6510499],[-84.67352064,9.65106552],[-84.67352112,9.65108053],[-84.6735125,9.65109718],[-84.67349705,9.65111738],[-84.67348342,9.65113847],[-84.67347408,9.65115992],[-84.6734734,9.65118442],[-84.67347709,9.65120783],[-84.67348907,9.65123059],[-84.67350331,9.6512406],[-84.6735242,9.65125385],[-84.67354418,9.65126855],[-84.67356026,9.65128723],[-84.67357287,9.65130674],[-84.67359058,9.65132605],[-84.67361175,9.65134075],[-84.67363236,9.65135092],[-84.6736569,9.65136137],[-84.67368123,9.65136674],[-84.67370556,9.65136805],[-84.67372952,9.65136538],[-84.6737532,9.6513609],[-84.6737788,9.65135489],[-84.67380311,9.65134589],[-84.6738255,9.65133653],[-84.67384717,9.65132781],[-84.67387203,9.65131926],[-84.67389643,9.65130999],[-84.67392128,9.651299],[-84.67394303,9.65128712],[-84.67396797,9.65127242],[-84.67398945,9.65126325],[-84.6740114,9.6512547],[-84.67403753,9.65124661],[-84.6740623,9.65123878],[-84.67408589,9.65123259],[-84.67411029,9.65122576],[-84.6741326,9.65121912],[-84.67415783,9.65121292],[-84.6741826,9.65120627],[-84.67421,9.65119573],[-84.67423304,9.651188],[-84.6742579,9.65117818],[-84.67427965,9.65116792],[-84.67430241,9.65116001],[-84.67433,9.6511492],[-84.67435513,9.65113957],[-84.67437944,9.65113057],[-84.67440211,9.65112094],[-84.67442805,9.65110823],[-84.67444963,9.65109779],[-84.67447201,9.65108554],[-84.67449314,9.65107646],[-84.67451653,9.6510633],[-84.67453928,9.65104997],[-84.67455948,9.65103664],[-84.67457895,9.65102394],[-84.67459998,9.65101242],[-84.67462283,9.65100134],[-84.67464603,9.65098674],[-84.67466522,9.65096898],[-84.67468068,9.65095123],[-84.67468694,9.65094001],[-84.67469348,9.65092833],[-84.67470036,9.65090562],[-84.67470286,9.65088157],[-84.67469926,9.65085789],[-84.67469347,9.65083511],[-84.6746875,9.65081071],[-84.67468016,9.65078532],[-84.67467219,9.65076029],[-84.67466986,9.65073543],[-84.6746689,9.65071111],[-84.67467532,9.65068723],[-84.67468685,9.6506656],[-84.67469838,9.65064388],[-84.67470717,9.6506208],[-84.67471605,9.65059655],[-84.67472667,9.65057556],[-84.67473583,9.6505514],[-84.6747448,9.65052805],[-84.67475359,9.65050209],[-84.67476848,9.65047909],[-84.67478541,9.65046758],[-84.67480663,9.65046311],[-84.67482076,9.65046896],[-84.67483054,9.65048168],[-84.67484689,9.6505029],[-84.67486742,9.65051805],[-84.67489095,9.6505265],[-84.67491392,9.65053134],[-84.67493997,9.65052885],[-84.67495316,9.65051734],[-84.67495841,9.65049888],[-84.67496155,9.65047438],[-84.67496095,9.65044951],[-84.67496182,9.65042591],[-84.67497261,9.65040175],[-84.67498587,9.65038247],[-84.67499732,9.65036282],[-84.6750103,9.65033848],[-84.67502438,9.65031729],[-84.6750401,9.65029728],[-84.67505309,9.65027538],[-84.67506835,9.65025545],[-84.67508855,9.65023923],[-84.67509962,9.65021642],[-84.67510076,9.65019427],[-84.67509861,9.65016796],[-84.67508745,9.65014403],[-84.67506946,9.6501258],[-84.67504539,9.650114],[-84.67502486,9.65010301],[-84.67500707,9.65008813],[-84.674993,9.65006962],[-84.67498002,9.65004948],[-84.67496768,9.65002844],[-84.67495178,9.65000957],[-84.67493271,9.64999469],[-84.67491628,9.64997664],[-84.67490721,9.64995496],[-84.67491274,9.64994202],[-84.67492512,9.64993476],[-84.67494396,9.64992171],[-84.67496425,9.6499072],[-84.67498399,9.64989279],[-84.67500573,9.64987719],[-84.67502904,9.64986792],[-84.67505089,9.64985821],[-84.67507218,9.64984397],[-84.67508154,9.64982858],[-84.67507768,9.64981494],[-84.67506224,9.64979471],[-84.67504144,9.64978065],[-84.67502237,9.64976694],[-84.67500575,9.64974799],[-84.67497418,9.64972671],[-84.67495411,9.64971446],[-84.67494287,9.64969784],[-84.6749422,9.64968265],[-84.67495037,9.64966284],[-84.67496446,9.64965069],[-84.67497354,9.64963268],[-84.67497196,9.64961686],[-84.67496299,9.64959446],[-84.6749491,9.6495745],[-84.67493138,9.64955646],[-84.67491313,9.64954166],[-84.67489824,9.64952008],[-84.67488282,9.64951306],[-84.6748564,9.64951076],[-84.67483934,9.64950085],[-84.67483357,9.64948875],[-84.67482924,9.64946507],[-84.67483586,9.64944697],[-84.67484966,9.64942443],[-84.6748581,9.64940308],[-84.67485905,9.64937884],[-84.67485691,9.64935615],[-84.67485695,9.64933201],[-84.67486483,9.64930795],[-84.67487711,9.6492978],[-84.67489796,9.64929143],[-84.67491917,9.64928081],[-84.67494058,9.64927968],[-84.6749559,9.64928679],[-84.6749778,9.64929995],[-84.67499787,9.6493151],[-84.6750154,9.64933098],[-84.67503338,9.64934686],[-84.67505572,9.64935694],[-84.67507661,9.64936784],[-84.67509702,9.64936933],[-84.67510867,9.64936081],[-84.67511511,9.6493448],[-84.67511035,9.64933378],[-84.67509864,9.6493111],[-84.67508702,9.64928653],[-84.67507248,9.64926324],[-84.67506414,9.64923757],[-84.67505863,9.64921381],[-84.67506104,9.64919102],[-84.6750713,9.64917129],[-84.67508393,9.64915164],[-84.67508726,9.64913174],[-84.67509186,9.6491075],[-84.67510223,9.64910025],[-84.67511781,9.64909968],[-84.6751366,9.64910904],[-84.67515449,9.64912565],[-84.67517628,9.64913582],[-84.67519487,9.64913569],[-84.67521819,9.64913429],[-84.67524372,9.6491384],[-84.67526731,9.6491388],[-84.67528592,9.64914727],[-84.67529925,9.64916325],[-84.67531469,9.64918094],[-84.67532903,9.64919962],[-84.6753441,9.64921677],[-84.67535544,9.64923755],[-84.67535949,9.64926105],[-84.67535799,9.64928374],[-84.67536013,9.6493077],[-84.67536889,9.64931528],[-84.67537667,9.6493328],[-84.67537132,9.64934303],[-84.67535724,9.64936295],[-84.67534424,9.64938196],[-84.67533317,9.64940233],[-84.67532647,9.64942476],[-84.6753325,9.6494309],[-84.67534261,9.64942997],[-84.67536231,9.64943789],[-84.6753647,9.64944892],[-84.67537158,9.64947196],[-84.67538326,9.64948315],[-84.67539027,9.64947889],[-84.67539444,9.64946739],[-84.67539466,9.64944298],[-84.67540109,9.64942037],[-84.67541092,9.64941637],[-84.67543021,9.64940195],[-84.67543883,9.64938575],[-84.67545291,9.64936339],[-84.67546544,9.64934393],[-84.67547442,9.64932185],[-84.67548661,9.64931414],[-84.67550165,9.64931574],[-84.675525,9.64932736],[-84.67554716,9.64933825],[-84.67557204,9.64934227],[-84.67559646,9.6493396],[-84.67561105,9.64934663],[-84.67562675,9.64936287],[-84.67564627,9.6493716],[-84.67566914,9.6493731],[-84.67569121,9.64938182],[-84.67570217,9.64939582],[-84.6757167,9.64941496],[-84.67572786,9.64943645],[-84.67572871,9.64945453],[-84.6757375,9.64947603],[-84.67574502,9.64949745],[-84.67575426,9.64952003],[-84.67576506,9.64954036],[-84.67577549,9.64956294],[-84.67578301,9.64958562],[-84.67579207,9.6496073],[-84.67579101,9.64962692],[-84.67578386,9.64964873],[-84.67578708,9.64966517],[-84.67579687,9.64968568],[-84.6757927,9.649696],[-84.67579565,9.64971145],[-84.67580339,9.64970809],[-84.67582569,9.64970018],[-84.67584663,9.64969065],[-84.67585444,9.64967797],[-84.67587082,9.64966854],[-84.67587958,9.64967322],[-84.67589301,9.64968965],[-84.67590635,9.64971168],[-84.67591787,9.64973219],[-84.67591909,9.64975018],[-84.675911,9.64975905],[-84.67590121,9.64978059],[-84.67590152,9.64979876],[-84.6758928,9.64981623],[-84.67587827,9.64983751],[-84.67586865,9.64985877],[-84.6758635,9.64988193],[-84.67585216,9.64990329],[-84.67583907,9.64992176],[-84.67584137,9.64993161],[-84.67585149,9.6499343],[-84.67587074,9.64994765],[-84.67588116,9.64996489],[-84.67587726,9.64997422],[-84.67586054,9.64999269],[-84.67584773,9.65001433],[-84.6758363,9.65003641],[-84.67580917,9.65009587],[-84.67579294,9.65013396],[-84.67577894,9.65015388],[-84.67576148,9.65017028],[-84.6757485,9.65019345],[-84.67574043,9.65021544],[-84.67573046,9.65023851],[-84.67573205,9.65025958],[-84.67573757,9.65028461],[-84.67574016,9.65030721],[-84.67574614,9.65033333],[-84.67575975,9.65035437],[-84.67577818,9.65036355],[-84.67580371,9.65037254],[-84.67582824,9.65038371],[-84.67585132,9.65039686],[-84.67587558,9.65040712],[-84.67590137,9.65041223],[-84.67592926,9.65041597],[-84.67595669,9.65041809],[-84.67598239,9.65041912],[-84.67600652,9.65041084],[-84.67601378,9.65039853],[-84.67601801,9.65037366],[-84.67602206,9.65034608],[-84.67603066,9.65032083],[-84.67604018,9.6502974],[-84.67604688,9.65027496],[-84.67605677,9.65025216],[-84.67607295,9.65023576],[-84.67609626,9.65022451],[-84.67612231,9.65021957],[-84.67614255,9.65022505],[-84.67616861,9.65022834],[-84.67619176,9.6502301],[-84.67621237,9.65024028],[-84.67623326,9.65025073],[-84.67624838,9.65024907],[-84.67626658,9.65023927],[-84.67627047,9.65022633],[-84.67626906,9.6502021],[-84.67627302,9.6501794],[-84.67628321,9.65017233],[-84.6763057,9.65016424],[-84.67632991,9.65015117],[-84.67634064,9.65013668],[-84.67635198,9.65011415],[-84.67636442,9.6500898],[-84.67638033,9.65007277],[-84.67639881,9.65006559],[-84.67642295,9.65006392],[-84.67643463,9.65007222],[-84.67646225,9.65012388],[-84.67648834,9.65018323],[-84.67650449,9.65019866],[-84.67652556,9.65020829],[-84.67654554,9.65022181],[-84.67656043,9.65024086],[-84.67657749,9.65024906],[-84.67658987,9.65024605],[-84.67659905,9.650235],[-84.67660012,9.65021899],[-84.67659569,9.65019305],[-84.67659372,9.65016648],[-84.67659869,9.65014359],[-84.67661186,9.65012313],[-84.67663424,9.65010546],[-84.67665599,9.65009484],[-84.67667574,9.65008277],[-84.67669594,9.65006781],[-84.67671084,9.65004844],[-84.67671836,9.65002365],[-84.67673189,9.65000328],[-84.67674646,9.6499952],[-84.67675212,9.65000143],[-84.67675552,9.65001806],[-84.67675639,9.65004274],[-84.67674923,9.6500621],[-84.67673582,9.65009676],[-84.67673058,9.65012181],[-84.67672881,9.6501484],[-84.67673588,9.65017488],[-84.67673957,9.65019774],[-84.67673643,9.65022271],[-84.67673976,9.65024738],[-84.67675145,9.65025975],[-84.67676804,9.65026315],[-84.67678443,9.65025787],[-84.67679589,9.65024601],[-84.6768212,9.65023972],[-84.67683735,9.65024864],[-84.67685706,9.6502656],[-84.67687322,9.6502822],[-84.67688566,9.65030496],[-84.67689345,9.65032728],[-84.67690243,9.65035384],[-84.67691014,9.65038104],[-84.6769141,9.65040418],[-84.67691379,9.65042805],[-84.67691739,9.65045218],[-84.6769267,9.65045967],[-84.67694794,9.65046587],[-84.67697372,9.65046446],[-84.67699859,9.6504588],[-84.67701852,9.65044647],[-84.67702486,9.6504319],[-84.67703293,9.65040919],[-84.67704446,9.65038711],[-84.6770611,9.65037179],[-84.67708285,9.6503562],[-84.67708882,9.65033729],[-84.67708613,9.65031298],[-84.67707834,9.65028939],[-84.67706999,9.65026247],[-84.67706238,9.65023816],[-84.67705969,9.65021511],[-84.67706559,9.65019982],[-84.67706373,9.65018101],[-84.67705459,9.65016955],[-84.67704544,9.65014868],[-84.67705152,9.650138],[-84.6770649,9.65012993],[-84.6770903,9.65012165],[-84.67711069,9.65011049],[-84.67711504,9.65009873],[-84.67710819,9.65008961],[-84.67709717,9.65008999],[-84.67707303,9.65009456],[-84.67704788,9.6500947],[-84.67703074,9.65008723],[-84.67700993,9.65007235],[-84.67698986,9.6500572],[-84.67697396,9.65003707],[-84.67696308,9.65001584],[-84.67695255,9.64999199],[-84.67694676,9.64996805],[-84.67694581,9.64994409],[-84.67694767,9.6499204],[-84.676954,9.64989606],[-84.67696243,9.6498748],[-84.67696621,9.64985237],[-84.67696407,9.6498285],[-84.67695719,9.64980546],[-84.6769474,9.64978369],[-84.67693307,9.6497716],[-84.67691863,9.64974993],[-84.6769112,9.64972653],[-84.67691408,9.64970844],[-84.67691677,9.64968538],[-84.67692137,9.64966114],[-84.6769287,9.64963906],[-84.67693859,9.64961554],[-84.6769545,9.64959715],[-84.67696662,9.64959758],[-84.67699185,9.64959617],[-84.67701571,9.64958781],[-84.6770361,9.64957665],[-84.67704831,9.6495787],[-84.67706937,9.64958761],[-84.67708945,9.64960276],[-84.67711379,9.64960941],[-84.67712663,9.64960504],[-84.67715132,9.64960201],[-84.67717438,9.64960811],[-84.6771959,9.64961819],[-84.67721961,9.64962394],[-84.67724239,9.64962669],[-84.67726506,9.64961951],[-84.67727005,9.64960856],[-84.6772731,9.64958242],[-84.67727879,9.64955673],[-84.67727984,9.64953422],[-84.67727414,9.64950991],[-84.6772619,9.64949474],[-84.67724211,9.64948465],[-84.67721922,9.64947774],[-84.6771948,9.6494748],[-84.67718306,9.64948115],[-84.67717889,9.64949391],[-84.67716407,9.64950714],[-84.67715349,9.64950454],[-84.67713169,9.64949066],[-84.67711752,9.64947043],[-84.6771143,9.64945109],[-84.67711872,9.64943083],[-84.67712241,9.64940677],[-84.67711916,9.64937965],[-84.67712212,9.64935551],[-84.67713173,9.64933125],[-84.677149,9.64931142],[-84.67716883,9.64929339],[-84.67718584,9.64927627],[-84.67719764,9.64925436],[-84.67720606,9.64922939],[-84.67721585,9.64920487],[-84.67722556,9.64918288],[-84.67723873,9.64916306],[-84.67725154,9.64914431],[-84.67726671,9.6491215],[-84.67728663,9.64910392],[-84.67730894,9.64909601],[-84.67733079,9.64908873],[-84.6773386,9.64907678],[-84.67733403,9.64906838],[-84.67733436,9.64905102],[-84.67734299,9.64903726],[-84.67735662,9.64901861],[-84.67737198,9.64900158],[-84.67739364,9.64898924],[-84.67741622,9.64898034],[-84.67742859,9.64896702],[-84.67744349,9.64894891],[-84.67746433,9.64893477],[-84.67748179,9.6489171],[-84.67748731,9.64889874],[-84.6774962,9.64887738],[-84.67750911,9.64886642],[-84.67752905,9.64885535],[-84.67754964,9.64885413],[-84.67757224,9.64885716],[-84.67759611,9.64885847],[-84.67760822,9.64885031],[-84.67762887,9.6488377],[-84.67764746,9.64883631],[-84.67767024,9.64883979],[-84.67769421,9.64884336],[-84.67771837,9.64885063],[-84.67773862,9.64886144],[-84.67775688,9.64887578],[-84.67776119,9.64889223],[-84.67776152,9.64891818],[-84.67775937,9.64894124],[-84.67774966,9.64895717],[-84.67775133,9.648971],[-84.67776245,9.6489764],[-84.67778505,9.64897943],[-84.67780983,9.64897568],[-84.67783417,9.64897943],[-84.67785514,9.64899078],[-84.67787711,9.64899245],[-84.67790435,9.64899412],[-84.67792843,9.64900293],[-84.67793547,9.64901548],[-84.67793705,9.64903411],[-84.67793409,9.64905663],[-84.67792355,9.64907075],[-84.67791868,9.64909526],[-84.67792237,9.64911695],[-84.67791666,9.64913487],[-84.67790559,9.64915596],[-84.67789032,9.64917633],[-84.67787331,9.64919219],[-84.67786187,9.64921192],[-84.67786654,9.64922077],[-84.67787839,9.64922509],[-84.67789855,9.64923707],[-84.67792143,9.64923983],[-84.67793289,9.6492333],[-84.67794971,9.64921473],[-84.67796736,9.64919923],[-84.67798503,9.64919441],[-84.67800789,9.64919228],[-84.6780254,9.64919921],[-84.67804948,9.64921218],[-84.67807199,9.64921666],[-84.67809433,9.64922195],[-84.67811613,9.64923465],[-84.67813311,9.64925307],[-84.67813551,9.64926816],[-84.67813083,9.64929312],[-84.67812632,9.64931592],[-84.67811442,9.64933565],[-84.67810276,9.6493401],[-84.67807899,9.64934404],[-84.67805267,9.64934879],[-84.6780297,9.6493464],[-84.67800737,9.64934111],[-84.67798422,9.64933817],[-84.67797138,9.64934425],[-84.67796749,9.64935475],[-84.67797271,9.64936884],[-84.67798551,9.64938979],[-84.67799885,9.64941056],[-84.67800126,9.64942936],[-84.67799418,9.64944258],[-84.67798137,9.64946132],[-84.67796509,9.64947735],[-84.67795091,9.64949555],[-84.67794994,9.64950966],[-84.6779457,9.64953209],[-84.67793317,9.64955273],[-84.67791553,9.64957067],[-84.67789415,9.64958689],[-84.67787504,9.64959968],[-84.67785474,9.64961138],[-84.67783253,9.64962092],[-84.6778116,9.64963217],[-84.67779204,9.64964993],[-84.67777532,9.64966895],[-84.67775329,9.64968066],[-84.6777297,9.64968559],[-84.67770932,9.64969801],[-84.67768664,9.64970276],[-84.67766467,9.64969937],[-84.67764819,9.64970537],[-84.67764885,9.64971405],[-84.67765764,9.64973546],[-84.67767041,9.64974457],[-84.6776922,9.64975058],[-84.67770012,9.64974496],[-84.67771995,9.64973054],[-84.6777338,9.64973133],[-84.67775656,9.64972333],[-84.67777895,9.64971108],[-84.6777959,9.64971231],[-84.67780695,9.64972133],[-84.67782893,9.64973621],[-84.67784964,9.64974692],[-84.6778707,9.64975574],[-84.67788674,9.64975399],[-84.67790376,9.6497442],[-84.67792177,9.64972816],[-84.67794169,9.64971582],[-84.67795878,9.64969581],[-84.67797414,9.64967634],[-84.67798644,9.64967405],[-84.67799256,9.64968191],[-84.67799898,9.64970504],[-84.67799427,9.64971735],[-84.67797936,9.64973302],[-84.67796336,9.64974923],[-84.67794517,9.64976681],[-84.67793017,9.64978447],[-84.67791142,9.64979427],[-84.67789067,9.64980607],[-84.6778711,9.64981777],[-84.67784953,9.64982938],[-84.67782887,9.6498391],[-84.67780666,9.64985117],[-84.67779585,9.64986629],[-84.67777848,9.6498844],[-84.67775837,9.64989873],[-84.67775284,9.64991212],[-84.67775534,9.64992893],[-84.67776648,9.6499422],[-84.677785,9.64995672],[-84.67780354,9.64997531],[-84.6778207,9.64999345],[-84.67783832,9.6500087],[-84.67785976,9.65002186],[-84.67788165,9.65003257],[-84.67790416,9.65003831],[-84.6779274,9.65003926],[-84.67793294,9.65002994],[-84.67794511,9.65000912],[-84.677958,9.64998794],[-84.67797163,9.64996739],[-84.67798562,9.64994819],[-84.67800345,9.64993116],[-84.67802374,9.64992081],[-84.67804606,9.64991534],[-84.67806855,9.64990888],[-84.67808994,9.64989636],[-84.67809747,9.64988179],[-84.67810781,9.64986061],[-84.67812144,9.64984069],[-84.67813537,9.64983542],[-84.67815878,9.6498295],[-84.67818301,9.64982791],[-84.67820861,9.64982596],[-84.67823376,9.64982655],[-84.67825771,9.64982108],[-84.67827938,9.64981398],[-84.67830305,9.64980299],[-84.67832417,9.64979319],[-84.67834319,9.64977977],[-84.6783601,9.64976418],[-84.67837975,9.64974688],[-84.67840096,9.64973698],[-84.67842262,9.64972591],[-84.6784464,9.64972233],[-84.67847073,9.64972771],[-84.67848716,9.64973916],[-84.67850086,9.64975776],[-84.67851257,9.64977916],[-84.67851699,9.64980384],[-84.67851275,9.64982636],[-84.67851572,9.64985086],[-84.67852577,9.64986331],[-84.67854063,9.64986799],[-84.67856133,9.64987753],[-84.67858013,9.6498934],[-84.67859675,9.64991001],[-84.67859522,9.64992122],[-84.67858441,9.64993643],[-84.67856494,9.64995103],[-84.67854136,9.64996256],[-84.67851778,9.64996875],[-84.6784919,9.64997043],[-84.6784663,9.64996994],[-84.67844371,9.64997351],[-84.6784225,9.64998214],[-84.67840631,9.64999736],[-84.67839778,9.65001646],[-84.67839764,9.65003888],[-84.67840669,9.65005152],[-84.67842513,9.65006975],[-84.67844275,9.65008608],[-84.67845682,9.65010458],[-84.67846953,9.65012581],[-84.67848023,9.65014613],[-84.67848957,9.65016917],[-84.67849435,9.65019239],[-84.67849604,9.65021689],[-84.67849582,9.65024248],[-84.6784986,9.65026725],[-84.67850776,9.65029056],[-84.67851964,9.65030997],[-84.67853481,9.65033047],[-84.67854879,9.65034852],[-84.67856631,9.6503644],[-84.67858821,9.65037882],[-84.67861055,9.65038891],[-84.67863617,9.65039356],[-84.67865967,9.65039306],[-84.67868482,9.65039536],[-84.67869851,9.65040537],[-84.67871003,9.65042587],[-84.67872228,9.65044592],[-84.67873499,9.65046877],[-84.67874251,9.65049027],[-84.67875258,9.65051412],[-84.67876956,9.65053136],[-84.67878636,9.65054841],[-84.67879277,9.65056666],[-84.6788053,9.65058689],[-84.67882336,9.65059951],[-84.67884035,9.6506163],[-84.67885314,9.65063553],[-84.67886603,9.65065576],[-84.67887764,9.65067789],[-84.67888949,9.65068049],[-84.67891292,9.65068288],[-84.67893742,9.65068139],[-84.67896203,9.6506845],[-84.67898528,9.65069449],[-84.67900263,9.65070947],[-84.67900293,9.65072348],[-84.6789954,9.65073932],[-84.67898003,9.65075752],[-84.6789644,9.65077554],[-84.67895397,9.65079925],[-84.6789541,9.65082059],[-84.67895916,9.65084445],[-84.67896376,9.65086668],[-84.67897374,9.65088818],[-84.6789838,9.65090887],[-84.67899414,9.65093055],[-84.67900757,9.65094942],[-84.679021,9.65096829],[-84.67903635,9.65098679],[-84.67905306,9.65100385],[-84.67907423,9.65101936],[-84.67909666,9.65103043],[-84.67911837,9.6510397],[-84.67913943,9.65104861],[-84.67916195,9.65105598],[-84.67918867,9.65106633],[-84.67921055,9.65107288],[-84.67923416,9.65107691],[-84.67925822,9.65108084],[-84.67928019,9.65108839],[-84.67930609,9.65109928],[-84.67932852,9.65110746],[-84.67935286,9.6511104],[-84.67937737,9.65110899],[-84.67940305,9.65110505],[-84.67942563,9.65109452],[-84.67944409,9.65107957],[-84.67945708,9.65105929],[-84.67946806,9.65103603],[-84.67947813,9.65101422],[-84.67948583,9.65099088],[-84.6794897,9.65096601],[-84.67949193,9.65094177],[-84.67949689,9.65091816],[-84.67950568,9.65089346],[-84.67951502,9.65087193],[-84.67952373,9.65085084],[-84.67952878,9.65082606],[-84.67953019,9.65080164],[-84.67953187,9.65077822],[-84.67952936,9.65075409],[-84.67952285,9.65073005],[-84.67951396,9.6507081],[-84.67950272,9.65068787],[-84.67949629,9.65066229],[-84.67949551,9.65063888],[-84.67950184,9.65061581],[-84.67951312,9.65060539],[-84.67953415,9.65059504],[-84.67955398,9.65057818],[-84.6795708,9.6505626],[-84.67958628,9.65055868],[-84.67961171,9.65055944],[-84.6796263,9.65056809],[-84.67964628,9.65058234],[-84.67966681,9.65059505],[-84.67968088,9.65061355],[-84.67970004,9.65062762],[-84.67971325,9.65062759],[-84.67972299,9.65061944],[-84.67973079,9.65060261],[-84.67974616,9.65058802],[-84.67976362,9.6505728],[-84.67977798,9.65055477],[-84.67979728,9.65054407],[-84.67982159,9.65053751],[-84.6798461,9.65053529],[-84.67986907,9.6505385],[-84.67988849,9.65054922],[-84.6799092,9.65056229],[-84.67992104,9.6505601],[-84.67994152,9.65054812],[-84.67996099,9.6505347],[-84.67997775,9.65053259],[-84.68000744,9.65052476],[-84.68003145,9.65050048],[-84.6800402,9.65050272],[-84.68004787,9.65051319],[-84.68006176,9.65053324],[-84.68007901,9.6505436],[-84.68010234,9.65054672],[-84.68011864,9.6505409],[-84.68013701,9.65052676],[-84.6801563,9.65051361],[-84.68017106,9.65051376],[-84.68019349,9.65051951],[-84.68021674,9.65052651],[-84.68023708,9.65053823],[-84.68025633,9.65055166],[-84.68026201,9.65056566],[-84.68026242,9.65058971],[-84.68025434,9.65060266],[-84.6802541,9.65062047],[-84.68026278,9.65063239],[-84.6802753,9.65065144],[-84.68027634,9.65066735],[-84.68027812,9.65069185],[-84.6802849,9.65071435],[-84.68028814,9.6507374],[-84.6802922,9.65076262],[-84.68029744,9.65078621],[-84.68030469,9.65080943],[-84.68030099,9.6508286],[-84.68029438,9.65085158],[-84.68028915,9.65087537],[-84.68028154,9.65089727],[-84.68027129,9.65092061],[-84.68027015,9.65094277],[-84.68027764,9.65095469],[-84.68029144,9.65097545],[-84.6803064,9.65098067],[-84.68031686,9.65097504],[-84.68034091,9.65097002],[-84.68036651,9.65097178],[-84.68039066,9.65097128],[-84.6804137,9.65096717],[-84.68043831,9.65097155],[-84.68046047,9.65097711],[-84.68048026,9.65098846],[-84.68048338,9.65100075],[-84.68048845,9.65102705],[-84.6805006,9.65104466],[-84.68051558,9.65106371],[-84.68052556,9.65108521],[-84.68054163,9.65110507],[-84.68055015,9.65112874],[-84.68055029,9.65115261],[-84.68054633,9.65117639],[-84.68053561,9.65119088],[-84.68051605,9.65120502],[-84.68049749,9.65121826],[-84.68047699,9.65122291],[-84.68047115,9.65121524],[-84.68045808,9.65119583],[-84.68045622,9.65117739],[-84.68045535,9.65115469],[-84.68044584,9.65113609],[-84.68043179,9.6511278],[-84.68040937,9.65112205],[-84.68038558,9.65111948],[-84.68036245,9.65112432],[-84.68035691,9.65113536],[-84.68035695,9.65115462],[-84.68036555,9.65117096],[-84.68036348,9.65118715],[-84.68037171,9.65119925],[-84.68038155,9.65119815],[-84.68040504,9.6511915],[-84.68041535,9.65119682],[-84.68042613,9.65121235],[-84.68044011,9.65123112],[-84.68045427,9.65125126],[-84.68046625,9.65127284],[-84.68047814,9.65129271],[-84.68048784,9.65131521],[-84.68049372,9.65133924],[-84.68049905,9.65136202],[-84.68050912,9.65138469],[-84.68052046,9.65140546],[-84.68051976,9.65142265],[-84.68051103,9.65142935],[-84.68048918,9.65143961],[-84.68047373,9.6514561],[-84.68047075,9.65147129],[-84.68047734,9.65148394],[-84.68048572,9.65148257],[-84.68050858,9.65148044],[-84.68053365,9.65148591],[-84.6805498,9.65149844],[-84.68055813,9.65151515],[-84.68056054,9.65153757],[-84.68055419,9.65155214],[-84.68055996,9.65156415],[-84.68057063,9.65156847],[-84.68059176,9.65156762],[-84.68061419,9.6515758],[-84.68061904,9.65158682],[-84.68062155,9.65161023],[-84.68061731,9.65163267],[-84.68062535,9.65164133],[-84.6806416,9.65165721],[-84.6806451,9.65167384],[-84.68064113,9.65169699],[-84.68062933,9.65171845],[-84.68061352,9.65173972],[-84.68059587,9.65175477],[-84.68057804,9.65176927],[-84.68056788,9.651789],[-84.68057027,9.65180165],[-84.6805643,9.65182011],[-84.6805638,9.65184307],[-84.6805721,9.65185074],[-84.68058699,9.65186807],[-84.68059095,9.65188633],[-84.6805867,9.65190343],[-84.68057416,9.65192117],[-84.6805595,9.65192807],[-84.68050622,9.65193785],[-84.68045234,9.65197024],[-84.68043389,9.65198881],[-84.68043027,9.65200355],[-84.68043396,9.65202407],[-84.68044454,9.65203282],[-84.68045958,9.65203478],[-84.68048326,9.65202913],[-84.68050838,9.65201533],[-84.68052669,9.65201503],[-84.68054375,9.65202376],[-84.68056301,9.65204081],[-84.68058063,9.65205597],[-84.68060279,9.65206632],[-84.68062338,9.65206637],[-84.68064688,9.65206506],[-84.68067102,9.65206049],[-84.68069508,9.65206207],[-84.68071596,9.65207125],[-84.68072592,9.65208615],[-84.68073353,9.65210874],[-84.68074123,9.65213115],[-84.68074027,9.65215176],[-84.68072993,9.65217592],[-84.68071959,9.6521971],[-84.68070797,9.65221946],[-84.68069087,9.65223414],[-84.68067231,9.65225099],[-84.68066406,9.65226918],[-84.68067172,9.65227351],[-84.68069315,9.65228187],[-84.6807154,9.65229159],[-84.68072992,9.65230703],[-84.68073132,9.65232068],[-84.68072397,9.65233615],[-84.68070842,9.65235472],[-84.68069452,9.6523731],[-84.68068536,9.6523968],[-84.68068441,9.65241977],[-84.68067542,9.65243462],[-84.68065823,9.65245201],[-84.68064661,9.65247202],[-84.68063187,9.65248208],[-84.6806081,9.65248972],[-84.680593,9.65250331],[-84.6805933,9.65251489],[-84.68060143,9.65252409],[-84.68061941,9.6525387],[-84.6806197,9.6525491],[-84.6806118,9.65256422],[-84.68059425,9.65258143],[-84.68058755,9.6526026],[-84.68059195,9.65261416],[-84.68059582,9.65263685],[-84.68058838,9.65265142],[-84.6805701,9.65266728],[-84.68054989,9.65267862],[-84.68053531,9.65267531],[-84.68050977,9.65266505],[-84.6804897,9.65265225],[-84.68047418,9.65263528],[-84.68045457,9.65262655],[-84.68043617,9.65262885],[-84.68041405,9.65263766],[-84.68039439,9.65265009],[-84.68037817,9.65264976],[-84.68035802,9.65264067],[-84.68035289,9.65262829],[-84.68034319,9.65260697],[-84.68032684,9.6525882],[-84.68031131,9.6525687],[-84.68030727,9.65255008],[-84.68029602,9.65252858],[-84.68027922,9.65251153],[-84.68026988,9.65248967],[-84.68026455,9.65246563],[-84.68026395,9.6524395],[-84.68027009,9.65241544],[-84.68028108,9.65239344],[-84.68029607,9.65237208],[-84.68029622,9.65235869],[-84.68028836,9.65234605],[-84.68027138,9.65233008],[-84.68025104,9.65231756],[-84.68023196,9.65229978],[-84.68020961,9.65228843],[-84.68019746,9.65227245],[-84.68018494,9.65225295],[-84.68016669,9.65223861],[-84.6801518,9.65221956],[-84.68014647,9.65219959],[-84.68014105,9.65217754],[-84.68014383,9.65215412],[-84.68015445,9.65213267],[-84.68016388,9.65211041],[-84.6801652,9.65208753],[-84.6801557,9.65207787],[-84.6801361,9.65206923],[-84.68011039,9.65206169],[-84.68008869,9.65205432],[-84.68006453,9.65204623],[-84.68004091,9.65204049],[-84.68001395,9.65204488],[-84.67999922,9.65205612],[-84.6799845,9.65207649],[-84.67997087,9.65209876],[-84.67995861,9.65212031],[-84.67994737,9.65214745],[-84.6799414,9.65217007],[-84.67993589,9.65219494],[-84.67993331,9.65222343],[-84.67993491,9.65224983],[-84.67993979,9.65227278],[-84.67994557,9.65229501],[-84.67995592,9.65232085],[-84.67996963,9.65234352],[-84.67998024,9.65236465],[-84.67998749,9.65238833],[-84.67999155,9.65241309],[-84.67999123,9.65243823],[-84.67998381,9.65246103],[-84.67997802,9.65248455],[-84.67997698,9.65250715],[-84.6799763,9.65253401],[-84.6799789,9.6525567],[-84.67999024,9.65257864],[-84.68000095,9.65260096],[-84.68000318,9.65262699],[-84.67999658,9.65264997],[-84.67999371,9.6526733],[-84.67999294,9.65269609],[-84.6799949,9.65272031],[-84.67998774,9.65274284],[-84.67997465,9.65275534],[-84.67995381,9.65276822],[-84.67992932,9.65277867],[-84.67990884,9.65279182],[-84.67988947,9.65280569],[-84.67987948,9.65282271],[-84.6798796,9.65283754],[-84.67988983,9.65285262],[-84.67990855,9.65287093],[-84.67991259,9.65288557],[-84.67990513,9.652894],[-84.67988657,9.6529085],[-84.67986911,9.65292445],[-84.67985567,9.65294527],[-84.67984259,9.65296663],[-84.67983598,9.65298835],[-84.67983175,9.65301204],[-84.67983316,9.65303509],[-84.67982618,9.65305202],[-84.67981072,9.65306615],[-84.67979632,9.6530679],[-84.67977336,9.65306595],[-84.67975011,9.65305958],[-84.67972686,9.65305086],[-84.67970882,9.65305261],[-84.67968633,9.65305709],[-84.679661,9.65305795],[-84.67963475,9.6530542],[-84.67961114,9.6530509],[-84.67958654,9.65304942],[-84.67955903,9.65305173],[-84.67953616,9.65305259],[-84.67951284,9.65305896],[-84.67948963,9.65306823],[-84.67946778,9.65307723],[-84.6794451,9.65308396],[-84.6794205,9.65308374],[-84.67938323,9.65308228],[-84.67933149,9.65309033],[-84.67930946,9.65309671],[-84.67928459,9.65310245],[-84.67925718,9.65311046],[-84.67923113,9.6531154],[-84.6792079,9.65311571],[-84.67918484,9.65311323],[-84.67915923,9.65310858],[-84.67913389,9.65310338],[-84.67911147,9.65309891],[-84.67908357,9.65309155],[-84.67905641,9.65308789],[-84.6790309,9.65308785],[-84.67900557,9.65308872],[-84.67897624,9.65309556],[-84.67895311,9.65310039],[-84.67892788,9.65310704],[-84.67890348,9.6531127],[-84.67887861,9.65311835],[-84.67885366,9.65312401],[-84.67882743,9.65313292],[-84.67880622,9.65314227],[-84.67878138,9.65315869],[-84.67876783,9.65316902],[-84.67876146,9.65317383],[-84.67874445,9.65318977],[-84.6787239,9.65321187],[-84.67870872,9.65322981],[-84.67869245,9.65325118],[-84.67867674,9.65327408],[-84.67866347,9.65329409],[-84.67864949,9.65331573],[-84.67863504,9.65333673],[-84.6786215,9.65335529],[-84.67860105,9.65338038],[-84.67858223,9.65340121],[-84.67856232,9.65342376],[-84.67854659,9.65344179],[-84.67853269,9.65346216],[-84.67852144,9.65348279],[-84.67851173,9.65350533],[-84.67850257,9.6535265],[-84.67849505,9.6535484],[-84.67848672,9.65357554],[-84.67848021,9.6535977],[-84.67847397,9.65362411],[-84.67846901,9.65364772],[-84.67846514,9.65367133],[-84.67846401,9.65369827],[-84.67846634,9.65372612],[-84.67847031,9.65375287],[-84.67847555,9.65377646],[-84.67847821,9.65378423],[-84.678485,9.65380411],[-84.6784948,9.65383311],[-84.67850296,9.6538566],[-84.67851367,9.65388307],[-84.6785262,9.65390628],[-84.67854483,9.65392533],[-84.67856837,9.65394038],[-84.67859408,9.65394919],[-84.67861723,9.65395375],[-84.67864029,9.65395497],[-84.67866598,9.65395311],[-84.67868967,9.65395271],[-84.67871364,9.65395863],[-84.67872916,9.6539708],[-84.67874514,9.65399021],[-84.67876548,9.65400265],[-84.67877928,9.65402097],[-84.67877849,9.65403472],[-84.67876951,9.65405445],[-84.67875789,9.65407563],[-84.67875937,9.6540909],[-84.67877034,9.65410851],[-84.67878686,9.65411924],[-84.67880429,9.65413476],[-84.6788186,9.65413617],[-84.67884039,9.65414517],[-84.67885497,9.65414189],[-84.67886779,9.65413047],[-84.67888753,9.65411362],[-84.67891156,9.654102],[-84.67893241,9.65409156],[-84.67895452,9.6540803],[-84.67896565,9.65408498],[-84.67897816,9.65410033],[-84.67898714,9.65412273],[-84.67898471,9.65414073],[-84.67898021,9.65416425],[-84.67898715,9.65417264],[-84.6789968,9.65416891],[-84.67902028,9.65415612],[-84.67904057,9.65414161],[-84.67906215,9.65413244],[-84.67908165,9.6541334],[-84.67908841,9.65414161],[-84.67909263,9.65415996],[-84.6790871,9.65417172],[-84.67907055,9.6541892],[-84.67905774,9.65420794],[-84.67904119,9.65422543],[-84.67903176,9.65424642],[-84.67901966,9.65425341],[-84.67900234,9.65425398],[-84.67898022,9.6542628],[-84.67897168,9.65427457],[-84.6789573,9.6542812],[-84.67893454,9.65429037],[-84.67891296,9.65429955],[-84.67888937,9.65430574],[-84.67886578,9.65431022],[-84.67884292,9.6543128],[-84.67883,9.65432331],[-84.67881354,9.65433962],[-84.67879882,9.65435746],[-84.67878272,9.65437485],[-84.6787742,9.65439638],[-84.67877161,9.65442125],[-84.67877956,9.65443362],[-84.67879708,9.65444417],[-84.67881606,9.6544586],[-84.67883213,9.65447837],[-84.67885039,9.6544956],[-84.67887082,9.65450659],[-84.67889142,9.65450781],[-84.67890616,9.65450019],[-84.67891798,9.65448525],[-84.67893753,9.65446821],[-84.67896038,9.65445831],[-84.67898114,9.65444896],[-84.67898649,9.65443828],[-84.67899894,9.65441764],[-84.6790125,9.65441047],[-84.67903187,9.65439488],[-84.67905454,9.65438525],[-84.67907529,9.65437066],[-84.6790996,9.65435967],[-84.67912738,9.65435708],[-84.67915098,9.65435631],[-84.67917493,9.65434957],[-84.67918238,9.65433862],[-84.67918553,9.65431908],[-84.67918548,9.65429449],[-84.67917624,9.65427733],[-84.67916146,9.65426651],[-84.67915268,9.65424917],[-84.67915438,9.6542347],[-84.67916446,9.65421578],[-84.67917847,9.65420608],[-84.67920014,9.65419853],[-84.67922483,9.65419848],[-84.67925017,9.65420494],[-84.67927187,9.65421222],[-84.67929413,9.65422194],[-84.67931201,9.65423601],[-84.67931943,9.65425291],[-84.67931709,9.65426765],[-84.679307,9.6542825],[-84.67929274,9.65430151],[-84.67929204,9.65431815],[-84.67930225,9.65432057],[-84.67932657,9.65431817],[-84.67935207,9.6543117],[-84.6793721,9.65429982],[-84.67939111,9.65428531],[-84.6794114,9.65427198],[-84.6794278,9.65427204],[-84.6794516,9.6542795],[-84.67946821,9.65429312],[-84.67947344,9.65430893],[-84.67946726,9.65432151],[-84.67945062,9.65433682],[-84.67943407,9.65435431],[-84.67942072,9.6543744],[-84.67940654,9.65439333],[-84.67939309,9.65441171],[-84.67937746,9.65442856],[-84.67936519,9.65444766],[-84.67935813,9.65447109],[-84.67935499,9.65449433],[-84.6793524,9.65451748],[-84.67936061,9.65452714],[-84.67936918,9.65452477],[-84.67937845,9.65451427],[-84.67938834,9.65449264],[-84.67940379,9.65447489],[-84.67942591,9.65446246],[-84.67945068,9.65445753],[-84.67947409,9.6544516],[-84.6794915,9.65445519],[-84.67950081,9.65446556],[-84.67950385,9.6544803],[-84.6795049,9.65450344],[-84.67951396,9.65452512],[-84.67953067,9.65454335],[-84.6795482,9.65455932],[-84.67956163,9.65458063],[-84.67956979,9.65460367],[-84.67957567,9.65462681],[-84.67957517,9.65465104],[-84.67957157,9.65467555],[-84.67956424,9.65469762],[-84.67955243,9.6547179],[-84.67954637,9.65474115],[-84.67954268,9.65476403],[-84.67954009,9.65478763],[-84.67952875,9.65481144],[-84.67951457,9.65482964],[-84.6795014,9.65485019],[-84.67949078,9.6548729],[-84.67947852,9.65489318],[-84.67946015,9.65490859],[-84.67943977,9.65492264],[-84.67941939,9.65493669],[-84.6794032,9.65495318],[-84.67940159,9.65496638],[-84.67940764,9.65498645],[-84.67942189,9.65500459],[-84.67943913,9.6550126],[-84.67945562,9.6550114],[-84.67946225,9.65500162],[-84.6794644,9.65498471],[-84.67947658,9.65496877],[-84.67949294,9.65495083],[-84.67950521,9.65493119],[-84.67951783,9.65491037],[-84.67953018,9.65488928],[-84.67954645,9.65487162],[-84.67956521,9.65486462],[-84.67958753,9.65486457],[-84.67961276,9.65485955],[-84.67962623,9.65484895],[-84.67962939,9.65483474],[-84.67963098,9.65481132],[-84.67963567,9.65478826],[-84.67963945,9.65476348],[-84.67964879,9.65473905],[-84.67966397,9.65472112],[-84.67967988,9.65470327],[-84.67969833,9.65468298],[-84.67971826,9.65466947],[-84.67974238,9.6546583],[-84.67976789,9.65465473],[-84.67979086,9.65465911],[-84.67981166,9.65467073],[-84.67982873,9.65468923],[-84.67984426,9.65470747],[-84.67985606,9.65472932],[-84.67985335,9.65474343],[-84.6798419,9.65475901],[-84.67982481,9.65477731],[-84.67981027,9.65479614],[-84.67980775,9.65481242],[-84.67981714,9.65481385],[-84.67984093,9.65482049],[-84.67985608,9.65483276],[-84.67987061,9.65485118],[-84.67988309,9.65485215],[-84.67989428,9.65484426],[-84.67991641,9.65483544],[-84.67992699,9.65484094],[-84.6799436,9.65485826],[-84.679946,9.65487336],[-84.67993892,9.65488368],[-84.67993641,9.65490493],[-84.6799448,9.65491061],[-84.67995194,9.65492479],[-84.67994832,9.65493619],[-84.67993505,9.65495186],[-84.67991622,9.65496853],[-84.67989747,9.65498204],[-84.67987562,9.65499058],[-84.6798679,9.65500181],[-84.67985956,9.65502353],[-84.67984601,9.6550344],[-84.67982754,9.65504936],[-84.67981199,9.65506666],[-84.67981211,9.65507778],[-84.67980458,9.65509307],[-84.67979102,9.65510323],[-84.67977118,9.65511475],[-84.67974988,9.65512655],[-84.67972904,9.65513662],[-84.67970673,9.65514688],[-84.67968687,9.65514701],[-84.67966419,9.65515004],[-84.67964927,9.65516164],[-84.67964211,9.65517929],[-84.67963887,9.65520208],[-84.67964645,9.6552121],[-84.67965547,9.65521082],[-84.67967953,9.65521357],[-84.67970248,9.65520783],[-84.67971622,9.65519623],[-84.67973107,9.65519439],[-84.67973879,9.65518488],[-84.67975662,9.65516912],[-84.67977219,9.6551661],[-84.67978761,9.65517322],[-84.67979392,9.65518613],[-84.67979168,9.65520503],[-84.67978169,9.65522323],[-84.67976506,9.65524225],[-84.67974812,9.65524879],[-84.6797271,9.65526031],[-84.679709,9.6552759],[-84.67969069,9.6552791],[-84.67966627,9.65527698],[-84.67965425,9.6552836],[-84.67965381,9.65529265],[-84.6796565,9.65531579],[-84.679654,9.65533939],[-84.67964427,9.65535044],[-84.67962934,9.65535544],[-84.67961075,9.65535313],[-84.67958876,9.65534196],[-84.67956706,9.65533386],[-84.67954684,9.65533454],[-84.67952169,9.65533395],[-84.67949698,9.65532795],[-84.67947518,9.65531651],[-84.67945538,9.65530398],[-84.67943395,9.65529317],[-84.67940907,9.65529033],[-84.67938822,9.65529624],[-84.67936627,9.65530352],[-84.67935454,9.65531647],[-84.6793513,9.65533266],[-84.67935716,9.65534685],[-84.67937286,9.65536481],[-84.6793812,9.65538631],[-84.67937978,9.65540458],[-84.67938256,9.65542772],[-84.67939141,9.65543701],[-84.67941193,9.65544547],[-84.679433,9.65545565],[-84.67945461,9.65546446],[-84.67947368,9.6554769],[-84.67949529,9.655485],[-84.67950306,9.65549592],[-84.67949834,9.65550335],[-84.67948641,9.65550635],[-84.67945799,9.65551174],[-84.67943494,9.65551658],[-84.67940598,9.65552161],[-84.67938404,9.65552889],[-84.67935634,9.65553265],[-84.67933184,9.65553659],[-84.67931647,9.65554828],[-84.67931558,9.65556031],[-84.67932381,9.65557656],[-84.67933402,9.65557971],[-84.67935881,9.65558011],[-84.67938623,9.65557861],[-84.67940947,9.65558074],[-84.67943526,9.65558466],[-84.67946188,9.65559031],[-84.67948731,9.65559279],[-84.67951064,9.65559545],[-84.67953406,9.65559613],[-84.67955354,9.65558886],[-84.67957494,9.65558041],[-84.67959908,9.65557946],[-84.67961067,9.65558893],[-84.67962292,9.65560952],[-84.67963063,9.65563382],[-84.67962903,9.65565779],[-84.67962215,9.6556805],[-84.67960643,9.65570096],[-84.67958914,9.65571058],[-84.67956392,9.65571849],[-84.67953933,9.65572559],[-84.67951482,9.65572826],[-84.67948859,9.65573347],[-84.67946446,9.65573921],[-84.67944022,9.655738],[-84.67941315,9.65573534],[-84.67939163,9.65572769],[-84.67937775,9.65571425],[-84.67935714,9.65570407],[-84.67934986,9.65570933],[-84.67934397,9.65572336],[-84.67934119,9.65574723],[-84.67934652,9.65577127],[-84.67934785,9.65579586],[-84.67934881,9.65582027],[-84.67935323,9.65584567],[-84.67934752,9.65586069],[-84.6793366,9.65586641],[-84.67931192,9.65587053],[-84.6792925,9.65586523],[-84.67926862,9.6558622],[-84.67926344,9.65586972],[-84.67925474,9.65589333],[-84.67924267,9.65591506],[-84.67922557,9.65593164],[-84.67920728,9.65594632],[-84.67918498,9.65595658],[-84.67916451,9.65597018],[-84.67914312,9.65598153],[-84.67912535,9.65598057],[-84.67910747,9.65597174],[-84.67908794,9.65595578],[-84.67907105,9.65593827],[-84.67905452,9.65592094],[-84.67905467,9.65590629],[-84.67906165,9.65588404],[-84.67905461,9.65587564],[-84.67903984,9.65587016],[-84.67902035,9.65587219],[-84.67900715,9.65588243],[-84.67899252,9.65590199],[-84.67897918,9.65592697],[-84.67896692,9.6559477],[-84.67895311,9.65596734],[-84.67893538,9.65598483],[-84.67891856,9.6560034],[-84.67890621,9.65602611],[-84.67889404,9.65604693],[-84.67889399,9.65606321],[-84.67890173,9.65606274],[-84.67892579,9.6560655],[-84.67894849,9.65607097],[-84.67897218,9.65607056],[-84.67898419,9.65606149],[-84.67900164,9.65604265],[-84.6790224,9.65603095],[-84.67904553,9.65602729],[-84.67907022,9.65602679],[-84.67909546,9.65602538],[-84.67911813,9.65601575],[-84.67913934,9.6560064],[-84.67916284,9.65600219],[-84.67917415,9.65600904],[-84.67918266,9.65602376],[-84.67918598,9.65604473],[-84.67918128,9.65606653],[-84.67917559,9.6560905],[-84.67917081,9.65611384],[-84.67915999,9.65612661],[-84.67914033,9.65613786],[-84.67911766,9.65614378],[-84.67910899,9.65613792],[-84.67908792,9.65612539],[-84.67907261,9.65612606],[-84.67905477,9.65613531],[-84.67905033,9.65614662],[-84.67905237,9.65616516],[-84.67905288,9.65619083],[-84.67904545,9.656212],[-84.67903829,9.65623498],[-84.67902476,9.65625608],[-84.67900639,9.65627438],[-84.6789862,9.65629177],[-84.67896572,9.65630375],[-84.67894817,9.65632087],[-84.67893955,9.65634006],[-84.67892282,9.65635609],[-84.67890298,9.65636771],[-84.67888086,9.65637887],[-84.67886923,9.65639399],[-84.67886635,9.65641208],[-84.67886931,9.65643531],[-84.678875,9.65645836],[-84.67888371,9.65648058],[-84.67889132,9.65650489],[-84.67889911,9.65652775],[-84.67890936,9.65655015],[-84.67892088,9.65657065],[-84.6789363,9.65658111],[-84.67896083,9.65658983],[-84.67898151,9.65658907],[-84.67899407,9.65658036],[-84.6790098,9.65656406],[-84.67902379,9.6565436],[-84.67904107,9.65652747],[-84.6790641,9.65651603],[-84.67908542,9.65651563],[-84.67916036,9.65653971],[-84.6792076,9.6565568],[-84.67924622,9.65659469],[-84.67925071,9.65661168],[-84.67925222,9.65663474],[-84.67924789,9.65665961],[-84.6792391,9.65668151],[-84.67924377,9.65669397],[-84.67925502,9.65671475],[-84.67925853,9.65673789],[-84.67925045,9.65675454],[-84.67923308,9.65676904],[-84.67921845,9.65678977],[-84.67921903,9.65680406],[-84.67921224,9.65682604],[-84.67919842,9.6568437],[-84.67918598,9.65686434],[-84.67918101,9.65688713],[-84.67917131,9.65690921],[-84.67915466,9.6569238],[-84.67915333,9.65693836],[-84.67916193,9.65695769],[-84.67917318,9.65697919],[-84.67917724,9.65700395],[-84.67917191,9.65702612],[-84.67916393,9.65704729],[-84.67914829,9.65706414],[-84.67912799,9.6570734],[-84.67910495,9.65707824],[-84.67907971,9.65707711],[-84.67905737,9.65707191],[-84.67903758,9.65705984],[-84.67901886,9.65704269],[-84.67901683,9.65698366],[-84.67900671,9.65697807],[-84.6789925,9.65697955],[-84.6789659,9.6569824],[-84.67894266,9.65698308],[-84.67891851,9.65697987],[-84.67889564,9.65698082],[-84.67887023,9.65698367],[-84.67884726,9.65698291],[-84.67882001,9.65697998],[-84.67879341,9.65697967],[-84.6787781,9.65698286],[-84.67877082,9.65698441],[-84.67875034,9.65699802],[-84.678744,9.6570134],[-84.6787435,9.65703637],[-84.67874728,9.65705968],[-84.67875307,9.6570849],[-84.67876733,9.65710802],[-84.67878368,9.65712806],[-84.67880403,9.65714339],[-84.67882647,9.65715691],[-84.67884488,9.6571566],[-84.67885816,9.65714798],[-84.67887207,9.65713005],[-84.67889189,9.65711075],[-84.67891337,9.65709986],[-84.67893023,9.65710055],[-84.67894328,9.65710975],[-84.67896208,9.65712373],[-84.6789746,9.65714278],[-84.67897244,9.65715562],[-84.67896912,9.65718203],[-84.67897008,9.65720716],[-84.67896758,9.65722995],[-84.67895703,9.6572429],[-84.67893812,9.65726166],[-84.67893514,9.65727803],[-84.67893965,9.65730026],[-84.67894435,9.65732466],[-84.67893874,9.65734664],[-84.67892576,9.65736855],[-84.67891414,9.65738973],[-84.67891463,9.65740646],[-84.67891476,9.65742978],[-84.67890622,9.65744164],[-84.67888785,9.65745822],[-84.67887212,9.65747462],[-84.67887096,9.65748773],[-84.67886764,9.65751414],[-84.67885846,9.65752392],[-84.67884346,9.65754276],[-84.67884249,9.65755931],[-84.67885026,9.65757023],[-84.67886188,9.65759236],[-84.67885981,9.65760737],[-84.67885017,9.65761725],[-84.67882888,9.65763022],[-84.67880694,9.6576412],[-84.6787861,9.65765535],[-84.67877521,9.65767372],[-84.67877451,9.65769045],[-84.67877738,9.65771323],[-84.67877879,9.65773701],[-84.67878804,9.65775959],[-84.67880055,9.65776969],[-84.67882225,9.65777824],[-84.67884641,9.65778389],[-84.67886947,9.65778927],[-84.6788776,9.65779965],[-84.67888812,9.65782097],[-84.67890034,9.65782356],[-84.67892383,9.65781818],[-84.67894797,9.65781117],[-84.67896228,9.65781666],[-84.6789737,9.65783011],[-84.67899423,9.65784354],[-84.67900561,9.65784017],[-84.67902728,9.6578319],[-84.67904876,9.65782228],[-84.67907189,9.65781129],[-84.6790882,9.65781334],[-84.67911162,9.65781646],[-84.67912613,9.6578271],[-84.67914939,9.65783582],[-84.67917244,9.65783831],[-84.67921913,9.65785377],[-84.67925923,9.65786128],[-84.67928167,9.65787435],[-84.67930111,9.65788742],[-84.679321,9.65790167],[-84.6793265,9.65791648],[-84.67932416,9.65793249],[-84.67931426,9.65794824],[-84.67931447,9.65796352],[-84.67931397,9.65798766],[-84.67930892,9.65801001],[-84.67929748,9.65803092],[-84.67928274,9.65804107],[-84.67926309,9.65805594],[-84.67925856,9.65807096],[-84.67924867,9.65809322],[-84.67923587,9.65811367],[-84.67922607,9.65813648],[-84.67921299,9.65815793],[-84.67919627,9.65817813],[-84.67919257,9.65819559],[-84.67919941,9.65820064],[-84.67920482,9.65821618],[-84.67920156,9.65822993],[-84.67919259,9.65825445],[-84.67918462,9.65827933],[-84.67917665,9.65830176],[-84.6791613,9.65832295],[-84.6791421,9.65833655],[-84.67912706,9.65833739],[-84.67910292,9.65833907],[-84.67907942,9.65834083],[-84.67905939,9.65835019],[-84.67906223,9.65835868],[-84.67907473,9.65836752],[-84.67909171,9.65838303],[-84.67911206,9.65839719],[-84.67912785,9.65841397],[-84.67912559,9.65842266],[-84.67911277,9.65843408],[-84.67909047,9.65844678],[-84.67906761,9.65845189],[-84.67905166,9.65844758],[-84.67903632,9.65843441],[-84.6790218,9.65841599],[-84.67900536,9.65839966],[-84.67898631,9.65839201],[-84.67896488,9.65838419],[-84.67894498,9.65836868],[-84.67892509,9.6583557],[-84.67890438,9.65834208],[-84.67888821,9.65832177],[-84.67887651,9.65830037],[-84.67885789,9.65828666],[-84.67884368,9.65828569],[-84.67881935,9.65828927],[-84.67879705,9.65829664],[-84.67878865,9.65829141],[-84.67877267,9.65827209],[-84.67875924,9.65825322],[-84.67875081,9.65822955],[-84.67875085,9.65820541],[-84.67875893,9.65819174],[-84.67877475,9.6581729],[-84.6787901,9.65815099],[-84.67880136,9.65812918],[-84.6787966,9.65811816],[-84.67878356,9.65811303],[-84.67875958,9.65810666],[-84.67873287,9.65809812],[-84.67870916,9.65809067],[-84.67868401,9.65808882],[-84.67865605,9.65809529],[-84.67863028,9.65810285],[-84.67860615,9.65811356],[-84.67858139,9.658125],[-84.67855653,9.6581312],[-84.67853375,9.6581326],[-84.67850707,9.65813907],[-84.6784834,9.65815133],[-84.67846092,9.65816312],[-84.67843863,9.65817881],[-84.67841944,9.65819603],[-84.67839815,9.65821569],[-84.67837768,9.65823173],[-84.67835192,9.65824408],[-84.67833035,9.65825334],[-84.67830886,9.65826125],[-84.67828409,9.65827152],[-84.67826043,9.65828504],[-84.67823549,9.65829928],[-84.67821355,9.658309],[-84.67819198,9.65831935],[-84.67817476,9.6583192],[-84.67815801,9.65832755],[-84.67814738,9.6583424],[-84.67812837,9.65835989],[-84.67810853,9.65837268],[-84.67808767,9.65837615],[-84.67807199,9.65837004],[-84.67805373,9.65835524],[-84.67804294,9.65833619],[-84.67804392,9.65832208],[-84.67805445,9.65830181],[-84.67805832,9.6582782],[-84.67806337,9.65825514],[-84.67805507,9.6582462],[-84.67804021,9.65824397],[-84.67801561,9.65824492],[-84.67799274,9.65824705],[-84.67797427,9.65825712],[-84.67796136,9.65827297],[-84.67794353,9.65829],[-84.67792927,9.65830847],[-84.67791344,9.65832487],[-84.67790419,9.65834559],[-84.67789704,9.65836812],[-84.67788879,9.65839155],[-84.67787954,9.65841354],[-84.67786911,9.65843472],[-84.67785383,9.6584522],[-84.67783455,9.65847068],[-84.67781636,9.65848699],[-84.6777968,9.65850123],[-84.67777367,9.65850724],[-84.67775498,9.65850203],[-84.67773299,9.65848842],[-84.67771201,9.65847346],[-84.67769676,9.65845658],[-84.67769463,9.65844049],[-84.67770052,9.65842276],[-84.67771323,9.65840311],[-84.67771275,9.6583881],[-84.67770378,9.65836814],[-84.67769708,9.65834365],[-84.67769621,9.65831969],[-84.67769598,9.65829664],[-84.67769994,9.65827276],[-84.6777071,9.65825023],[-84.67772611,9.65819188],[-84.67774605,9.65813506],[-84.67776031,9.65811315],[-84.67777074,9.65809125],[-84.67777817,9.65806962],[-84.67777712,9.65804648],[-84.67777134,9.65802416],[-84.67775956,9.65801378],[-84.67773821,9.65800099],[-84.67771578,9.65799163],[-84.6776918,9.65798526],[-84.67766528,9.65798006],[-84.67763793,9.65797424],[-84.67761459,9.65796868],[-84.67760183,9.65796618],[-84.67758625,9.65796313],[-84.67756164,9.65796119],[-84.67753813,9.6579588],[-84.67751289,9.65795894],[-84.67748857,9.6579626],[-84.67746626,9.65797042],[-84.67744131,9.65797978],[-84.67742047,9.6579923],[-84.67740155,9.65800726],[-84.67738327,9.65802483],[-84.67736572,9.65804205],[-84.67734825,9.65805799],[-84.67732915,9.65807503],[-84.67731014,9.65809197],[-84.67729214,9.65810801],[-84.67727477,9.65812857],[-84.67725367,9.6581467],[-84.67723401,9.65815921],[-84.67721144,9.65817047],[-84.67718703,9.65817775],[-84.67716426,9.65818042],[-84.67713846,9.65817603],[-84.67711196,9.65817979],[-84.67709129,9.65819005],[-84.67707128,9.65820673],[-84.67705382,9.65822439],[-84.67703636,9.65823962],[-84.67701714,9.65824544],[-84.67699527,9.65824259],[-84.67697211,9.65823595],[-84.67694777,9.6582265],[-84.67692661,9.65821705],[-84.67690365,9.65821755],[-84.67687933,9.65822239],[-84.67685648,9.65823274],[-84.67683582,9.65824743],[-84.67681409,9.65826709],[-84.67679626,9.6582853],[-84.67677789,9.6583036],[-84.67675897,9.65831864],[-84.6767374,9.65833143],[-84.67671775,9.65834512],[-84.67670721,9.65836178],[-84.67670561,9.65838149],[-84.67671276,9.65840354],[-84.67672691,9.6584159],[-84.67674626,9.65843223],[-84.67675413,9.6584502],[-84.67675546,9.65847525],[-84.67675177,9.6584993],[-84.67674799,9.65852173],[-84.6767562,9.65853013],[-84.6767717,9.65853444],[-84.6767881,9.65853043],[-84.67680277,9.65853492],[-84.67682586,9.65855178],[-84.67684521,9.65856973],[-84.67686338,9.65858525],[-84.67687854,9.65860412],[-84.67688158,9.65862129],[-84.67687513,9.6586308],[-84.67685749,9.65865036],[-84.67683684,9.65866668],[-84.67681344,9.65867377],[-84.67679177,9.65868331],[-84.67678624,9.65869553],[-84.67677873,9.65872149],[-84.67677677,9.65874428],[-84.67677955,9.65876787],[-84.67678452,9.65879245],[-84.67678666,9.65881514],[-84.67678041,9.65883505],[-84.67676895,9.65884158],[-84.67674472,9.65884696],[-84.67672048,9.65884855],[-84.67669698,9.65884868],[-84.67667467,9.65885488],[-84.6766519,9.65886161],[-84.67662803,9.65886265],[-84.67660442,9.65885818],[-84.67658035,9.65885298],[-84.67655611,9.65884806],[-84.67653295,9.65884268],[-84.67651098,9.65883522],[-84.67648955,9.65882604],[-84.67647075,9.65881332],[-84.67646188,9.65879797],[-84.67644809,9.65877847],[-84.67642974,9.65876078],[-84.67641294,9.65874373],[-84.67640652,9.65872548],[-84.67640848,9.65870513],[-84.67641217,9.6586799],[-84.67640893,9.6586564],[-84.6763975,9.65863517],[-84.67638898,9.6586115],[-84.67638256,9.65858909],[-84.67637399,9.65858829],[-84.67636179,9.65859474],[-84.67634242,9.65861277],[-84.67633471,9.65863123],[-84.67632218,9.65865015],[-84.67630627,9.65866853],[-84.67629227,9.65868719],[-84.67629112,9.65870202],[-84.67629727,9.65872497],[-84.67630133,9.65874973],[-84.67629398,9.65876403],[-84.67627986,9.6587684],[-84.67625662,9.65876619],[-84.67623929,9.65875609],[-84.67622458,9.65873849],[-84.67619109,9.65870972],[-84.67617946,9.65868108],[-84.67617112,9.65865949],[-84.67615954,9.65865661],[-84.67614963,9.65866332],[-84.67613235,9.65868198],[-84.67611827,9.65870064],[-84.67610464,9.65872055],[-84.67609174,9.65874119],[-84.67607839,9.65876129],[-84.67606768,9.65878229],[-84.67607316,9.65878879],[-84.67609377,9.65880068],[-84.67611076,9.65881864],[-84.67612601,9.65883787],[-84.67614416,9.65884688],[-84.67616524,9.65885995],[-84.67618303,9.65887429],[-84.67620401,9.65888519],[-84.67622563,9.6588969],[-84.67623486,9.65891171],[-84.67624438,9.6589333],[-84.67625963,9.65894764],[-84.67628006,9.65895936],[-84.67629558,9.65897641],[-84.67630483,9.658999],[-84.6763067,9.65902323],[-84.67630748,9.65904737],[-84.67631599,9.65906381],[-84.67632287,9.65908685],[-84.67631715,9.65909644],[-84.67629713,9.65911239],[-84.67627565,9.65912274],[-84.67627075,9.65913586],[-84.67627189,9.65915711],[-84.67627166,9.65918025],[-84.67626311,9.65918552],[-84.67624653,9.65918573],[-84.67622346,9.65917791],[-84.67620129,9.65916502],[-84.67618495,9.65914869],[-84.67616524,9.65913417],[-84.6761428,9.65912355],[-84.67612018,9.6591103],[-84.67609955,9.65909479],[-84.67608121,9.65908117],[-84.67606187,9.65906729],[-84.67604215,9.6590487],[-84.67603354,9.65902937],[-84.67603113,9.6590065],[-84.67603199,9.65898299],[-84.67602459,9.65896899],[-84.67600816,9.65895582],[-84.67598399,9.65894412],[-84.67596265,9.65893376],[-84.67595044,9.65893659],[-84.67592724,9.65895119],[-84.67590293,9.65896209],[-84.67588108,9.65897235],[-84.67585796,9.65898207],[-84.67583675,9.65899314],[-84.675815,9.6590062],[-84.67579626,9.65902387],[-84.67578218,9.65904505],[-84.67577293,9.65906578],[-84.6757634,9.65908632],[-84.67574887,9.65911121],[-84.67573762,9.65913302],[-84.6757363,9.6591559],[-84.67574434,9.65916945],[-84.67575978,9.65918849],[-84.67577712,9.65920347],[-84.6757981,9.65921428],[-84.67582208,9.65922436],[-84.6758447,9.65923516],[-84.67586032,9.65925095],[-84.67587575,9.65927045],[-84.67588673,9.65929168],[-84.67588741,9.65931057],[-84.67587969,9.65932659],[-84.67586871,9.65934868],[-84.67587211,9.65936241],[-84.67588371,9.6593755],[-84.67590442,9.65939029],[-84.67592467,9.65940236],[-84.67594665,9.65940937],[-84.67596527,9.6594248],[-84.67596739,9.65943853],[-84.67596141,9.65945446],[-84.67594586,9.65946941],[-84.67592528,9.6594784],[-84.6759026,9.65948143],[-84.6758801,9.65948672],[-84.67587101,9.65949813],[-84.67586605,9.65951974],[-84.6758609,9.6595429],[-84.67586277,9.65956785],[-84.67585597,9.65958495],[-84.67584342,9.65959601],[-84.67582248,9.65960681],[-84.67580489,9.65960476],[-84.67579029,9.65959494],[-84.6757744,9.6595777],[-84.67576826,9.65955963],[-84.67576712,9.65953603],[-84.67575842,9.65951453],[-84.67574337,9.65950525],[-84.67572031,9.65950032],[-84.67569725,9.65949494],[-84.67567354,9.65948757],[-84.67566535,9.65949347],[-84.6756611,9.6595074],[-84.67566269,9.65952973],[-84.675673,9.65953875],[-84.67569127,9.6595596],[-84.67570288,9.65957929],[-84.67570939,9.6596017],[-84.67571518,9.65962519],[-84.67572307,9.65964977],[-84.67573067,9.65967164],[-84.67573774,9.65969558],[-84.67574899,9.6597159],[-84.67576279,9.65973785],[-84.6757693,9.65976143],[-84.67577273,9.6597871],[-84.67577843,9.65981177],[-84.67578148,9.65983627],[-84.67577989,9.65986014],[-84.67577045,9.65987752],[-84.67575861,9.65988216],[-84.67574357,9.65987893],[-84.67572824,9.65986703],[-84.67571353,9.65984771],[-84.67570145,9.65982314],[-84.67568975,9.65980182],[-84.67567431,9.6597816],[-84.67566178,9.65975965],[-84.67564798,9.65974006],[-84.67562882,9.65972717],[-84.67560257,9.65972089],[-84.6755786,9.65971985],[-84.67555518,9.659718],[-84.67553184,9.65971118],[-84.67551815,9.65969872],[-84.67550508,9.65967931],[-84.67549137,9.65965655],[-84.6754793,9.65963696],[-84.67546595,9.65961492],[-84.67545752,9.65959116],[-84.67545711,9.65956639],[-84.67545606,9.65954279],[-84.675447,9.65952238],[-84.67543065,9.65950405],[-84.67540949,9.65949171],[-84.67538679,9.6594875],[-84.675361,9.65948602],[-84.67533548,9.65948308],[-84.67530704,9.65947708],[-84.67528288,9.65947134],[-84.67525974,9.65947211],[-84.67523688,9.65947668],[-84.67522123,9.65948864],[-84.67520496,9.65950585],[-84.6751892,9.65951077],[-84.67517908,9.65950518],[-84.6751601,9.65949193],[-84.67514351,9.65949142],[-84.67513579,9.65950093],[-84.67512362,9.65952048],[-84.67511792,9.65954318],[-84.67511095,9.65956671],[-84.67510013,9.65957532],[-84.67508355,9.65957725],[-84.67506668,9.65956996],[-84.67505028,9.65957107],[-84.67502704,9.65957184],[-84.67501855,9.65956445],[-84.67500148,9.65954848],[-84.6749855,9.65953151],[-84.67496561,9.65951482],[-84.67494862,9.65949641],[-84.67493401,9.65947682],[-84.67491875,9.6594575],[-84.67490313,9.65943999],[-84.67489079,9.65941904],[-84.67487826,9.65939709],[-84.67486565,9.65937632],[-84.67485167,9.65935709],[-84.67483915,9.65933804],[-84.67483821,9.65932267],[-84.67482926,9.65931292],[-84.6748165,9.65931042],[-84.67479299,9.65931345],[-84.67478973,9.65932177],[-84.67478486,9.65934637],[-84.67478883,9.65937186],[-84.67480016,9.65938893],[-84.67481087,9.65941124],[-84.67481993,9.65943581],[-84.67482582,9.65946103],[-84.67483388,9.65948524],[-84.67484441,9.65950954],[-84.67485347,9.65953123],[-84.67486527,9.65955182],[-84.67487752,9.65957196],[-84.67488695,9.65959544],[-84.6748952,9.65961821],[-84.67490089,9.65964126],[-84.67489793,9.65966296],[-84.6748884,9.65968351],[-84.67487231,9.65969918],[-84.67485528,9.65970409],[-84.67483205,9.65970676],[-84.67480625,9.65970121],[-84.67478718,9.65968877],[-84.67476646,9.65967199],[-84.6747473,9.65965612],[-84.6747265,9.65964377],[-84.67470479,9.65963278],[-84.67468181,9.6596218],[-84.67466356,9.65960827],[-84.6746413,9.65959737],[-84.67461815,9.65959398],[-84.67459518,9.65958833],[-84.67457284,9.65958187],[-84.67455741,9.6595677],[-84.6745458,9.65954684],[-84.67453883,9.65952208],[-84.67453777,9.65949721],[-84.67454092,9.65947397],[-84.67454944,9.65945072],[-84.67456388,9.65943143],[-84.67457386,9.65940836],[-84.67457582,9.65938394],[-84.67457167,9.6593599],[-84.67456397,9.65933632],[-84.67455454,9.659314],[-84.67454666,9.65929232],[-84.67453905,9.65926919],[-84.67452917,9.65924823],[-84.67451676,9.65924111],[-84.67449305,9.65923167],[-84.67446898,9.6592224],[-84.67444655,9.65921539],[-84.67442139,9.65920821],[-84.67439914,9.65920102],[-84.67437834,9.65918985],[-84.67435708,9.6591747],[-84.67433086,9.65914021],[-84.67432415,9.65911157],[-84.6743272,9.6590866],[-84.67433171,9.65906318],[-84.67432948,9.65903877],[-84.67431871,9.65903102],[-84.67430605,9.65903149],[-84.67429659,9.65903983],[-84.67428296,9.6590621],[-84.67426988,9.65908193],[-84.67425595,9.65908846],[-84.67424,9.65908343],[-84.67422858,9.65906998],[-84.6742156,9.65904984],[-84.67419934,9.65903026],[-84.67418309,9.65901437],[-84.67416301,9.65899796],[-84.6741454,9.6589828],[-84.67414022,9.65899032],[-84.67413689,9.65900895],[-84.67414039,9.65903218],[-84.67414509,9.65905785],[-84.67414405,9.65908452],[-84.67413417,9.6591085],[-84.67411771,9.65912354],[-84.67409667,9.65913018],[-84.67407553,9.6591286],[-84.67405191,9.65912168],[-84.67403058,9.65911304],[-84.67400914,9.65909934],[-84.67398761,9.65908854],[-84.67396362,9.65907728],[-84.67394218,9.65906358],[-84.67392086,9.65905982],[-84.67389724,9.65905047],[-84.67388482,9.65903593],[-84.67387138,9.65901417],[-84.67385357,9.65899196],[-84.67383861,9.65898557],[-84.67381391,9.65898201],[-84.67379004,9.65898549],[-84.67376729,9.65899593],[-84.6737448,9.65900402],[-84.67371911,9.65900913],[-84.67369387,9.6590081],[-84.67366917,9.65900742],[-84.67364403,9.65900928],[-84.67361971,9.65901286],[-84.67359449,9.65902204],[-84.673571,9.65903474],[-84.67355281,9.65904988],[-84.6735441,9.65906734],[-84.67353658,9.65908915],[-84.67352195,9.65910753],[-84.67350804,9.659126],[-84.67351234,9.65913296],[-84.67353105,9.6591501],[-84.67355021,9.65916426],[-84.67355644,9.65917862],[-84.67355336,9.65919092],[-84.673542,9.65920324],[-84.67352417,9.65921855],[-84.6735078,9.65923577],[-84.67348824,9.65924991],[-84.67346666,9.65925501],[-84.67344879,9.65925035],[-84.67343728,9.65923889],[-84.67342621,9.65921594],[-84.67341152,9.65920431],[-84.67339127,9.65919359],[-84.67337647,9.65917499],[-84.67336941,9.65915222],[-84.67337036,9.65912672],[-84.67336304,9.65911155],[-84.67335357,9.65911455],[-84.67333337,9.65912833],[-84.67332038,9.65914735],[-84.67330073,9.6591623],[-84.67328706,9.65915998],[-84.6732628,9.65915261],[-84.67324019,9.65914597],[-84.67321668,9.65914357],[-84.67319692,9.65915075],[-84.67317325,9.65916011],[-84.67316013,9.65916059],[-84.67314865,9.65916106],[-84.67312415,9.65916617],[-84.6730982,9.65917409],[-84.6730747,9.65917821],[-84.673046,9.65917926],[-84.67301766,9.65917859],[-84.67299342,9.6591761],[-84.67296936,9.65917507],[-84.67294594,9.65917439],[-84.67292234,9.65917272],[-84.67289892,9.65917086],[-84.67287495,9.65917227],[-84.67284981,9.65917575],[-84.67282741,9.65918149],[-84.67280482,9.65918796],[-84.67278234,9.65919677],[-84.67275856,9.65920079],[-84.67269965,9.65922116],[-84.67260927,9.65927143],[-84.67258788,9.65928268],[-84.67256841,9.6592961],[-84.67254985,9.65931178],[-84.67252829,9.65932999],[-84.6725091,9.6593473],[-84.67249218,9.65936406],[-84.6724739,9.65938118],[-84.67245699,9.65939677],[-84.67233686,9.65951689],[-84.67225446,9.65964219],[-84.67221006,9.6597213],[-84.67217315,9.65980744],[-84.67206832,9.66001515],[-84.67203163,9.66007743],[-84.67200092,9.66016754],[-84.67201583,9.66024292],[-84.6720497,9.66027513],[-84.6720569,9.66027674],[-84.67208215,9.6602823],[-84.67210511,9.66028008],[-84.67212687,9.66027236],[-84.67214829,9.66027295],[-84.67217281,9.6602804],[-84.67219371,9.66029447],[-84.67221505,9.66030772],[-84.6722374,9.66032033],[-84.67225748,9.66033837],[-84.6722731,9.66035706],[-84.67227934,9.66037685],[-84.67228057,9.66039972],[-84.67228599,9.66042259],[-84.67229602,9.66042898],[-84.67231028,9.6604484],[-84.67230958,9.66046259],[-84.67229959,9.66047961],[-84.67228158,9.66049565],[-84.67227642,9.6605122],[-84.67228064,9.66052648],[-84.67229171,9.66054952],[-84.67230805,9.66056585],[-84.67232539,9.660582],[-84.67234102,9.66060195],[-84.67234479,9.66061921],[-84.6723399,9.66063595],[-84.67232472,9.66065641],[-84.67231255,9.66067714],[-84.67230476,9.66070057],[-84.67230489,9.66071585],[-84.672305,9.66072607],[-84.6723156,9.66074305],[-84.67233031,9.66076481],[-84.6723422,9.66078549],[-84.67235727,9.66080544],[-84.6723738,9.66082349],[-84.67238996,9.66084019],[-84.67241204,9.66085425],[-84.672433,9.66085611],[-84.67245724,9.66085615],[-84.67247803,9.66086605],[-84.67249611,9.66088238],[-84.67251409,9.66089772],[-84.67253489,9.66091305],[-84.67255588,9.66092756],[-84.67257313,9.66094372],[-84.67259057,9.66095914],[-84.67261246,9.6609723],[-84.67262962,9.66098755],[-84.67263941,9.6610076],[-84.67265319,9.66101815],[-84.67266449,9.66101722],[-84.67268818,9.66101763],[-84.67271425,9.66102337],[-84.67273814,9.66102883],[-84.67275684,9.66104308],[-84.67275714,9.6610552],[-84.67275372,9.66107826],[-84.67275404,9.66110132],[-84.67276189,9.66110419],[-84.67278205,9.66111573],[-84.67278927,9.66112919],[-84.67279697,9.66115159],[-84.67279784,9.66117501],[-84.67280726,9.66119606],[-84.67281624,9.66121973],[-84.67282786,9.66124186],[-84.67284165,9.66126136],[-84.67285308,9.66128132],[-84.67286879,9.66129928],[-84.67288159,9.66132095],[-84.6728819,9.66133678],[-84.67287711,9.66136047],[-84.67288244,9.66138045],[-84.6728956,9.66140329],[-84.67290782,9.66140779],[-84.67292112,9.66140451],[-84.67294554,9.66140672],[-84.67295504,9.66141511],[-84.67296965,9.66143353],[-84.67297945,9.66145648],[-84.67298078,9.66148278],[-84.67297408,9.66150404],[-84.67296528,9.66152585],[-84.67295156,9.66154523],[-84.67293355,9.66156126],[-84.67291508,9.6615745],[-84.67291019,9.66159006],[-84.67290823,9.6616133],[-84.67290108,9.66163583],[-84.67288964,9.66165547],[-84.67287199,9.66166934],[-84.67285468,9.66166992],[-84.67283871,9.66166127],[-84.67281963,9.66164223],[-84.6728012,9.66162771],[-84.67278953,9.66162845],[-84.67276695,9.66163736],[-84.6727462,9.66164789],[-84.67272554,9.6616576],[-84.67270259,9.6616675],[-84.67267836,9.6616699],[-84.67265512,9.66166533],[-84.67263304,9.66165371],[-84.67261425,9.66164019],[-84.6725959,9.66162612],[-84.6725752,9.66161423],[-84.67255122,9.66160713],[-84.67253606,9.66159314],[-84.67253093,9.66157543],[-84.67252705,9.66155275],[-84.67251963,9.66152934],[-84.67250993,9.66150812],[-84.67250232,9.66148661],[-84.67249336,9.66147198],[-84.67248952,9.66146566],[-84.67247682,9.6614457],[-84.67246597,9.6614441],[-84.67245067,9.66145019],[-84.67244022,9.66146313],[-84.67243452,9.66148457],[-84.67243739,9.66150455],[-84.67243498,9.66152906],[-84.67242471,9.66154463],[-84.6724078,9.66156509],[-84.67239171,9.66158204],[-84.67237771,9.66159996],[-84.67237583,9.66161543],[-84.67236877,9.66164139],[-84.6723565,9.66165679],[-84.67233721,9.66166632],[-84.67231089,9.66167586],[-84.67228858,9.66168251],[-84.67226792,9.66169358],[-84.67226592,9.66169467],[-84.67225492,9.66171132],[-84.67224695,9.6617362],[-84.67223598,9.66175946],[-84.67222463,9.66177956],[-84.67222327,9.66178571],[-84.67221966,9.66180244],[-84.67222805,9.66180884],[-84.67224413,9.66182744],[-84.67224552,9.66184226],[-84.67223819,9.6618656],[-84.67222491,9.66187955],[-84.67221393,9.66190037],[-84.67221941,9.66190687],[-84.67223757,9.66192239],[-84.67224654,9.66194117],[-84.67224603,9.66196116],[-84.67223577,9.66197673],[-84.67221603,9.66199413],[-84.67219756,9.66200908],[-84.67218183,9.66202539],[-84.67216117,9.66203519],[-84.67214133,9.66204789],[-84.67213207,9.66206382],[-84.67211598,9.66208483],[-84.67209678,9.66209843],[-84.67207457,9.66210923],[-84.67205007,9.66211552],[-84.67202776,9.66212098],[-84.67200388,9.66211796],[-84.67197496,9.66210129],[-84.67195829,9.66210277],[-84.67194136,9.66211419],[-84.67192591,9.66213438],[-84.67191284,9.6621571],[-84.67190058,9.66218154],[-84.67188843,9.66220724],[-84.67187817,9.66222815],[-84.67186729,9.66225303],[-84.67185785,9.66227529],[-84.67184734,9.66230379],[-84.67184046,9.6623265],[-84.67183413,9.66235255],[-84.67182644,9.66237761],[-84.67182002,9.6624014],[-84.67181406,9.66242809],[-84.67181201,9.66245576],[-84.67180933,9.66247837],[-84.67180801,9.66250251],[-84.67180432,9.66252657],[-84.67180154,9.66254918],[-84.67179922,9.66257296],[-84.67179581,9.6626009],[-84.6717924,9.6626293],[-84.67178972,9.66265489],[-84.67178659,9.66268591],[-84.67178345,9.66270906],[-84.67178049,9.6627333],[-84.67177927,9.66276151],[-84.67177832,9.66278936],[-84.67178011,9.66281675],[-84.6717808,9.66284053],[-84.6717813,9.66286503],[-84.67178171,9.66288782],[-84.67178094,9.66291422],[-84.67178071,9.66293737],[-84.67177958,9.66296196],[-84.67177753,9.66298466],[-84.67177758,9.66300925],[-84.67177717,9.66303267],[-84.67177531,9.66306007],[-84.67177637,9.66308981],[-84.67177578,9.6631135],[-84.67177801,9.66313791],[-84.67177989,9.66316648],[-84.67178214,9.66319504],[-84.67178309,9.66321774],[-84.67178515,9.66324242],[-84.67178538,9.66327081],[-84.67178762,9.66329765],[-84.67179014,9.66332595],[-84.67179083,9.66335135],[-84.67179361,9.66337612],[-84.67179366,9.66339945],[-84.67179243,9.6634235],[-84.67179403,9.66345126],[-84.6718001,9.66347855],[-84.67180581,9.66350566],[-84.67181324,9.66353033],[-84.67181756,9.66355284],[-84.67182353,9.66357778],[-84.67182687,9.66360535],[-84.67183157,9.66363219],[-84.6718339,9.66366004],[-84.67183732,9.66368272],[-84.67184084,9.66371129],[-84.67184371,9.66373407],[-84.67184667,9.66375684],[-84.67184964,9.66378261],[-84.67185278,9.66380511],[-84.67185428,9.66382871],[-84.67185507,9.66385529],[-84.67185995,9.66388231],[-84.67186338,9.66391043],[-84.67186461,9.6639333],[-84.67186976,9.66396005],[-84.67187127,9.66398609],[-84.67187561,9.6640123],[-84.6718803,9.6640367],[-84.67188463,9.66406047],[-84.67188559,9.66408362],[-84.67188591,9.66410785],[-84.67188633,9.66413551],[-84.67188592,9.66415902],[-84.67188944,9.6641875],[-84.67189213,9.66421181],[-84.67189546,9.66423703],[-84.67189933,9.66425963],[-84.67190248,9.66428503],[-84.6719059,9.66430781],[-84.67190895,9.66433393],[-84.67191584,9.66436113],[-84.67192136,9.66438445],[-84.67192742,9.66441102],[-84.67193604,9.66443523],[-84.67193909,9.66445774],[-84.67194314,9.66448133],[-84.67195706,9.66456258],[-84.67195908,9.66456692],[-84.67197894,9.6646101],[-84.67199756,9.6646267],[-84.67201582,9.66464393],[-84.67203062,9.66466624],[-84.67204132,9.66468728],[-84.6720523,9.6647086],[-84.6720703,9.66473099],[-84.6720871,9.66474922],[-84.67210745,9.66476464],[-84.67213189,9.6647758],[-84.67215351,9.66478878],[-84.67217741,9.66480202],[-84.67220211,9.66480686],[-84.67222672,9.66480871],[-84.67225025,9.66481761],[-84.67227032,9.6648324],[-84.67228685,9.66484846],[-84.67229152,9.66486392],[-84.67228819,9.66488372],[-84.67227766,9.664904],[-84.67226622,9.66492364],[-84.67225679,9.6649459],[-84.67225219,9.66496815],[-84.67224476,9.6649905],[-84.67223202,9.66500236],[-84.67221511,9.66501876],[-84.67221932,9.66502816],[-84.6722331,9.66503699],[-84.67225571,9.66504364],[-84.67227678,9.66505788],[-84.67228137,9.66507116],[-84.67227539,9.66509007],[-84.6722613,9.66510755],[-84.67224202,9.66512558],[-84.67222237,9.66514461],[-84.67220674,9.66516272],[-84.67218609,9.66517949],[-84.67216424,9.66518803],[-84.67215247,9.6651829],[-84.6721304,9.66517417],[-84.67210817,9.6651743],[-84.6720967,9.66518246],[-84.67209209,9.66519821],[-84.67209559,9.66521728],[-84.67209591,9.66524078],[-84.67209705,9.66526492],[-84.67210629,9.66528217],[-84.67211777,9.66528342],[-84.67213917,9.66527695],[-84.67216211,9.6652638],[-84.67218478,9.66525417],[-84.67221046,9.66524978],[-84.67223689,9.66525091],[-84.67225468,9.66525919],[-84.67226728,9.66527508],[-84.67226539,9.66528683],[-84.67225549,9.66529942],[-84.67224158,9.66531744],[-84.67223897,9.66533444],[-84.67224412,9.66535631],[-84.67225555,9.66537998],[-84.67225998,9.66540547],[-84.67226686,9.66542724],[-84.67227911,9.66544784],[-84.67228124,9.66546763],[-84.67227289,9.66548157],[-84.6722547,9.66550204],[-84.67224217,9.66552096],[-84.67224856,9.66552728],[-84.67226095,9.66552671],[-84.67228326,9.6655217],[-84.6723085,9.66552156],[-84.6723179,9.66552949],[-84.67232879,9.66554909],[-84.67234504,9.66556624],[-84.67235698,9.66556739],[-84.67237985,9.66557015],[-84.6724032,9.66557933],[-84.67242452,9.66557892],[-84.67243662,9.66557085],[-84.67245493,9.66556883],[-84.67246898,9.66557585],[-84.67248959,9.66558612],[-84.67250767,9.66560073],[-84.67251791,9.66561997],[-84.67251373,9.66562848],[-84.67249546,9.66564732],[-84.67247415,9.6656574],[-84.67244993,9.66566441],[-84.67242982,9.66567701],[-84.67241236,9.66569341],[-84.67239352,9.66570647],[-84.67239017,9.66571805],[-84.67239222,9.66573911],[-84.67238753,9.66576208],[-84.67237743,9.66577205],[-84.67235906,9.66578746],[-84.67233886,9.66580368],[-84.67231948,9.66581638],[-84.67229909,9.66582998],[-84.67228396,9.66582919],[-84.67226818,9.66581973],[-84.67225676,9.66580384],[-84.67224934,9.6657817],[-84.67224966,9.66575901],[-84.67224934,9.66573595],[-84.67224049,9.66573037],[-84.67222051,9.66571856],[-84.67220544,9.66570024],[-84.672185,9.66568798],[-84.67216468,9.66568576],[-84.67214124,9.66567604],[-84.67211861,9.66566162],[-84.67209663,9.66565045],[-84.67207638,9.66563964],[-84.67205604,9.66562847],[-84.67204375,9.66563446],[-84.67202072,9.66564336],[-84.67200094,9.66564277],[-84.67197843,9.66563902],[-84.67189916,9.66564279],[-84.67184059,9.66565194],[-84.67181389,9.66565308],[-84.67178913,9.66566217],[-84.67177521,9.66567648],[-84.6717552,9.66569244],[-84.67173901,9.66570883],[-84.67173913,9.66572122],[-84.67174619,9.66574517],[-84.67176008,9.66576232],[-84.67177201,9.66576347],[-84.67179754,9.66577002],[-84.67181898,9.665782],[-84.67184306,9.66579742],[-84.6718666,9.66581129],[-84.67188686,9.66582617],[-84.6719042,9.66584232],[-84.67191751,9.66584275],[-84.67194275,9.66584134],[-84.67196917,9.66584247],[-84.67199433,9.66584839],[-84.67201932,9.66585711],[-84.67204156,9.66586312],[-84.67206463,9.66586841],[-84.67208823,9.66587252],[-84.67211203,9.66587998],[-84.67213365,9.66589332],[-84.67214426,9.66590985],[-84.67214877,9.66593335],[-84.67214206,9.66594972],[-84.67212677,9.6659606],[-84.67210346,9.66596942],[-84.67208363,9.66598383],[-84.67206744,9.66600276],[-84.67205078,9.66600831],[-84.67202791,9.66600799],[-84.67200256,9.66600108],[-84.67197885,9.66599245],[-84.6719527,9.66599033],[-84.67192538,9.66599725],[-84.67189986,9.66599595],[-84.67187562,9.665994],[-84.67185212,9.66599649],[-84.67182826,9.66600784],[-84.67181226,9.66602396],[-84.67179516,9.66603937],[-84.67177459,9.66605134],[-84.67174999,9.66605474],[-84.6717264,9.6660556],[-84.67170181,9.66606188],[-84.67167749,9.66606916],[-84.67165518,9.66607581],[-84.67163059,9.66608047],[-84.67160626,9.66608286],[-84.6715834,9.66608499],[-84.67155926,9.66609082],[-84.67153632,9.66610145],[-84.67151639,9.6661155],[-84.67149336,9.66612685],[-84.6714695,9.66613042],[-84.67144443,9.66612857],[-84.67141673,9.6661251],[-84.67139358,9.66612333],[-84.67136915,9.66611705],[-84.67134698,9.66610417],[-84.67132228,9.66610177],[-84.67129742,9.66610915],[-84.67127119,9.66611806],[-84.67124506,9.6661286],[-84.67122148,9.66613886],[-84.67120073,9.66614939],[-84.6711787,9.66615865],[-84.6711562,9.66616557],[-84.6711297,9.66617304],[-84.67110202,9.66617924],[-84.67107769,9.6661829],[-84.67105483,9.66618665],[-84.67103198,9.66619538],[-84.67100811,9.66619723],[-84.67098476,9.66618968],[-84.67096079,9.6661862],[-84.67093255,9.66618843],[-84.67090913,9.66618531],[-84.67089052,9.66617522],[-84.67086499,9.6661674],[-84.67084138,9.66616456],[-84.67077711,9.66614651],[-84.67069614,9.66616791],[-84.67067192,9.6661761],[-84.67064716,9.6661888],[-84.67062433,9.66620657],[-84.67060386,9.66622623],[-84.67058285,9.66624309],[-84.67055954,9.66625362],[-84.67053852,9.66626632],[-84.67052087,9.66628182],[-84.67050406,9.66630156],[-84.67048787,9.66632094],[-84.67047124,9.66634041],[-84.67045204,9.66635519],[-84.67043376,9.66637104],[-84.670389,9.66640992],[-84.67036908,9.6664709],[-84.67036302,9.66649297],[-84.67035805,9.66651703],[-84.67035154,9.66654281],[-84.67033882,9.66655965],[-84.67031853,9.66657289],[-84.67029513,9.6665837],[-84.67026999,9.66658718],[-84.67024502,9.66658705],[-84.67021839,9.66657779],[-84.67019531,9.66656337],[-84.67017342,9.66655148],[-84.6701531,9.66655043],[-84.67013051,9.666554],[-84.67010838,9.66656037],[-84.67008516,9.6665672],[-84.6700706,9.66658061],[-84.67006335,9.66659907],[-84.67005492,9.66662033],[-84.67004835,9.66666681],[-84.67005245,9.66671066],[-84.67008607,9.66675128],[-84.67010248,9.66675912],[-84.67012474,9.66676757],[-84.67014753,9.66677521],[-84.67017022,9.66677815],[-84.67019902,9.66678126],[-84.67022263,9.66678284],[-84.67024824,9.6667846],[-84.67026484,9.66679452],[-84.67027471,9.66681023],[-84.67027137,9.6668247],[-84.67026127,9.6668334],[-84.67023861,9.66684673],[-84.67021449,9.66686034],[-84.67019219,9.6668706],[-84.67016641,9.66687825],[-84.67014181,9.66687676],[-84.67012193,9.6668674],[-84.67009802,9.66685171],[-84.67007577,9.6668409],[-84.67005152,9.66683842],[-84.67003395,9.66684487],[-84.67001247,9.66685703],[-84.66999044,9.6668663],[-84.66997816,9.66688006],[-84.66996855,9.66690305],[-84.66996367,9.66692593],[-84.66996999,9.66693957],[-84.66998715,9.66695482],[-84.67000895,9.66696743],[-84.6700313,9.66697924],[-84.67004701,9.6669972],[-84.67004649,9.66701194],[-84.67003443,9.66704098],[-84.67002427,9.6670636],[-84.67000435,9.66708127],[-84.66998685,9.66708212],[-84.66996243,9.66708118],[-84.66993711,9.66708502],[-84.66991937,9.66709961],[-84.66991057,9.66711898],[-84.66989933,9.66714739],[-84.66988834,9.6671702],[-84.66987444,9.66718984],[-84.66985854,9.66721067],[-84.66984482,9.66723249],[-84.66983393,9.6672533],[-84.66982423,9.66727945],[-84.66981927,9.66730351],[-84.66981896,9.66733109],[-84.66982365,9.66735432],[-84.6698196,9.66737774],[-84.66981089,9.66739882],[-84.6698,9.66742253],[-84.66979021,9.66744534],[-84.66978114,9.66746705],[-84.66977417,9.66749094],[-84.66976466,9.66752052],[-84.66975359,9.66754694],[-84.66974398,9.6675683],[-84.66973509,9.66758966],[-84.66972858,9.66761309],[-84.66972461,9.6676357],[-84.66972028,9.66765822],[-84.66971595,9.66767794],[-84.66971405,9.66768662],[-84.66970736,9.66771322],[-84.6697014,9.66774062],[-84.66969626,9.66776496],[-84.66969019,9.66778703],[-84.66968287,9.66781525],[-84.66967245,9.66784665],[-84.66966321,9.66787343],[-84.66965443,9.66789948],[-84.66964755,9.66792337],[-84.66964148,9.66794553],[-84.66963197,9.66797141],[-84.66962235,9.66799394],[-84.66961146,9.66801521],[-84.66954623,9.66816045],[-84.66950287,9.66825511],[-84.66949234,9.668279],[-84.66947956,9.66830967],[-84.66946985,9.66833293],[-84.66946052,9.66835854],[-84.66944937,9.66838866],[-84.66944141,9.66842078],[-84.66943527,9.66844773],[-84.66943213,9.66847097],[-84.66942817,9.66849612],[-84.66942348,9.66852036],[-84.6694197,9.66854397],[-84.66941774,9.66856793],[-84.66941624,9.66859108],[-84.66942539,9.66861149],[-84.66943901,9.66863253],[-84.66944425,9.66865612],[-84.66944156,9.66867927],[-84.66942922,9.66870687],[-84.66941405,9.66872978],[-84.66939806,9.66875368],[-84.66938525,9.66877368],[-84.66937272,9.66879794],[-84.66936212,9.66882427],[-84.66935187,9.66884888],[-84.66934353,9.66887069],[-84.66933411,9.66889828],[-84.66932686,9.66892271],[-84.66931953,9.66894605],[-84.66931111,9.6689722],[-84.66930259,9.66899427],[-84.6692939,9.66902268],[-84.66928574,9.66904666],[-84.66927951,9.6690719],[-84.66927317,9.66909505],[-84.66926439,9.66912301],[-84.66925397,9.66915196],[-84.66924627,9.66917539],[-84.66923675,9.66920245],[-84.66922734,9.66923375],[-84.66922083,9.66925754],[-84.66921386,9.6692835],[-84.66920763,9.66931001],[-84.66920403,9.66933569],[-84.66920217,9.66935947],[-84.66920003,9.66938488],[-84.66919525,9.66940867],[-84.66918983,9.66943165],[-84.66918477,9.66945471],[-84.66917816,9.66947887],[-84.6691711,9.66950239],[-84.66916349,9.66952501],[-84.66916177,9.66953179],[-84.66915725,9.66954907],[-84.66915184,9.66957684],[-84.66914679,9.66960289],[-84.66914155,9.66962794],[-84.66913704,9.66965019],[-84.66913208,9.66967552],[-84.6691283,9.66969913],[-84.66912034,9.66972762],[-84.66911329,9.66975892],[-84.66910779,9.66978506],[-84.66910456,9.66981146],[-84.66910315,9.66983579],[-84.66909947,9.66986518],[-84.66909642,9.66989258],[-84.6690912,9.6699218],[-84.66908733,9.66994739],[-84.66908547,9.66997226],[-84.66908424,9.66999884],[-84.66908393,9.67002516],[-84.66908217,9.67005662],[-84.66908067,9.67007977],[-84.66908144,9.67010518],[-84.66908077,9.67013095],[-84.66907982,9.67015934],[-84.66907851,9.67018538],[-84.66907747,9.6702145],[-84.66907597,9.67024009],[-84.66907521,9.67026658],[-84.66907735,9.67029288],[-84.66907722,9.67031775],[-84.66907745,9.67034451],[-84.66907724,9.67037127],[-84.66907847,9.67039831],[-84.66908098,9.67042127],[-84.66908304,9.67045128],[-84.66908546,9.67047786],[-84.6690887,9.67050199],[-84.66909067,9.67052866],[-84.66909437,9.67055695],[-84.66909688,9.67058154],[-84.6690982,9.67060731],[-84.66909971,9.67063208],[-84.66910277,9.67065784],[-84.66911057,9.67068558],[-84.66911717,9.67070835],[-84.66912314,9.67073203],[-84.66915601,9.67081099],[-84.66916916,9.67082434],[-84.669175,9.6708303],[-84.6691885,9.67083289],[-84.66921008,9.67082906],[-84.66923287,9.67083172],[-84.66925375,9.67084217],[-84.66926472,9.67085689],[-84.66927979,9.67087639],[-84.66928073,9.67089058],[-84.66927814,9.67091373],[-84.66926797,9.67093391],[-84.66927037,9.67094973],[-84.66928097,9.67096671],[-84.66929632,9.67098521],[-84.6693162,9.67099584],[-84.66933918,9.67100023],[-84.66934973,9.67099388],[-84.66936513,9.67099358],[-84.66937699,9.6710016],[-84.6693978,9.67101928],[-84.66941461,9.67103797],[-84.6694284,9.67105702],[-84.66944239,9.67107751],[-84.66946054,9.6710877],[-84.66947889,9.67110421],[-84.66948247,9.67112002],[-84.66948352,9.67114488],[-84.66949212,9.67116132],[-84.66950737,9.67117938],[-84.66951708,9.67120187],[-84.66952924,9.67122147],[-84.66954282,9.67122569],[-84.66956004,9.67122222],[-84.66958171,9.67121513],[-84.66959721,9.67122025],[-84.6696192,9.67123259],[-84.66963925,9.67123518],[-84.66966303,9.67123603],[-84.66968379,9.67122912],[-84.66970866,9.67122591],[-84.6697329,9.67122586],[-84.66975816,9.67123232],[-84.66978104,9.67123743],[-84.66979609,9.6712497],[-84.66981098,9.67126712],[-84.66982612,9.67127152],[-84.66984899,9.67127057],[-84.66986878,9.67127776],[-84.66988721,9.67129229],[-84.66990774,9.67130572],[-84.66992772,9.67131915],[-84.66994234,9.67133883],[-84.66995759,9.67135806],[-84.66995662,9.6713709],[-84.66995266,9.67139478],[-84.66994988,9.67141865],[-84.66993817,9.67144065],[-84.66992444,9.67145876],[-84.66991027,9.67147777],[-84.6698986,9.67147852],[-84.66987454,9.67147332],[-84.6698679,9.67148075],[-84.66985464,9.67150003],[-84.66983644,9.67151517],[-84.66981532,9.6715238],[-84.66979072,9.67152475],[-84.66976647,9.67152109],[-84.6697454,9.671511],[-84.66974652,9.67152194],[-84.66974447,9.67154672],[-84.6697478,9.67157067],[-84.66973989,9.67158163],[-84.66972296,9.6715907],[-84.66970037,9.67159301],[-84.66967858,9.6715869],[-84.66965905,9.67157455],[-84.66963907,9.67156275],[-84.66961601,9.67155746],[-84.66959385,9.67154946],[-84.66957142,9.67154254],[-84.66954727,9.67153806],[-84.66952413,9.67154127],[-84.66950875,9.67155224],[-84.66949311,9.67156909],[-84.66947921,9.67158702],[-84.66946881,9.67158532],[-84.66944575,9.67158048],[-84.6694225,9.67157294],[-84.66940516,9.67155922],[-84.66938563,9.67154733],[-84.66936549,9.6715443],[-84.669345,9.67154894],[-84.6693205,9.67155532],[-84.66930449,9.671569],[-84.66930488,9.67157995],[-84.66930584,9.67160381],[-84.66929718,9.67160618],[-84.66927595,9.67160297],[-84.66925198,9.67160193],[-84.66920708,9.67161214],[-84.66917525,9.6716471],[-84.66916427,9.67166747],[-84.6691552,9.67168909],[-84.66914075,9.67171209],[-84.66912767,9.6717311],[-84.66911359,9.67175102],[-84.66910579,9.67177273],[-84.66909992,9.67179815],[-84.66909741,9.6718223],[-84.66909838,9.67184616],[-84.66910489,9.67186858],[-84.6691186,9.6718888],[-84.66911718,9.67190833],[-84.66910563,9.67192102],[-84.66908707,9.67193543],[-84.66906641,9.67194641],[-84.66904382,9.67194998],[-84.66902549,9.67194423],[-84.66900569,9.67192926],[-84.66898743,9.6719132],[-84.66897586,9.67191439],[-84.6689519,9.67191625],[-84.66893712,9.67190959],[-84.66891978,9.67189461],[-84.66890789,9.67187231],[-84.66889983,9.67184972],[-84.66888687,9.67184097],[-84.66887147,9.67184127],[-84.66884624,9.67184503],[-84.66882365,9.67184905],[-84.66879869,9.67185308],[-84.66877821,9.67186505],[-84.66876002,9.67187892],[-84.66873707,9.67188964],[-84.66871476,9.67189628],[-84.66869492,9.67190906],[-84.66867299,9.67192122],[-84.66865023,9.67193573],[-84.66862821,9.67194699],[-84.66860636,9.67195842],[-84.6685847,9.67197085],[-84.66856741,9.6719858],[-84.66855913,9.67199278],[-84.66854904,9.67200121],[-84.66853231,9.67201969],[-84.66852114,9.67204204],[-84.66852227,9.67205841],[-84.66852495,9.672081],[-84.66852473,9.67210541],[-84.66852323,9.67213091],[-84.66852599,9.67219076],[-84.66856582,9.67223969],[-84.66857904,9.67224328],[-84.66860202,9.67225065],[-84.66862581,9.67225684],[-84.66864361,9.67227046],[-84.6686439,9.67228212],[-84.66863282,9.67230005],[-84.66861762,9.67230903],[-84.6685934,9.67231676],[-84.66856991,9.67232702],[-84.66855235,9.67234306],[-84.66854537,9.67236043],[-84.66855077,9.67237182],[-84.66856601,9.67238209],[-84.66858672,9.67239688],[-84.66859933,9.67241521],[-84.66861259,9.67243553],[-84.66862846,9.67244544],[-84.66864353,9.67246494],[-84.66864402,9.67247995],[-84.66863558,9.67249642],[-84.66863543,9.67251351],[-84.66864367,9.67253167],[-84.66865037,9.67255498],[-84.66864941,9.67257967],[-84.66863906,9.67259967],[-84.66862607,9.67261868],[-84.66861326,9.67263914],[-84.66859918,9.67265743],[-84.66858427,9.67267925],[-84.66857293,9.67270178],[-84.66856413,9.67272368],[-84.66855525,9.67274802],[-84.66854136,9.67277129],[-84.66852845,9.67279075],[-84.6685192,9.67281156],[-84.66851292,9.6728604],[-84.66853101,9.67292908],[-84.66853925,9.67295257],[-84.66854431,9.67297643],[-84.66854052,9.67299588],[-84.66853136,9.67301705],[-84.66852385,9.67304066],[-84.66852526,9.67306327],[-84.66853587,9.6730863],[-84.66854994,9.67310608],[-84.6685652,9.67312413],[-84.6685799,9.67314173],[-84.66859943,9.67315534],[-84.66862067,9.67315865],[-84.6686366,9.67315337],[-84.66866283,9.67314455],[-84.66868605,9.67313646],[-84.66871256,9.67313143],[-84.66873907,9.67312885],[-84.6687654,9.67312943],[-84.66879046,9.67312712],[-84.66881687,9.67312409],[-84.6688463,9.67312023],[-84.66886953,9.6731163],[-84.66889332,9.67312078],[-84.66889396,9.67312086],[-84.66891312,9.67313385],[-84.66892655,9.67315218],[-84.66893816,9.67317313],[-84.66895161,9.67319734],[-84.66896404,9.67321838],[-84.66897912,9.67323788],[-84.66899673,9.67325303],[-84.66901051,9.67326042],[-84.6690178,9.67326438],[-84.66904061,9.67327564],[-84.66906196,9.67329133],[-84.66907767,9.67330803],[-84.66909228,9.67332644],[-84.66910717,9.67334377],[-84.6691196,9.67336364],[-84.66912931,9.67338975],[-84.6691341,9.67341876],[-84.66913561,9.67344308],[-84.66913766,9.67346659],[-84.66914053,9.67349009],[-84.66914669,9.67351476],[-84.66915047,9.67353808],[-84.669161,9.67356066],[-84.66916669,9.67358416],[-84.66917367,9.67361254],[-84.66917982,9.67363549],[-84.66919035,9.67365853],[-84.66920433,9.6736773],[-84.66922258,9.6736921],[-84.66922908,9.67370917],[-84.66923979,9.67373076],[-84.66924967,9.67375371],[-84.6692571,9.67377829],[-84.66925907,9.67380667],[-84.66925447,9.67383209],[-84.66924887,9.67385533],[-84.66924629,9.67388382],[-84.66924862,9.67390995],[-84.66925459,9.67393362],[-84.66926256,9.67395693],[-84.6692719,9.6739787],[-84.66927759,9.67400302],[-84.6692781,9.67402625],[-84.66927778,9.67405139],[-84.66927737,9.67407607],[-84.66927214,9.6741023],[-84.66927,9.67412536],[-84.66927096,9.67414805],[-84.66927137,9.67417337],[-84.66927333,9.67419751],[-84.66927566,9.67422363],[-84.66927945,9.67424993],[-84.66928205,9.67427452],[-84.66928492,9.6742973],[-84.66929653,9.67431536],[-84.66931251,9.67433224],[-84.66933031,9.67434712],[-84.66935256,9.67435802],[-84.66937409,9.67436928],[-84.6693947,9.67438063],[-84.66942106,9.6743927],[-84.66944258,9.67440151],[-84.66946184,9.67441495],[-84.66947737,9.67443797],[-84.66948581,9.67446291],[-84.66949014,9.67448668],[-84.66949173,9.67451028],[-84.66949288,9.67453631],[-84.66949703,9.67456036],[-84.66949634,9.67458359],[-84.66950422,9.67460401],[-84.66951046,9.67462624],[-84.66950969,9.67465147],[-84.66950236,9.67467716],[-84.66949129,9.67470241],[-84.66948005,9.67472838],[-84.66947134,9.67474946],[-84.66946327,9.674771],[-84.66945693,9.67479],[-84.66945594,9.67479307],[-84.66945234,9.67481758],[-84.66945667,9.67484379],[-84.66946054,9.67486639],[-84.66946505,9.67488871],[-84.66946902,9.67491176],[-84.66947353,9.67493652],[-84.66947905,9.67495975],[-84.66948155,9.67498316],[-84.66947357,9.67500271],[-84.66946158,9.67502326],[-84.66944724,9.67504833],[-84.66943753,9.67507041],[-84.66943875,9.67508713],[-84.66944035,9.6751119],[-84.6694424,9.67513785],[-84.669443,9.67516524],[-84.66944588,9.67519001],[-84.66945559,9.67521666],[-84.66946693,9.6752369],[-84.66948236,9.6752563],[-84.66948248,9.67525647],[-84.66949543,9.67527572],[-84.66951097,9.67530128],[-84.66952369,9.67532783],[-84.66953568,9.67535358],[-84.6695442,9.67537481],[-84.66955591,9.67539739],[-84.66956606,9.67541817],[-84.66957914,9.67544002],[-84.66958802,9.67546197],[-84.669597,9.67548555],[-84.66961344,9.67550604],[-84.66963288,9.67552038],[-84.66965277,9.6755358],[-84.66967531,9.67555104],[-84.66969438,9.67556466],[-84.66971209,9.6755827],[-84.66972461,9.67560176],[-84.66973678,9.67562551],[-84.6697453,9.67564973],[-84.66975655,9.67567113],[-84.66977061,9.67568141],[-84.66978363,9.67567795],[-84.66979554,9.67566301],[-84.66980516,9.67564174],[-84.66981504,9.67561822],[-84.6698294,9.67559848],[-84.66985015,9.67558506],[-84.66986737,9.67558394],[-84.66988752,9.67559186],[-84.66990905,9.67560302],[-84.66992472,9.67560182],[-84.66994831,9.67559924],[-84.66997265,9.67560344],[-84.66999862,9.67560041],[-84.67001072,9.67559107],[-84.67002461,9.67556898],[-84.67003305,9.67554763],[-84.67004715,9.67553549],[-84.67006391,9.67553211],[-84.67008205,9.67553741],[-84.67009511,9.67555022],[-84.67010563,9.67557163],[-84.67010612,9.67559197],[-84.67010216,9.6756163],[-84.67010057,9.67563972],[-84.67009103,9.67565376],[-84.67007466,9.67567051],[-84.67005857,9.6756879],[-84.67004923,9.67571179],[-84.67004116,9.67573378],[-84.6700257,9.67575035],[-84.67001308,9.67577126],[-84.67000374,9.67579398],[-84.66998902,9.67581308],[-84.66996918,9.67582876],[-84.66994778,9.67583721],[-84.66994152,9.67585052],[-84.66993875,9.67587566],[-84.66993816,9.67589935],[-84.66993957,9.67592195],[-84.66993944,9.67594681],[-84.66994722,9.67596434],[-84.6699571,9.67598484],[-84.66995613,9.67600139],[-84.66995079,9.67602355],[-84.66994218,9.67604635],[-84.66993557,9.67606806],[-84.6699297,9.67609231],[-84.66991999,9.67611312],[-84.66990755,9.67613249],[-84.66990948,9.67614407],[-84.669922,9.67616068],[-84.66994316,9.67617365],[-84.66996532,9.67618166],[-84.66997625,9.67617594],[-84.66999837,9.67616586],[-84.67001783,9.67614756],[-84.6700239,9.6761292],[-84.67003553,9.67610801],[-84.67004998,9.67608873],[-84.67006938,9.67608797],[-84.67009204,9.67611622],[-84.67009846,9.67613692],[-84.67009531,9.67615844],[-84.67008469,9.67617998],[-84.6700769,9.67620332],[-84.67006821,9.67622929],[-84.67005968,9.67625136],[-84.67004779,9.67627363],[-84.67003416,9.67629228],[-84.67001761,9.67630805],[-84.67001026,9.67632596],[-84.6700063,9.67634866],[-84.67000707,9.6763728],[-84.67001558,9.67639168],[-84.67003073,9.6764044],[-84.67005199,9.67641539],[-84.67008144,9.67642302],[-84.67010805,9.67642622],[-84.6701343,9.67642997],[-84.67015882,9.67643507],[-84.67018736,9.67644035],[-84.6702147,9.67644247],[-84.67024341,9.6764463],[-84.67025746,9.67645821],[-84.67026981,9.6764788],[-84.67027978,9.67650021],[-84.67029057,9.67652062],[-84.67030637,9.67653858],[-84.6703043,9.67655106],[-84.67029358,9.67656673],[-84.67027949,9.67658502],[-84.67027379,9.67660655],[-84.67028049,9.6766257],[-84.67029372,9.67663879],[-84.67031808,9.67665022],[-84.67033932,9.67665886],[-84.6703655,9.67666749],[-84.67038855,9.67666754],[-84.67039719,9.67665857],[-84.67040717,9.67663676],[-84.67041918,9.67663013],[-84.67043331,9.67663227],[-84.67045357,9.67664598],[-84.67046135,9.67666342],[-84.67047124,9.67668645],[-84.67048602,9.67669971],[-84.67050691,9.67671133],[-84.67052836,9.67672576],[-84.67054571,9.6767448],[-84.67055841,9.67676485],[-84.67057321,9.67678535],[-84.67059247,9.67680167],[-84.67060709,9.67682126],[-84.67060731,9.67683781],[-84.67060216,9.67686214],[-84.67059747,9.67688593],[-84.67058859,9.67690855],[-84.67057706,9.67693018],[-84.67056927,9.67695361],[-84.67057411,9.67696337],[-84.67059055,9.67698015],[-84.67061171,9.67699033],[-84.67063769,9.67699561],[-84.67066112,9.67700235],[-84.67068329,9.67701569],[-84.67070645,9.67702152],[-84.67073389,9.67702608],[-84.67075477,9.67703526],[-84.67077584,9.67704534],[-84.67079753,9.67704611],[-84.67082067,9.67704119],[-84.67084717,9.67703616],[-84.67087459,9.6770334],[-84.6709011,9.67702837],[-84.67092687,9.67701964],[-84.67095136,9.67700911],[-84.67097559,9.67700255],[-84.67100001,9.67700431],[-84.6710239,9.67700896],[-84.67104997,9.67701425],[-84.67107695,9.67701944],[-84.67110283,9.67702129],[-84.67112423,9.67701528],[-84.67114946,9.6770061],[-84.67117179,9.67700723],[-84.67119631,9.67701234],[-84.67120699,9.67702443],[-84.67122688,9.67703623],[-84.67124795,9.67704632],[-84.67126729,9.67706021],[-84.67128327,9.67707663],[-84.6712938,9.67709849],[-84.67129256,9.67711965],[-84.67128705,9.67714217],[-84.67128272,9.67716533],[-84.67127056,9.67718904],[-84.67126432,9.67721265],[-84.67124996,9.67723483],[-84.67122695,9.67725287],[-84.67120657,9.67726936],[-84.67118747,9.67728757],[-84.67116819,9.67730976],[-84.67115649,9.67733537],[-84.67114742,9.677357],[-84.67113699,9.67738188],[-84.67112956,9.67740468],[-84.67112678,9.6774281],[-84.67113357,9.67744826],[-84.67114018,9.67747473],[-84.67113558,9.67749698],[-84.67112724,9.67751997],[-84.67111591,9.67754992],[-84.6711084,9.6775776],[-84.67110298,9.67760003],[-84.67109574,9.67762627],[-84.67109023,9.67765114],[-84.67108928,9.6776742],[-84.67109206,9.67770141],[-84.67110304,9.67772272],[-84.67112055,9.67772965],[-84.67114262,9.67773711],[-84.6711635,9.67774629],[-84.67118384,9.67775755],[-84.67120836,9.67775778],[-84.67122584,9.67774906],[-84.67125142,9.67773934],[-84.67128039,9.67773684],[-84.67130972,9.67773127],[-84.67133386,9.67772372],[-84.67135771,9.67771535],[-84.67138021,9.67771006],[-84.67138643,9.67771909],[-84.67139295,9.67774566],[-84.67139409,9.67776926],[-84.67139277,9.6777953],[-84.67138635,9.67781801],[-84.67137661,9.67782372],[-84.67137672,9.67783439],[-84.67137878,9.67786034],[-84.67137491,9.67788629],[-84.67137232,9.67791071],[-84.67136864,9.67793766],[-84.67136203,9.67796181],[-84.67135725,9.6779856],[-84.67135839,9.6780092],[-84.67135717,9.67803623],[-84.67134956,9.67806301],[-84.67133867,9.678085],[-84.67132141,9.67811017],[-84.67130606,9.67813498],[-84.67129299,9.67815887],[-84.67128127,9.6781796],[-84.67126685,9.67821154],[-84.67126417,9.67823831],[-84.67126094,9.67826725],[-84.67125215,9.67829322],[-84.67124309,9.67831728],[-84.67122756,9.67834118],[-84.67120983,9.67836355],[-84.67118585,9.67839977],[-84.67117341,9.67842158],[-84.67115978,9.67844267],[-84.67114697,9.67846259],[-84.67113062,9.67849001],[-84.67112119,9.67851228],[-84.67111231,9.67853734],[-84.6711149,9.67855632],[-84.67112604,9.67856543],[-84.67114175,9.67858574],[-84.67115536,9.67860561],[-84.67117453,9.67862094],[-84.67119615,9.67863392],[-84.67121697,9.67865277],[-84.67122776,9.67867319],[-84.67124329,9.67869259],[-84.67126465,9.67870946],[-84.67128509,9.67872651],[-84.67130654,9.67874337],[-84.67133637,9.67876113],[-84.67135131,9.67875974],[-84.67135694,9.67874798],[-84.6713713,9.67872824],[-84.67138895,9.6787132],[-84.67140995,9.67869218],[-84.67143015,9.67867469],[-84.67144487,9.67865676],[-84.67144367,9.67864537],[-84.67143551,9.67862351],[-84.67140967,9.67859634],[-84.67138676,9.67857677],[-84.67137124,9.6785598],[-84.67135607,9.67853975],[-84.67135769,9.67852782],[-84.67136897,9.6785174],[-84.67139363,9.67850053],[-84.6714099,9.67848287],[-84.67141742,9.67846097],[-84.67141637,9.67843485],[-84.6714175,9.67841034],[-84.67142624,9.67840237],[-84.67144272,9.67839872],[-84.67145786,9.67840312],[-84.67147565,9.67841683],[-84.67148754,9.67843796],[-84.67149561,9.67846462],[-84.67150413,9.67848585],[-84.67151948,9.6785068],[-84.67154129,9.67852312],[-84.67156182,9.67853528],[-84.67158171,9.67854953],[-84.6715863,9.67856571],[-84.67158269,9.67858542],[-84.67157399,9.67860895],[-84.67156456,9.67863121],[-84.67155149,9.67865754],[-84.67155262,9.67867626],[-84.67156675,9.67868093],[-84.67159748,9.67869018],[-84.67162402,9.67870315],[-84.67164865,9.67871649],[-84.67167319,9.67872647],[-84.67169715,9.67872625],[-84.67171235,9.67871853],[-84.67173127,9.67869933],[-84.67175594,9.67868734],[-84.67177179,9.67868831],[-84.67179595,9.67869151],[-84.67181306,9.67868334],[-84.67183263,9.67867038],[-84.67185484,9.6786584],[-84.67186496,9.67866281],[-84.67187319,9.67867735],[-84.67188563,9.67870129],[-84.67188823,9.67872506],[-84.67188244,9.67874568],[-84.67187957,9.67876911],[-84.67188753,9.67878509],[-84.67189733,9.67881048],[-84.67190021,9.67883525],[-84.67189469,9.67885533],[-84.67189072,9.67887794],[-84.67189604,9.67889547],[-84.67191103,9.67891452],[-84.67193211,9.67892949],[-84.67195309,9.67894446],[-84.67201539,9.67897508],[-84.67207402,9.67903988],[-84.67209101,9.67906191],[-84.67211283,9.67908067],[-84.67213363,9.67909473],[-84.67216227,9.67910589],[-84.67218889,9.67911398],[-84.67221368,9.67911266],[-84.67224228,9.67910582],[-84.67226713,9.67909474],[-84.67228004,9.67908061],[-84.67230134,9.67906638],[-84.67231874,9.67906499],[-84.67234297,9.67906331],[-84.67236738,9.67905775],[-84.67239088,9.67904984],[-84.6724131,9.67904274],[-84.67243605,9.67903691],[-84.67245844,9.6790234],[-84.67248121,9.67901666],[-84.67250153,9.6790206],[-84.6725266,9.67902607],[-84.6725503,9.67902647],[-84.67257445,9.67902968],[-84.67259151,9.67903959],[-84.67261332,9.67905591],[-84.67262921,9.67907234],[-84.67263252,9.6790868],[-84.67264646,9.67913379],[-84.67268828,9.67917502],[-84.672711,9.67918872],[-84.67273417,9.67920432],[-84.67275653,9.67921856],[-84.6727766,9.67923127],[-84.67280114,9.6792437],[-84.67282903,9.67924862],[-84.67284934,9.67924432],[-84.67287356,9.67923533],[-84.67289705,9.67922741],[-84.67292456,9.67921977],[-84.67294622,9.67920743],[-84.67296359,9.67919049],[-84.67298106,9.67917454],[-84.6730029,9.67916066],[-84.67302045,9.67914462],[-84.67302225,9.67913115],[-84.67302776,9.67910627],[-84.67304175,9.67908708],[-84.67306067,9.67906788],[-84.67307932,9.67905274],[-84.67308944,9.67905462],[-84.67310769,9.67906778],[-84.67311683,9.67908449],[-84.67312454,9.67910934],[-84.67312941,9.6791323],[-84.67312754,9.67915554],[-84.67312085,9.67918204],[-84.67310778,9.67920838],[-84.67309325,9.67922965],[-84.67307643,9.6792494],[-84.67305752,9.67927104],[-84.67303916,9.6792954],[-84.673024,9.67932364],[-84.67301585,9.67934997],[-84.67300979,9.67937204],[-84.67300109,9.67939565],[-84.67298563,9.67941458],[-84.67296416,9.67942791],[-84.67294139,9.67943709],[-84.67291598,9.67944293],[-84.67289176,9.67945193],[-84.67286991,9.67946336],[-84.67284697,9.67947398],[-84.67281984,9.67948597],[-84.67279762,9.67949307],[-84.6727702,9.67949827],[-84.67276692,9.6794981],[-84.67274733,9.67949678],[-84.67272336,9.67949457],[-84.67269956,9.67948838],[-84.67267577,9.67948209],[-84.67265169,9.67947165],[-84.67262424,9.67945878],[-84.67259715,9.67944545],[-84.67256906,9.67943474],[-84.67254362,9.67942494],[-84.67252218,9.6794154],[-84.67249082,9.67940569],[-84.67245782,9.67940223],[-84.67242492,9.67939977],[-84.67239548,9.67939458],[-84.67236622,9.67939039],[-84.67234361,9.67938501],[-84.6723179,9.67937918],[-84.67229137,9.679371],[-84.67226648,9.67936165],[-84.67224103,9.67935184],[-84.67221714,9.67934231],[-84.67219434,9.67933349],[-84.67217026,9.67932296],[-84.67214729,9.67931559],[-84.67212011,9.6793047],[-84.67209621,9.67929263],[-84.67207286,9.67928102],[-84.67204978,9.67926786],[-84.6720277,9.67925552],[-84.6720048,9.67924092],[-84.67198354,9.67922739],[-84.67195863,9.67920728],[-84.67193498,9.67918644],[-84.67191545,9.67916921],[-84.67189345,9.67915198],[-84.67187092,9.67913675],[-84.67184464,9.67911989],[-84.67181882,9.67910331],[-84.67179592,9.6790887],[-84.67177603,9.6790769],[-84.67174985,9.67906339],[-84.67172914,9.67905267],[-84.67170507,9.67904214],[-84.671683,9.67903224],[-84.67165573,9.67902036],[-84.67162801,9.67901155],[-84.67160384,9.67900346],[-84.6715826,9.67899482],[-84.67155542,9.67898384],[-84.67153171,9.67897277],[-84.67150837,9.67896847],[-84.67148751,9.67897484],[-84.67147697,9.67898662],[-84.67146926,9.67900752],[-84.67146257,9.67903167],[-84.67146536,9.67905888],[-84.67147697,9.67907812],[-84.67149195,9.67909716],[-84.67150802,9.67911459],[-84.67152957,9.6791348],[-84.67155001,9.67915184],[-84.67156955,9.67916907],[-84.6715858,9.67918749],[-84.67159969,9.67920572],[-84.67161503,9.67922423],[-84.67162992,9.67924337],[-84.67164509,9.67926088],[-84.6716491,9.67926467],[-84.67166307,9.67927793],[-84.6716796,9.67929481],[-84.67169076,9.67931703],[-84.6717002,9.67934296],[-84.67171127,9.67936762],[-84.67172207,9.67938794],[-84.67173504,9.67940582],[-84.6717408,9.67941367],[-84.67175723,9.67943046],[-84.67177805,9.6794494],[-84.67179886,9.67946835],[-84.67181822,9.67948703],[-84.67183748,9.6795058],[-84.67185565,9.67952375],[-84.67187947,9.6795455],[-84.67189783,9.67956689],[-84.67191354,9.67958485],[-84.67192925,9.67960281],[-84.67194724,9.67962466],[-84.6720197,9.67972343],[-84.67203384,9.67973995],[-84.67210209,9.67981974],[-84.67212136,9.67984086],[-84.67213598,9.67986054],[-84.67215032,9.67987923],[-84.67216813,9.67989773],[-84.67218693,9.67991125],[-84.67220953,9.67991664],[-84.67223341,9.67991559],[-84.67225619,9.67991709],[-84.67228062,9.6799212],[-84.67230661,9.67993136],[-84.67232797,9.67994823],[-84.67234632,9.67996962],[-84.67236195,9.67999237],[-84.67237447,9.68001143],[-84.672386,9.68003555],[-84.67239754,9.68006211],[-84.67240461,9.68008903],[-84.67241158,9.68011253],[-84.67242101,9.68013602],[-84.67243145,9.68015932],[-84.67244334,9.6801829],[-84.67246188,9.68020275],[-84.67248294,9.6802104],[-84.67250992,9.6802155],[-84.67253181,9.6802245],[-84.6725538,9.68023937],[-84.67257498,9.68025768],[-84.67259169,9.68027546],[-84.67260421,9.68029452],[-84.67261118,9.68031801],[-84.67261606,9.68034341],[-84.67262322,9.6803678],[-84.6726311,9.68039121],[-84.67264282,9.68041623],[-84.67265916,9.68043211],[-84.67268005,9.68044129],[-84.67270265,9.68044432],[-84.67272854,9.68044861],[-84.6727545,9.68044567],[-84.67276587,9.6804338],[-84.67278416,9.68041912],[-84.67280256,9.68041754],[-84.67281706,9.68042403],[-84.67282958,9.68044064],[-84.67283317,9.68045944],[-84.67283085,9.68048322],[-84.67282671,9.6805099],[-84.6728212,9.68053233],[-84.67281742,9.68055594],[-84.67282083,9.68057863],[-84.67282762,9.68060122],[-84.6728405,9.68061729],[-84.67285984,9.68062864],[-84.67288337,9.68063881],[-84.67290371,9.68065007],[-84.67292732,9.68065292],[-84.67295009,9.68064609],[-84.67297303,9.68063303],[-84.67299157,9.68061193],[-84.67299819,9.68059275],[-84.67300388,9.68056877],[-84.67301049,9.68054706],[-84.67301782,9.68052426],[-84.67302315,9.68050083],[-84.67303259,9.68047857],[-84.6730476,9.68046987],[-84.67306173,9.6804721],[-84.67308718,9.6804819],[-84.67311034,9.68049262],[-84.6731286,9.68050813],[-84.67314676,9.68052365],[-84.67316883,9.68053355],[-84.67319045,9.68054165],[-84.67321306,9.68054712],[-84.67323767,9.68054969],[-84.67326347,9.68055651],[-84.67328263,9.6805694],[-84.6733007,9.68058401],[-84.67332242,9.68060278],[-84.67334023,9.68061884],[-84.67335839,9.68063679],[-84.67337283,9.68065548],[-84.67338299,9.68068033],[-84.67340472,9.68070153],[-84.6734279,9.68071713],[-84.67345737,9.68073542],[-84.67347808,9.68074849],[-84.67349724,9.68076138],[-84.67352242,9.68077517],[-84.67354559,9.68078579],[-84.67357231,9.68079731],[-84.67359438,9.68080721],[-84.67361773,9.68081892],[-84.67364482,9.68083225],[-84.67366471,9.68084406],[-84.67368469,9.6808583],[-84.67370906,9.68087552],[-84.6737305,9.68088995],[-84.67374894,9.68090402],[-84.67376693,9.68092351],[-84.673779,9.68094311],[-84.67379015,9.68096533],[-84.67379831,9.68098719],[-84.67379981,9.68101024],[-84.67378909,9.68102591],[-84.67376468,9.68107487],[-84.6737473,9.68108928],[-84.67373486,9.68110874],[-84.67373562,9.681128],[-84.67374495,9.6811457],[-84.67375648,9.68116738],[-84.673769,9.68118643],[-84.67378371,9.68120458],[-84.67378867,9.68122509],[-84.67379719,9.68124876],[-84.67380999,9.68126971],[-84.67382597,9.68128858],[-84.67384696,9.68130355],[-84.67387049,9.68131372],[-84.67389392,9.68132045],[-84.67390777,9.68131591],[-84.67391503,9.68130531],[-84.67392465,9.68128395],[-84.67393938,9.68126612],[-84.67395447,9.68124764],[-84.67396864,9.681227],[-84.67398637,9.68120707],[-84.67400804,9.68119464],[-84.67402426,9.68119497],[-84.67404514,9.68120415],[-84.67405902,9.68122004],[-84.67407536,9.68123592],[-84.67409044,9.68125352],[-84.67410642,9.68126994],[-84.67412612,9.68128329],[-84.67414565,9.68129564],[-84.6742385,9.68130553],[-84.67426639,9.68129793],[-84.6742872,9.68126769],[-84.67429896,9.68122472],[-84.67431776,9.68119087],[-84.67434213,9.68116533],[-84.67437748,9.68116263],[-84.67440393,9.68117614],[-84.67443441,9.68119679],[-84.6744651,9.68123307],[-84.67446433,9.68125695],[-84.67443956,9.68131558],[-84.67441466,9.6813452],[-84.67440777,9.68136492],[-84.67441233,9.68136799],[-84.67442255,9.68137267],[-84.6744483,9.68135472],[-84.67448049,9.68132111],[-84.67450189,9.68131338],[-84.67452494,9.68131288],[-84.67453243,9.68132055],[-84.67454313,9.68134169],[-84.67454436,9.6813623],[-84.67454031,9.68138537],[-84.67452886,9.68140447],[-84.67451487,9.68142466],[-84.67450197,9.68144403],[-84.67448752,9.68146513],[-84.67447362,9.68148658],[-84.67446036,9.68150767],[-84.67445794,9.68152947],[-84.67446725,9.68153804],[-84.67449133,9.68154821],[-84.6745145,9.68155983],[-84.67453803,9.68157244],[-84.67456103,9.6815855],[-84.67457983,9.68159993],[-84.67459899,9.68161689],[-84.67462026,9.68163249],[-84.67464161,9.6816461],[-84.67466405,9.6816617],[-84.67468304,9.68167902],[-84.67469775,9.68169834],[-84.674708,9.68172002],[-84.67471188,9.68174714],[-84.67471494,9.68177046],[-84.67471152,9.68179325],[-84.67470052,9.68180367],[-84.67467866,9.68181149],[-84.67466621,9.68182589],[-84.67466696,9.68183809],[-84.67467284,9.68186331],[-84.67467234,9.68188835],[-84.67466309,9.68190844],[-84.67465575,9.68193097],[-84.67464906,9.68195322],[-84.67464737,9.68197628],[-84.67465398,9.6819987],[-84.67466659,9.68201992],[-84.67468286,9.68204068],[-84.67469465,9.68206127],[-84.67469852,9.68208405],[-84.67471078,9.68210455],[-84.67473068,9.68212286],[-84.67475002,9.68213639],[-84.67476991,9.68214864],[-84.67478944,9.68216072],[-84.67481097,9.68217234],[-84.67483467,9.68217627],[-84.67485746,9.68218238],[-84.6748798,9.68219147],[-84.67490562,9.68220516],[-84.67492451,9.68222004],[-84.67493256,9.68223657],[-84.67493105,9.68225456],[-84.67492169,9.68226733],[-84.67490998,9.6822886],[-84.67490346,9.68231294],[-84.67489749,9.68233519],[-84.67489489,9.68235807],[-84.67488902,9.68238322],[-84.67487649,9.68240322],[-84.67483588,9.68246469],[-84.67479855,9.68252724],[-84.67479012,9.68255032],[-84.67477695,9.68257303],[-84.67476059,9.68259088],[-84.67474186,9.68261044],[-84.67472522,9.68263055],[-84.67470885,9.68264839],[-84.67469157,9.68266443],[-84.67467292,9.68267839],[-84.6746518,9.6826882],[-84.67462722,9.68269828],[-84.6746019,9.68270945],[-84.67457823,9.68271926],[-84.67455702,9.68272916],[-84.6745308,9.68274169],[-84.67450932,9.68275376],[-84.67448556,9.68276755],[-84.6744639,9.68278115],[-84.67444262,9.68280018],[-84.67442571,9.68281893],[-84.67441135,9.68284165],[-84.6744021,9.68286337],[-84.67439349,9.68288473],[-84.67438242,9.6829069],[-84.67436943,9.68293061],[-84.67435572,9.68295541],[-84.67434474,9.68297849],[-84.67433386,9.68300392],[-84.67432862,9.68302825],[-84.67433086,9.68305591],[-84.67433638,9.68308167],[-84.67433962,9.68310598],[-84.67433848,9.68313022],[-84.67433307,9.68315482],[-84.67431991,9.68318125],[-84.67430719,9.68320152],[-84.6742942,9.6832228],[-84.67428168,9.68325004],[-84.67427133,9.68327103],[-84.67425943,9.68329059],[-84.67423492,9.68333657],[-84.67418987,9.68341134],[-84.67417233,9.68343398],[-84.67415578,9.68345209],[-84.67413678,9.68347509],[-84.67412097,9.68349691],[-84.67410616,9.68352027],[-84.67409273,9.68354407],[-84.67408156,9.68356453],[-84.67407012,9.68358643],[-84.67405878,9.68361322],[-84.67404827,9.68364298],[-84.6740364,9.68367348],[-84.67402515,9.68370071],[-84.67401582,9.68372686],[-84.67400785,9.68375219],[-84.67400116,9.6837768],[-84.67399509,9.68379987],[-84.67398686,9.68382619],[-84.67397624,9.68384945],[-84.67396818,9.68387605],[-84.67396568,9.68390173],[-84.6739681,9.68392795],[-84.67397198,9.68395136],[-84.67397886,9.68397567],[-84.67398884,9.68399915],[-84.67399199,9.68402419],[-84.67399067,9.6840487],[-84.67398853,9.68407194],[-84.67398593,9.6840959],[-84.67398308,9.68412393],[-84.67398003,9.68414854],[-84.67397315,9.68417459],[-84.67396409,9.68420046],[-84.6739534,9.68422806],[-84.67394087,9.68425168],[-84.6739247,9.68427766],[-84.67391016,9.68429876],[-84.67389335,9.68432402],[-84.67388036,9.68434411],[-84.67386428,9.6843682],[-84.67385074,9.68438784],[-84.67383802,9.68440695],[-84.67377344,9.6844634],[-84.67372788,9.68450987],[-84.67370132,9.68454147],[-84.67368342,9.68456276],[-84.67358603,9.6846172],[-84.67350005,9.68464025],[-84.67343296,9.68467682],[-84.67332476,9.68474601],[-84.67328021,9.6847989],[-84.67324748,9.68488287],[-84.67322334,9.68497876],[-84.67321874,9.68509332],[-84.6732238,9.68516483],[-84.67322476,9.68518833],[-84.67322555,9.68521754],[-84.67322614,9.68524168],[-84.67322883,9.68526563],[-84.6732338,9.68528976],[-84.67323959,9.68531335],[-84.67325021,9.68533638],[-84.67326237,9.68535652],[-84.67327513,9.68536048],[-84.67329875,9.6853683],[-84.67331272,9.68538201],[-84.67331776,9.68539819],[-84.67331415,9.6854151],[-84.67330513,9.68541765],[-84.67329814,9.68542761],[-84.67328314,9.68544708],[-84.67327407,9.68546979],[-84.67327747,9.68548407],[-84.6732859,9.6855062],[-84.67329679,9.68552824],[-84.67330731,9.68554956],[-84.67331993,9.68556961],[-84.6733361,9.68559272],[-84.67335154,9.68561168],[-84.67337135,9.68563117],[-84.67338897,9.68564677],[-84.67350866,9.68580685],[-84.6736177,9.68592498],[-84.67364347,9.68596056],[-84.67373663,9.68602195],[-84.67378514,9.68603424],[-84.67387391,9.68605046],[-84.67392214,9.68605928],[-84.67405673,9.68600902],[-84.67423332,9.68595985],[-84.6743312,9.68592024],[-84.67436145,9.68591511],[-84.67438907,9.68592121],[-84.67441197,9.68593545],[-84.67443158,9.68594753],[-84.67445657,9.68595751],[-84.67447946,9.68596696],[-84.67450454,9.68597451],[-84.67452814,9.68597555],[-84.67455236,9.68596727],[-84.67457375,9.68595231],[-84.67459231,9.68593546],[-84.67461087,9.68592104],[-84.67463181,9.68591151],[-84.67465568,9.68590866],[-84.67468082,9.68590744],[-84.6747077,9.6859025],[-84.6747332,9.68589594],[-84.67476116,9.68588929],[-84.67478895,9.68588661],[-84.67481319,9.68588801],[-84.67483999,9.68589275],[-84.67486918,9.68590625],[-84.67489363,9.68592076],[-84.67492071,9.68593128],[-84.67494285,9.6859297],[-84.67496653,9.68592351],[-84.67499112,9.68591225],[-84.67501169,9.68590082],[-84.67503116,9.68588866],[-84.67505063,9.68587407],[-84.6750702,9.68585947],[-84.67508684,9.68584298],[-84.67510705,9.68583218],[-84.67511481,9.68583886],[-84.6751327,9.68585709],[-84.67514969,9.68587541],[-84.67516758,9.6858912],[-84.67518993,9.68590273],[-84.67521528,9.68590973],[-84.67523806,9.68591339],[-84.67526449,9.68591388],[-84.67528745,9.68590877],[-84.67531193,9.68589263],[-84.67533349,9.68587622],[-84.67535169,9.68586235],[-84.67536961,9.68584514],[-84.67539253,9.68582792],[-84.67541347,9.68581594],[-84.67543576,9.6858008],[-84.6754525,9.68578431],[-84.67547061,9.68577053],[-84.67549354,9.68575566],[-84.6755141,9.68573699],[-84.67553693,9.68571977],[-84.67555907,9.68571584],[-84.67558596,9.68572058],[-84.67561131,9.68572758],[-84.67563783,9.68573051],[-84.6756607,9.68572775],[-84.67568593,9.68572174],[-84.6757106,9.68571147],[-84.67573391,9.68570094],[-84.67575767,9.68568841],[-84.67577641,9.6856749],[-84.67579852,9.68565641],[-84.67581671,9.68564011],[-84.67582605,9.68561884],[-84.67582956,9.68559297],[-84.67583488,9.68556909],[-84.67584249,9.68554666],[-84.67585575,9.68552321],[-84.67587267,9.68551007],[-84.67589289,9.68550406],[-84.6758991,9.68551056],[-84.6759037,9.68553044],[-84.6759094,9.68555837],[-84.67591665,9.68558412],[-84.67593155,9.68560679],[-84.67594808,9.6856233],[-84.67595532,9.68564417],[-84.67595271,9.68566262],[-84.67594584,9.68568633],[-84.67593257,9.68570742],[-84.67591785,9.68572589],[-84.67591415,9.68574362],[-84.67591847,9.6857626],[-84.67593119,9.68579105],[-84.67594435,9.68581019],[-84.67595706,9.68583142],[-84.67596649,9.68585373],[-84.6759741,9.6858765],[-84.67597698,9.68590498],[-84.67597256,9.68592867],[-84.67597134,9.68595363],[-84.67596802,9.68597805],[-84.67596132,9.68600021],[-84.67595535,9.68602617],[-84.6759502,9.68604852],[-84.67594215,9.68607385],[-84.67593171,9.68609683],[-84.67591663,9.68611829],[-84.67590409,9.6861383],[-84.67589667,9.68616399],[-84.67589815,9.6862214],[-84.67589203,9.68626056],[-84.67583626,9.68630534],[-84.6757999,9.68634709],[-84.67576635,9.68638513],[-84.67573483,9.686436],[-84.67570639,9.68647376],[-84.6756763,9.68651035],[-84.67565901,9.68652638],[-84.67564639,9.68654793],[-84.67563532,9.68657046],[-84.67562224,9.68659011],[-84.67560806,9.68660894],[-84.67559552,9.68662895],[-84.67558864,9.68665256],[-84.67559024,9.68667697],[-84.67559484,9.68669938],[-84.67560609,9.68671645],[-84.67562361,9.68673278],[-84.67563814,9.6867512],[-84.67563972,9.68676593],[-84.67563676,9.68678981],[-84.67563362,9.68681269],[-84.67562227,9.68683342],[-84.67560707,9.6868452],[-84.67558587,9.68685871],[-84.67556548,9.68687349],[-84.67554766,9.68688917],[-84.67552855,9.68690566],[-84.675511,9.68692224],[-84.67550766,9.68693698],[-84.67551225,9.68695451],[-84.67554504,9.68699297],[-84.67557429,9.68699526],[-84.67558521,9.68698629],[-84.67559884,9.68696465],[-84.67561356,9.68694618],[-84.67562931,9.68693964],[-84.67565245,9.68693543],[-84.67567515,9.6869391],[-84.67567854,9.68694858],[-84.67568706,9.68697108],[-84.67565744,9.68710793],[-84.67564561,9.6871622],[-84.67564384,9.6871868],[-84.67563861,9.68721158],[-84.67563966,9.68723563],[-84.67563651,9.6872586],[-84.67564184,9.68727984],[-84.67565054,9.6873008],[-84.67566152,9.68732573],[-84.67566795,9.68734769],[-84.67567355,9.68737227],[-84.67568371,9.6873935],[-84.67569597,9.68741527],[-84.67570849,9.68743558],[-84.67572093,9.68745581],[-84.67572981,9.68748021],[-84.67573724,9.68750442],[-84.67573693,9.6875292],[-84.67572866,9.68754395],[-84.67571486,9.68756468],[-84.67570315,9.68758839],[-84.67569609,9.68761354],[-84.67569122,9.68763778],[-84.67568607,9.68766257],[-84.67568876,9.6876877],[-84.6756992,9.68771227],[-84.67570991,9.6877363],[-84.67572162,9.68775771],[-84.67573378,9.68777848],[-84.67574885,9.68779725],[-84.67607745,9.68806975],[-84.6761501,9.68812774],[-84.67622437,9.6881756],[-84.67630941,9.68822842],[-84.67642464,9.68825197],[-84.67648213,9.68824806],[-84.67654786,9.68821339],[-84.67656807,9.68820531],[-84.67658913,9.68821195],[-84.67661202,9.68822005],[-84.67664107,9.68825507],[-84.67665921,9.68830494],[-84.67667225,9.68835392],[-84.67668686,9.68841257],[-84.67670424,9.68844771],[-84.67674274,9.68846978],[-84.67677311,9.68848329],[-84.67687314,9.68851573],[-84.67691335,9.68852767],[-84.67698652,9.68856912],[-84.67701582,9.68859583],[-84.67706873,9.68866507],[-84.67707605,9.68872979],[-84.67706318,9.688763],[-84.6770598,9.68880297],[-84.6770201,9.68886498],[-84.67699029,9.68890573],[-84.67691009,9.68898997],[-84.67686313,9.6890208],[-84.67684238,9.68903495],[-84.67682363,9.68904837],[-84.67680216,9.68906414],[-84.67678278,9.68908036],[-84.6767604,9.68909506],[-84.67673819,9.6891083],[-84.67671598,9.68912028],[-84.67669486,9.6891318],[-84.6766732,9.68914541],[-84.676654,9.68915774],[-84.67663216,9.68917641],[-84.67661552,9.6891929],[-84.67659871,9.68921445],[-84.67658299,9.68923799],[-84.67656663,9.68926189],[-84.676551,9.689281],[-84.67653099,9.68930011],[-84.67651152,9.68931516],[-84.67648995,9.68933112],[-84.67647103,9.6893449],[-84.67644882,9.68935932],[-84.67642861,9.68937066],[-84.67640604,9.689382],[-84.67638766,9.68939859],[-84.67637093,9.68941815],[-84.67635675,9.68943698],[-84.67634167,9.68945772],[-84.67632468,9.68948081],[-84.67630494,9.68949884],[-84.67628355,9.68951506],[-84.67626509,9.68952993],[-84.6762427,9.6895458],[-84.67622305,9.68955949],[-84.67620284,9.68957083],[-84.67618765,9.68958822],[-84.67617421,9.68960759],[-84.67616067,9.68962977],[-84.67614669,9.68965313],[-84.67613351,9.6896735],[-84.67612089,9.68969305],[-84.67610552,9.6897099],[-84.67608441,9.68972341],[-84.67606621,9.68973728],[-84.67598411,9.68978482],[-84.67592866,9.68981124],[-84.67590637,9.68982765],[-84.67588846,9.68984486],[-84.67587328,9.6898675],[-84.67586423,9.689895],[-84.67585589,9.68991979],[-84.67584262,9.68993482],[-84.67582141,9.68994951],[-84.6758003,9.68996221],[-84.67578064,9.68997708],[-84.67576009,9.68999457],[-84.67574436,9.69001205],[-84.67573018,9.6900326],[-84.6757172,9.69005632],[-84.67570959,9.6900811],[-84.67570536,9.69010688],[-84.67570167,9.69013193],[-84.67569516,9.69015383],[-84.67568445,9.69017537],[-84.67567256,9.69020052],[-84.67566814,9.69022467],[-84.67567393,9.69024898],[-84.6756892,9.69027355],[-84.67570764,9.69028852],[-84.67572651,9.69029246],[-84.67575148,9.69029395],[-84.67577246,9.69030449],[-84.67578708,9.69032335],[-84.67579341,9.69034486],[-84.67578916,9.69036223],[-84.67577643,9.69037762],[-84.67575787,9.69039203],[-84.67573731,9.69040952],[-84.67572924,9.69042762],[-84.6757251,9.69045385],[-84.67572952,9.69047898],[-84.67573604,9.69050139],[-84.67574528,9.69052235],[-84.67576018,9.69054374],[-84.67577461,9.69056171],[-84.67578486,9.69058339],[-84.67578773,9.69060581],[-84.67578368,9.69062896],[-84.67578373,9.69065391],[-84.67577439,9.69067644],[-84.67576038,9.6906894],[-84.67574036,9.6907012],[-84.67572024,9.69071371],[-84.67568667,9.69073846],[-84.67562817,9.69078541],[-84.67561453,9.69080388],[-84.67560383,9.69082786],[-84.67559522,9.69085356],[-84.67558579,9.69087799],[-84.67557126,9.69090107],[-84.67555718,9.69092334],[-84.6755389,9.69093785],[-84.67552061,9.69095325],[-84.67550196,9.69096956],[-84.67548605,9.69098731],[-84.67547106,9.69100977],[-84.67545871,9.6910314],[-84.67544296,9.69104038],[-84.67542965,9.6910377],[-84.67541632,9.69102733],[-84.6754101,9.69101233],[-84.6754106,9.69099018],[-84.67541265,9.69096648],[-84.67540932,9.69094298],[-84.67539998,9.69091913],[-84.67539765,9.69089463],[-84.67539578,9.69087004],[-84.67539445,9.6908441],[-84.67538949,9.69082114],[-84.67537942,9.69079964],[-84.67537272,9.69077633],[-84.67536957,9.69075247],[-84.67536734,9.69072842],[-84.67537185,9.69070518],[-84.67537891,9.69068003],[-84.67538496,9.69065506],[-84.67538883,9.690631],[-84.67539042,9.69060496],[-84.6753891,9.690582],[-84.67538896,9.69055849],[-84.67538527,9.69053598],[-84.6753793,9.69051393],[-84.67537006,9.69049135],[-84.6753587,9.69046569],[-84.675348,9.69044465],[-84.67533811,9.69042234],[-84.67533123,9.69039975],[-84.67532836,9.69037733],[-84.67532494,9.69035211],[-84.67531988,9.69032861],[-84.67531245,9.69030322],[-84.6753063,9.690279],[-84.67529787,9.69025569],[-84.67528533,9.69023185],[-84.67526607,9.69021272],[-84.67524572,9.69019693],[-84.67522428,9.69018405],[-84.67520038,9.69017234],[-84.67517493,9.69016244],[-84.6751535,9.69015444],[-84.67513188,9.690143],[-84.67511208,9.69013129],[-84.67509256,9.69011677],[-84.67507321,9.69010135],[-84.67505558,9.69008447],[-84.67503887,9.69006462],[-84.67502233,9.69004123],[-84.67500844,9.69002245],[-84.67499327,9.69000087],[-84.67497783,9.68997902],[-84.67496521,9.6899578],[-84.6749546,9.68993712],[-84.6749418,9.68991626],[-84.67492545,9.68989983],[-84.67490747,9.68988359],[-84.67489221,9.68986635],[-84.67487359,9.68984921],[-84.67485224,9.6898356],[-84.67482888,9.6898219],[-84.6748068,9.6898082],[-84.6747851,9.68979758],[-84.67476569,9.68979852],[-84.67474274,9.68980797],[-84.67471936,9.68982365],[-84.67470153,9.68984051],[-84.67468252,9.68985989],[-84.67466041,9.68987603],[-84.6746403,9.68988972],[-84.67461773,9.68990351],[-84.67459415,9.68991386],[-84.67457102,9.68992358],[-84.67455043,9.68992335],[-84.67453783,9.68991551],[-84.67451785,9.68990036],[-84.67449822,9.68988177],[-84.67447823,9.68986545],[-84.67445833,9.68985202],[-84.67443479,9.6898357],[-84.67441417,9.68982091],[-84.67439346,9.68980694],[-84.67436919,9.68979216],[-84.67435305,9.68978604],[-84.67434721,9.68978379],[-84.67432433,9.68978212],[-84.6743011,9.68978289],[-84.67427549,9.68978221],[-84.67425217,9.68978741],[-84.67424317,9.6897972],[-84.67422151,9.68981324],[-84.67420032,9.68983109],[-84.67418049,9.6898503],[-84.67416312,9.68986788],[-84.67414748,9.68988463],[-84.67413248,9.6899022],[-84.67411439,9.68992575],[-84.67410167,9.68994476],[-84.67408877,9.68996531],[-84.6740766,9.68998468],[-84.67406289,9.69000957],[-84.67405191,9.69003337],[-84.67404166,9.69005599],[-84.6740295,9.69008152],[-84.67401616,9.69011056],[-84.67400727,9.69013174],[-84.67399875,9.69015436],[-84.67398941,9.69017807],[-84.67398081,9.69020259],[-84.67397092,9.69022955],[-84.67396359,9.69025325],[-84.67395744,9.69027587],[-84.67395021,9.69030373],[-84.67394542,9.69032725],[-84.6739412,9.69035429],[-84.6739397,9.69038268],[-84.67394257,9.69040637],[-84.67394864,9.69042959],[-84.67395534,9.69045534],[-84.6739697,9.6904838],[-84.67398607,9.69050981],[-84.67400023,9.69052921],[-84.67401476,9.69055007],[-84.67402775,9.69057382],[-84.67407005,9.69067293],[-84.67410225,9.6907348],[-84.67411159,9.6907591],[-84.67412322,9.69078729],[-84.67412991,9.69081015],[-84.67413725,9.69083192],[-84.67414869,9.69085921],[-84.67415903,9.69088089],[-84.67416892,9.69090311],[-84.67418228,9.69092759],[-84.67419599,9.69095269],[-84.67421126,9.69097843],[-84.67422571,9.69100128],[-84.67423824,9.69102684],[-84.67424977,9.69104852],[-84.6742623,9.69107046],[-84.67427227,9.69109268],[-84.67428499,9.69111798],[-84.67429706,9.69113757],[-84.67434126,9.69122953],[-84.67437913,9.6913035],[-84.67439193,9.69132274],[-84.67440564,9.6913435],[-84.67441607,9.69136446],[-84.6744204,9.69138904],[-84.67442208,9.69141264],[-84.67442605,9.69143831],[-84.67443111,9.69146172],[-84.67443736,9.69148639],[-84.67443823,9.69151197],[-84.67443792,9.69154036],[-84.67443697,9.69156432],[-84.67443693,9.6915881],[-84.67444043,9.69161088],[-84.6744454,9.69163384],[-84.67444709,9.69165924],[-84.67444477,9.69168221],[-84.67443479,9.6917051],[-84.67441578,9.69172205],[-84.67440311,9.69172216],[-84.67438086,9.69171597],[-84.67436082,9.69171971],[-84.67434854,9.69173023],[-84.67433269,9.6917327],[-84.67430946,9.69173474],[-84.67429043,9.69174435],[-84.67428608,9.69175567],[-84.67429129,9.69176433],[-84.67430518,9.69178429],[-84.67432026,9.69180307],[-84.67433861,9.6918212],[-84.67435833,9.69183979],[-84.67437677,9.69185594],[-84.67439621,9.69187353],[-84.67441311,9.69189266],[-84.67442546,9.69191488],[-84.67443826,9.69193538],[-84.67445252,9.69195651],[-84.67446531,9.69197574],[-84.67447538,9.69199769],[-84.67447149,9.69201208],[-84.67446084,9.69201951],[-84.67444271,9.69202289],[-84.67442004,9.69203017],[-84.6743949,9.69203746],[-84.67437194,9.69204012],[-84.67434835,9.69204388],[-84.67432403,9.69204691],[-84.67430733,9.69203952],[-84.67429035,9.69202437],[-84.67427083,9.6920103],[-84.67424863,9.69203204],[-84.67424438,9.69204815],[-84.67423083,9.69206174],[-84.67421245,9.69207588],[-84.67420447,9.69209398],[-84.67419577,9.69211614],[-84.67417995,9.69213797],[-84.67416268,9.69215717],[-84.6741485,9.69217528],[-84.6741303,9.69218987],[-84.67410854,9.69219814],[-84.67408714,9.69220948],[-84.67407415,9.69222714],[-84.67406599,9.69225039],[-84.6740594,9.69227672],[-84.67404714,9.69229808],[-84.6740295,9.69231828],[-84.67399463,9.69233408],[-84.67386731,9.69232483],[-84.67379819,9.69234857],[-84.67376379,9.69237187],[-84.67374631,9.69242715],[-84.67375233,9.69247388],[-84.67375092,9.6925464],[-84.67376811,9.69262113],[-84.67380323,9.69268318],[-84.67390858,9.69277899],[-84.67395745,9.69283532],[-84.67398396,9.69288083],[-84.67399495,9.69290504],[-84.67400283,9.69292673],[-84.67401335,9.69294814],[-84.67402533,9.69296854],[-84.67403649,9.69298832],[-84.67404178,9.69299247],[-84.67405301,9.69300122],[-84.67407571,9.69300922],[-84.67409841,9.69301415],[-84.67412302,9.69301501],[-84.67414579,9.69301062],[-84.67416938,9.69300632],[-84.67419142,9.6929995],[-84.67421657,9.6929971],[-84.6742419,9.69299561],[-84.67426569,9.69299709],[-84.67428974,9.69299759],[-84.67431691,9.69300377],[-84.67433971,9.6930115],[-84.67436141,9.69301852],[-84.67438439,9.69302679],[-84.6744081,9.69303144],[-84.67443352,9.6930304],[-84.67445793,9.69302673],[-84.67448282,9.69303021],[-84.67450826,9.6930364],[-84.67451982,9.69303068],[-84.67453309,9.69301329],[-84.67454589,9.69299103],[-84.67455888,9.6929722],[-84.67457854,9.69295607],[-84.67459257,9.69295522],[-84.67460798,9.69296378],[-84.67462652,9.69298038],[-84.67464441,9.69299617],[-84.67465936,9.69299867],[-84.67467979,9.69300939],[-84.67469541,9.69302681],[-84.67470894,9.69304668],[-84.67471573,9.69306881],[-84.67471404,9.6930907],[-84.67468662,9.69314274],[-84.67466229,9.693186],[-84.67464929,9.69320601],[-84.67464542,9.69322645],[-84.67465453,9.69322436],[-84.67467739,9.69321925],[-84.67469225,9.69322383],[-84.67471278,9.69323563],[-84.67473103,9.69325088],[-84.67473973,9.69326831],[-84.67474196,9.69329109],[-84.67474182,9.69331442],[-84.67474023,9.69333874],[-84.67473536,9.69336298],[-84.67472565,9.69338479],[-84.67471255,9.69339467],[-84.67469179,9.6934052],[-84.67466683,9.69340977],[-84.67464286,9.69340729],[-84.67462656,9.69341347],[-84.67460389,9.69342364],[-84.67458348,9.69342268],[-84.67455997,9.69342734],[-84.67454597,9.69343867],[-84.67453279,9.69345904],[-84.67452601,9.69348319],[-84.67452624,9.69350959],[-84.67453522,9.693532],[-84.67454656,9.69355512],[-84.67455045,9.6935835],[-84.67454895,9.69361063],[-84.67455255,9.6936344],[-84.67455979,9.69365645],[-84.67456695,9.69367976],[-84.67457538,9.69370181],[-84.67458399,9.69372476],[-84.67459478,9.69374517],[-84.67460968,9.69376539],[-84.67462248,9.69378517],[-84.67463199,9.69380621],[-84.67463997,9.69382844],[-84.67465009,9.69383385],[-84.67466093,9.69382976],[-84.67466592,9.69381926],[-84.67467389,9.6937951],[-84.67468662,9.69378097],[-84.67470192,9.69377805],[-84.67472963,9.69378098],[-84.67475342,9.69378491],[-84.67477841,9.6937949],[-84.67479976,9.69380733],[-84.67480745,9.69382205],[-84.67480163,9.69382948],[-84.67478371,9.69384597],[-84.67476396,9.69385912],[-84.67474604,9.69387434],[-84.67473273,9.69387365],[-84.67470903,9.69386655],[-84.67468999,9.69386894],[-84.67466869,9.69388073],[-84.67465314,9.69389993],[-84.67464198,9.69392202],[-84.67462743,9.69394022],[-84.67461389,9.69395869],[-84.67461247,9.69397596],[-84.67462043,9.69399204],[-84.67462904,9.69401508],[-84.67463738,9.69403902],[-84.67464481,9.69406206],[-84.67465533,9.69408392],[-84.67466536,9.69408598],[-84.67468312,9.69408124],[-84.67470634,9.69407388],[-84.67471993,9.69407837],[-84.67474183,9.69409316],[-84.67476082,9.69410849],[-84.67477789,9.69412365],[-84.67480014,9.69413345],[-84.67482521,9.6941391],[-84.67484854,9.69414068],[-84.67487043,9.69414869],[-84.67488996,9.69416311],[-84.67491003,9.69417628],[-84.67491991,9.69419244],[-84.67491537,9.69419995],[-84.67490265,9.69421897],[-84.67490013,9.69423787],[-84.67490082,9.69426128],[-84.67490678,9.69428333],[-84.67491571,9.69428151],[-84.67493793,9.69427315],[-84.67499853,9.69427583],[-84.675046,9.6942704],[-84.67508677,9.69428542],[-84.67511037,9.69428646],[-84.6751171,9.69427885],[-84.67513604,9.69427113],[-84.67514461,9.6942759],[-84.67515029,9.6942881],[-84.67515106,9.69430952],[-84.67515156,9.69433249],[-84.67514421,9.69434896],[-84.6751341,9.69435196],[-84.67511733,9.69434784],[-84.67509399,9.69434454],[-84.67507998,9.6943527],[-84.67505959,9.69436504],[-84.67504519,9.69436407],[-84.67502204,9.69436421],[-84.67501021,9.6943721],[-84.67501241,9.69438041],[-84.67502381,9.69438509],[-84.67504898,9.69439435],[-84.67507498,9.69440587],[-84.67509886,9.69440782],[-84.67510622,9.69439976],[-84.67512177,9.69438137],[-84.67513561,9.69437719],[-84.67514984,9.69438132],[-84.67517491,9.69438931],[-84.67519553,9.69439922],[-84.67521488,9.69441473],[-84.67523113,9.69443106],[-84.67524736,9.69443655],[-84.67525245,9.69442894],[-84.67526275,9.69442811],[-84.67527206,9.69443659],[-84.67528203,9.69445646],[-84.67528955,9.69447869],[-84.67530253,9.69449937],[-84.67531542,9.69451833],[-84.67532694,9.69454001],[-84.67532761,9.69455727],[-84.67531934,9.69456841],[-84.67530215,9.69458327],[-84.67528505,9.69460275],[-84.67527125,9.69462339],[-84.67525241,9.69463762],[-84.67523037,9.69464453],[-84.6752055,9.69464711],[-84.67518144,9.69464906],[-84.67515849,9.69465128],[-84.67513563,9.69465882],[-84.67511287,9.69466845],[-84.67509028,9.69467736],[-84.67506434,9.69469016],[-84.67504204,9.69470404],[-84.67501938,9.69471855],[-84.67499836,9.69473423],[-84.6749788,9.69475316],[-84.67496198,9.69477237],[-84.67494854,9.69479129],[-84.67493464,9.69481564],[-84.67492411,9.69483691],[-84.67489065,9.69491807],[-84.6748624,9.69496596],[-84.67484805,9.69498678],[-84.67483561,9.69500959],[-84.67482563,9.69503366],[-84.67481802,9.6950561],[-84.67481406,9.69507844],[-84.67481921,9.69510356],[-84.67483192,9.69512406],[-84.67484554,9.69514384],[-84.67485961,9.69516234],[-84.67487459,9.6951794],[-84.67489422,9.69519799],[-84.67491293,9.69521513],[-84.67493301,9.69523118],[-84.67495609,9.6952447],[-84.67498018,9.69525731],[-84.67500371,9.69526947],[-84.67502743,9.69528262],[-84.67505015,9.69529605],[-84.67507068,9.69530786],[-84.67509221,9.69532246],[-84.6751133,9.69533951],[-84.67513392,9.69535665],[-84.67515273,9.69537107],[-84.67517554,9.69538803],[-84.67519489,9.69540399],[-84.67521242,9.69542033],[-84.67522822,9.69543684],[-84.67524402,9.69545516],[-84.67526274,9.69547393],[-84.67528027,9.69549026],[-84.67529661,9.69550714],[-84.67531041,9.69552546],[-84.67532577,9.69554921],[-84.67533957,9.69557116],[-84.67535019,9.69559184],[-84.6753628,9.69561306],[-84.67537843,9.69563582],[-84.67539497,9.69565549],[-84.67540977,9.69567527],[-84.67542503,9.69569621],[-84.67546319,9.69577651],[-84.67547716,9.69583887],[-84.67548159,9.69586391],[-84.67548383,9.6958904],[-84.67548524,9.69591381],[-84.67548629,9.69593713],[-84.67548625,9.69596046],[-84.67548394,9.69598877],[-84.67548272,9.69601734],[-84.67548213,9.69604555],[-84.67548292,9.69607068],[-84.67548188,9.69609899],[-84.67547792,9.69612259],[-84.67547332,9.69614773],[-84.67547073,9.69617342],[-84.6754675,9.69619829],[-84.67546545,9.69622153],[-84.67546458,9.69624594],[-84.67546455,9.69627216],[-84.67546723,9.69629485],[-84.67546701,9.69631764],[-84.67546833,9.69634313],[-84.67546984,9.69636582],[-84.67547198,9.69639186],[-84.67547377,9.69641717],[-84.67547819,9.69644022],[-84.67548426,9.69646715],[-84.67549343,9.6964966],[-84.67550542,9.69652298],[-84.67551521,9.6965443],[-84.67553065,9.69656488],[-84.67554783,9.69658664],[-84.67556774,9.69660902],[-84.67558409,9.69662662],[-84.67559989,9.69664431],[-84.67561934,9.69666507],[-84.67563796,9.69668221],[-84.67565604,9.69670008],[-84.67567202,9.69671623],[-84.67569001,9.69673374],[-84.675709,9.69675097],[-84.67572844,9.69676621],[-84.67574815,9.69677991],[-84.67577042,9.69679461],[-84.67579277,9.69680975],[-84.67581531,9.69682526],[-84.67583466,9.69683887],[-84.67585519,9.69685194],[-84.67587527,9.69686745],[-84.67589644,9.6968826],[-84.67591524,9.69689576],[-84.67593513,9.6969092],[-84.67595357,9.696923],[-84.67597201,9.69694032],[-84.67599018,9.69695873],[-84.67601372,9.69697333],[-84.67603498,9.69698413],[-84.67605806,9.69700009],[-84.67607659,9.69701669],[-84.6760943,9.69703158],[-84.67609934,9.69704703],[-84.67610331,9.69706971],[-84.67610828,9.69709267],[-84.67610403,9.6971113],[-84.67609231,9.69712814],[-84.67607801,9.69713369],[-84.67606771,9.69712855],[-84.67601858,9.69707729],[-84.67601292,9.69707324],[-84.67599943,9.697072],[-84.67598159,9.6970846],[-84.67598371,9.69709743],[-84.67597563,9.69710848],[-84.67590268,9.69708638],[-84.67587786,9.6970688],[-84.67585569,9.69705944],[-84.67583647,9.6970602],[-84.67581422,9.69705518],[-84.67578924,9.69705008],[-84.6757723,9.69705545],[-84.67574999,9.69706381],[-84.67574546,9.69707494],[-84.6757514,9.69708361],[-84.67575006,9.69709726],[-84.67574142,9.69710288],[-84.67572729,9.69710083],[-84.6757023,9.69709446],[-84.67568087,9.69708528],[-84.67565962,9.69707448],[-84.67563489,9.69706105],[-84.67561327,9.69704844],[-84.6755912,9.69704206],[-84.67556487,9.6970413],[-84.67554127,9.69704261],[-84.67551594,9.69704456],[-84.67548924,9.69704751],[-84.67546529,9.69705235],[-84.67543923,9.69705737],[-84.67541665,9.69706311],[-84.67539041,9.69706841],[-84.67536663,9.69706936],[-84.67534148,9.69706814],[-84.67531414,9.69706955],[-84.67528745,9.69707494],[-84.67526587,9.69708285],[-84.67524329,9.69709184],[-84.67522116,9.69710066],[-84.6751982,9.6971045],[-84.67517114,9.69710491],[-84.67514298,9.69710452],[-84.6751192,9.69710493],[-84.67509359,9.69710552],[-84.67506424,9.69710151],[-84.67503909,9.69710029],[-84.67501303,9.69710333],[-84.67498616,9.69710826],[-84.67495983,9.69711428],[-84.67493634,9.69712463],[-84.67491513,9.69713444],[-84.67489401,9.69714479],[-84.67487162,9.69716066],[-84.67484086,9.69718242],[-84.6748172,9.69719539],[-84.6747937,9.69720131],[-84.67476991,9.69720109],[-84.67474675,9.69719264],[-84.67472306,9.69719278],[-84.67470904,9.69720049],[-84.67468865,9.6972121],[-84.67466633,9.69721757],[-84.67464237,9.69722123],[-84.67462025,9.69723122],[-84.67460214,9.69724509],[-84.67458221,9.69725661],[-84.67456073,9.69726986],[-84.6745397,9.6972802],[-84.67451886,9.69729435],[-84.67450423,9.69731571],[-84.67450271,9.69733244],[-84.67451022,9.6973487],[-84.67452702,9.69736495],[-84.67454179,9.69736826],[-84.67456458,9.69737192],[-84.67458574,9.69738092],[-84.67460727,9.69739191],[-84.67461914,9.6974069],[-84.67461186,9.69741179],[-84.6745901,9.69741889],[-84.67456341,9.69742473],[-84.67454128,9.69743237],[-84.67452062,9.6974438],[-84.67450735,9.69746119],[-84.67448714,9.69747569],[-84.67446902,9.69747916],[-84.67444341,9.69748039],[-84.67441808,9.69748071],[-84.67439311,9.69748157],[-84.67436697,9.69748904],[-84.67434521,9.69749613],[-84.67431934,9.6975008],[-84.67429383,9.69750383],[-84.67421665,9.69750624],[-84.6741432,9.69750802],[-84.67411942,9.6975077],[-84.67409208,9.69751028],[-84.67406247,9.69751333],[-84.67403523,9.69751645],[-84.67401091,9.69752301],[-84.67398441,9.69753057],[-84.6739579,9.69753731],[-84.67393477,9.69754468],[-84.67391246,9.69755132],[-84.67388896,9.69755851],[-84.67387001,9.69756199],[-84.67386637,9.69756263],[-84.67368751,9.69757627],[-84.6736369,9.69760204],[-84.67358106,9.69761545],[-84.67349103,9.69766363],[-84.67339412,9.69768896],[-84.67330457,9.69770143],[-84.67327842,9.69770239],[-84.6732519,9.69770072],[-84.67322382,9.6976996],[-84.6732004,9.69769748],[-84.67317215,9.69769663],[-84.67314919,9.69769767],[-84.67312385,9.69769718],[-84.67309478,9.69769578],[-84.67306662,9.69769539],[-84.67303582,9.69769653],[-84.67301031,9.69769704],[-84.67298634,9.69769943],[-84.67296274,9.69769885],[-84.67293941,9.69769926],[-84.67291125,9.69769886],[-84.67287863,9.697702],[-84.67285075,9.69770304],[-84.67281896,9.69770754],[-84.67279354,9.69770976],[-84.67276967,9.69771261],[-84.67274269,9.69771221],[-84.67271846,9.69771325],[-84.67269167,9.69771448],[-84.67266834,9.69771416],[-84.67264137,9.69771738],[-84.67261658,9.69771797],[-84.67258961,9.69771594],[-84.67256391,9.69771726],[-84.67253612,9.69771876],[-84.67251261,9.69772179],[-84.67248264,9.69772583],[-84.67245686,9.69773103],[-84.67242908,9.69773615],[-84.67240602,9.69773836],[-84.67237715,9.6977452],[-84.67234901,9.69775448],[-84.67232616,9.69776321],[-84.6722981,9.69777058],[-84.67227589,9.69777894],[-84.67225393,9.69778505],[-84.67222843,9.69779332],[-84.67220558,9.69780087],[-84.67217671,9.69781133],[-84.6721452,9.69782323],[-84.67211779,9.69782898],[-84.67208672,9.69783239],[-84.67206194,9.69783542],[-84.67203698,9.69783999],[-84.67201393,9.69784293],[-84.67198723,9.69784515],[-84.67196327,9.69784638],[-84.67193247,9.69784743],[-84.6719044,9.69784993],[-84.67187972,9.6978535],[-84.67185502,9.69785454],[-84.6717928,9.69786325],[-84.67171835,9.69786349],[-84.6716931,9.69786417],[-84.67166751,9.69787037],[-84.67164037,9.69787874],[-84.67162117,9.69789352],[-84.67161455,9.69791134],[-84.67161778,9.6979296],[-84.67162357,9.69795436],[-84.67163464,9.69797731],[-84.67164563,9.69800106],[-84.67165807,9.69802491],[-84.67166267,9.6980485],[-84.67166728,9.69807688],[-84.67167025,9.69810101],[-84.67167085,9.69812759],[-84.671674,9.69815263],[-84.67167396,9.69817759],[-84.6716721,9.69820535],[-84.67166559,9.6982333],[-84.67165588,9.69825393],[-84.67164261,9.69827258],[-84.6716235,9.69828546],[-84.67159946,9.6982922],[-84.67158214,9.69828844],[-84.67155661,9.69828215],[-84.67153354,9.69827424],[-84.6715121,9.69826497],[-84.67148565,9.69825164],[-84.67146421,9.69824002],[-84.67144168,9.69822686],[-84.67142088,9.69821551],[-84.67139717,9.69821203],[-84.67137349,9.69821461],[-84.67135301,9.6982265],[-84.67134301,9.69824216],[-84.67133741,9.69826504],[-84.67134363,9.6982776],[-84.67135797,9.69829629],[-84.67137642,9.69831605],[-84.67139231,9.69833374],[-84.67140957,9.69835161],[-84.67142819,9.69836694],[-84.67144554,9.69838409],[-84.67146299,9.69840358],[-84.67147815,9.69842281],[-84.67149642,9.6984424],[-84.67151568,9.69846035],[-84.67153175,9.69847696],[-84.67154719,9.69849591],[-84.67156281,9.69851505],[-84.67157443,9.698536],[-84.67157584,9.69855824],[-84.67156866,9.69856892],[-84.67155073,9.69858126],[-84.67153123,9.69858301],[-84.67150626,9.69858026],[-84.67148165,9.69857696],[-84.67145658,9.69857258],[-84.67142996,9.69856558],[-84.67140296,9.69855632],[-84.67137816,9.69854652],[-84.67135645,9.69853706],[-84.67132517,9.69852374],[-84.67129781,9.69851421],[-84.67127392,9.69850621],[-84.67124931,9.69850291],[-84.67122488,9.69850296],[-84.67119655,9.6985089],[-84.67116931,9.6985132],[-84.67114444,9.6985146],[-84.67112175,9.698517],[-84.67109935,9.69852681],[-84.67107769,9.69854159],[-84.6710564,9.69855709],[-84.67103657,9.69857223],[-84.67101828,9.698588],[-84.67097598,9.69862587],[-84.67093179,9.69867496],[-84.67091661,9.69869597],[-84.67090226,9.69871562],[-84.67088799,9.69873762],[-84.67087364,9.69876088],[-84.67086029,9.6987827],[-84.67084412,9.69881003],[-84.67083296,9.69883284],[-84.67082253,9.69885818],[-84.67081401,9.69888125],[-84.67080567,9.69890351],[-84.6707987,9.69892676],[-84.67079127,9.6989501],[-84.6707833,9.69897353],[-84.67077733,9.69899777],[-84.67077247,9.69902518],[-84.6707645,9.69905096],[-84.67075552,9.69907485],[-84.67074828,9.69909792],[-84.67074158,9.69912126],[-84.67072988,9.69914669],[-84.67071407,9.69916968],[-84.67069743,9.69918861],[-84.67067914,9.69920438],[-84.67066259,9.69922005],[-84.67064595,9.69923772],[-84.67063451,9.69925971],[-84.67063527,9.69927626],[-84.67064442,9.69929722],[-84.67066104,9.6993149],[-84.67068294,9.69932652],[-84.67071506,9.69934843],[-84.67072868,9.69936748],[-84.67073838,9.69938835],[-84.67074435,9.69941275],[-84.67074586,9.69943797],[-84.67074335,9.69946166],[-84.670732,9.69948239],[-84.67071701,9.69950484],[-84.67070402,9.69952729],[-84.67069586,9.69954937],[-84.6706867,9.69957036],[-84.67067708,9.69959145],[-84.67066711,9.69961308],[-84.67065275,9.69963345],[-84.67063917,9.69963537],[-84.67061438,9.69963],[-84.67059421,9.69961955],[-84.67056951,9.69961625],[-84.67054802,9.69962181],[-84.67052497,9.69962647],[-84.67050156,9.69962877],[-84.67047813,9.69962791],[-84.67045489,9.69962678],[-84.67042755,9.69962403],[-84.67040094,9.69962309],[-84.67037734,9.69962495],[-84.67035428,9.69962544],[-84.67032923,9.69962829],[-84.67030463,9.6996335],[-84.67028021,9.69963237],[-84.67025542,9.69963061],[-84.67024933,9.69963785],[-84.67024745,9.69965359],[-84.670238,9.6996707],[-84.67021062,9.69969227],[-84.67018931,9.69970045],[-84.67016371,9.69970529],[-84.67014201,9.69970072],[-84.67011894,9.69969209],[-84.67009295,9.69968418],[-84.67007108,9.69968594],[-84.67004969,9.69969729],[-84.6700397,9.69971168],[-84.67002022,9.69972628],[-84.66999645,9.69973319],[-84.66997451,9.69974418],[-84.66997353,9.69975358],[-84.66998201,9.69975917],[-84.67000273,9.69977315],[-84.67002736,9.69978738],[-84.67004971,9.69979765],[-84.67007233,9.69980881],[-84.67009168,9.69982116],[-84.67010821,9.69983966],[-84.67011116,9.69985647],[-84.67010471,9.69986924],[-84.6700867,9.69988636],[-84.67007085,9.6998901],[-84.67004662,9.69989232],[-84.67002312,9.69989779],[-84.67000108,9.69990461],[-84.66997785,9.69990836],[-84.66997231,9.69991723],[-84.66995804,9.69993679],[-84.66994286,9.69995707],[-84.66992629,9.69996552],[-84.66990672,9.69997722],[-84.66990292,9.69999088],[-84.66990242,9.70001348],[-84.66989681,9.70003637],[-84.66988327,9.70005493],[-84.66986207,9.70006835],[-84.66983995,9.70008205],[-84.66981865,9.70009457],[-84.6697479,9.70012508],[-84.66968411,9.70017014],[-84.66966765,9.70018754],[-84.66966084,9.70019777],[-84.66965457,9.70020718],[-84.66964467,9.70022809],[-84.66963105,9.70025216],[-84.66961833,9.70027118],[-84.66960507,9.70029109],[-84.66959025,9.70030956],[-84.66957261,9.70032741],[-84.66955541,9.70034345],[-84.66953623,9.70036428],[-84.66951823,9.70038837],[-84.66950487,9.70040702],[-84.66949079,9.70042757],[-84.66947716,9.70044794],[-84.6694734,9.70045392],[-84.66946408,9.70046876],[-84.66945255,9.7004903],[-84.66944348,9.70051121],[-84.66939393,9.7006141],[-84.66937827,9.70067028],[-84.66937823,9.70069478],[-84.66937645,9.70071866],[-84.66937632,9.70074388],[-84.66938029,9.70076955],[-84.66938853,9.7007906],[-84.66940079,9.70081237],[-84.66941241,9.70083576],[-84.66941272,9.70085484],[-84.66940436,9.70086553],[-84.66938461,9.70087867],[-84.66936321,9.70088884],[-84.66933962,9.70089305],[-84.66931138,9.7009007],[-84.66928297,9.70090862],[-84.66925901,9.70091463],[-84.6692356,9.70091938],[-84.66921128,9.70092232],[-84.66918467,9.70092382],[-84.66916016,9.7009254],[-84.66913374,9.70092898],[-84.66910832,9.70093247],[-84.6690831,9.70094282],[-84.66906508,9.7009576],[-84.6690478,9.70097562],[-84.66903692,9.70099915],[-84.66902457,9.70102078],[-84.66901759,9.70104403],[-84.66902299,9.70105361],[-84.66904015,9.70106741],[-84.66906132,9.70108246],[-84.66907921,9.70109708],[-84.66909765,9.70111079],[-84.66911917,9.70112051],[-84.66914452,9.70112579],[-84.66916704,9.70113217],[-84.66918911,9.7011399],[-84.66921182,9.70114908],[-84.66923207,9.70116007],[-84.66925151,9.70117477],[-84.66927077,9.70119272],[-84.66929131,9.70120697],[-84.6693173,9.70122039],[-84.66933692,9.70123292],[-84.66935318,9.70125124],[-84.66937335,9.70126657],[-84.66939524,9.70127647],[-84.66942086,9.70128248],[-84.66944556,9.70128614],[-84.66947354,9.70128563],[-84.66949768,9.70127935],[-84.66952145,9.70127523],[-84.66954514,9.70127021],[-84.66956528,9.70127415],[-84.66957934,9.70128461],[-84.66960259,9.70129307],[-84.66962793,9.70129645],[-84.66965455,9.70129984],[-84.66967807,9.70130594],[-84.66970196,9.70131448],[-84.66972713,9.70132375],[-84.6697483,9.70133401],[-84.66976883,9.70134753],[-84.66978699,9.70136233],[-84.66980952,9.70137178],[-84.66983023,9.70138222],[-84.66983043,9.70139163],[-84.66982206,9.7013986],[-84.66980729,9.70139818],[-84.66978323,9.70139479],[-84.66975753,9.70139494],[-84.66973476,9.70139923],[-84.66971716,9.70139212],[-84.66969636,9.70138131],[-84.6696761,9.70137032],[-84.66965503,9.7013605],[-84.66963672,9.70136181],[-84.66964129,9.70137012],[-84.6696458,9.70139316],[-84.6696377,9.70139797],[-84.66960773,9.70140155],[-84.66954583,9.70139029],[-84.66952048,9.701385],[-84.66949651,9.70138333],[-84.66947218,9.70138139],[-84.66944904,9.70138432],[-84.66942663,9.70139061],[-84.66940523,9.70139951],[-84.66938136,9.70139992],[-84.66935602,9.70139536],[-84.66932975,9.7013861],[-84.66930714,9.70137854],[-84.66928334,9.701371],[-84.66925991,9.70136842],[-84.66926175,9.70137655],[-84.66927583,9.7013975],[-84.66929536,9.7014151],[-84.66931489,9.70142717],[-84.66933816,9.70144159],[-84.66936142,9.70145611],[-84.66938213,9.70146691],[-84.66940949,9.70148006],[-84.66943222,9.70149539],[-84.66945567,9.70151315],[-84.66947831,9.70152974],[-84.66949975,9.70154381],[-84.6695262,9.70155596],[-84.66954963,9.70156288],[-84.66957125,9.70157305],[-84.66957857,9.70158515],[-84.66957567,9.70159682],[-84.66956375,9.70160435],[-84.66954024,9.70160783],[-84.66951436,9.70160535],[-84.66948876,9.70160667],[-84.66946416,9.70160943],[-84.66944029,9.70161589],[-84.66943002,9.70162767],[-84.66943114,9.7016405],[-84.6694393,9.70166481],[-84.66945301,9.7016863],[-84.66947135,9.70169711],[-84.6694937,9.70170864],[-84.66952015,9.70171953],[-84.66954322,9.70172826],[-84.6695672,9.70173481],[-84.66959,9.70174327],[-84.66961335,9.70175217],[-84.66963816,9.70176487],[-84.66966006,9.70177884],[-84.6696814,9.70178766],[-84.66970474,9.70179404],[-84.6697279,9.70180249],[-84.66975079,9.70181022],[-84.6697664,9.70182456],[-84.66976259,9.70183208],[-84.66974857,9.70184024],[-84.66972562,9.70184363],[-84.66970111,9.70184693],[-84.66967759,9.70184436],[-84.66965424,9.70183265],[-84.66963153,9.70182338],[-84.66960946,9.70181574],[-84.6695832,9.70180693],[-84.66955811,9.70179523],[-84.66953458,9.70178424],[-84.6695095,9.70177263],[-84.66948733,9.701762],[-84.66946599,9.70175201],[-84.66944008,9.70174031],[-84.66941391,9.70172788],[-84.66939147,9.70171761],[-84.66936593,9.701706],[-84.6693455,9.70169583],[-84.66932186,9.70168195],[-84.6692996,9.70166734],[-84.66927506,9.70165238],[-84.66925481,9.70164193],[-84.66923164,9.70163348],[-84.66920629,9.70162693],[-84.66917985,9.70161921],[-84.66915705,9.70161075],[-84.66912586,9.70159662],[-84.66909813,9.70158284],[-84.66909338,9.70158041],[-84.66907705,9.70157185],[-84.66898148,9.70149048],[-84.66892472,9.70144964],[-84.66890446,9.70143548],[-84.66888584,9.70142204],[-84.66885993,9.70140374],[-84.66883702,9.70138751],[-84.6688142,9.70137173],[-84.66879386,9.70135794],[-84.6687726,9.70134478],[-84.66874815,9.70133154],[-84.66872571,9.70132127],[-84.66872233,9.70132001],[-84.66870136,9.7013121],[-84.66867902,9.70130545],[-84.66865504,9.70130061],[-84.6686298,9.70129895],[-84.66860656,9.70129899],[-84.66857876,9.70129805],[-84.66855016,9.70130263],[-84.66852675,9.70131099],[-84.66850709,9.70132387],[-84.66848453,9.70134245],[-84.66846716,9.70135885],[-84.66845143,9.70137633],[-84.66840691,9.7014454],[-84.66825964,9.70176385],[-84.6682215,9.70192577],[-84.66821833,9.70197722],[-84.66821308,9.70199938],[-84.66819772,9.70206415],[-84.66819257,9.70213396],[-84.66818172,9.70221942],[-84.6681511,9.70226514],[-84.66811699,9.70229993],[-84.66805948,9.70234317],[-84.66801584,9.70239081],[-84.6679746,9.70246277],[-84.66795904,9.7025194],[-84.66795111,9.70256236],[-84.6679292,9.70268166],[-84.66791202,9.70274842],[-84.66789454,9.70280361],[-84.66787262,9.70287273],[-84.66786646,9.70293612],[-84.66785125,9.70303533],[-84.66784767,9.70311482],[-84.66783652,9.7031888],[-84.66782268,9.7032862],[-84.66779514,9.70337088],[-84.66777935,9.70353764],[-84.6677719,9.70359958],[-84.66776814,9.70363133],[-84.66780277,9.70386281],[-84.66778939,9.70396347],[-84.66775853,9.70406841],[-84.66774596,9.704164],[-84.66774551,9.70426265],[-84.66774745,9.70441372],[-84.66773623,9.7044991],[-84.66773246,9.704618],[-84.66778038,9.70474882],[-84.66781712,9.70485174],[-84.66789525,9.70500429],[-84.66795282,9.70508266],[-84.66807305,9.70518948],[-84.66815931,9.70526028],[-84.6682516,9.70533831],[-84.66831186,9.70540148],[-84.66831296,9.70540284],[-84.66838193,9.70548625],[-84.66850065,9.705705],[-84.66855751,9.70583943],[-84.66859507,9.70593727],[-84.66864824,9.70604928],[-84.66868802,9.70621041],[-84.66873634,9.70631366],[-84.66878922,9.70655551],[-84.66879802,9.70662981],[-84.6687856,9.7067056],[-84.66884819,9.70678902],[-84.66887361,9.70683291],[-84.66887579,9.70687694],[-84.66888488,9.70691173],[-84.66890654,9.70694297],[-84.6689374,9.70696958],[-84.66896067,9.706985],[-84.66898492,9.70699119],[-84.66900034,9.70699948],[-84.66901274,9.70700425],[-84.66904541,9.70702643],[-84.66907133,9.70704798],[-84.66908367,9.70706261],[-84.66909872,9.70707343],[-84.66910403,9.7070858],[-84.66910843,9.70709746],[-84.66909287,9.70715409],[-84.66904192,9.70724306],[-84.66901706,9.70729863],[-84.66900957,9.70733427],[-84.66900217,9.7073699],[-84.66900058,9.70739558],[-84.66902446,9.70744545],[-84.66905356,9.70746076],[-84.66906305,9.70746345],[-84.66911345,9.70746733],[-84.66912275,9.7074684],[-84.66914445,9.70747424],[-84.66915804,9.70748117],[-84.66915831,9.7074828],[-84.669164,9.7075025],[-84.6691541,9.70751798],[-84.66914168,9.70754856],[-84.66911796,9.70758088],[-84.66911571,9.70759771],[-84.66910043,9.70765587],[-84.66911564,9.70769798],[-84.66913321,9.70773474],[-84.66914887,9.70777431],[-84.6692051,9.70781923],[-84.66923607,9.70786148],[-84.66925025,9.70788722],[-84.66926228,9.70793557],[-84.66925828,9.70798223],[-84.66924489,9.70803189],[-84.6692273,9.70808139],[-84.66920697,9.70811895],[-84.6691907,9.70814113],[-84.66917365,9.70818402],[-84.66916607,9.70822373],[-84.66913114,9.70829884],[-84.66912288,9.70831414],[-84.66911992,9.70834163],[-84.66913334,9.70835281],[-84.66915166,9.70835332],[-84.66916132,9.70835185],[-84.66917519,9.70836042],[-84.66918252,9.70837993],[-84.6691742,9.70841485],[-84.66916614,9.70844154],[-84.66914799,9.70847792],[-84.66913055,9.7085077],[-84.6691267,9.70854034],[-84.66914607,9.70856698],[-84.66917427,9.70858745],[-84.66919241,9.70859211],[-84.66920934,9.70857888],[-84.66921543,9.70857055],[-84.66922973,9.70856672],[-84.66924651,9.7085732],[-84.6692521,9.70858721],[-84.66924697,9.70862166],[-84.66924558,9.70865883],[-84.66924341,9.7086657],[-84.66924771,9.70871687],[-84.6692388,9.70877412],[-84.66922251,9.70883165],[-84.66921455,9.70886404],[-84.66920937,9.7089183],[-84.66921456,9.70896024],[-84.66923708,9.70905712],[-84.66925722,9.70910419],[-84.6692925,9.70915231],[-84.66930829,9.70916801],[-84.66933775,9.70918079],[-84.66935514,9.70917081],[-84.66936969,9.70915297],[-84.66939106,9.70913168],[-84.66939844,9.70913139],[-84.66940246,9.70913573],[-84.66942159,9.70917638],[-84.66945715,9.70932802],[-84.66948673,9.7094427],[-84.66950064,9.70947676],[-84.66953047,9.70953221],[-84.66955059,9.70961472],[-84.66955438,9.70964292],[-84.66957912,9.70971313],[-84.66957336,9.70974849],[-84.66956006,9.70979409],[-84.66955895,9.70983288],[-84.6695469,9.70987087],[-84.66954397,9.70990831],[-84.66950611,9.71002656],[-84.6694906,9.71006339],[-84.66946552,9.71009761],[-84.66943805,9.71012723],[-84.66942015,9.71014969],[-84.66940241,9.71016799],[-84.66938002,9.71018286],[-84.66936163,9.71019221],[-84.66935006,9.71019232],[-84.66931032,9.71018761],[-84.66928724,9.71017789],[-84.66926655,9.71012766],[-84.66926025,9.7100793],[-84.66923082,9.70994482],[-84.66922463,9.70990216],[-84.669221,9.70986003],[-84.66921148,9.70979649],[-84.66920799,9.70973456],[-84.66919586,9.7096863],[-84.6691791,9.70964438],[-84.66915722,9.7095918],[-84.66915871,9.70951513],[-84.6691577,9.70937725],[-84.66917496,9.70934584],[-84.66919483,9.70930512],[-84.66922227,9.70921465],[-84.66922218,9.7091736],[-84.66921801,9.70913808],[-84.66920042,9.70909137],[-84.66916653,9.70905129],[-84.66914415,9.70902095],[-84.66911855,9.70898131],[-84.66911875,9.7089418],[-84.66910983,9.70890285],[-84.66909812,9.70883642],[-84.6690802,9.70880788],[-84.66907272,9.70880247],[-84.66905602,9.70879183],[-84.66903515,9.70879088],[-84.66902504,9.70879488],[-84.66901032,9.70881679],[-84.6689957,9.7088387],[-84.66899418,9.70885452],[-84.66897948,9.70888638],[-84.66895464,9.7089065],[-84.66893066,9.70890193],[-84.66891565,9.70887131],[-84.6689037,9.7087679],[-84.66890335,9.70873517],[-84.66891238,9.7086894],[-84.6689226,9.70865006],[-84.66893164,9.70861414],[-84.66893202,9.70857635],[-84.66890991,9.70854764],[-84.66888244,9.70852627],[-84.66882251,9.70849998],[-84.66878001,9.70848334],[-84.66875085,9.70848204],[-84.66870093,9.70849118],[-84.66865708,9.70848629],[-84.66863212,9.70849095],[-84.66860155,9.70851687],[-84.66857316,9.708536],[-84.66855605,9.70854761],[-84.66853619,9.70855307],[-84.66850901,9.70853911],[-84.66849419,9.70851419],[-84.66849447,9.70847061],[-84.66845995,9.70843143],[-84.66840423,9.70836997],[-84.66835359,9.70833896],[-84.66827953,9.70830665],[-84.66822781,9.70827908],[-84.66815949,9.70824667],[-84.66812388,9.70821672],[-84.66806183,9.70817182],[-84.6680229,9.70812099],[-84.66801176,9.70810862],[-84.66797925,9.70807252],[-84.66796411,9.70802056],[-84.66790425,9.70789238],[-84.66788715,9.70785887],[-84.6678705,9.70782852],[-84.66786005,9.7077997],[-84.66786109,9.70777077],[-84.66787387,9.70773756],[-84.66790287,9.70765676],[-84.66789708,9.70763137],[-84.66790014,9.70760957],[-84.66790118,9.70758064],[-84.6679087,9.70756064],[-84.66791605,9.70754471],[-84.66791802,9.70752636],[-84.66790296,9.70751545],[-84.66788811,9.70751602],[-84.66786708,9.70752908],[-84.66784113,9.70754287],[-84.66782011,9.70755593],[-84.6678142,9.7075601],[-84.66777966,9.70756198],[-84.66774408,9.70754189],[-84.66772574,9.70753152],[-84.66771093,9.70750669],[-84.66771426,9.70748643],[-84.66771512,9.70746166],[-84.66771506,9.70743046],[-84.66770844,9.70740028],[-84.66768906,9.70736785],[-84.66766731,9.70733661],[-84.66765989,9.70732126],[-84.66766167,9.7072972],[-84.66767149,9.70728588],[-84.66769807,9.70727118],[-84.66772303,9.70726652],[-84.66776056,9.7072584],[-84.66780336,9.70724123],[-84.66784196,9.70722398],[-84.66788911,9.70719297],[-84.66791902,9.7071581],[-84.66792159,9.70712319],[-84.66792912,9.70710311],[-84.66795323,9.70708389],[-84.66797725,9.70706296],[-84.66799986,9.70702422],[-84.66799872,9.70700225],[-84.66796968,9.70697129],[-84.66792234,9.70694553],[-84.66785954,9.70685071],[-84.6678375,9.70681215],[-84.66780841,9.7067557],[-84.66777511,9.70668922],[-84.66775709,9.70665499],[-84.66770526,9.70657652],[-84.6676856,9.70654256],[-84.66766659,9.70651746],[-84.66765361,9.70649398],[-84.66762932,9.70647215],[-84.66756997,9.70645897],[-84.66754472,9.70645622],[-84.66752568,9.70645662],[-84.66748603,9.7064519],[-84.66745384,9.70644283],[-84.66741207,9.70642528],[-84.66737998,9.70642191],[-84.66735476,9.7064348],[-84.6673534,9.70643661],[-84.66732839,9.70646098],[-84.66731566,9.70647438],[-84.66730201,9.70648707],[-84.66728052,9.70649281],[-84.66726209,9.7064866],[-84.6672536,9.70647469],[-84.66724382,9.7064606],[-84.66723366,9.7064391],[-84.66721381,9.70635831],[-84.66716196,9.70626429],[-84.6670815,9.70617783],[-84.66702307,9.70603382],[-84.66696606,9.70595862],[-84.66692578,9.70586449],[-84.66687659,9.70578646],[-84.66682803,9.70574289],[-84.66675576,9.70569628],[-84.66667587,9.70566407],[-84.66656696,9.70561636],[-84.66643334,9.70555939],[-84.66631493,9.70554443],[-84.66622614,9.70552824],[-84.66611481,9.70554672],[-84.66605109,9.70558265],[-84.66601249,9.70559999],[-84.66588114,9.70558696],[-84.66578588,9.70557177],[-84.66566011,9.70556288],[-84.66549546,9.70552867],[-84.66539439,9.70552913],[-84.66532005,9.7055404],[-84.66526497,9.70556835],[-84.66522909,9.70558208],[-84.6651828,9.70558244],[-84.66514434,9.70558007],[-84.6650746,9.70556927],[-84.66504716,9.70556353],[-84.66502593,9.70556511],[-84.66500177,9.70555892],[-84.66498727,9.70555126],[-84.66494421,9.70553145],[-84.66492596,9.70552109],[-84.66490908,9.70550883],[-84.6648736,9.70549452],[-84.66483859,9.70548338],[-84.66479189,9.70546087],[-84.66476955,9.70545603],[-84.66471487,9.70545604],[-84.66467267,9.70545097],[-84.66461126,9.70546022],[-84.66460343,9.70546304],[-84.66459368,9.7054646],[-84.66456518,9.70547215],[-84.66455598,9.70547687],[-84.66449792,9.70551686],[-84.66444707,9.70551958],[-84.66438712,9.70552599],[-84.66437218,9.70552759],[-84.66430324,9.70555123],[-84.66421632,9.70560701],[-84.66407391,9.70566804],[-84.66394948,9.70569667],[-84.6638289,9.70568859],[-84.66365787,9.70565538],[-84.66352505,9.70563276],[-84.66338658,9.70565699],[-84.66332116,9.70566191],[-84.66327659,9.70565801],[-84.66323275,9.70565313],[-84.66318963,9.70564733],[-84.66306399,9.70566385],[-84.66302265,9.70567912],[-84.66295855,9.70570772],[-84.66277987,9.70576928],[-84.66260087,9.70584883],[-84.66240653,9.70596313],[-84.66230676,9.70602091],[-84.66226744,9.70604323],[-84.66220816,9.70606532],[-84.6620769,9.70614251],[-84.66196904,9.70621135],[-84.66191583,9.70626036],[-84.66186356,9.7062847],[-84.6618207,9.70631579],[-84.66179933,9.70633699],[-84.66176885,9.706363],[-84.66173266,9.70640457],[-84.66169647,9.70644614],[-84.66163053,9.70650856],[-84.66158625,9.70656127],[-84.6614935,9.70662121],[-84.66139818,9.70671597],[-84.66133224,9.70677848],[-84.66128265,9.70681881],[-84.66125127,9.70684979],[-84.66122054,9.70688394],[-84.6611795,9.70691639],[-84.66114174,9.70694838],[-84.66109737,9.70700099],[-84.66104764,9.70706103],[-84.66100043,9.70710588],[-84.66096253,9.70715758],[-84.66084089,9.70730401],[-84.66081789,9.70733534],[-84.66079818,9.70736621],[-84.66077973,9.70739527],[-84.66076776,9.70742332],[-84.66075361,9.70745834],[-84.6607529,9.70751431],[-84.66076169,9.70753472],[-84.66076883,9.70755125],[-84.66083924,9.7076277],[-84.66084996,9.70770327],[-84.66083309,9.70774191],[-84.66079043,9.70778448],[-84.66075935,9.70782695],[-84.66072852,9.70786109],[-84.66070234,9.70789297],[-84.66068773,9.70792473],[-84.66068596,9.70795457],[-84.66070027,9.70800165],[-84.66068076,9.708044],[-84.66065939,9.70806529],[-84.66064478,9.70809706],[-84.66063942,9.70815529],[-84.66063948,9.70818649],[-84.66064484,9.70826939],[-84.66062676,9.70834112],[-84.66062999,9.70841119],[-84.66062646,9.70847086],[-84.66061014,9.70851267],[-84.66059094,9.7086174],[-84.66059484,9.7087022],[-84.66060535,9.70876629],[-84.66062967,9.70880367],[-84.66067997,9.7088486],[-84.66070953,9.70886717],[-84.66074805,9.70890073],[-84.66075983,9.7089121],[-84.66077237,9.70893812],[-84.66077504,9.7089542],[-84.66076742,9.70896841],[-84.66074164,9.70897235],[-84.66073052,9.70897563],[-84.66069534,9.70897271],[-84.66068275,9.70896641],[-84.66062149,9.70895595],[-84.66060502,9.70896665],[-84.66058501,9.70898604],[-84.66057338,9.70900586],[-84.66054209,9.70903684],[-84.66052501,9.70906409],[-84.66051945,9.70911093],[-84.66052164,9.70915487],[-84.66052002,9.709165],[-84.66052057,9.70916817],[-84.66053134,9.70922402],[-84.66055212,9.70927018],[-84.66055308,9.70929631],[-84.66054818,9.7093069],[-84.66053635,9.70931524],[-84.66050946,9.70931267],[-84.66048318,9.70929364],[-84.66045017,9.70928385],[-84.66042723,9.70929556],[-84.6604245,9.70929927],[-84.66040423,9.70932689],[-84.66039179,9.70935177],[-84.6603824,9.70939591],[-84.66038256,9.70942702],[-84.66039196,9.70948477],[-84.66040172,9.70953421],[-84.66040365,9.70958647],[-84.66039783,9.70964145],[-84.66037899,9.70969854],[-84.66036513,9.70974495],[-84.66035514,9.70980554],[-84.66035428,9.70983032],[-84.66036429,9.70987144],[-84.66036783,9.70991365],[-84.6603733,9.70995713],[-84.66038886,9.71004182],[-84.66041283,9.71008743],[-84.66043457,9.71015972],[-84.66043836,9.71023304],[-84.66043204,9.71026515],[-84.66044267,9.71034072],[-84.66044317,9.71036368],[-84.66043944,9.71041188],[-84.66043074,9.71043938],[-84.66041958,9.71046246],[-84.66040366,9.71047633],[-84.66035216,9.7105153],[-84.66032704,9.71053389],[-84.66030874,9.71054314],[-84.66029717,9.71054326],[-84.66027892,9.71053289],[-84.66022519,9.71045723],[-84.66021265,9.71043122],[-84.66016963,9.71038021],[-84.66015886,9.71037526],[-84.6601253,9.71036231],[-84.66009386,9.7103621],[-84.66006773,9.71037426],[-84.66003907,9.71040153],[-84.66002609,9.71042317],[-84.66001446,9.71044299],[-84.66000568,9.71047058],[-84.66000365,9.71050865],[-84.66000325,9.71053668],[-84.66000315,9.7105761],[-84.65998708,9.71060968],[-84.65997354,9.71062815],[-84.65992592,9.71065012],[-84.65989732,9.71065768],[-84.65986664,9.71067211],[-84.65982221,9.71069254],[-84.65981893,9.71069409],[-84.6597981,9.71071863],[-84.65977647,9.71074814],[-84.65975302,9.71077631],[-84.65973432,9.71081676],[-84.65973341,9.71081866],[-84.65971825,9.71084717],[-84.6596807,9.71089064],[-84.6596522,9.7109491],[-84.6596237,9.71100757],[-84.65959652,9.71104198],[-84.6595336,9.71111687],[-84.65952978,9.71112149],[-84.65952041,9.71113344],[-84.65950806,9.7111492],[-84.65948997,9.71117383],[-84.65947061,9.71120035],[-84.65944443,9.71123603],[-84.65943535,9.71125033],[-84.65942617,9.71126472],[-84.65941109,9.71128971],[-84.65938875,9.71132646],[-84.65937523,9.71135931],[-84.65937216,9.71137315],[-84.65936411,9.71140435],[-84.65936043,9.71143248],[-84.65936035,9.71144224],[-84.65936063,9.71144324],[-84.65936586,9.71146158],[-84.65937548,9.71148607],[-84.65944227,9.71157671],[-84.65950878,9.71166076],[-84.65955267,9.71168636],[-84.65956861,9.71168551],[-84.6595934,9.71168492],[-84.65960617,9.71169249],[-84.65962353,9.71171271],[-84.65963505,9.71173321],[-84.65964731,9.71175742],[-84.6596604,9.71178533],[-84.65967247,9.71180854],[-84.65968537,9.71183311],[-84.65969626,9.71185805],[-84.6597056,9.71187946],[-84.65971202,9.71190142],[-84.65972192,9.71193042],[-84.65973363,9.71195427],[-84.65974343,9.71197604],[-84.65975177,9.71200251],[-84.65975838,9.71202537],[-84.65976618,9.71205384],[-84.65977452,9.71207787],[-84.65978833,9.71210226],[-84.65980095,9.71212583],[-84.65980044,9.71214491],[-84.6597921,9.71216355],[-84.65977992,9.71218537],[-84.65976576,9.71221152],[-84.65975605,9.71223333],[-84.65974406,9.7122537],[-84.65973326,9.71227714],[-84.65972656,9.71229939],[-84.65972889,9.71232262],[-84.65974094,9.71233625],[-84.65975508,9.71234066],[-84.65978753,9.7123443],[-84.6598146,9.71234759],[-84.65983622,9.71235777],[-84.65985038,9.71237673],[-84.6598619,9.71239714],[-84.65987416,9.71242135],[-84.65989024,9.71244238],[-84.65991189,9.71246467],[-84.65993106,9.71248453],[-84.65994131,9.71250575],[-84.65994474,9.71253215],[-84.65995107,9.71255564],[-84.65996258,9.71256882],[-84.65996671,9.7125869],[-84.6599664,9.71261411],[-84.65996974,9.71264205],[-84.65997389,9.71266735],[-84.65997102,9.71269367],[-84.65996397,9.71271882],[-84.65994951,9.71273919],[-84.65993343,9.71276327],[-84.65992582,9.71278562],[-84.65992031,9.71281103],[-84.65991718,9.7128388],[-84.65991987,9.71286393],[-84.65993001,9.71287783],[-84.65994871,9.7128853],[-84.65996875,9.71288318],[-84.65998536,9.71289482],[-84.65999059,9.71291126],[-84.65999694,9.71294199],[-84.65999771,9.71296504],[-84.65999129,9.7129882],[-84.65998077,9.71301598],[-84.65997034,9.71304131],[-84.65996519,9.71306375],[-84.65997015,9.71308553],[-84.65998504,9.71310575],[-84.6600054,9.71312398],[-84.66002649,9.71314103],[-84.66004457,9.71315781],[-84.66006501,9.71317205],[-84.66008834,9.71317608],[-84.66010319,9.71316972],[-84.66012476,9.7131581],[-84.66013804,9.7131418],[-84.66015276,9.71312333],[-84.6601717,9.71311326],[-84.66019166,9.71311259],[-84.66019614,9.71312045],[-84.66019827,9.71314033],[-84.66018922,9.71317226],[-84.66017314,9.71319635],[-84.6601597,9.71321889],[-84.66015746,9.71323923],[-84.66015924,9.71326455],[-84.66015164,9.71329178],[-84.6601361,9.71331378],[-84.66011472,9.71333606],[-84.66009415,9.71334993],[-84.66007101,9.71335405],[-84.66005113,9.71334739],[-84.66002798,9.71334436],[-84.66000493,9.71334848],[-84.65998188,9.71335268],[-84.65995683,9.71335481],[-84.65993341,9.71335955],[-84.65990864,9.71336503],[-84.65988578,9.71337249],[-84.65986302,9.71338582],[-84.65984209,9.71340024],[-84.65981522,9.71340996],[-84.65978816,9.71341155],[-84.6597632,9.71341612],[-84.65974071,9.71342548],[-84.65972334,9.71344549],[-84.65970935,9.71347011],[-84.65969628,9.71349699],[-84.65968621,9.71351943],[-84.65968042,9.71354141],[-84.65967619,9.71356846],[-84.65967851,9.71359169],[-84.65969004,9.71361463],[-84.65969875,9.71364047],[-84.65970218,9.71366696],[-84.65970341,9.71369426],[-84.65969973,9.7137241],[-84.65969496,9.71375079],[-84.659692,9.7137771],[-84.65968831,9.71379962],[-84.65968335,9.71382531],[-84.65967629,9.71385055],[-84.65966813,9.71387254],[-84.65965952,9.71389751],[-84.6596521,9.71392329],[-84.65965669,9.71394073],[-84.65966755,9.7139512],[-84.65968119,9.71397947],[-84.65968488,9.71400442],[-84.65968795,9.7140338],[-84.65968854,9.71405848],[-84.65968832,9.7140856],[-84.65968327,9.71410894],[-84.6596762,9.7141293],[-84.65964955,9.71420204],[-84.65964066,9.71422512],[-84.65962968,9.71425262],[-84.65961716,9.71427986],[-84.65960764,9.71430257],[-84.65959647,9.7143242],[-84.65958412,9.71434511],[-84.65956466,9.71436938],[-84.65954802,9.71438587],[-84.65952664,9.71440571],[-84.65950471,9.7144251],[-84.65948579,9.7144425],[-84.65946778,9.71445971],[-84.6594485,9.71447765],[-84.65942957,9.7144926],[-84.65940973,9.71450539],[-84.65938796,9.71451357],[-84.65936565,9.71451904],[-84.65934215,9.71452623],[-84.65932048,9.71453694],[-84.65929608,9.7145491],[-84.65927579,9.71456243],[-84.65925969,9.71457919],[-84.6592487,9.71459937],[-84.65925346,9.71461057],[-84.6592689,9.71463116],[-84.65928661,9.71464604],[-84.65930787,9.7146592],[-84.65933142,9.71467869],[-84.65934368,9.71470045],[-84.65935685,9.71472448],[-84.65937473,9.71473538],[-84.65938392,9.71473012],[-84.65939401,9.71471256],[-84.6594058,9.7146865],[-84.65941998,9.71466523],[-84.65943744,9.71465],[-84.65945885,9.71464472],[-84.65947518,9.71465309],[-84.65948916,9.71467115],[-84.65949877,9.71469437],[-84.65950247,9.71472176],[-84.65949861,9.7147507],[-84.6594889,9.71477251],[-84.65947353,9.71479062],[-84.65944733,9.71481047],[-84.6594263,9.71482488],[-84.65940473,9.71483885],[-84.65938352,9.71484992],[-84.65935901,9.7148515],[-84.65933247,9.71484378],[-84.65931086,9.71483605],[-84.65928587,9.71482606],[-84.65925825,9.7148224],[-84.65923319,9.71482453],[-84.65920659,9.71482793],[-84.65917917,9.71483494],[-84.65915458,9.71484132],[-84.65913052,9.71484327],[-84.65910445,9.71484223],[-84.65907966,9.71484047],[-84.65905508,9.71484929],[-84.65904663,9.71486305],[-84.65904375,9.71488448],[-84.65904964,9.71491096],[-84.6590628,9.71493255],[-84.65908263,9.71495764],[-84.6591009,9.71498256],[-84.65911644,9.71500559],[-84.65912815,9.71502943],[-84.65914113,9.71505002],[-84.65915636,9.7150528],[-84.65917833,9.71505999],[-84.65919795,9.71507206],[-84.65921959,9.71508947],[-84.65923766,9.71510626],[-84.65925393,9.71512819],[-84.65926618,9.71514996],[-84.65927953,9.71517001],[-84.65930042,9.71518127],[-84.65932202,9.71518421],[-84.65934379,9.71517838],[-84.65936765,9.71516821],[-84.6593947,9.71516183],[-84.65941458,9.71516604],[-84.65943283,9.71517885],[-84.65944645,9.71519988],[-84.65945096,9.71522221],[-84.65945392,9.71524589],[-84.65945434,9.71527193],[-84.65945139,9.71530069],[-84.65944533,9.71532565],[-84.65943864,9.7153527],[-84.65943513,9.71537621],[-84.65942598,9.71540318],[-84.65941271,9.71542436],[-84.65939716,9.71544148],[-84.65937112,9.715455],[-84.65934808,9.71546155],[-84.65933325,9.71547523],[-84.65932846,9.71549224],[-84.65932514,9.71551901],[-84.65932145,9.71554406],[-84.65931986,9.71556712],[-84.65931298,9.71559327],[-84.65930382,9.71561787],[-84.65929548,9.71563896],[-84.65929198,9.71566726],[-84.65929022,9.71569918],[-84.65929137,9.71572658],[-84.65929351,9.71575135],[-84.65929739,9.7157772],[-84.65930236,9.71580142],[-84.65930432,9.71582528],[-84.65930866,9.71585394],[-84.65931536,9.71587924],[-84.65932087,9.71590138],[-84.65932229,9.71592733],[-84.65932061,9.71595039],[-84.65931117,9.71597319],[-84.65929498,9.71598995],[-84.65927423,9.71600292],[-84.65925056,9.71601399],[-84.6592245,9.71601775],[-84.65921373,9.71601072],[-84.6592013,9.71599284],[-84.65918778,9.71597189],[-84.65917543,9.71595256],[-84.65916244,9.715927],[-84.65915993,9.71590043],[-84.65916682,9.71588396],[-84.65918191,9.71586006],[-84.6591939,9.71583978],[-84.65920005,9.71581717],[-84.65919808,9.71579095],[-84.65918974,9.71576447],[-84.65918003,9.71574126],[-84.65916832,9.71571741],[-84.65915644,9.71569754],[-84.65914705,9.71569693],[-84.65914051,9.71570797],[-84.6591267,9.71573114],[-84.65911343,9.71574979],[-84.6590927,9.71577244],[-84.65907332,9.71579038],[-84.65905031,9.71581393],[-84.65903222,9.71583747],[-84.65901897,9.71586336],[-84.65900909,9.71589158],[-84.65901104,9.71591292],[-84.65902256,9.71593098],[-84.65904081,9.71594378],[-84.65906071,9.71596011],[-84.65908335,9.71597987],[-84.65910179,9.71599602],[-84.65911595,9.71601497],[-84.6591158,9.71603098],[-84.6591091,9.71605314],[-84.65910222,9.71607685],[-84.6590897,9.71610164],[-84.65907077,9.71611904],[-84.65905075,9.71613327],[-84.65902881,9.71614299],[-84.65900048,9.71615019],[-84.65897678,9.71614915],[-84.65895336,9.71614901],[-84.65892823,9.71615991],[-84.65891095,9.71617594],[-84.6588966,9.7162012],[-84.6588805,9.71621805],[-84.65886392,9.71622323],[-84.65883878,9.71622934],[-84.65882723,9.71624184],[-84.65882017,9.71626454],[-84.65881702,9.71628752],[-84.65881189,9.71631953],[-84.65881049,9.71634847],[-84.65881282,9.71637414],[-84.65876612,9.71649204],[-84.65874992,9.71664524],[-84.658825,9.71677773],[-84.65879859,9.71692959],[-84.65879241,9.71698032],[-84.65876101,9.71705154],[-84.6587461,9.71706911],[-84.65872653,9.71707891],[-84.65870031,9.71709144],[-84.65867344,9.71709881],[-84.6586513,9.71710518],[-84.65862598,9.71711029],[-84.65860211,9.71711314],[-84.65857732,9.71711382],[-84.6585509,9.71712057],[-84.65852705,9.71713074],[-84.6585104,9.71714714],[-84.6585076,9.71716224],[-84.65850656,9.71718819],[-84.65850743,9.71721124],[-84.65850802,9.71723584],[-84.65851617,9.71725652],[-84.65853104,9.71726464],[-84.65855404,9.71727897],[-84.65857412,9.71729375],[-84.65859583,9.71730637],[-84.65861853,9.71731003],[-84.65862812,9.71732123],[-84.65863874,9.71734426],[-84.65864106,9.71736758],[-84.65863434,9.71738252],[-84.65861843,9.71740027],[-84.65859842,9.7174193],[-84.65858197,9.71744392],[-84.65857163,9.71746781],[-84.65856421,9.71749359],[-84.65856079,9.71751701],[-84.65856476,9.71754386],[-84.65855896,9.71756105],[-84.65854634,9.7175825],[-84.65853207,9.71760378],[-84.658522,9.71762613],[-84.65851512,9.71764983],[-84.6585077,9.71767561],[-84.65849763,9.71770041],[-84.65848245,9.7177243],[-84.65846545,9.71774369],[-84.65844617,9.71776407],[-84.65843007,9.71778091],[-84.65841608,9.71780074],[-84.65840546,9.71782273],[-84.65841085,9.71783276],[-84.65842338,9.71785308],[-84.65842059,9.71787053],[-84.65840905,9.71789036],[-84.65839423,9.71790883],[-84.65837887,9.71792938],[-84.65836862,9.71795083],[-84.65835763,9.71797101],[-84.65834053,9.71798804],[-84.65832425,9.7180039],[-84.65831181,9.71802626],[-84.65830092,9.71804978],[-84.65828902,9.71807015],[-84.65827557,9.71809034],[-84.65826149,9.71811252],[-84.65824768,9.71813569],[-84.65823105,9.71815941],[-84.65821323,9.71817997],[-84.65819887,9.71820269],[-84.65818671,9.71822694],[-84.65817645,9.71824839],[-84.6581568,9.71826696],[-84.65813258,9.71828003],[-84.65810672,9.71828966],[-84.6580846,9.71830327],[-84.6580717,9.71832138],[-84.65806764,9.71834209],[-84.6580726,9.71836152],[-84.65808364,9.71837036],[-84.65810343,9.71837611],[-84.65811922,9.71839136],[-84.65811688,9.71840348],[-84.65810753,9.71842474],[-84.65809271,9.71844322],[-84.65807251,9.71845655],[-84.65805091,9.7184584],[-84.65802793,9.71845139],[-84.65800403,9.71843733],[-84.65798295,9.71842507],[-84.65795952,9.7184177],[-84.65793899,9.71840581],[-84.65789384,9.71838582],[-84.65778089,9.71836886],[-84.6577552,9.71837452],[-84.6577288,9.71838614],[-84.65770567,9.71839758],[-84.65768656,9.71841163],[-84.6576701,9.71843146],[-84.65766213,9.71845435],[-84.6576588,9.71847877],[-84.65765494,9.71850771],[-84.65765745,9.71853194],[-84.65766223,9.71855516],[-84.65766028,9.7185813],[-84.65766225,9.71860995],[-84.65766922,9.71863471],[-84.65767529,9.7186621],[-84.65768027,9.71868876],[-84.65768096,9.7187158],[-84.65767071,9.71874448],[-84.65765838,9.71877506],[-84.65764722,9.71880401],[-84.65763961,9.71882636],[-84.65762854,9.71885134],[-84.65761347,9.71888012],[-84.65759648,9.71890438],[-84.65758094,9.71892638],[-84.65756595,9.71895362],[-84.65755234,9.71898258],[-84.65754154,9.71900367],[-84.65752955,9.71902404],[-84.65751701,9.71904395],[-84.65750338,9.71906324],[-84.65748902,9.71908361],[-84.65747457,9.71910633],[-84.65746231,9.71912968],[-84.65744886,9.71914987],[-84.65742748,9.71916727],[-84.65740381,9.71917834],[-84.65738114,9.71918915],[-84.65735564,9.71920059],[-84.65733334,9.71921582],[-84.65732309,9.71923727],[-84.65732085,9.71925997],[-84.65732099,9.7192842],[-84.65731858,9.71930843],[-84.65731024,9.71933196],[-84.65729486,9.71934519],[-84.657271,9.71935292],[-84.65724549,9.71935468],[-84.65722161,9.71935753],[-84.65720687,9.71936878],[-84.65719014,9.71938761],[-84.65718626,9.71939348],[-84.65717751,9.71940672],[-84.65716324,9.71942799],[-84.65715016,9.71944754],[-84.65713371,9.71947226],[-84.65712063,9.71949425],[-84.65711284,9.7195157],[-84.65711642,9.71953097],[-84.65712903,9.71954731],[-84.65714866,9.71956906],[-84.65716802,9.71958503],[-84.6571901,9.71959945],[-84.65720043,9.71961679],[-84.65720092,9.7196356],[-84.65719323,9.71966283],[-84.65718562,9.71968527],[-84.65716988,9.71970148],[-84.65715712,9.7196987],[-84.65713851,9.71968644],[-84.65711615,9.71967012],[-84.65709524,9.71965397],[-84.65707526,9.71964009],[-84.6570561,9.71962747],[-84.65702371,9.71961026],[-84.65693454,9.71968539],[-84.65692219,9.71970629],[-84.65691067,9.71973091],[-84.65690096,9.71975281],[-84.6568918,9.71977498],[-84.65687743,9.71979535],[-84.65686208,9.71981834],[-84.65684599,9.71983998],[-84.65682953,9.71985737],[-84.65676673,9.71994628],[-84.65669589,9.72007544],[-84.65667837,9.72010667],[-84.65666683,9.7201264],[-84.65665448,9.72014975],[-84.65664214,9.72017554],[-84.65663043,9.72020161],[-84.65662109,9.72022287],[-84.65661284,9.72024974],[-84.65661126,9.72027768],[-84.65661888,9.72030768],[-84.65662531,9.72033208],[-84.65663293,9.72035964],[-84.65665045,9.72037353],[-84.6566717,9.7203819],[-84.6566823,9.72039526],[-84.65668819,9.72042165],[-84.65668431,9.72044336],[-84.65667232,9.72046363],[-84.65665458,9.72048175],[-84.65663092,9.72050015],[-84.65660826,9.72051584],[-84.65658724,9.72053269],[-84.65656777,9.72054973],[-84.65654475,9.72056596],[-84.65652652,9.72056527],[-84.65650417,9.72055383],[-84.65648273,9.72053968],[-84.65645956,9.72053176],[-84.65644791,9.72053703],[-84.65644274,9.7205497],[-84.65644188,9.72057655],[-84.65643855,9.72060097],[-84.65642566,9.72062631],[-84.65640974,9.72063927],[-84.65638743,9.72064953],[-84.65636139,9.7206655],[-84.65634056,9.72068082],[-84.65631827,9.72070319],[-84.65630409,9.72072211],[-84.65629001,9.72074429],[-84.65624038,9.72086003],[-84.6559958,9.72124304],[-84.6558626,9.72145459],[-84.6556805,9.72158424],[-84.65551752,9.72171013],[-84.65532679,9.72181203],[-84.65497853,9.72198331],[-84.65475963,9.7221265],[-84.65459198,9.72219454],[-84.65443098,9.72221239],[-84.65429665,9.72221536],[-84.65420129,9.72219972],[-84.65408581,9.72219207],[-84.65404543,9.72218962],[-84.65392004,9.72219519],[-84.65378518,9.72220458],[-84.65361124,9.72222616],[-84.65339851,9.72221481],[-84.65321224,9.72222123],[-84.65311564,9.7222659],[-84.65290586,9.72246069],[-84.65277015,9.72264765],[-84.65269111,9.72277185],[-84.65260695,9.72289534],[-84.65250682,9.72304625],[-84.65242904,9.72316855],[-84.65233687,9.7234368],[-84.6521383,9.7238653],[-84.65198364,9.72433421],[-84.65191335,9.72455432],[-84.65179446,9.72495463],[-84.65167656,9.72539373],[-84.65162147,9.72560766],[-84.65155272,9.72586982],[-84.65141659,9.7263075],[-84.65135307,9.72654587],[-84.65133823,9.7266015],[-84.65133004,9.72665215],[-84.65133081,9.72667683],[-84.65133978,9.72669273],[-84.65134816,9.7266918],[-84.65137167,9.72669339],[-84.65139456,9.7267004],[-84.65141591,9.72670994],[-84.65144344,9.72671586],[-84.6514654,9.72671219],[-84.65148552,9.72670113],[-84.65150211,9.72670236],[-84.65151908,9.72671327],[-84.65153925,9.72673005],[-84.65155906,9.72674683],[-84.65157821,9.72675285],[-84.65160439,9.72676175],[-84.65161799,9.72677501],[-84.65163061,9.72679389],[-84.65164639,9.72680362],[-84.65166837,9.7268109],[-84.6516775,9.726823],[-84.65169112,9.72684286],[-84.6517061,9.72686038],[-84.65170439,9.72687232],[-84.65169483,9.72687243],[-84.65166995,9.72687401],[-84.65165517,9.72686716],[-84.65163537,9.72685491],[-84.65161238,9.72684283],[-84.65159321,9.72682895],[-84.65157078,9.72682113],[-84.65156095,9.72682693],[-84.65154327,9.72682814],[-84.65153159,9.72682075],[-84.65152446,9.7268072],[-84.65150785,9.72679683],[-84.65149555,9.72679966],[-84.6514725,9.72680386],[-84.65146505,9.72681355],[-84.65144694,9.72682778],[-84.65143391,9.7268278],[-84.65141002,9.72682252],[-84.65139372,9.72682851],[-84.65138217,9.7268411],[-84.65136862,9.72685957],[-84.65135333,9.72686647],[-84.65133528,9.72686515],[-84.65130839,9.72686078],[-84.65128496,9.72686172],[-84.65126064,9.72686475],[-84.65123796,9.72687628],[-84.65121566,9.72688835],[-84.65119966,9.72690691],[-84.65119295,9.72692908],[-84.65118754,9.72695359],[-84.65118093,9.72697747],[-84.65117423,9.72700081],[-84.65116589,9.72702632],[-84.65115856,9.72705012],[-84.65114967,9.72707455],[-84.65113923,9.72709635],[-84.65112734,9.7271179],[-84.65111262,9.72714225],[-84.65110045,9.7271655],[-84.65108738,9.72719175],[-84.65107422,9.7272198],[-84.65106506,9.72724288],[-84.65105736,9.72726721],[-84.6510503,9.72729119],[-84.65104188,9.72732131],[-84.65103646,9.72734582],[-84.65103313,9.72736889],[-84.65091933,9.72794848],[-84.65087693,9.72807641],[-84.65084018,9.72816038],[-84.65082892,9.72818337],[-84.65081567,9.72820988],[-84.65080205,9.72823694],[-84.65078961,9.72826273],[-84.650777,9.72828997],[-84.65076775,9.72831495],[-84.65076023,9.72833901],[-84.65075253,9.72836217],[-84.65074538,9.72838569],[-84.65074269,9.7284102],[-84.65074738,9.7284337],[-84.65075862,9.72844905],[-84.65077642,9.72846321],[-84.65078931,9.72848416],[-84.65079437,9.72850712],[-84.65079041,9.72853172],[-84.65078234,9.72855542],[-84.65077592,9.72857776],[-84.65076328,9.72859795],[-84.65076186,9.72861667],[-84.65076982,9.72862805],[-84.65078395,9.72863417],[-84.65080312,9.72864986],[-84.65080917,9.72866595],[-84.65080253,9.72867102],[-84.65078512,9.72867431],[-84.65075924,9.7286749],[-84.65073574,9.72867847],[-84.65071297,9.72868557],[-84.6507016,9.72869915],[-84.65068797,9.72872033],[-84.65067271,9.72874487],[-84.65066236,9.72876839],[-84.65065457,9.72879427],[-84.65064579,9.72882493],[-84.65063855,9.728848],[-84.6506303,9.72887397],[-84.65062106,9.72890283],[-84.65061509,9.72892581],[-84.65060986,9.72895194],[-84.65060326,9.72897971],[-84.65059583,9.72900306],[-84.65058841,9.72903146],[-84.65057934,9.72905417],[-84.65056717,9.72907427],[-84.65056984,9.72908683],[-84.65058088,9.72909458],[-84.65060386,9.72910286],[-84.65062647,9.72910652],[-84.65065163,9.72910982],[-84.65067468,9.72910634],[-84.65069774,9.7291053],[-84.65071981,9.72911376],[-84.65074043,9.72912647],[-84.65076332,9.7291323],[-84.65077865,9.72914412],[-84.6507763,9.72915253],[-84.65076583,9.72915797],[-84.65074462,9.72916959],[-84.65074063,9.72918081],[-84.65072909,9.72920171],[-84.65071254,9.72921802],[-84.65069304,9.72922357],[-84.65067299,9.72922027],[-84.6506572,9.72920927],[-84.65064687,9.72919057],[-84.65063553,9.72917097],[-84.65062129,9.72916322],[-84.65060151,9.729162],[-84.65057746,9.72916602],[-84.65055259,9.72917312],[-84.65052956,9.7291832],[-84.65050934,9.72919382],[-84.65049006,9.72921076],[-84.65047852,9.72923167],[-84.65047164,9.72925537],[-84.65046932,9.72928132],[-84.65047375,9.72930663],[-84.65047908,9.72933284],[-84.65048278,9.72935851],[-84.65048793,9.72938391],[-84.65048531,9.72944485],[-84.65045908,9.72950033],[-84.65044207,9.72951871],[-84.65042288,9.72953538],[-84.65040359,9.72954971],[-84.65038347,9.72956349],[-84.65036254,9.72958225],[-84.65034573,9.72960624],[-84.65033575,9.72962723],[-84.65032567,9.72964777],[-84.6503114,9.72967059],[-84.65029923,9.72969068],[-84.65028733,9.72971168],[-84.65027406,9.72973033],[-84.65025979,9.72974998],[-84.65024771,9.72977052],[-84.65023444,9.72978918],[-84.65021853,9.72980702],[-84.65019951,9.72982152],[-84.65018095,9.72983783],[-84.65017506,9.72985538],[-84.65015933,9.72987539],[-84.65014267,9.7298841],[-84.65011944,9.72989184],[-84.65010297,9.72990543],[-84.65006496,9.72994727],[-84.65001929,9.72998958],[-84.65000119,9.7300077],[-84.64998163,9.7300269],[-84.6499628,9.73004376],[-84.64988144,9.73010458],[-84.64973384,9.7301733],[-84.64964678,9.73020774],[-84.64962264,9.73021836],[-84.64960061,9.73022672],[-84.64957447,9.73023726],[-84.64955071,9.7302505],[-84.64952567,9.7302633],[-84.64950537,9.73027464],[-84.64948443,9.73028833],[-84.64946697,9.73030491],[-84.64945242,9.73032239],[-84.64945745,9.7303297],[-84.64947095,9.73033537],[-84.64949429,9.73034112],[-84.64951709,9.73034957],[-84.64953888,9.73035713],[-84.64956205,9.73036703],[-84.64958049,9.73038083],[-84.64960002,9.73039281],[-84.64960788,9.73040772],[-84.64960161,9.73041487],[-84.64957948,9.73042667],[-84.64955762,9.73043476],[-84.64953303,9.73044276],[-84.64951152,9.7304381],[-84.64948882,9.73043326],[-84.64946603,9.73043249],[-84.64946623,9.73044126],[-84.64946691,9.73046432],[-84.64947169,9.73048826],[-84.64948211,9.73050027],[-84.64949864,9.73051724],[-84.64949346,9.73052511],[-84.64947526,9.73054079],[-84.64945679,9.73055637],[-84.6494396,9.73057304],[-84.64942231,9.73058854],[-84.64940255,9.73059518],[-84.64939673,9.73060531],[-84.6493872,9.73062622],[-84.64937382,9.73063348],[-84.64935626,9.73064879],[-84.64933578,9.73066049],[-84.64931675,9.73067291],[-84.64929416,9.73067901],[-84.64927101,9.73067888],[-84.64925815,9.73066959],[-84.64925484,9.73065748],[-84.64925797,9.73062375],[-84.64923586,9.73059775],[-84.64923319,9.73058203],[-84.64923789,9.73056457],[-84.64924943,9.73054294],[-84.64925567,9.73051887],[-84.64925181,9.73050252],[-84.64924076,9.7304916],[-84.64922352,9.73048557],[-84.64920503,9.7304894],[-84.64918345,9.73050156],[-84.64915997,9.7305177],[-84.64913967,9.73053221],[-84.6491171,9.73054409],[-84.64909624,9.7305539],[-84.64907348,9.73056542],[-84.6490509,9.73057414],[-84.64902667,9.7305835],[-84.64900509,9.73059177],[-84.64898077,9.73060077],[-84.64895791,9.7306066],[-84.64893523,9.73061225],[-84.64891136,9.73062034],[-84.64888704,9.73062608],[-84.6488608,9.73063156],[-84.64883611,9.73063405],[-84.64881224,9.73063698],[-84.64878863,9.73063703],[-84.64876312,9.73063934],[-84.64873669,9.73064201],[-84.64871173,9.73064622],[-84.64868914,9.73065033],[-84.64863549,9.73066996],[-84.64858777,9.73068877],[-84.64856473,9.73069496],[-84.64854159,9.7307007],[-84.64851517,9.73070599],[-84.64849166,9.73070839],[-84.64846661,9.73071268],[-84.64843936,9.730714],[-84.64841285,9.73071812],[-84.64838725,9.73072278],[-84.6483632,9.73072915],[-84.64833688,9.73073888],[-84.64831375,9.73074968],[-84.64829008,9.73076212],[-84.64826877,9.73077056],[-84.64824628,9.73077974],[-84.64822515,9.73078864],[-84.64820329,9.73079673],[-84.64817788,9.73080428],[-84.64815001,9.73081184],[-84.64812541,9.73081677],[-84.64810054,9.73082142],[-84.64807539,9.73082636],[-84.6480529,9.73083562],[-84.64803031,9.7308429],[-84.64801111,9.7308564],[-84.6480094,9.73086707],[-84.64800452,9.73089077],[-84.64799552,9.73090227],[-84.64797254,9.73094481],[-84.64795617,9.73096202],[-84.6479387,9.73097661],[-84.64792014,9.73099093],[-84.64790705,9.7310113],[-84.64789433,9.73103031],[-84.64788306,9.73105013],[-84.64786925,9.73107041],[-84.64785513,9.73107487],[-84.64784022,9.731089],[-84.64782494,9.73111037],[-84.6478082,9.73112035],[-84.64778351,9.73112672],[-84.64776418,9.73112224],[-84.64775833,9.73111294],[-84.64774981,9.73109062],[-84.6477526,9.73107118],[-84.64776296,9.7310566],[-84.64777294,9.73103488],[-84.64776845,9.7310216],[-84.64775998,9.73102632],[-84.64773759,9.73103802],[-84.64772391,9.73103524],[-84.6477176,9.73102612],[-84.64770289,9.73100554],[-84.64768763,9.73098595],[-84.64767692,9.73096002],[-84.64766795,9.73093779],[-84.64765806,9.73091629],[-84.64764608,9.73089588],[-84.64762982,9.73087639],[-84.64761293,9.73086086],[-84.64760013,9.73084037],[-84.64759071,9.7308195],[-84.647581,9.73079456],[-84.64757321,9.73077233],[-84.64756296,9.73074894],[-84.64755252,9.73072707],[-84.64753881,9.73070685],[-84.64752456,9.73068744],[-84.647502,9.73066027],[-84.64742468,9.73059811],[-84.64740506,9.7305817],[-84.64738771,9.73056672],[-84.64736782,9.73055211],[-84.64734619,9.73053642],[-84.64732611,9.7305229],[-84.64730302,9.73050757],[-84.64728276,9.7304935],[-84.6472604,9.73047781],[-84.64723786,9.73046167],[-84.64721678,9.73044634],[-84.64719287,9.7304274],[-84.64717141,9.73041071],[-84.64714723,9.73039087],[-84.64712842,9.73037571],[-84.64711062,9.73036038],[-84.64709273,9.73034423],[-84.64707238,9.7303298],[-84.64690743,9.73019467],[-84.64671935,9.73011185],[-84.64658583,9.73006571],[-84.64641168,9.73007138],[-84.64624429,9.73008707],[-84.64613298,9.73012136],[-84.64594009,9.73019081],[-84.64571782,9.73029511],[-84.64557739,9.730348],[-84.64539418,9.73047583],[-84.64505691,9.73087384],[-84.64495705,9.73098406],[-84.64486414,9.7311044],[-84.64476187,9.73119392],[-84.64465077,9.73128834],[-84.64452908,9.73137021],[-84.64441778,9.73140451],[-84.64433136,9.73139825],[-84.6442487,9.73139452],[-84.64418343,9.73143786],[-84.6441072,9.73150943],[-84.64394807,9.73170259],[-84.64381753,9.73187399],[-84.64372405,9.73198294],[-84.64358127,9.73219251],[-84.64348268,9.7323936],[-84.64343437,9.73248754],[-84.6433835,9.7325748],[-84.64336961,9.73259969],[-84.64335416,9.73262648],[-84.64333972,9.73265029],[-84.64332355,9.73267898],[-84.64330793,9.73270604],[-84.64329594,9.73272704],[-84.64328513,9.73274749],[-84.64327378,9.73277084],[-84.6432627,9.73279238],[-84.64325072,9.7328141],[-84.64323881,9.73283366],[-84.64322618,9.73285267],[-84.64320792,9.7328801],[-84.64319238,9.73290517],[-84.64317938,9.73292518],[-84.64316239,9.73295143],[-84.64314412,9.73297687],[-84.64312749,9.7330005],[-84.64311295,9.73302123],[-84.64309668,9.7330435],[-84.64308295,9.73306351],[-84.64306904,9.73308252],[-84.64304912,9.7331039],[-84.64303029,9.73311994],[-84.64301183,9.73313869],[-84.64299281,9.73315708],[-84.64297261,9.73317547],[-84.64295661,9.73319404],[-84.64294773,9.73321847],[-84.64294586,9.7332455],[-84.64295357,9.73327126],[-84.64296264,9.73329773],[-84.64296287,9.73332088],[-84.64295224,9.73334043],[-84.64293624,9.73336216],[-84.64292124,9.73338171],[-84.64290606,9.73339965],[-84.64288705,9.73341993],[-84.64286994,9.73343588],[-84.64285321,9.73345372],[-84.64283494,9.73347871],[-84.64281904,9.73350487],[-84.64280287,9.7335342],[-84.64279115,9.7335542],[-84.64277752,9.73357466],[-84.64276325,9.73359232],[-84.64274934,9.73361413],[-84.64273672,9.73363938],[-84.64272283,9.73366626],[-84.64270738,9.73369106],[-84.64269258,9.7337155],[-84.64267923,9.73373958],[-84.64266624,9.7337642],[-84.64265262,9.73379053],[-84.64264063,9.73381225],[-84.6426271,9.73383588],[-84.64261529,9.73385661],[-84.64259993,9.73388141],[-84.64258394,9.73390712],[-84.64257076,9.73392694],[-84.64255295,9.7339531],[-84.64253968,9.73397175],[-84.64252751,9.73399303],[-84.64251725,9.73401583],[-84.64250382,9.73404452],[-84.64249256,9.73406633],[-84.6424793,9.73409013],[-84.6424633,9.73411457],[-84.64244749,9.73413486],[-84.64242884,9.7341565],[-84.6424102,9.73417552],[-84.64239301,9.734193],[-84.64237572,9.7342085],[-84.6423567,9.73422608],[-84.64234016,9.73424627],[-84.64232726,9.73426826],[-84.6423138,9.73428845],[-84.64229754,9.73431271],[-84.64228418,9.73433408],[-84.64227165,9.73435743],[-84.64225766,9.73438313],[-84.64224567,9.73440413],[-84.6422335,9.73442621],[-84.64222224,9.73444875],[-84.64220999,9.73447273],[-84.64219855,9.73449563],[-84.64218583,9.73451853],[-84.64216884,9.73454586],[-84.64215567,9.73456695],[-84.64214249,9.73458804],[-84.6421304,9.73460742],[-84.64211495,9.73462706],[-84.64209639,9.73464654],[-84.64207993,9.73466402],[-84.64206283,9.73468042],[-84.64204436,9.73469872],[-84.64202436,9.73472199],[-84.6420099,9.73473992],[-84.6419949,9.73475875],[-84.64197717,9.73477904],[-84.64195979,9.73479716],[-84.64194123,9.73481347],[-84.64192376,9.73482805],[-84.64190438,9.73484509],[-84.64188282,9.73486701],[-84.64186544,9.73488205],[-84.64184697,9.73489565],[-84.64182567,9.73491061],[-84.64180519,9.7349262],[-84.64177943,9.73494207],[-84.6417564,9.7349573],[-84.64173211,9.73497724],[-84.64171036,9.73499627],[-84.64168898,9.73501394],[-84.6416645,9.73503414],[-84.64164685,9.73504901],[-84.64162774,9.73506622],[-84.64160818,9.73508226],[-84.64158943,9.73509685],[-84.64156749,9.73511109],[-84.64154136,9.73512561],[-84.64152015,9.73513649],[-84.64149802,9.73514829],[-84.64147353,9.73515946],[-84.6413942,9.73518763],[-84.64129783,9.73521801],[-84.64127042,9.73522747],[-84.641246,9.73523131],[-84.64121994,9.73523606],[-84.64119389,9.73524316],[-84.64116594,9.73525741],[-84.64114017,9.73527138],[-84.64111604,9.73528391],[-84.64109374,9.73529796],[-84.64107627,9.73531255],[-84.64105836,9.73533356],[-84.64104027,9.73535828],[-84.64102727,9.73537711],[-84.64101173,9.73539947],[-84.640998,9.7354183],[-84.64098528,9.73543849],[-84.64097785,9.73546057],[-84.64096613,9.73548057],[-84.64096444,9.73550146],[-84.64097149,9.73551781],[-84.64097098,9.73553626],[-84.64096127,9.73556132],[-84.64094563,9.73557816],[-84.6409246,9.73559068],[-84.64090403,9.73560573],[-84.6408934,9.73562329],[-84.64088488,9.73564708],[-84.64087144,9.73567188],[-84.64085326,9.73569542],[-84.64083935,9.73571643],[-84.64080791,9.73576377],[-84.64076694,9.73578582],[-84.64075845,9.73578032],[-84.64074383,9.73576154],[-84.64073522,9.73573877],[-84.64072515,9.73571438],[-84.64070917,9.73569976],[-84.64069714,9.73570006],[-84.64067893,9.73570868],[-84.64065818,9.73572409],[-84.64064373,9.735746],[-84.64062938,9.73577224],[-84.64061703,9.73579451],[-84.64060195,9.73582076],[-84.64058923,9.73584239],[-84.64057551,9.73586439],[-84.64056134,9.73588711],[-84.64054807,9.73590585],[-84.64053115,9.73592387],[-84.64051505,9.73594009],[-84.64046804,9.73600075],[-84.64041478,9.73602762],[-84.64038708,9.73603101],[-84.64035974,9.7360326],[-84.64033715,9.7360387],[-84.64031484,9.73605005],[-84.64029164,9.73607143],[-84.64027328,9.73609406],[-84.64025601,9.73611932],[-84.64024038,9.73614241],[-84.64022775,9.73616386],[-84.64021431,9.73619137],[-84.64020014,9.73621852],[-84.6401887,9.73623943],[-84.64017562,9.73626097],[-84.64016098,9.73628116],[-84.64014535,9.7363019],[-84.64013016,9.736321],[-84.64011616,9.73633956],[-84.64009525,9.73636501],[-84.64007798,9.73639027],[-84.64006344,9.73641172],[-84.64004452,9.73643246],[-84.64002888,9.73645166],[-84.64001525,9.73647167],[-84.64000262,9.73649384],[-84.639988,9.73652181],[-84.63997565,9.73654543],[-84.63996339,9.73656697],[-84.63994885,9.73658644],[-84.63992993,9.73660528],[-84.63990971,9.7366159],[-84.63988677,9.73662643],[-84.63986253,9.7366319],[-84.63984597,9.73664432],[-84.63982788,9.73666713],[-84.63981187,9.73668769],[-84.63979687,9.73670643],[-84.63978087,9.73672699],[-84.63976605,9.73674754],[-84.63975151,9.736767],[-84.63973524,9.7367881],[-84.63970479,9.73683373],[-84.63965705,9.73688843],[-84.63964068,9.73690763],[-84.6396224,9.73692873],[-84.63960676,9.73694675],[-84.63958738,9.73696568],[-84.63956891,9.73698443],[-84.63955492,9.73700498],[-84.6395432,9.73702499],[-84.63953021,9.7370477],[-84.63951649,9.73707033],[-84.63950332,9.7370926],[-84.63948969,9.73711378],[-84.63947524,9.73713451],[-84.63946169,9.73715299],[-84.63944578,9.737172],[-84.6394264,9.73718976],[-84.63940663,9.73719558],[-84.63937357,9.73720478],[-84.63928252,9.73720676],[-84.63923384,9.73719808],[-84.63920859,9.73720056],[-84.6391841,9.73721173],[-84.63916179,9.73722389],[-84.63914069,9.73724255],[-84.63912459,9.73726266],[-84.63910813,9.73728059],[-84.63909223,9.73730431],[-84.63908106,9.73732657],[-84.63906497,9.73734785],[-84.63904695,9.73736208],[-84.63903136,9.73736184],[-84.63901913,9.73735336],[-84.63899561,9.73734671],[-84.63897447,9.73734973],[-84.63896793,9.73736186],[-84.63895822,9.73738304],[-84.63894431,9.73740332],[-84.63892785,9.7374208],[-84.63890891,9.73743376],[-84.63888751,9.73744176],[-84.63888085,9.73743463],[-84.63887361,9.73741538],[-84.63887229,9.73739161],[-84.63886541,9.73736712],[-84.63886117,9.73734425],[-84.63886743,9.73732805],[-84.63888006,9.73730715],[-84.63888875,9.73727982],[-84.63889335,9.73725405],[-84.63889649,9.73722547],[-84.63889098,9.7372027],[-84.63888191,9.73718002],[-84.63887041,9.73717235],[-84.63882875,9.73716818],[-84.63880919,9.73718115],[-84.63878715,9.73719077],[-84.63868409,9.73720073],[-84.63863463,9.73721656],[-84.63861442,9.73722907],[-84.63859659,9.73724846],[-84.63859071,9.73726863],[-84.63858556,9.73729504],[-84.6385806,9.73731991],[-84.63857043,9.73734263],[-84.63855351,9.73736011],[-84.63853632,9.73737867],[-84.63851493,9.73739246],[-84.63849865,9.73740958],[-84.63849631,9.73742432],[-84.63848761,9.73745164],[-84.63847608,9.73747345],[-84.63847257,9.73749733],[-84.63847834,9.73751287],[-84.63848823,9.73753636],[-84.63849328,9.73755922],[-84.63848822,9.73758039],[-84.63847666,9.73758918],[-84.63845844,9.73759319],[-84.63843848,9.73758916],[-84.6384164,9.73757727],[-84.63839504,9.73756366],[-84.63838297,9.73754153],[-84.63837181,9.73751921],[-84.63835446,9.73749899],[-84.63833974,9.73747841],[-84.6383305,9.73745691],[-84.63833201,9.73743548],[-84.63834073,9.73742162],[-84.63835008,9.73740072],[-84.6383435,9.7373945],[-84.63832572,9.73738901],[-84.63830102,9.73738798],[-84.63827605,9.73739209],[-84.638252,9.73739684],[-84.63822813,9.73740249],[-84.63820555,9.73740931],[-84.63818497,9.73741993],[-84.63816285,9.73743407],[-84.63813718,9.73744994],[-84.63811132,9.73746491],[-84.63808501,9.73747789],[-84.63806015,9.73749186],[-84.63803457,9.73750456],[-84.63800816,9.73751953],[-84.6379844,9.73753061],[-84.63796236,9.73754222],[-84.63793541,9.73755321],[-84.63791182,9.73756148],[-84.63788841,9.73756831],[-84.63786536,9.73757522],[-84.6378425,9.7375844],[-84.63781856,9.73759565],[-84.63779679,9.73760799],[-84.63777358,9.73762015],[-84.63775182,9.73763249],[-84.63773097,9.73764419],[-84.63770875,9.73765418],[-84.63768571,9.7376648],[-84.63766377,9.7376775],[-84.63764347,9.73769028],[-84.63762035,9.73770461],[-84.63759805,9.73771731],[-84.63757765,9.73772766],[-84.63755143,9.73773991],[-84.63753003,9.7377537],[-84.63750801,9.73777073],[-84.63749008,9.73778677],[-84.63747326,9.73780471],[-84.6374599,9.73782417],[-84.63744727,9.73784643],[-84.63743428,9.73786608],[-84.63742055,9.73788491],[-84.63740217,9.73790023],[-84.6373865,9.73790351],[-84.637363,9.73791178],[-84.63733922,9.73791345],[-84.63731651,9.73791006],[-84.63729617,9.7378997],[-84.6372874,9.73788579],[-84.63728043,9.73786212],[-84.63726745,9.73784758],[-84.63725515,9.73784688],[-84.63723145,9.73784367],[-84.63720729,9.73783847],[-84.63718305,9.73783978],[-84.63716265,9.73784896],[-84.63714116,9.73786147],[-84.63711995,9.73787489],[-84.63709837,9.73788651],[-84.63707379,9.73789948],[-84.63705002,9.73791047],[-84.63702671,9.73791973],[-84.63700349,9.73792927],[-84.63700294,9.73792954],[-84.63698127,9.73793862],[-84.63695786,9.73794988],[-84.63693729,9.73796049],[-84.63690906,9.73797393],[-84.63688739,9.737985],[-84.6368628,9.73799798],[-84.63684095,9.73800859],[-84.63682047,9.73801966],[-84.6367988,9.73803128],[-84.6367754,9.73804371],[-84.63675191,9.73805569],[-84.63673197,9.73806711],[-84.63670739,9.73808127],[-84.63668235,9.73809433],[-84.63665967,9.73810441],[-84.63663828,9.73811621],[-84.63661415,9.73812972],[-84.63659139,9.73814179],[-84.63656781,9.73815259],[-84.63654805,9.73816456],[-84.63652556,9.73817681],[-84.63650272,9.73819205],[-84.63637586,9.73824716],[-84.63630675,9.73828083],[-84.63628527,9.7382929],[-84.63626196,9.73830578],[-84.63624029,9.73831857],[-84.63621999,9.73833063],[-84.63619651,9.73834632],[-84.63617639,9.73836046],[-84.63615846,9.73837523],[-84.63613516,9.7383911],[-84.63611077,9.73840697],[-84.63609001,9.73842156],[-84.63606826,9.73843516],[-84.63604468,9.73844913],[-84.63602228,9.73846183],[-84.63599825,9.73847707],[-84.63597576,9.73848931],[-84.63595328,9.73850283],[-84.63593133,9.73851544],[-84.63591185,9.73852886],[-84.63588792,9.73854626],[-84.63586726,9.73856212],[-84.63584541,9.73857762],[-84.63582321,9.7385933],[-84.63580409,9.73860654],[-84.63578498,9.73861932],[-84.63576596,9.73863509],[-84.63574794,9.73864986],[-84.63572674,9.73866826],[-84.63570563,9.73868584],[-84.63568506,9.7387026],[-84.63566213,9.73871937],[-84.63563828,9.73873858],[-84.63561936,9.73875354],[-84.63559825,9.73877112],[-84.63557422,9.73878888],[-84.63555283,9.73880267],[-84.6355318,9.73881627],[-84.63551087,9.7388324],[-84.63549076,9.73884862],[-84.63547183,9.73886358],[-84.63545108,9.73888061],[-84.63543425,9.7388961],[-84.63541733,9.73891368],[-84.63540315,9.73893504],[-84.63539299,9.73895974],[-84.63538401,9.73898444],[-84.63537211,9.73900481],[-84.6353593,9.739025],[-84.63535159,9.73904644],[-84.63533833,9.73906717],[-84.63532104,9.73908275],[-84.63529909,9.73909174],[-84.63528809,9.73910578],[-84.63527783,9.73912759],[-84.635263,9.73913874],[-84.63524251,9.7391498],[-84.63522038,9.73915663],[-84.63520552,9.73915304],[-84.63519912,9.73914346],[-84.63519525,9.73912385],[-84.63519667,9.73910125],[-84.635189,9.73909421],[-84.63517222,9.73908972],[-84.63515637,9.73909454],[-84.6351378,9.73910768],[-84.63511778,9.73912237],[-84.63509903,9.73913578],[-84.63507827,9.7391455],[-84.63505513,9.7391488],[-84.63503224,9.73914486],[-84.63501931,9.73915076],[-84.6349991,9.73916328],[-84.63497963,9.73917904],[-84.63496161,9.73919581],[-84.63494223,9.7392113],[-84.63493097,9.73923085],[-84.63492827,9.73925111],[-84.63493504,9.73926204],[-84.63493817,9.73928328],[-84.63494132,9.73930651],[-84.63493543,9.73932587],[-84.63492306,9.739339],[-84.63490842,9.73935802],[-84.6348926,9.73937821],[-84.63487149,9.73939344],[-84.63485247,9.73940911],[-84.63483436,9.73942588],[-84.63481617,9.73944218],[-84.63479523,9.73945705],[-84.63477704,9.73947408],[-84.63476258,9.739494],[-84.63474683,9.73950045],[-84.63472268,9.73950221],[-84.6347048,9.7394951],[-84.63470396,9.73948398],[-84.6347113,9.73946345],[-84.63472712,9.73944398],[-84.63474386,9.73942677],[-84.6347595,9.73940811],[-84.63477496,9.7393872],[-84.63478777,9.73936783],[-84.63480176,9.73934475],[-84.63481421,9.73932474],[-84.63482055,9.73930158],[-84.63481741,9.73928079],[-84.63480553,9.73926165],[-84.63478772,9.73924432],[-84.6347721,9.73922762],[-84.6347543,9.73920993],[-84.63473458,9.73919505],[-84.63471333,9.73918488],[-84.63468815,9.73917461],[-84.63466708,9.73916534],[-84.63464256,9.7391596],[-84.63461704,9.73915965],[-84.63459882,9.73916737],[-84.63459128,9.73917995],[-84.63458577,9.73920446],[-84.63457907,9.73922699],[-84.63458029,9.73925067],[-84.63458663,9.73927272],[-84.63457991,9.73928539],[-84.63456289,9.73929917],[-84.63454204,9.73931087],[-84.63452274,9.73932392],[-84.63450655,9.73934032],[-84.63448734,9.73934777],[-84.63446428,9.73935152],[-84.63443757,9.7393484],[-84.63441432,9.7393413],[-84.6343918,9.73933565],[-84.63436718,9.73933308],[-84.63434257,9.7393305],[-84.63432022,9.73932204],[-84.63431391,9.73931057],[-84.63431553,9.73929574],[-84.63432489,9.73928153],[-84.63434335,9.73925925],[-84.63434905,9.7392389],[-84.63434383,9.73922742],[-84.63433152,9.73922184],[-84.63430727,9.73921827],[-84.63428686,9.73922292],[-84.6342641,9.73923254],[-84.63424097,9.73924398],[-84.63421684,9.73925433],[-84.63419133,9.73926378],[-84.63416848,9.73927332],[-84.63414544,9.73928403],[-84.63412249,9.73929266],[-84.63409753,9.73930247],[-84.6340734,9.73931165],[-84.63405154,9.73931856],[-84.63402567,9.73932539],[-84.63400372,9.73933185],[-84.63397949,9.73934049],[-84.63395644,9.73934749],[-84.63393149,9.73935531],[-84.63390734,9.73936078],[-84.63388402,9.73936878],[-84.6338608,9.73937651],[-84.63383767,9.73938668],[-84.63381464,9.73939974],[-84.63379479,9.73941415],[-84.63377377,9.7394274],[-84.63375447,9.73944045],[-84.6337401,9.73945838],[-84.63372829,9.73947802],[-84.6337282,9.73947884],[-84.63372714,9.73949601],[-84.63373499,9.73950152],[-84.63374049,9.73951615],[-84.63373778,9.7395327],[-84.63372624,9.73955253],[-84.63371368,9.73955734],[-84.63369429,9.7395704],[-84.63369212,9.73958116],[-84.63369143,9.73960395],[-84.63368847,9.73962647],[-84.63367729,9.73964077],[-84.63365799,9.73965636],[-84.63363915,9.73966932],[-84.63361284,9.73968727],[-84.63357834,9.73970587],[-84.63355694,9.73971522],[-84.63353445,9.73972503],[-84.63351186,9.73973312],[-84.63349009,9.73974175],[-84.63347052,9.73975345],[-84.63344811,9.73975873],[-84.63342478,9.73975986],[-84.63340273,9.73976714],[-84.63338817,9.73977575],[-84.6333817,9.73977956],[-84.63336159,9.73979452],[-84.6333391,9.73980433],[-84.63331889,9.73981558],[-84.63329731,9.73982764],[-84.63327874,9.73984079],[-84.63325899,9.73985402],[-84.63323786,9.73986473],[-84.6332161,9.73987417],[-84.63319552,9.73988398],[-84.63317339,9.73989523],[-84.63315054,9.73990603],[-84.63312941,9.73991511],[-84.63310673,9.73992266],[-84.6330824,9.73992397],[-84.63305798,9.73992555],[-84.63303428,9.73992605],[-84.63301122,9.73992492],[-84.63298661,9.73992605],[-84.63296046,9.73992772],[-84.63293467,9.73993003],[-84.63290907,9.73993333],[-84.63288438,9.73993717],[-84.63285969,9.73994355],[-84.63283501,9.73995155],[-84.63281224,9.73996362],[-84.63278939,9.73997515],[-84.63276744,9.73998658],[-84.63274559,9.73999801],[-84.63272274,9.7400108],[-84.63270062,9.74002251],[-84.63267713,9.74003566],[-84.63265464,9.74004917],[-84.63263489,9.74006277],[-84.63261414,9.74007737],[-84.63259211,9.74009151],[-84.63257299,9.74010602],[-84.63255352,9.74012431],[-84.6325367,9.74014225],[-84.63249669,9.7401953],[-84.63245834,9.74025261],[-84.63244225,9.74027262],[-84.63242752,9.74029236],[-84.63241443,9.74031399],[-84.63240336,9.74033453],[-84.63238873,9.74035843],[-84.63237555,9.74037835],[-84.63236064,9.7404008],[-84.63234692,9.74042162],[-84.63233447,9.74044162],[-84.63232066,9.74046443],[-84.63230794,9.74048543],[-84.63229513,9.74050481],[-84.6322804,9.74052708],[-84.63226759,9.74054636],[-84.63225387,9.74056718],[-84.63223806,9.74059108],[-84.63222261,9.74061443],[-84.63220979,9.7406338],[-84.63219398,9.74065771],[-84.63218098,9.74067735],[-84.63216626,9.74070079],[-84.63215036,9.74072668],[-84.63213809,9.74074641],[-84.63212565,9.74076723],[-84.63211202,9.74078896],[-84.63209875,9.74081086],[-84.63208521,9.74083385],[-84.6320724,9.74085684],[-84.6320586,9.74088209],[-84.6320467,9.74090327],[-84.63203235,9.74092852],[-84.63202181,9.74094898],[-84.63201092,9.74097034],[-84.63199911,9.74099369],[-84.63198803,9.7410154],[-84.63197732,9.74103776],[-84.63196916,9.7410601],[-84.63196264,9.74108363],[-84.63195676,9.74110542],[-84.63195061,9.74113039],[-84.63194454,9.74115246],[-84.63193747,9.74117436],[-84.63192996,9.74120005],[-84.63192217,9.74122547],[-84.63191474,9.74124962],[-84.63190841,9.7412736],[-84.63190371,9.74129621],[-84.63189883,9.74132036],[-84.6318915,9.74134442],[-84.63188334,9.74137093],[-84.63187655,9.74139427],[-84.6318714,9.74141697],[-84.63186515,9.74144058],[-84.63185864,9.74146482],[-84.63185167,9.74148961],[-84.63184378,9.74151386],[-84.63183572,9.74154036],[-84.63182757,9.74156569],[-84.63181877,9.74159085],[-84.63181171,9.74161401],[-84.63180492,9.74163852],[-84.63179895,9.74166231],[-84.63179244,9.74168782],[-84.63178683,9.7417098],[-84.63177895,9.74173604],[-84.63177197,9.74175965],[-84.631766,9.7417847],[-84.63175958,9.74181184],[-84.6317538,9.74183789],[-84.63174775,9.74186566],[-84.63174278,9.74188809],[-84.63173881,9.74191405],[-84.63173294,9.74193956],[-84.63172861,9.74196406],[-84.63172274,9.74199156],[-84.63171622,9.74201635],[-84.63171107,9.74204023],[-84.63170628,9.74206365],[-84.63170003,9.74208555],[-84.63169434,9.7421096],[-84.63168874,9.74213484],[-84.63168295,9.74215845],[-84.6316768,9.74218459],[-84.63167101,9.74220883],[-84.63166623,9.74223343],[-84.6316598,9.74225867],[-84.63165365,9.742284],[-84.63164932,9.74230679],[-84.63164536,9.7423332],[-84.63164003,9.74235735],[-84.63163534,9.7423825],[-84.63163238,9.74240863],[-84.63162869,9.74243233],[-84.63162445,9.74245602],[-84.63161884,9.74248126],[-84.63161224,9.74250794],[-84.63160628,9.74253625],[-84.63160359,9.74256022],[-84.63159753,9.74258238],[-84.63157605,9.74269797],[-84.63156865,9.74278551],[-84.63153058,9.74313666],[-84.63151807,9.74322511],[-84.63151676,9.74325241],[-84.63151617,9.74328008],[-84.63151607,9.74328271],[-84.63151513,9.74330585],[-84.63151363,9.74333099],[-84.63151312,9.74333926],[-84.63151212,9.74335568],[-84.63151107,9.74338027],[-84.63150867,9.74340803],[-84.63150689,9.74343254],[-84.63150365,9.7434565],[-84.63150014,9.74347993],[-84.63149509,9.74350923],[-84.63149013,9.74353655],[-84.6314859,9.74356476],[-84.63148304,9.74359135],[-84.63148017,9.74361803],[-84.63147412,9.74364706],[-84.6314697,9.74367483],[-84.63146501,9.74369744],[-84.63146068,9.74372195],[-84.63145771,9.74374438],[-84.63145503,9.74376952],[-84.63145261,9.74379565],[-84.6314491,9.74381826],[-84.63144204,9.7438426],[-84.63143261,9.74386866],[-84.63142491,9.74389453],[-84.63141621,9.74392194],[-84.63140832,9.7439432],[-84.63139688,9.74396673],[-84.63138226,9.74399307],[-84.63136827,9.74401742],[-84.63135783,9.74403751],[-84.63134629,9.7440605],[-84.63133567,9.74408339],[-84.63132469,9.74410927],[-84.6313179,9.74413252],[-84.63131257,9.74415793],[-84.63130798,9.7441867],[-84.63130438,9.74421256],[-84.63130115,9.74423734],[-84.6312981,9.74426302],[-84.63129668,9.7442869],[-84.6312919,9.74431276],[-84.63128794,9.74433791],[-84.63128316,9.74436576],[-84.63127883,9.74439018],[-84.63127278,9.74441922],[-84.631268,9.74444508],[-84.63126568,9.74447212],[-84.63126527,9.7444988],[-84.63126231,9.74452122],[-84.63125652,9.74454438],[-84.63125347,9.74457377],[-84.63125152,9.744599],[-84.63124766,9.74463029],[-84.63124725,9.74465642],[-84.63124784,9.74467966],[-84.63124697,9.74470398],[-84.63124401,9.74472767],[-84.63124023,9.74475137],[-84.6312389,9.74477452],[-84.63123586,9.74480391],[-84.63123427,9.74483058],[-84.6312335,9.74485654],[-84.63123327,9.74488167],[-84.63122949,9.74490482],[-84.63122507,9.74493259],[-84.63121974,9.74495674],[-84.63121596,9.74498161],[-84.631211,9.74500974],[-84.63120668,9.74503669],[-84.63120181,9.74506572],[-84.63119921,9.74509014],[-84.63119717,9.74511564],[-84.63119685,9.74514032],[-84.6311969,9.74516682],[-84.63119703,9.74518969],[-84.63119635,9.74521618],[-84.63119785,9.74523996],[-84.63119726,9.74526564],[-84.63119704,9.74529204],[-84.63119763,9.74531473],[-84.63119896,9.74534131],[-84.63120001,9.74536645],[-84.63120343,9.74539601],[-84.63120941,9.7454223],[-84.63121219,9.74544979],[-84.63121534,9.74547546],[-84.63121548,9.74550367],[-84.63121808,9.74552898],[-84.63121932,9.74555502],[-84.6312211,9.74558394],[-84.63122371,9.74561043],[-84.6312244,9.74563864],[-84.63122854,9.74566332],[-84.63122941,9.74568872],[-84.63123001,9.74571521],[-84.63123069,9.74574016],[-84.63123558,9.74576818],[-84.631239,9.74579404],[-84.63124087,9.74581971],[-84.63124502,9.74584637],[-84.63125218,9.74587466],[-84.63125533,9.74590033],[-84.6312583,9.74592881],[-84.63126099,9.74595258],[-84.63126249,9.74597509],[-84.63126344,9.74599851],[-84.63126549,9.74602147],[-84.63127092,9.74604741],[-84.63127862,9.74606991],[-84.63128778,9.74609828],[-84.63129248,9.74612467],[-84.63129572,9.74614836],[-84.63129932,9.74617267],[-84.63130055,9.74619753],[-84.63129996,9.74622321],[-84.63130292,9.74624798],[-84.63130698,9.74627094],[-84.6313063,9.74629743],[-84.63130516,9.74632148],[-84.6313021,9.74634599],[-84.63129996,9.74637032],[-84.63129563,9.74639356],[-84.63129221,9.74641744],[-84.63129035,9.74644312],[-84.63128821,9.74647061],[-84.63128617,9.74649783],[-84.63128457,9.74652324],[-84.63128553,9.74654909],[-84.63128549,9.74657278],[-84.63128444,9.74659729],[-84.63128157,9.74662026],[-84.63127824,9.74664585],[-84.63127546,9.74667054],[-84.63127269,9.74669767],[-84.6312689,9.74672127],[-84.63125993,9.74674796],[-84.63124949,9.74677176],[-84.63123605,9.7467952],[-84.63121904,9.74681467],[-84.63120067,9.74683243],[-84.63118128,9.74684874],[-84.63116099,9.74686324],[-84.63114214,9.74687621],[-84.63112303,9.74689161],[-84.63112112,9.74689315],[-84.63110211,9.74691127],[-84.63109211,9.74692512],[-84.63108793,9.74693092],[-84.63107703,9.74695237],[-84.63107567,9.74695581],[-84.63106832,9.74697481],[-84.63106353,9.74699814],[-84.63105957,9.74702211],[-84.63105971,9.74704616],[-84.63106167,9.74707238],[-84.631066,9.74709922],[-84.6310696,9.74712363],[-84.63107302,9.74714704],[-84.63107644,9.74717162],[-84.6310804,9.74719422],[-84.63108036,9.74722098],[-84.63107566,9.7472436],[-84.63106704,9.74726531],[-84.63105834,9.74728902],[-84.63104992,9.74731733],[-84.63104404,9.7473441],[-84.63103935,9.74736916],[-84.63103511,9.74739367],[-84.63103161,9.74742071],[-84.63102828,9.74744422],[-84.63102267,9.74746702],[-84.63101525,9.74749434],[-84.631009,9.74751677],[-84.6310034,9.74753966],[-84.63099706,9.74756281],[-84.63099027,9.74758733],[-84.6309863,9.74761075],[-84.63098352,9.74763544],[-84.63097919,9.74765869],[-84.63097432,9.74768284],[-84.63097145,9.74770825],[-84.63097086,9.74773275],[-84.63096753,9.74775952],[-84.63096357,9.74778222],[-84.63095832,9.74780565],[-84.63095436,9.74782835],[-84.63095331,9.74785295],[-84.63095308,9.74787682],[-84.63095103,9.74790358],[-84.63094908,9.74793125],[-84.6309474,9.74795865],[-84.63094645,9.74798496],[-84.63094495,9.74801083],[-84.630947,9.74803379],[-84.63094713,9.74805838],[-84.63094755,9.74808388],[-84.63094786,9.74810693],[-84.63094819,9.74813442],[-84.63095051,9.74816],[-84.63095293,9.74818676],[-84.6309569,9.7482118],[-84.63095667,9.74823567],[-84.630959,9.7482608],[-84.63095977,9.74828376],[-84.63096228,9.7483098],[-84.63096679,9.74833393],[-84.63097158,9.7483615],[-84.63097728,9.74838644],[-84.63098234,9.74841175],[-84.63098648,9.74843398],[-84.630991,9.7484601],[-84.63099478,9.74848297],[-84.63099629,9.74850919],[-84.63099761,9.74853694],[-84.63099766,9.74856226],[-84.63100136,9.7485891],[-84.63100505,9.74861387],[-84.63101139,9.74864089],[-84.63101809,9.74866683],[-84.63102433,9.7486896],[-84.63102958,9.74871464],[-84.63103236,9.74874013],[-84.63103787,9.74876526],[-84.63104384,9.74878794],[-84.63104671,9.74881343],[-84.6310485,9.74884109],[-84.63105301,9.74886595],[-84.63105761,9.74888818],[-84.63105984,9.74891078],[-84.63106399,9.74893754],[-84.63106376,9.74896014],[-84.63106336,9.74898808],[-84.63106368,9.74901557],[-84.63106692,9.74904296],[-84.63106925,9.74907044],[-84.63107341,9.74909891],[-84.63107774,9.74912331],[-84.63108125,9.74914844],[-84.63108677,9.74917483],[-84.63109356,9.74920122],[-84.63109872,9.74922825],[-84.63110031,9.74925248],[-84.63110555,9.74927751],[-84.63111034,9.74930182],[-84.63111594,9.74932505],[-84.63112128,9.74935054],[-84.63112424,9.74937648],[-84.63112511,9.74940062],[-84.63112597,9.7494253],[-84.63112784,9.74944799],[-84.63113071,9.74947403],[-84.63113367,9.74949753],[-84.63113472,9.7495214],[-84.63113477,9.74954671],[-84.6311381,9.74957329],[-84.63113942,9.74959743],[-84.63114385,9.7496231],[-84.63114872,9.74964542],[-84.63115359,9.74966856],[-84.63116093,9.74969332],[-84.63117018,9.74971599],[-84.63118088,9.74973641],[-84.63119414,9.74975808],[-84.63120821,9.74977704],[-84.63122082,9.74979709],[-84.63122552,9.7498205],[-84.63122118,9.7498413],[-84.63120855,9.7498604],[-84.63119364,9.74988168],[-84.63117982,9.74990196],[-84.63116674,9.74992359],[-84.63115594,9.7499492],[-84.63114605,9.74997209],[-84.63113807,9.74999417],[-84.6311373,9.75002012],[-84.63114471,9.75003557],[-84.63114631,9.75006106],[-84.63114025,9.75008521],[-84.6311443,9.75010699],[-84.63115406,9.7501134],[-84.63117695,9.75011977],[-84.63118408,9.75013007],[-84.63118804,9.75015013],[-84.63118068,9.75016497],[-84.6311644,9.75018408],[-84.63114821,9.75020165],[-84.63112983,9.75021579],[-84.63112162,9.75021201],[-84.63109874,9.75020816],[-84.63109337,9.75021568],[-84.63108184,9.75023622],[-84.63106866,9.75025659],[-84.63105594,9.7502784],[-84.63104377,9.75029985],[-84.63103278,9.75032329],[-84.63102398,9.75034528],[-84.63101591,9.75036808],[-84.6310155,9.75039104],[-84.63100578,9.75040878],[-84.63098885,9.75042256],[-84.63096938,9.75043842],[-84.63096185,9.75045597],[-84.63096589,9.75047034],[-84.63097785,9.75048388],[-84.63099675,9.7505031],[-84.63101274,9.7505217],[-84.63103191,9.75053749],[-84.63104343,9.75055672],[-84.63103542,9.75056379],[-84.63101393,9.75057459],[-84.63098961,9.75057915],[-84.630965,9.75058273],[-84.63094157,9.75057843],[-84.63093007,9.75056851],[-84.63092023,9.75057096],[-84.63090038,9.75058294],[-84.63088465,9.75060042],[-84.63087949,9.7506195],[-84.63087452,9.75064311],[-84.63087502,9.75066589],[-84.63088398,9.75068025],[-84.63090032,9.75069659],[-84.63090565,9.75071593],[-84.63089983,9.75072643],[-84.63088245,9.75074038],[-84.63086324,9.75075271],[-84.63084313,9.75076695],[-84.63082072,9.75077467],[-84.63080158,9.75077326],[-84.63079463,9.75076387],[-84.63078229,9.75074274],[-84.63076741,9.75073354],[-84.63074562,9.75072499],[-84.63071954,9.75071781],[-84.63069529,9.75071469],[-84.63066876,9.75071573],[-84.63065383,9.7507239],[-84.63063564,9.75074093],[-84.63061772,9.75076112],[-84.63059724,9.75077789],[-84.6305763,9.75078833],[-84.63055454,9.75080021],[-84.63053333,9.75081734],[-84.63051532,9.75083211],[-84.63049493,9.7508486],[-84.63047664,9.75086518],[-84.63046054,9.75088203],[-84.63045038,9.75090673],[-84.63044158,9.75092872],[-84.6304326,9.75094971],[-84.63042325,9.75097179],[-84.63041354,9.75099278],[-84.63040447,9.75101703],[-84.6303964,9.75103911],[-84.6303824,9.7510621],[-84.63036504,9.75108708],[-84.63035105,9.75110773],[-84.63033759,9.75112665],[-84.63032441,9.75114665],[-84.63030796,9.75116721],[-84.63029058,9.75118731],[-84.63027576,9.75120533],[-84.63025666,9.75122426],[-84.63023864,9.7512403],[-84.63022017,9.75125878],[-84.63020252,9.75127626],[-84.63018405,9.75129112],[-84.63017257,9.75129925],[-84.63016548,9.75130427],[-84.63014463,9.75131715],[-84.63012178,9.7513275],[-84.63009782,9.75133758],[-84.63007387,9.75134404],[-84.63005028,9.75135231],[-84.63002806,9.75136429],[-84.63000758,9.7513778],[-84.629987,9.75139094],[-84.62996588,9.75140283],[-84.62994358,9.75141806],[-84.62992428,9.75143157],[-84.62990344,9.75144571],[-84.62988058,9.7514585],[-84.62985763,9.75146722],[-84.62983404,9.75147423],[-84.62980981,9.75148051],[-84.62978748,9.75148507],[-84.62976188,9.75148964],[-84.62973801,9.75149276],[-84.62971514,9.7514975],[-84.629692,9.75150279],[-84.62966785,9.75150699],[-84.62961693,9.75151993],[-84.62958059,9.75153572],[-84.6295674,9.75155076],[-84.62955943,9.75157329],[-84.62955829,9.75159743],[-84.62955541,9.7516204],[-84.62954926,9.75164329],[-84.62954092,9.75166835],[-84.62953012,9.75169025],[-84.62951721,9.75171034],[-84.62950349,9.75173361],[-84.62949469,9.75175686],[-84.62948891,9.75178038],[-84.62948841,9.7518066],[-84.62949019,9.75183128],[-84.62949406,9.7518546],[-84.62950112,9.75188044],[-84.62950472,9.75190476],[-84.62950313,9.75192899],[-84.62949653,9.75195568],[-84.62948937,9.75197829],[-84.62947428,9.75199866],[-84.62945426,9.75201651],[-84.62943259,9.7520293],[-84.62940644,9.75203351],[-84.62938293,9.75203735],[-84.6293567,9.75204472],[-84.6293353,9.75205968],[-84.62931847,9.75207517],[-84.62930201,9.75209509],[-84.62929376,9.7521169],[-84.62928085,9.75213708],[-84.62926311,9.75215204],[-84.62924153,9.75216482],[-84.6292194,9.752174],[-84.62919398,9.75217829],[-84.62917101,9.75217879],[-84.6291442,9.75217151],[-84.62912122,9.75216224],[-84.62910105,9.75214745],[-84.62908343,9.75213239],[-84.62906763,9.75211469],[-84.629051,9.75209212],[-84.62903693,9.75207361],[-84.62902467,9.75205293],[-84.62901032,9.75203135],[-84.62899762,9.75201202],[-84.62898491,9.75199206],[-84.62897457,9.75196857],[-84.6289696,9.75194327],[-84.62896727,9.75191823],[-84.62895695,9.75190658],[-84.62894108,9.75190073],[-84.62892486,9.75190284],[-84.62890665,9.75191291],[-84.62888581,9.75192588],[-84.62886624,9.75194237],[-84.62884914,9.75196139],[-84.62883259,9.75198204],[-84.62881786,9.75199933],[-84.62881061,9.7520215],[-84.62880965,9.75204654],[-84.62881335,9.75207258],[-84.62881676,9.75209599],[-84.62882082,9.75211904],[-84.62882196,9.75214462],[-84.62882054,9.75216732],[-84.62880937,9.75218533],[-84.628792,9.75220535],[-84.62877298,9.75222111],[-84.62875121,9.75222974],[-84.62873061,9.75222933],[-84.62870353,9.75222431],[-84.62867728,9.75222228],[-84.62865103,9.75222477],[-84.62862753,9.75222988],[-84.62860366,9.75223797],[-84.62857962,9.75224959],[-84.62855787,9.75226437],[-84.62853849,9.75228185],[-84.62852111,9.75229942],[-84.628502,9.75231347],[-84.62848242,9.75232563],[-84.62846075,9.75233724],[-84.62843772,9.75235274],[-84.62841651,9.75236625],[-84.6283942,9.75237823],[-84.62837354,9.75238957],[-84.62835132,9.75240326],[-84.62833193,9.75241587],[-84.62830872,9.75243047],[-84.62828587,9.75244452],[-84.62826411,9.7524593],[-84.6282492,9.75247813],[-84.62823985,9.75250093],[-84.62823452,9.75252518],[-84.62823466,9.75255167],[-84.62824045,9.75257706],[-84.6282507,9.75259757],[-84.62826459,9.75261807],[-84.62826791,9.75263732],[-84.62826494,9.7526611],[-84.62825888,9.75268327],[-84.62824707,9.75270363],[-84.62823252,9.75272183],[-84.62821807,9.75274428],[-84.62820544,9.75276582],[-84.62819628,9.75278953],[-84.62818921,9.75281142],[-84.62817969,9.7528382],[-84.62817162,9.75285983],[-84.628162,9.75288299],[-84.62816028,9.75288724],[-84.62815284,9.75290552],[-84.62814222,9.75292715],[-84.62813004,9.75294688],[-84.62811722,9.75296616],[-84.62810205,9.75298852],[-84.62808777,9.75300817],[-84.62806867,9.75302954],[-84.62805139,9.75304766],[-84.62803337,9.75306442],[-84.62801636,9.75308063],[-84.6279968,9.75309848],[-84.62797505,9.75311642],[-84.62795339,9.75313247],[-84.62793309,9.75314941],[-84.62791198,9.75316708],[-84.6278906,9.75318575],[-84.62787732,9.75320006],[-84.62779743,9.75327335],[-84.62775922,9.75331284],[-84.6277424,9.75333358],[-84.6277232,9.75335287],[-84.62770692,9.75336908],[-84.6276921,9.75338792],[-84.62767656,9.75341281],[-84.6276622,9.75343598],[-84.62764603,9.75346205],[-84.62763385,9.75348178],[-84.62762086,9.75350658],[-84.62761024,9.75352902],[-84.6276008,9.75354966],[-84.62758872,9.75357436],[-84.62757646,9.75359563],[-84.62756702,9.75361871],[-84.62755932,9.75364295],[-84.62755371,9.75366529],[-84.62754637,9.75368891],[-84.62752435,9.75390404],[-84.62752373,9.75390884],[-84.62752095,9.7539347],[-84.62751826,9.75396183],[-84.62751613,9.75398733],[-84.62751244,9.75401717],[-84.62750802,9.75403997],[-84.6275036,9.75406276],[-84.62750165,9.75409115],[-84.62749914,9.75411846],[-84.62749783,9.75414658],[-84.62749679,9.7541748],[-84.62749621,9.75420545],[-84.62749617,9.75423592],[-84.62749686,9.75426159],[-84.62749408,9.75428511],[-84.62749349,9.75431323],[-84.6274908,9.75433593],[-84.62748456,9.75436207],[-84.6274796,9.75438694],[-84.62747235,9.75441155],[-84.62746428,9.75443679],[-84.62746261,9.75446545],[-84.6274621,9.75448914],[-84.62746242,9.75451346],[-84.62746229,9.75454104],[-84.6274638,9.75456852],[-84.62746431,9.75459818],[-84.62746372,9.75462268],[-84.62746285,9.75464691],[-84.62746305,9.75465379],[-84.62746354,9.75467304],[-84.62746624,9.75470134],[-84.62746948,9.7547299],[-84.62747217,9.75475322],[-84.62747586,9.75477555],[-84.62748001,9.75480158],[-84.62748516,9.75482978],[-84.62748631,9.75485781],[-84.62748718,9.75488692],[-84.62748905,9.75491015],[-84.62748974,9.75493583],[-84.62749106,9.75496359],[-84.6274912,9.75498691],[-84.6274937,9.75501051],[-84.62749329,9.75503347],[-84.62749598,9.75505598],[-84.62749912,9.75508048],[-84.627503,9.7551094],[-84.62750432,9.75513273],[-84.62750637,9.7551565],[-84.62750861,9.75518525],[-84.62750858,9.75521454],[-84.62751136,9.75524076],[-84.62751487,9.75526715],[-84.62751692,9.75529003],[-84.62752071,9.75531533],[-84.62752175,9.75533803],[-84.62752499,9.75536659],[-84.62752833,9.75539687],[-84.62753176,9.75542526],[-84.62753554,9.7554493],[-84.62753842,9.75547597],[-84.62754211,9.75550327],[-84.62754544,9.75552993],[-84.62755024,9.75555868],[-84.62755348,9.7555848],[-84.62755717,9.7556121],[-84.62755996,9.75563958],[-84.62756365,9.75566688],[-84.6275669,9.75569418],[-84.62757114,9.75572021],[-84.62757601,9.75574253],[-84.62758189,9.75576711],[-84.62758604,9.75579387],[-84.62758992,9.75581963],[-84.62759616,9.7558424],[-84.62760285,9.75586518],[-84.62761137,9.75588776],[-84.62761788,9.75590954],[-84.62762394,9.75593268],[-84.62763156,9.75595961],[-84.62763743,9.75598175],[-84.62764276,9.75600597],[-84.6276491,9.75603172],[-84.62765553,9.75605631],[-84.62766187,9.75608324],[-84.62766885,9.75611062],[-84.62767217,9.75613349],[-84.62767678,9.75616061],[-84.62768092,9.75618284],[-84.62768407,9.75620734],[-84.62768885,9.75622993],[-84.62769782,9.75625297],[-84.62770644,9.75627972],[-84.62771442,9.7563061],[-84.62772176,9.75633285],[-84.62772855,9.75635481],[-84.62773561,9.75637894],[-84.62774396,9.75640722],[-84.62775394,9.75643008],[-84.62776291,9.75645502],[-84.62777253,9.75647959],[-84.62777631,9.75650246],[-84.62778229,9.75653003],[-84.6277889,9.7565547],[-84.62779432,9.75657937],[-84.62780193,9.75660268],[-84.62781154,9.75662482],[-84.62781978,9.75664768],[-84.62783104,9.75667098],[-84.62784083,9.75669402],[-84.62785191,9.75671832],[-84.62786216,9.75674009],[-84.62787177,9.75676223],[-84.62788184,9.75678671],[-84.62789027,9.75680812],[-84.62789952,9.75683252],[-84.62790658,9.75685421],[-84.62791674,9.7568767],[-84.62792854,9.75690227],[-84.62793842,9.7569234],[-84.62794895,9.75694653],[-84.62796085,9.75697264],[-84.62796918,9.75699478],[-84.62797806,9.7570161],[-84.62799005,9.75704013],[-84.62800166,9.75706117],[-84.62801401,9.75708348],[-84.62802718,9.75710633],[-84.62804062,9.75713135],[-84.62805406,9.75715393],[-84.62806559,9.75717733],[-84.6280794,9.75720307],[-84.62809375,9.7572242],[-84.62810838,9.7572456],[-84.62812601,9.75726682],[-84.62814528,9.75728794],[-84.62816236,9.75730554],[-84.62818117,9.75732557],[-84.62820108,9.75734507],[-84.62821715,9.7573624],[-84.62823322,9.757379],[-84.62825094,9.75739624],[-84.62826865,9.75741556],[-84.62828163,9.75743497],[-84.62829216,9.75745692],[-84.62829867,9.7574787],[-84.62830619,9.75750518],[-84.62831198,9.75753175],[-84.62831841,9.75755751],[-84.62832657,9.75758362],[-84.62833628,9.75760621],[-84.62834908,9.75762843],[-84.62836425,9.75765019],[-84.62837805,9.75767096],[-84.62839368,9.75769453],[-84.62841003,9.75771131],[-84.62842947,9.75772728],[-84.62844955,9.75774234],[-84.62847273,9.75775867],[-84.62849427,9.75777273],[-84.62851909,9.75778806],[-84.62854044,9.75779914],[-84.62856406,9.75780877],[-84.62858732,9.7578146],[-84.62861403,9.75781645],[-84.62863982,9.75781903],[-84.62866399,9.75782414],[-84.62868752,9.75783133],[-84.62871314,9.75783987],[-84.62873585,9.75784778],[-84.62875756,9.7578566],[-84.62878037,9.75786741],[-84.62880345,9.75787912],[-84.62882854,9.75789264],[-84.62884853,9.75790643],[-84.62886743,9.75792322],[-84.62888123,9.75794154],[-84.62889503,9.75796286],[-84.62890619,9.75798634],[-84.62891462,9.75800776],[-84.62892697,9.75803495],[-84.62893631,9.75805817],[-84.62894611,9.75808003],[-84.6289549,9.75810325],[-84.62896124,9.75812774],[-84.62896126,9.75813904],[-84.62896137,9.75815188],[-84.62896953,9.75817429],[-84.62897529,9.75818459],[-84.62898132,9.75819543],[-84.62899439,9.75821493],[-84.62900088,9.75822387],[-84.62900901,9.75823507],[-84.62902181,9.75825602],[-84.62903698,9.75827525],[-84.62905151,9.75829611],[-84.62906486,9.75831869],[-84.62907593,9.75834181],[-84.62908564,9.75836313],[-84.6290917,9.75838871],[-84.62909393,9.7584114],[-84.62909561,9.7584349],[-84.6290953,9.75846076],[-84.62909152,9.75848762],[-84.62908591,9.75851042],[-84.62908113,9.75853746],[-84.62907626,9.75856405],[-84.62907074,9.75858739],[-84.62906267,9.75860946],[-84.62905351,9.75863317],[-84.629047,9.75865787],[-84.62904759,9.75868309],[-84.62905347,9.7587065],[-84.62906136,9.7587337],[-84.62906614,9.75875756],[-84.62906938,9.75878124],[-84.62906851,9.75880475],[-84.62905981,9.75883162],[-84.62904637,9.75885633],[-84.62903191,9.75887742],[-84.62901709,9.75889553],[-84.62900063,9.75891292],[-84.62898544,9.75893031],[-84.6289708,9.75894806],[-84.62895297,9.75896825],[-84.62893468,9.75898646],[-84.62891913,9.75900448],[-84.62890395,9.75902548],[-84.62888721,9.75904523],[-84.62887066,9.75906334],[-84.62885383,9.75908136],[-84.62883591,9.75909858],[-84.6288157,9.75911353],[-84.62879112,9.75912895],[-84.62877155,9.759143],[-84.62874962,9.75916013],[-84.62873123,9.75917544],[-84.62871304,9.75919175],[-84.62869347,9.75920951],[-84.62867701,9.75922572],[-84.62865699,9.75924601],[-84.62863625,9.75926431],[-84.62861567,9.75927864],[-84.62859556,9.75929287],[-84.62857836,9.7593089],[-84.62856309,9.75932955],[-84.62855484,9.75935433],[-84.62855242,9.7593792],[-84.62855383,9.7594018],[-84.6285568,9.75942775],[-84.62856113,9.75945297],[-84.62856456,9.75948253],[-84.62856461,9.75950902],[-84.62856366,9.75953533],[-84.62856416,9.75956128],[-84.62856458,9.75958921],[-84.6285659,9.75961697],[-84.62856649,9.7596402],[-84.6285681,9.75966895],[-84.62856761,9.75969879],[-84.62856419,9.7597214],[-84.62856269,9.75974898],[-84.628559,9.75977512],[-84.62855541,9.75980288],[-84.62855236,9.75982983],[-84.62854948,9.7598528],[-84.6285478,9.75987704],[-84.6285453,9.75990507],[-84.62853997,9.75993049],[-84.62853583,9.75995843],[-84.62853387,9.75998122],[-84.62853018,9.76000609],[-84.62852713,9.76003421],[-84.62852252,9.76005737],[-84.6285161,9.76008008],[-84.6285053,9.76010641],[-84.62849304,9.76012985],[-84.6284836,9.76015093],[-84.6284727,9.76017238],[-84.62845998,9.7601922],[-84.62842573,9.76025257],[-84.62840838,9.76028443],[-84.62839392,9.76030444],[-84.62838244,9.76030627],[-84.62836849,9.76030005],[-84.62835588,9.76028245],[-84.62835064,9.76026112],[-84.62834248,9.76023754],[-84.62833286,9.7602117],[-84.62832671,9.76018811],[-84.62831874,9.76016416],[-84.62831031,9.76014157],[-84.62830142,9.76011709],[-84.62829126,9.76009333],[-84.62828082,9.76006577],[-84.6282733,9.76004173],[-84.6282667,9.76001824],[-84.62826601,9.759995],[-84.62826578,9.75996869],[-84.62827028,9.75993948],[-84.62827817,9.75991325],[-84.62828568,9.75988837],[-84.62829119,9.75986141],[-84.62829507,9.75983745],[-84.62829601,9.75980752],[-84.62829788,9.75977985],[-84.62830229,9.75975091],[-84.62830652,9.75972396],[-84.62831358,9.75969718],[-84.62832001,9.75967203],[-84.62832834,9.75964643],[-84.62833668,9.7596201],[-84.62834401,9.75959477],[-84.62834761,9.75956692],[-84.62834829,9.75954169],[-84.62834733,9.7595134],[-84.62834491,9.75948736],[-84.62833675,9.75946613],[-84.62832296,9.7594478],[-84.62830524,9.75943056],[-84.62828635,9.75941749],[-84.62826509,9.75940442],[-84.62824464,9.75938863],[-84.62822739,9.75937248],[-84.62820866,9.75935298],[-84.62819223,9.75933575],[-84.62817251,9.75932086],[-84.62815592,9.75931863],[-84.62813506,9.75932464],[-84.62811466,9.75933498],[-84.62809417,9.75934605],[-84.62807086,9.75935532],[-84.6280573,9.75937008],[-84.62805242,9.75939052],[-84.62804937,9.7594163],[-84.62804896,9.75944044],[-84.62805019,9.75946657],[-84.62805253,9.75949531],[-84.62805221,9.7595237],[-84.62804917,9.75955065],[-84.62804785,9.75957868],[-84.62804963,9.75960635],[-84.62805196,9.75963021],[-84.62805136,9.75965345],[-84.6280495,9.7596804],[-84.62804772,9.7597049],[-84.62804431,9.75973041],[-84.62804116,9.75975564],[-84.62803766,9.75978268],[-84.62803379,9.75981153],[-84.62803084,9.75983775],[-84.62802605,9.75986353],[-84.62802328,9.75989066],[-84.62802251,9.75991788],[-84.62801954,9.7599404],[-84.62801859,9.75996671],[-84.62801536,9.75999149],[-84.62801185,9.76001853],[-84.62801062,9.76004457],[-84.62801067,9.76006862],[-84.62800644,9.76009729],[-84.62800476,9.76012469],[-84.62800108,9.76015453],[-84.62799694,9.76018564],[-84.62799334,9.76020898],[-84.62799029,9.76023466],[-84.62798897,9.76026151],[-84.62798628,9.76028421],[-84.62798195,9.7603099],[-84.62797681,9.76033758],[-84.62797239,9.76036236],[-84.6279657,9.76038859],[-84.62795963,9.76041193],[-84.6279524,9.76044223],[-84.62794443,9.7604729],[-84.62793574,9.76050519],[-84.62792995,9.76052826],[-84.62792416,9.76055177],[-84.62791819,9.76057394],[-84.62791286,9.76059745],[-84.62791126,9.76062042],[-84.62791121,9.76064402],[-84.62791482,9.76067204],[-84.62791514,9.76069582],[-84.627911,9.7607225],[-84.62790748,9.76074584],[-84.62789988,9.76077352],[-84.62789108,9.76079794],[-84.62788183,9.76082246],[-84.62787322,9.76084906],[-84.62786571,9.76087593],[-84.62785965,9.76090135],[-84.62785341,9.7609274],[-84.62785045,9.7609548],[-84.62784913,9.76097804],[-84.6278499,9.76100172],[-84.62784849,9.76102731],[-84.62784527,9.7610558],[-84.62784148,9.76107896],[-84.62783652,9.76110509],[-84.62783173,9.76112716],[-84.62782731,9.76115122],[-84.62782471,9.76117437],[-84.62782229,9.76119969],[-84.62782042,9.76122248],[-84.62781874,9.76124789],[-84.62781915,9.76127465],[-84.62781902,9.76130151],[-84.62782098,9.76132836],[-84.62782359,9.76135539],[-84.62782691,9.76137952],[-84.62782824,9.76140483],[-84.62782984,9.76143159],[-84.6278348,9.76145518],[-84.6278416,9.76148401],[-84.62784766,9.76150959],[-84.62785454,9.76153281],[-84.62786098,9.76156146],[-84.62786595,9.76158867],[-84.62787128,9.76161171],[-84.62787698,9.76164028],[-84.62788414,9.76166494],[-84.62789285,9.76169142],[-84.62790346,9.76171382],[-84.62791245,9.76174003],[-84.62792096,9.76176189],[-84.62793223,9.76178954],[-84.62794248,9.76181502],[-84.62795338,9.76184076],[-84.62796528,9.76186687],[-84.62797361,9.76189027],[-84.62798149,9.76191331],[-84.62798186,9.7619144],[-84.62799276,9.76194385],[-84.62800129,9.76196816],[-84.62801082,9.76199599],[-84.62802263,9.76202409],[-84.62803425,9.76204875],[-84.62804651,9.76207422],[-84.62805576,9.76209817],[-84.62806455,9.76212148],[-84.62807162,9.76214678],[-84.62807996,9.76216892],[-84.62808957,9.76219105],[-84.62810019,9.7622159],[-84.62810935,9.76224309],[-84.62811833,9.76226803],[-84.62812731,9.76229469],[-84.62813629,9.76231845],[-84.62814564,9.76234339],[-84.62815589,9.76236832],[-84.62816532,9.76239],[-84.62817594,9.76241684],[-84.62818373,9.76243861],[-84.6281907,9.76246148],[-84.62819877,9.76248831],[-84.62820657,9.7625138],[-84.62821674,9.76254325],[-84.62822189,9.76256576],[-84.62822759,9.76259513],[-84.6282331,9.76261709],[-84.62823971,9.76264375],[-84.62824743,9.76267366],[-84.62825394,9.76269743],[-84.62826411,9.76272607],[-84.62827418,9.76274685],[-84.62828261,9.76276826],[-84.62829268,9.76279275],[-84.62830193,9.76281542],[-84.62837609,9.76299603],[-84.62839805,9.76308722],[-84.62840658,9.76311423],[-84.62841619,9.76313944],[-84.62842881,9.76316256],[-84.62844216,9.76318333],[-84.62845405,9.76320275],[-84.62846521,9.76322624],[-84.62847519,9.7632509],[-84.62848481,9.76327738],[-84.62849525,9.76330078],[-84.62850697,9.76332896],[-84.62851813,9.76335444],[-84.62852767,9.76338408],[-84.62853801,9.76340892],[-84.62854526,9.76343151],[-84.62855405,9.76345618],[-84.6285654,9.76348057],[-84.62857446,9.7635018],[-84.62858453,9.76352258],[-84.62859478,9.76354742],[-84.62860594,9.76356793],[-84.62862076,9.76359701],[-84.62863402,9.7636205],[-84.62864673,9.76364163],[-84.62865917,9.76366313],[-84.62867169,9.76368336],[-84.62868714,9.76370792],[-84.62870341,9.76373095],[-84.62871913,9.76375198],[-84.62873448,9.76377528],[-84.62874993,9.76379668],[-84.62876584,9.76382477],[-84.62878002,9.76384934],[-84.62879556,9.76387553],[-84.62881165,9.76390208],[-84.62882363,9.76392439],[-84.62883744,9.76395005],[-84.62885124,9.76396901],[-84.62886113,9.76398997],[-84.62887165,9.76401382],[-84.62888263,9.76403586],[-84.6288948,9.76405835],[-84.62890605,9.76408183],[-84.62891531,9.76411129],[-84.62892612,9.76413975],[-84.62893528,9.76416514],[-84.62894535,9.76418782],[-84.62895579,9.76420995],[-84.62896531,9.76423154],[-84.62897857,9.76425629],[-84.62899465,9.76427968],[-84.62901129,9.76430298],[-84.62902527,9.76432284],[-84.62903779,9.76434235],[-84.62905241,9.76436185],[-84.62906677,9.76438741],[-84.62907867,9.76441162],[-84.62909248,9.76443926],[-84.62909486,9.76444323],[-84.6291061,9.76446139],[-84.6291189,9.7644818],[-84.62913106,9.76450139],[-84.6291436,9.76452651],[-84.62915047,9.76454639],[-84.62915148,9.76454946],[-84.62916083,9.76458063],[-84.62916864,9.76461],[-84.62916882,9.76461064],[-84.62917597,9.76463178],[-84.62918567,9.764655],[-84.62919465,9.76467623],[-84.62920618,9.7647036],[-84.62921744,9.76472827],[-84.62922724,9.76475564],[-84.62923476,9.7647804],[-84.62924548,9.76480832],[-84.62925391,9.76483037],[-84.62926188,9.76485377],[-84.62927159,9.76487834],[-84.6292812,9.76490039],[-84.62929347,9.76492731],[-84.62930462,9.764947],[-84.62931442,9.76497203],[-84.62932769,9.76500166],[-84.62933776,9.76502234],[-84.62934929,9.76504601],[-84.62936254,9.76506633],[-84.6293747,9.76508593],[-84.62938723,9.7651086],[-84.6293994,9.76513181],[-84.62941357,9.76515312],[-84.62942984,9.76518194],[-84.62944182,9.76520298],[-84.62945362,9.76522357],[-84.62946633,9.7652448],[-84.62947895,9.76526548],[-84.62948983,9.76528625],[-84.62950045,9.76530811],[-84.62951372,9.76533657],[-84.62952725,9.7653615],[-84.62953759,9.76538192],[-84.62954948,9.7654054],[-84.62956037,9.76542826],[-84.62957099,9.76544885],[-84.62958215,9.76547234],[-84.6295934,9.76549375],[-84.62960684,9.76551696],[-84.62962028,9.76553583],[-84.62963417,9.76555814],[-84.62965107,9.765578],[-84.62966862,9.76560301],[-84.62968124,9.76562297],[-84.62969705,9.76564699],[-84.62971469,9.76567372],[-84.62973005,9.76569828],[-84.62974541,9.76572158],[-84.62975976,9.76574217],[-84.62977438,9.76576411],[-84.62979101,9.76578424],[-84.62980654,9.76580356],[-84.62982143,9.76582207],[-84.62983706,9.76584311],[-84.62985041,9.76586587],[-84.62986622,9.76589152],[-84.6298803,9.7659131],[-84.62989603,9.76594029],[-84.62991377,9.76596873],[-84.62993086,9.76599438],[-84.62994566,9.76601361],[-84.62996248,9.76603664],[-84.6299771,9.76605985],[-84.62999474,9.76608585],[-84.63001175,9.76611177],[-84.63002929,9.76613615],[-84.63004584,9.76616143],[-84.63006511,9.76618563],[-84.63008192,9.76620612],[-84.63009727,9.76622454],[-84.63011518,9.76624584],[-84.63012998,9.7662639],[-84.63014615,9.7662853],[-84.63016196,9.76630679],[-84.63018133,9.76633144],[-84.63019513,9.76634967],[-84.6302102,9.76636791],[-84.630225,9.76638642],[-84.63024036,9.76640926],[-84.63025206,9.7664294],[-84.63026513,9.76644873],[-84.63027811,9.7664676],[-84.63029109,9.76648774],[-84.63030544,9.76651005],[-84.63032152,9.76652927],[-84.6303345,9.76654869],[-84.63035233,9.76657831],[-84.63036303,9.76659873],[-84.63037492,9.76661805],[-84.63038717,9.76663855],[-84.63039861,9.76666177],[-84.63041087,9.76668544],[-84.63042339,9.76670693],[-84.63043638,9.76673069],[-84.6304511,9.76675317],[-84.63046463,9.76677367],[-84.63048062,9.76679615],[-84.63049807,9.76681873],[-84.63052045,9.76684572],[-84.63053325,9.76686613],[-84.63054706,9.76688807],[-84.63056013,9.76691065],[-84.63057595,9.76693748],[-84.63058821,9.76695997],[-84.63060102,9.76698481],[-84.63061227,9.76700631],[-84.63062525,9.76702889],[-84.6306397,9.76705119],[-84.63065707,9.76708018],[-84.63067033,9.76710177],[-84.63068541,9.76712606],[-84.63069767,9.76714982],[-84.6307124,9.76717664],[-84.63072274,9.7671976],[-84.63073599,9.76721991],[-84.63074861,9.76724176],[-84.63076498,9.76726985],[-84.63077824,9.76729008],[-84.63079314,9.76731356],[-84.63080886,9.76733577],[-84.63082357,9.76735627],[-84.63083819,9.76737704],[-84.63085318,9.76739971],[-84.6308669,9.76742436],[-84.63087888,9.76744586],[-84.6308905,9.76746627],[-84.63090303,9.76749021],[-84.63091583,9.76751179],[-84.63092672,9.76753266],[-84.63094162,9.76755605],[-84.63095606,9.76757953],[-84.63097499,9.76760997],[-84.6309897,9.76763119],[-84.63100597,9.76765557],[-84.63101988,9.76768113],[-84.63103314,9.76770461],[-84.63104676,9.76772927],[-84.63106012,9.76775203],[-84.63107419,9.76777416],[-84.63108708,9.76779384],[-84.63109924,9.76781335],[-84.63111387,9.76783538],[-84.63112986,9.76785832],[-84.63114357,9.76787927],[-84.6311582,9.76790049],[-84.63117008,9.76791991],[-84.63118918,9.76794682],[-84.63120289,9.76796578],[-84.63121542,9.76798845],[-84.6312285,9.7680103],[-84.63124313,9.76803668],[-84.63126068,9.76806549],[-84.63127814,9.76809177],[-84.63129103,9.76811145],[-84.63130375,9.76813503],[-84.6313171,9.76815905],[-84.63133502,9.7681884],[-84.6313481,9.76821026],[-84.63136118,9.76823456],[-84.63137343,9.76825452],[-84.63138559,9.76827538],[-84.63139821,9.76829977],[-84.63140957,9.76832606],[-84.63142246,9.76834819],[-84.63143252,9.76836896],[-84.63144734,9.76839506],[-84.63145932,9.76841783],[-84.63147158,9.76844158],[-84.63148768,9.76847012],[-84.6314992,9.76849054],[-84.6315121,9.76851393],[-84.63152372,9.76853678],[-84.63153342,9.76855928],[-84.63154705,9.76858593],[-84.63155922,9.76860914],[-84.63157038,9.76863208],[-84.63158054,9.7686553],[-84.63159134,9.76867807],[-84.6316004,9.76869975],[-84.63161056,9.7687217],[-84.63162328,9.76874654],[-84.63163717,9.76876722],[-84.63165099,9.7687936],[-84.63166316,9.76882052],[-84.63167333,9.76884618],[-84.63168578,9.76887644],[-84.63169604,9.76890255],[-84.63170456,9.76892631],[-84.63171326,9.76895053],[-84.63172397,9.76897411],[-84.63173431,9.76899452],[-84.63174566,9.76901964],[-84.63175865,9.76904348],[-84.63177411,9.7690741],[-84.63178427,9.76909606],[-84.63179544,9.76912072],[-84.63180459,9.76914367],[-84.63181348,9.7691668],[-84.63182273,9.76918902],[-84.63183207,9.76921206],[-84.6318425,9.76923618],[-84.63185687,9.76926409],[-84.63187388,9.76929372],[-84.63189043,9.76932144],[-84.63190387,9.76934267],[-84.63192077,9.76936614],[-84.63193795,9.76938862],[-84.63195705,9.76941635],[-84.63197388,9.76944425],[-84.6319897,9.76947189],[-84.63199454,9.76947957],[-84.63200579,9.76949718],[-84.63202252,9.76952545],[-84.63203322,9.76954577],[-84.63204584,9.76956518],[-84.63206074,9.7695874],[-84.63207454,9.76961007],[-84.63209054,9.769633],[-84.63210681,9.76965558],[-84.63212098,9.76968014],[-84.63213871,9.76970741],[-84.63215691,9.76973577],[-84.63217162,9.76975826],[-84.63218479,9.76977803],[-84.63219913,9.7697979],[-84.63221503,9.76981866],[-84.63223641,9.76984457],[-84.63225167,9.7698638],[-84.63226985,9.76988402],[-84.63228638,9.76990434],[-84.63230264,9.76992257],[-84.6323189,9.76994324],[-84.63233225,9.76996474],[-84.63234359,9.76998551],[-84.63235749,9.77000664],[-84.63237358,9.77003319],[-84.63238912,9.77005704],[-84.63240465,9.77007636],[-84.63242019,9.77009812],[-84.63243682,9.77012024],[-84.63245774,9.7701475],[-84.63247236,9.77016701],[-84.63248881,9.77018858],[-84.63250471,9.77020935],[-84.63252481,9.77023535],[-84.6325388,9.77025531],[-84.63255461,9.77027607],[-84.63256995,9.77029322],[-84.63258767,9.77031353],[-84.63260484,9.77033032],[-84.63262475,9.77035045],[-84.63264648,9.77037102],[-84.63266301,9.77038817],[-84.63268383,9.77040757],[-84.63270255,9.7704258],[-84.63272072,9.77044357],[-84.63273734,9.77046],[-84.63275579,9.77047751],[-84.63277314,9.77049519],[-84.63279478,9.77051649],[-84.63281085,9.77053247],[-84.63283003,9.77055133],[-84.63285103,9.770571],[-84.63287066,9.7705885],[-84.63289084,9.77060637],[-84.63291239,9.77062595],[-84.63293229,9.77064408],[-84.63294937,9.77065987],[-84.63296644,9.77067503],[-84.63298571,9.77069308],[-84.63300497,9.77071158],[-84.6330215,9.77072755],[-84.6330394,9.77074515],[-84.63305839,9.77076301],[-84.63308542,9.77078656],[-84.63310596,9.77080515],[-84.63312705,9.77082473],[-84.63314723,9.77084386],[-84.63316577,9.77086236],[-84.63318532,9.77088303],[-84.63320313,9.77090144],[-84.6332202,9.77091967],[-84.63324103,9.77094287],[-84.63325811,9.77096164],[-84.63327519,9.7709787],[-84.63329345,9.77099693],[-84.63331509,9.77101823],[-84.63333181,9.77103628],[-84.63335071,9.77105614],[-84.6333698,9.771075],[-84.63338889,9.77109458],[-84.63340916,9.77111661],[-84.63342779,9.77113502],[-84.63344697,9.77115315],[-84.63346623,9.7711712],[-84.63349116,9.77119421],[-84.63350942,9.77121],[-84.63353179,9.77122885],[-84.63355288,9.77124735],[-84.63357096,9.77126341],[-84.63359242,9.77128426],[-84.63360895,9.77130086],[-84.63362858,9.77132207],[-84.63364603,9.77134347],[-84.63366504,9.77136631],[-84.63368266,9.7713849],[-84.63370084,9.77140394],[-84.63372413,9.77142831],[-84.63374212,9.77144636],[-84.63376267,9.77146739],[-84.63378276,9.77148724],[-84.63380477,9.7715099],[-84.6338276,9.77153354],[-84.63384605,9.77155602],[-84.63386423,9.77157751],[-84.63388314,9.7715998],[-84.63389813,9.77161994],[-84.63402071,9.7717566],[-84.63409542,9.77183801],[-84.63411414,9.77185742],[-84.63413113,9.77187447],[-84.63414702,9.77189081],[-84.63416374,9.77190841],[-84.63418054,9.771927],[-84.63419972,9.77194821],[-84.6342158,9.77196672],[-84.6342358,9.77198739],[-84.6342527,9.77200471],[-84.63427078,9.77202204],[-84.63429361,9.77204451],[-84.63431653,9.77206572],[-84.63433269,9.77208223],[-84.63435223,9.77210172],[-84.63437269,9.77212221],[-84.63439196,9.77214026],[-84.63440904,9.77215903],[-84.63442539,9.77217971],[-84.63444157,9.7722011],[-84.63445956,9.77222367],[-84.63447446,9.77224381],[-84.63449054,9.77226304],[-84.63450689,9.77228172],[-84.63452333,9.77229842],[-84.63454333,9.77231782],[-84.63456351,9.77233813],[-84.63458552,9.7723596],[-84.63460205,9.77237675],[-84.63461685,9.77239399],[-84.63463923,9.77241981],[-84.63465348,9.77243787],[-84.63467001,9.77245583],[-84.63468929,9.77248002],[-84.63470391,9.7724988],[-84.63471844,9.77251668],[-84.63473862,9.77253942],[-84.63475461,9.77255865],[-84.63477051,9.77257815],[-84.63478019,9.77259007],[-84.63478586,9.77259711],[-84.63480341,9.77262212],[-84.6348098,9.77263151],[-84.63481894,9.77264515],[-84.6348343,9.77266474],[-84.63484353,9.77267774],[-84.63484919,9.77268569],[-84.63486436,9.77270691],[-84.63488528,9.77273173],[-84.63490201,9.77275666],[-84.63491792,9.77278357],[-84.63493099,9.77280299],[-84.63494607,9.77282484],[-84.63496261,9.77284642],[-84.63497688,9.77287026],[-84.63499206,9.772895],[-84.63500458,9.7729165],[-84.63501693,9.77293827],[-84.63503183,9.77296166],[-84.63504592,9.77298812],[-84.635059,9.77301115],[-84.63507682,9.77303644],[-84.63509409,9.77306181],[-84.63519377,9.77318432],[-84.63525708,9.77326033],[-84.63527289,9.77328091],[-84.63528825,9.77330394],[-84.63530424,9.77332497],[-84.63531804,9.77334421],[-84.63533585,9.77336678],[-84.63535468,9.77339134],[-84.63537177,9.77341553],[-84.63538566,9.77343477],[-84.63539992,9.7734559],[-84.63541564,9.77348082],[-84.6354278,9.77350015],[-84.63544371,9.7735248],[-84.6354608,9.77355027],[-84.63547698,9.77357338],[-84.63549727,9.77360011],[-84.63551919,9.77362511],[-84.63553545,9.7736438],[-84.63555044,9.77366619],[-84.6355626,9.77368561],[-84.63557742,9.77371189],[-84.6355925,9.77373483],[-84.63561233,9.77376164],[-84.63563088,9.77378557],[-84.63564997,9.77380859],[-84.63566998,9.77383269],[-84.63568569,9.77385029],[-84.63570533,9.77387006],[-84.6357246,9.77388919],[-84.63574834,9.77391085],[-84.63576989,9.77393269],[-84.63578743,9.77395182],[-84.6358057,9.7739724],[-84.63582506,9.77399443],[-84.63583986,9.77401221],[-84.63585732,9.77403587],[-84.63587139,9.77405474],[-84.63588628,9.77407351],[-84.63590492,9.77409789],[-84.63591981,9.77411622],[-84.63593599,9.77413816],[-84.63595125,9.77415829],[-84.63596697,9.77418078],[-84.63598169,9.7742067],[-84.63599723,9.77422945],[-84.63601287,9.77425845],[-84.63602632,9.77428311],[-84.63603867,9.7743046],[-84.63605274,9.774326],[-84.63606472,9.7743456],[-84.63608146,9.77437649],[-84.63609472,9.77439771],[-84.63610652,9.77441885],[-84.63611841,9.77444215],[-84.63612958,9.77446736],[-84.63614211,9.77449093],[-84.6361561,9.7745136],[-84.63616872,9.77453727],[-84.63618089,9.77456193],[-84.63619315,9.77458541],[-84.63620788,9.77461133],[-84.63621877,9.77463509],[-84.6362271,9.77465641],[-84.63623553,9.77467819],[-84.63624716,9.77470448],[-84.63630357,9.77484506],[-84.63633218,9.77493325],[-84.6363366,9.77495611],[-84.63634311,9.77497907],[-84.63634689,9.7750023],[-84.63634922,9.77502896],[-84.63635292,9.77505418],[-84.63635981,9.77508148],[-84.63636787,9.77510506],[-84.63637676,9.77513036],[-84.63638683,9.77515159],[-84.63639899,9.77517335],[-84.63641097,9.77519539],[-84.63642615,9.77521878],[-84.63643877,9.7752429],[-84.63645551,9.77527135],[-84.63647114,9.77529654],[-84.63648513,9.77531677],[-84.63650057,9.77533907],[-84.63651703,9.77536364],[-84.63653092,9.77538169],[-84.63654554,9.7754002],[-84.63656509,9.77542322],[-84.63658071,9.77544353],[-84.63659433,9.77546177],[-84.63660776,9.77548037],[-84.63662439,9.77550222],[-84.63663856,9.77552163],[-84.636652,9.77554385],[-84.63666562,9.77556462],[-84.63667742,9.77558576],[-84.63669351,9.77561213],[-84.63670586,9.77563236],[-84.63671866,9.77565376],[-84.63673155,9.77567562],[-84.63674928,9.77570189],[-84.63676463,9.7757213],[-84.63678172,9.77574424],[-84.63679981,9.77576708],[-84.63682037,9.77579272],[-84.63683481,9.77581114],[-84.63684998,9.77583199],[-84.63686496,9.7758495],[-84.63688168,9.77586946],[-84.63689603,9.77588905],[-84.63691193,9.77591081],[-84.636925,9.77593113],[-84.63694374,9.77595596],[-84.63696521,9.77598349],[-84.63698549,9.77601022],[-84.6369993,9.77603017],[-84.63701392,9.77605112],[-84.63702826,9.77606909],[-84.6370438,9.77609184],[-84.63706044,9.7761174],[-84.63707489,9.77614061],[-84.63708997,9.77616472],[-84.63710269,9.77618811],[-84.63711385,9.77620844],[-84.63712847,9.7762302],[-84.63714191,9.77624997],[-84.63715845,9.77627137],[-84.63717271,9.77629657],[-84.63718196,9.7763197],[-84.6371924,9.776344],[-84.63720193,9.77637093],[-84.63721301,9.77639812],[-84.63722272,9.77642161],[-84.63723288,9.77644447],[-84.63724322,9.77646588],[-84.63725484,9.77648972],[-84.63726555,9.77651303],[-84.63727826,9.77653272],[-84.6372949,9.77655827],[-84.6373066,9.77657887],[-84.63731922,9.77660054],[-84.63732975,9.77662168],[-84.63734101,9.77664661],[-84.63735345,9.77667218],[-84.63736498,9.77669684],[-84.63737788,9.77672231],[-84.63739051,9.77674643],[-84.63740396,9.77677316],[-84.63741622,9.77679538],[-84.63742738,9.77681616],[-84.63744036,9.77683603],[-84.63745681,9.77685815],[-84.63746942,9.77687856],[-84.63748159,9.77690276],[-84.63749276,9.7769248],[-84.63750656,9.7769472],[-84.63752037,9.77697005],[-84.63753409,9.7769957],[-84.63754853,9.77701774],[-84.63756608,9.77704184],[-84.63757889,9.77706569],[-84.63759105,9.77708628],[-84.63760449,9.77710723],[-84.63762286,9.77713387],[-84.63763713,9.77715871],[-84.63764993,9.77718255],[-84.63766082,9.7772055],[-84.63767062,9.77722655],[-84.6376806,9.77725094],[-84.63769048,9.77727244],[-84.63770476,9.77730089],[-84.6377182,9.77732437],[-84.63773109,9.77734506],[-84.63774371,9.77736429],[-84.63775669,9.77738416],[-84.63777022,9.77740393],[-84.63778466,9.77742723],[-84.63779574,9.77744991],[-84.63781347,9.77747745],[-84.63782537,9.77750021],[-84.63783798,9.77752071],[-84.63785042,9.77754266],[-84.63786605,9.77756342],[-84.6378804,9.77758627],[-84.63789184,9.77760795],[-84.63790237,9.77763641],[-84.63791583,9.77766478],[-84.63792517,9.77768953],[-84.63793316,9.77771755],[-84.63793931,9.77773978],[-84.63794509,9.77776436],[-84.63795235,9.77779102],[-84.6379606,9.77781804],[-84.63796858,9.77784108],[-84.63797974,9.77786312],[-84.63798936,9.77788805],[-84.6379998,9.77791362],[-84.63800722,9.77793513],[-84.63801775,9.7779587],[-84.63802863,9.77797876],[-84.63804007,9.77800098],[-84.63805059,9.77802329],[-84.63806168,9.77805166],[-84.63806902,9.77807633],[-84.63807627,9.77810308],[-84.63808106,9.77813019],[-84.63808657,9.77815333],[-84.63809537,9.77818016],[-84.63810298,9.77820266],[-84.63810959,9.77822779],[-84.6381172,9.77825019],[-84.6381249,9.77827432],[-84.63813352,9.77829908],[-84.63814104,9.77832275],[-84.63814875,9.77835004],[-84.63815654,9.77837589],[-84.63816179,9.77840372],[-84.63816631,9.77842831],[-84.6381701,9.77845597],[-84.63817498,9.77848109],[-84.63817867,9.7785083],[-84.63818292,9.77853388],[-84.63818661,9.77855856],[-84.63819258,9.77858531],[-84.63819354,9.77860909],[-84.63820107,9.77863719],[-84.6382055,9.77866449],[-84.63821093,9.77869567],[-84.63821573,9.7787236],[-84.63822535,9.77875351],[-84.63823133,9.77878017],[-84.63823704,9.77880909],[-84.63824356,9.77883331],[-84.63825035,9.77885934],[-84.63825477,9.77888166],[-84.6382591,9.77890525],[-84.63826644,9.77893001],[-84.63827278,9.77895685],[-84.63827948,9.77898125],[-84.63828564,9.77900837],[-84.63829608,9.77903511],[-84.63830341,9.77905743],[-84.63831148,9.77908219],[-84.63831928,9.77910803],[-84.6383268,9.77913252],[-84.63833195,9.7791562],[-84.63833856,9.77918249],[-84.63834354,9.77921133],[-84.63834331,9.77923637],[-84.63834875,9.77926511],[-84.63835235,9.77929106],[-84.63835951,9.77931853],[-84.63836321,9.77934375],[-84.63836818,9.77936896],[-84.63837241,9.77939156],[-84.63837492,9.77941479],[-84.63838309,9.77944814],[-84.63839062,9.7794738],[-84.63839641,9.77949712],[-84.63840128,9.77951944],[-84.63840644,9.77954674],[-84.63841068,9.77957476],[-84.63841538,9.77960106],[-84.63841908,9.7796299],[-84.63842269,9.779659],[-84.6384293,9.77968295],[-84.63843409,9.77970961],[-84.63843961,9.77973636],[-84.63844358,9.77976375],[-84.63844683,9.77979277],[-84.63844879,9.77981926],[-84.63845076,9.77984656],[-84.63845265,9.77988064],[-84.63845315,9.77990334],[-84.63845356,9.77992802],[-84.63845315,9.77995252],[-84.63845384,9.77997982],[-84.63845434,9.78000378],[-84.63845841,9.78003406],[-84.63846265,9.78005711],[-84.6384658,9.78008324],[-84.63846967,9.78010565],[-84.63847537,9.78013412],[-84.63847906,9.7801569],[-84.63848403,9.78017967],[-84.63849045,9.78020263],[-84.63849989,9.7802291],[-84.63864424,9.7806423],[-84.63873191,9.78091609],[-84.63884743,9.78126713],[-84.63885797,9.78129604],[-84.63887134,9.78133245],[-84.63888893,9.78137519],[-84.63892764,9.78145839],[-84.63894878,9.78149894],[-84.63899423,9.78157833],[-84.63904378,9.78165527],[-84.63907888,9.78170529],[-84.63915381,9.7818028],[-84.63924471,9.78190869],[-84.63930874,9.78197728],[-84.63935276,9.78202232],[-84.63944353,9.78211066],[-84.63958506,9.78224023],[-84.63968203,9.78232522],[-84.63987869,9.78249374],[-84.6400981,9.78268492],[-84.64023918,9.78281566],[-84.64027735,9.7828532],[-84.64030721,9.78288253],[-84.64040531,9.78298533],[-84.64049758,9.78309166],[-84.64054125,9.78314628],[-84.64056043,9.78316541],[-84.64057941,9.78317867],[-84.64059628,9.78318044],[-84.64061021,9.78317373],[-84.64061976,9.7831606],[-84.6406221,9.78314423],[-84.64062267,9.78311086],[-84.64062573,9.78308807],[-84.6406297,9.78306546],[-84.64063503,9.78304339],[-84.640643,9.78301806],[-84.64065253,9.78299761],[-84.64066717,9.78297633],[-84.64068564,9.78295921],[-84.64070484,9.78294335],[-84.64072614,9.78292812],[-84.64074618,9.78291651],[-84.64076903,9.78290553],[-84.64079044,9.78289681],[-84.64081403,9.78288799],[-84.64083635,9.78288271],[-84.64085967,9.78287661],[-84.64088308,9.78286797],[-84.64090512,9.78285645],[-84.64092852,9.78284302],[-84.64095247,9.78282869],[-84.64097204,9.78281591],[-84.64099005,9.78279815],[-84.64101008,9.78278283],[-84.64103295,9.78277755],[-84.641056,9.78277488],[-84.64108006,9.78277203],[-84.64110622,9.7827709],[-84.64113229,9.78277058],[-84.64115589,9.78276457],[-84.64117757,9.78275729],[-84.64119595,9.78274334],[-84.64120384,9.78272298],[-84.64120152,9.78269947],[-84.64119309,9.7826777],[-84.64118257,9.78265493],[-84.64116757,9.782632],[-84.64115021,9.78260762],[-84.64113813,9.78258459],[-84.64113052,9.7825629],[-84.64112456,9.78254067],[-84.6411134,9.78251999],[-84.64110023,9.78249795],[-84.64108724,9.78247637],[-84.64107253,9.78245605],[-84.64105609,9.78243954],[-84.64103682,9.78242239],[-84.64102038,9.7824047],[-84.64101333,9.78238582],[-84.6410141,9.78236321],[-84.64101862,9.78233934],[-84.6410224,9.78231537],[-84.64102855,9.78229257],[-84.64103927,9.78226995],[-84.6410529,9.78225012],[-84.64106991,9.78223083],[-84.64108674,9.78221426],[-84.64110612,9.78219568],[-84.64112542,9.78218154],[-84.64114918,9.78216866],[-84.64116967,9.78215578],[-84.64118704,9.78213839],[-84.64120268,9.78211856],[-84.64121878,9.78209945],[-84.64123835,9.78208431],[-84.64125811,9.78207252],[-84.64128151,9.78206145],[-84.64130574,9.78205345],[-84.64133052,9.78204454],[-84.6413543,9.78203663],[-84.64137432,9.78202258],[-84.64138559,9.7820052],[-84.6413932,9.78198213],[-84.64139398,9.78195708],[-84.6413901,9.78193457],[-84.64138915,9.78191161],[-84.64139566,9.78188465],[-84.64140409,9.78186285],[-84.64141736,9.78183868],[-84.64143272,9.78181876],[-84.64144919,9.78180029],[-84.64146556,9.78178136],[-84.64148102,9.78176433],[-84.64150022,9.7817473],[-84.64152061,9.7817327],[-84.64154092,9.781722],[-84.64156634,9.78171526],[-84.64159285,9.78171231],[-84.64161811,9.78171317],[-84.64164109,9.78172045],[-84.64166354,9.78173289],[-84.64168316,9.78174578],[-84.64170397,9.78175939],[-84.64172359,9.78177111],[-84.64174877,9.781782],[-84.64177111,9.78178901],[-84.64179655,9.78179439],[-84.64182464,9.78179904],[-84.64185518,9.78180115],[-84.64188189,9.78180164],[-84.64191389,9.78180529],[-84.64193768,9.78180714],[-84.64196257,9.78181089],[-84.64198947,9.78181355],[-84.6420129,9.78181595],[-84.64203688,9.78181871],[-84.64206058,9.7818193],[-84.64208419,9.78182142],[-84.6421121,9.78182878],[-84.64213745,9.78183371],[-84.64216015,9.78183891],[-84.64218286,9.78184483],[-84.6422074,9.7818541],[-84.64223075,9.7818621],[-84.64225264,9.7818692],[-84.64227417,9.78187811],[-84.64229734,9.78188937],[-84.64231788,9.7819028],[-84.64234015,9.78191913],[-84.64236051,9.78193455],[-84.64238077,9.78195033],[-84.64240186,9.78196901],[-84.64242004,9.78198832],[-84.64243557,9.78200873],[-84.64244974,9.78202977],[-84.64246455,9.78205053],[-84.64247453,9.78207176],[-84.6424826,9.78209941],[-84.64248693,9.78212427],[-84.64248634,9.78214778],[-84.64248156,9.78217518],[-84.64247122,9.78219925],[-84.64245667,9.78221727],[-84.64243856,9.78223467],[-84.64241972,9.78224745],[-84.64239841,9.7822578],[-84.64237326,9.78226481],[-84.6423493,9.78226938],[-84.64232287,9.78227277],[-84.64229908,9.78227218],[-84.64227256,9.78227386],[-84.64224831,9.78227083],[-84.64222241,9.78226681],[-84.64219815,9.78226017],[-84.64217352,9.7822509],[-84.64214798,9.78224019],[-84.6421289,9.78222766],[-84.64210919,9.78221305],[-84.64208874,9.78219636],[-84.64206993,9.78218157],[-84.64201205,9.78213331],[-84.6419509,9.78209427],[-84.64192663,9.78208157],[-84.64190301,9.78207212],[-84.64188112,9.78206502],[-84.6418574,9.78205873],[-84.64183488,9.78205453],[-84.64181154,9.78205258],[-84.64178666,9.78205245],[-84.6417626,9.7820553],[-84.64173755,9.78206285],[-84.64171834,9.78207618],[-84.6417027,9.78209836],[-84.64169527,9.78211989],[-84.64169285,9.78214313],[-84.64169855,9.78216762],[-84.64170552,9.78218967],[-84.64170939,9.78221218],[-84.64171126,9.78223695],[-84.64171086,9.78226271],[-84.64170744,9.78228858],[-84.64170247,9.78231128],[-84.64169651,9.78233616],[-84.64169008,9.78235923],[-84.6416811,9.78238375],[-84.64167476,9.782406],[-84.64166916,9.78242916],[-84.64166957,9.78245302],[-84.64167672,9.78247724],[-84.64168752,9.78249856],[-84.64170078,9.78251906],[-84.64171804,9.78253738],[-84.64175172,9.78256119],[-84.64178694,9.78258146],[-84.64180975,9.782592],[-84.64183456,9.78260099],[-84.64185791,9.78260701],[-84.6418808,9.78261275],[-84.64190706,9.78261939],[-84.64193406,9.78262621],[-84.64195658,9.78263168],[-84.64197984,9.78263806],[-84.64200693,9.78264651],[-84.64203219,9.78265586],[-84.64205965,9.78266576],[-84.64208218,9.78267367],[-84.64210817,9.78268266],[-84.64213107,9.78269003],[-84.64215643,9.78269939],[-84.64217987,9.78270712],[-84.64220258,9.78271431],[-84.64222766,9.78272267],[-84.64225329,9.78273103],[-84.64227545,9.78273831],[-84.64229762,9.78274677],[-84.64232034,9.7827564],[-84.64234342,9.78276956],[-84.64236606,9.78278489],[-84.64238796,9.78280049],[-84.64240996,9.78281536],[-84.64242913,9.78282844],[-84.64244939,9.78284341],[-84.64246674,9.78285847],[-84.64248719,9.78287634],[-84.64250372,9.7828933],[-84.64251944,9.78291262],[-84.64253571,9.78293673],[-84.64254578,9.78295724],[-84.64255639,9.78298],[-84.64256337,9.78300576],[-84.64256414,9.78302908],[-84.64255872,9.78305432],[-84.64255065,9.78307621],[-84.64253794,9.78310002],[-84.64252448,9.78311957],[-84.64250902,9.78313669],[-84.64248836,9.783154],[-84.64246578,9.78316516],[-84.64244191,9.78317135],[-84.6424163,9.78317357],[-84.64239252,9.78317669],[-84.64236901,9.78318478],[-84.64234724,9.78319278],[-84.64232238,9.7832025],[-84.6422955,9.78320961],[-84.64227016,9.78321002],[-84.642245,9.78320844],[-84.64222165,9.78320043],[-84.64220066,9.78318537],[-84.64218421,9.78316524],[-84.64217196,9.78314375],[-84.64216061,9.78312207],[-84.64214389,9.78310167],[-84.64212307,9.78308317],[-84.64210126,9.78306793],[-84.64207999,9.78305441],[-84.64205955,9.78304215],[-84.64203884,9.78303017],[-84.64201548,9.783018],[-84.64199277,9.78301081],[-84.64196697,9.78300969],[-84.641944,9.78300837],[-84.64191801,9.78300553],[-84.64189258,9.78300621],[-84.64186587,9.78300328],[-84.64183987,9.78299311],[-84.64181359,9.78297788],[-84.64178841,9.78296409],[-84.64176468,9.78295175],[-84.64174233,9.78293986],[-84.6417187,9.78292679],[-84.64169707,9.78291381],[-84.64167325,9.78289975],[-84.64165044,9.78288669],[-84.64162863,9.78287525],[-84.64160436,9.78286254],[-84.64158174,9.78285454],[-84.64155858,9.7828507],[-84.64153314,9.78284939],[-84.64150598,9.78284899],[-84.64147992,9.78285175],[-84.64145741,9.78285604],[-84.641434,9.78286711],[-84.64141653,9.78288161],[-84.64140035,9.7829047],[-84.64138654,9.78293013],[-84.64137692,9.78295185],[-84.64136895,9.78297546],[-84.64136252,9.78299853],[-84.64135628,9.78302205],[-84.64134894,9.78304648],[-84.64134406,9.78306972],[-84.64133901,9.7830993],[-84.64133596,9.78312408],[-84.64133283,9.78315211],[-84.64132841,9.78318015],[-84.6413239,9.78320276],[-84.64131784,9.78322601],[-84.64131159,9.78324998],[-84.64130617,9.78327404],[-84.64130357,9.78329746],[-84.64130271,9.78332215],[-84.64130075,9.78334765],[-84.64129916,9.78337387],[-84.64129338,9.78340336],[-84.6412855,9.78342751],[-84.64127124,9.7834543],[-84.64125269,9.78347658],[-84.64123349,9.78349605],[-84.64121411,9.78351463],[-84.64119646,9.7835331],[-84.64118101,9.78355302],[-84.64116292,9.78357892],[-84.64114856,9.78360037],[-84.64113383,9.78362237],[-84.64112048,9.78364608],[-84.64111159,9.78366789],[-84.64110652,9.78369014],[-84.64110292,9.78371465],[-84.64110106,9.78374187],[-84.64109764,9.78376475],[-84.64109167,9.78378773],[-84.64108479,9.78381206],[-84.64108429,9.78383611],[-84.64108379,9.78385899],[-84.64108511,9.78388584],[-84.64108936,9.78391133],[-84.64111688,9.78405268],[-84.64113608,9.78413068],[-84.64113987,9.78415562],[-84.64114538,9.78417993],[-84.64115181,9.78420207],[-84.64115787,9.78422675],[-84.64116475,9.78425205],[-84.64117145,9.78427392],[-84.64117761,9.78430076],[-84.64118312,9.78432389],[-84.64118618,9.78434984],[-84.64101119,9.78440016],[-84.64083619,9.78445047],[-84.64018366,9.78481793],[-84.63950289,9.78526996],[-84.63873291,9.78583345],[-84.63734647,9.78636331],[-84.6364759,9.78658092],[-84.63575622,9.78648836],[-84.6350932,9.78632057],[-84.63453406,9.78602113],[-84.63397452,9.78550569],[-84.6334528,9.78496202],[-84.63316807,9.78458693],[-84.63257019,9.78381802],[-84.63180234,9.78328419],[-84.63084505,9.78269437],[-84.62945228,9.78210535],[-84.62846654,9.7814874],[-84.62763219,9.78082222],[-84.62660794,9.77985689],[-84.62592461,9.77894727],[-84.62553585,9.77861931],[-84.62510973,9.77856376],[-84.62456084,9.77866806],[-84.62399361,9.77909168],[-84.62339861,9.7798534],[-84.6228319,9.78055873],[-84.62194386,9.78155575],[-84.62098925,9.78240264],[-84.62013781,9.78272347],[-84.61872795,9.78312044],[-84.61814175,9.78353469],[-84.61772619,9.78407071],[-84.61724447,9.78467258],[-84.61708467,9.78529264],[-84.61702948,9.78616606],[-84.61740077,9.78728285],[-84.6177809,9.78806158],[-84.61833205,9.78916865],[-84.61856104,9.79012607],[-84.61864788,9.79100862],[-84.61848763,9.79138453],[-84.61815922,9.79149593],[-84.6177589,9.79152672],[-84.61695399,9.79142489],[-84.61622471,9.79126657],[-84.61567523,9.79106098],[-84.61534356,9.79089255],[-84.61469016,9.79080922],[-84.61410329,9.79086662],[-84.61347875,9.79103678],[-84.6128735,9.79139471],[-84.61243897,9.79192137],[-84.61219357,9.79233499],[-84.61160067,9.79427051],[-84.61127132,9.79536979],[-84.61042135,9.79651697],[-84.60920194,9.79756151],[-84.60795457,9.79885025],[-84.60681144,9.80019514],[-84.60604555,9.80074116],[-84.6060182735918,9.800753242481314],[-84.60581569668355,9.800433384205135]]]]}}
]
}
