{
"type": "FeatureCollection",
"name": "Atlantis",
"crs": { "type": "name", "properties": { "name": "urn:ogc:def:crs:OGC:1.3:CRS84" } },
"features": [
{ "type": "Feature", "properties": { "fid": 11, "nombre": "COLÓN (parte)" }, "geometry": { "type": "Polygon", "coordinates": [ [ [ -84.099048247268712, 9.925632665428626 ], [ -84.09904939993875, 9.925632488771258 ], [ -84.099045912781364, 9.925633137200695 ], [ -84.099048247268712, 9.925632665428626 ] ] ] } },
{ "type": "Feature", "properties": { "fid": 12, "nombre": "COLÓN (parte)" }, "geometry": { "type": "Polygon", "coordinates": [ [ [ -84.099116316984066, 9.925622813162166 ], [ -84.09912030020088, 9.925622001831378 ], [ -84.099115805409568, 9.92562293809147 ], [ -84.099116316984066, 9.925622813162166 ] ] ] } },
{ "type": "Feature", "properties": { "fid": 26, "nombre": "Area" }, "geometry": { "type": "Polygon", "coordinates": [ [ [ -84.10177748215456, 9.942989465303457 ], [ -84.101578411621702, 9.942977357219707 ], [ -84.101504187171443, 9.942973381419559 ], [ -84.100833806865168, 9.942937470793236 ], [ -84.10058134047604, 9.942915336287749 ], [ -84.10043977914917, 9.942895459540466 ], [ -84.100300685375771, 9.942871383849505 ], [ -84.100134390791695, 9.94282910680014 ], [ -84.099963123981581, 9.94277489406447 ], [ -84.099753427486846, 9.942689618471293 ], [ -84.099556792530365, 9.942590972250947 ], [ -84.099390038015585, 9.942480587916609 ], [ -84.099261656586791, 9.94238570798438 ], [ -84.099167748746396, 9.942304339015969 ], [ -84.099039381287639, 9.942179684988046 ], [ -84.098945901336663, 9.942074198424091 ], [ -84.098827436033744, 9.941917119917346 ], [ -84.09870089551444, 9.941710062949729 ], [ -84.098535567130639, 9.941334492986757 ], [ -84.09844653434962, 9.941350323483919 ], [ -84.098437564363479, 9.941352078438092 ], [ -84.098437036277844, 9.941345871342886 ], [ -84.098432627638985, 9.941294071709665 ], [ -84.098431214529512, 9.941277460383498 ], [ -84.098425349769272, 9.941208547612032 ], [ -84.098413440872804, 9.941068614458391 ], [ -84.098405439075378, 9.940974594821427 ], [ -84.098396460740005, 9.940869099516533 ], [ -84.098390769889022, 9.940802235581573 ], [ -84.098386512275937, 9.940752206301687 ], [ -84.098380405000171, 9.940680438172606 ], [ -84.098379666417159, 9.940671761801418 ], [ -84.098375004281323, 9.940616983844325 ], [ -84.098373027406424, 9.940593763068406 ], [ -84.098359119260252, 9.939794155689613 ], [ -84.098358204296375, 9.93974153221277 ], [ -84.098354040612193, 9.939502212935629 ], [ -84.098327688954072, 9.938906152754114 ], [ -84.098304528917197, 9.938232136125817 ], [ -84.098291467206323, 9.937963201850282 ], [ -84.098259236074028, 9.937299614940407 ], [ -84.098233027100719, 9.936682250144836 ], [ -84.098225898852903, 9.936009496387992 ], [ -84.098223798024293, 9.935845786482549 ], [ -84.098218774773159, 9.93545451132133 ], [ -84.098195686454503, 9.934823466976644 ], [ -84.098171036027793, 9.934164984563182 ], [ -84.098136020223805, 9.933537600197241 ], [ -84.098132416037629, 9.933164182285465 ], [ -84.098136462857525, 9.933143903770288 ], [ -84.098219457183959, 9.932728093818913 ], [ -84.098286185195946, 9.932373466002797 ], [ -84.098309118022087, 9.932251583710345 ], [ -84.098510907394555, 9.931265017718394 ], [ -84.098567794792416, 9.930911178453698 ], [ -84.098586066933166, 9.930797525620298 ], [ -84.098605036050117, 9.9306267803065 ], [ -84.098605038777407, 9.930626751371662 ], [ -84.098643704572353, 9.930278700633902 ], [ -84.098780970136858, 9.929068902867833 ], [ -84.098829133932156, 9.928639278805125 ], [ -84.098896439512941, 9.9280260933505 ], [ -84.098925975474558, 9.927752563033481 ], [ -84.09895825723089, 9.927466556807524 ], [ -84.099017034471601, 9.926925978355817 ], [ -84.099148594699173, 9.925612537458241 ], [ -84.09915152725614, 9.925611471456531 ], [ -84.099165635324653, 9.925605338692074 ], [ -84.099167558337513, 9.925604274797227 ], [ -84.099170515519802, 9.925603216925772 ], [ -84.099172282716495, 9.92560258437506 ], [ -84.099174039822543, 9.925601755618333 ], [ -84.099177993538817, 9.925599890011419 ], [ -84.099183155592542, 9.925597973412419 ], [ -84.099191507341445, 9.925594873190677 ], [ -84.099194131537672, 9.92559342028702 ], [ -84.099196755733871, 9.92559196738336 ], [ -84.09920445721194, 9.925588734437932 ], [ -84.099208001610251, 9.925587381626832 ], [ -84.099211542361218, 9.925586030625164 ], [ -84.099219806456702, 9.925582584124342 ], [ -84.099222469845671, 9.925581059777953 ], [ -84.099225132322644, 9.925579535431813 ], [ -84.09923466463286, 9.925575001720322 ], [ -84.099248121695481, 9.925569332993964 ], [ -84.099250394843551, 9.92556807459439 ], [ -84.099252201143813, 9.92556707493101 ], [ -84.099254675036477, 9.925566189901964 ], [ -84.099257765350487, 9.925565084068335 ], [ -84.099259753101364, 9.925563983986237 ], [ -84.099262762082233, 9.925562319387948 ], [ -84.099269673977389, 9.92555968253523 ], [ -84.099281792947053, 9.925553216709204 ], [ -84.099288856897729, 9.925549775987211 ], [ -84.099289760463549, 9.925549142787444 ], [ -84.099292880546841, 9.925546957343238 ], [ -84.099304215735856, 9.925542182581584 ], [ -84.099315363551725, 9.925536013615918 ], [ -84.099317418750786, 9.925534791448015 ], [ -84.099319472125373, 9.925533567472266 ], [ -84.099325309832011, 9.925531283570271 ], [ -84.099332263651306, 9.925528563518466 ], [ -84.099335672004969, 9.925526677274945 ], [ -84.099339078534967, 9.925524791936118 ], [ -84.099345680879054, 9.925520848620742 ], [ -84.099345806707746, 9.925520774439963 ], [ -84.099348956891745, 9.925518610686844 ], [ -84.099353202444888, 9.925516779350565 ], [ -84.09935498781735, 9.925515938830079 ], [ -84.099361536614964, 9.925512857222184 ], [ -84.09936391370897, 9.925511541827156 ], [ -84.099366288979283, 9.925510227336821 ], [ -84.099375421913152, 9.925505918882733 ], [ -84.099377212755911, 9.925505073839554 ], [ -84.099377911208336, 9.925504702010912 ], [ -84.099382951737766, 9.925502021405327 ], [ -84.099385403700992, 9.925500998945118 ], [ -84.099388634383331, 9.925499650746071 ], [ -84.099396767946374, 9.925495814574214 ], [ -84.099399898070686, 9.925493664389387 ], [ -84.099402738250376, 9.925491713212061 ], [ -84.099405728940951, 9.925489884055544 ], [ -84.099410724060718, 9.925487830065849 ], [ -84.099419373723919, 9.925483758651337 ], [ -84.099425960631294, 9.92548004229034 ], [ -84.09942987579393, 9.925477353880089 ], [ -84.099432870257544, 9.925475940649084 ], [ -84.099436457472606, 9.925474444056871 ], [ -84.099439152899294, 9.925473320254916 ], [ -84.099448838406019, 9.925468762078818 ], [ -84.099454131260458, 9.925465127478128 ], [ -84.099459424114258, 9.925461491068967 ], [ -84.09947022172075, 9.925455290555462 ], [ -84.099473460511177, 9.925453615036844 ], [ -84.099473534368514, 9.925453576134812 ], [ -84.099476697477357, 9.925451938614549 ], [ -84.09947749986533, 9.925451473623417 ], [ -84.099486049856012, 9.9254465188443 ], [ -84.099489878707359, 9.925444910964593 ], [ -84.099490088432589, 9.92544482319604 ], [ -84.099495916813169, 9.925441864769002 ], [ -84.099497842586075, 9.925440887673561 ], [ -84.099498699725928, 9.925440535689743 ], [ -84.099505757450871, 9.925437633861575 ], [ -84.09950822107983, 9.925435985698355 ], [ -84.099510684708775, 9.925434337535121 ], [ -84.099516392710299, 9.925431380951833 ], [ -84.099520488508176, 9.925428916725725 ], [ -84.099523952673295, 9.925427638982811 ], [ -84.099526552392774, 9.925426679770922 ], [ -84.099533894426216, 9.925423037327141 ], [ -84.099536597947576, 9.925421541900397 ], [ -84.099538400598846, 9.925420544044938 ], [ -84.099547694010639, 9.925416159586668 ], [ -84.099555239659537, 9.925413338085407 ], [ -84.099561115691074, 9.925411140970073 ], [ -84.099563339599015, 9.925409909708662 ], [ -84.099565687513532, 9.925408610596282 ], [ -84.099569672364495, 9.925407183507099 ], [ -84.099570583317984, 9.925406857728579 ], [ -84.099571910941648, 9.925406209935101 ], [ -84.099576267662613, 9.925404083797437 ], [ -84.099579740034088, 9.925402803338933 ], [ -84.099583212405548, 9.925401522880394 ], [ -84.099590948403957, 9.925397873084833 ], [ -84.099594054004953, 9.925396060167916 ], [ -84.099595600422788, 9.925395157328101 ], [ -84.099598768133987, 9.925393664475544 ], [ -84.099606296513926, 9.925391039187227 ], [ -84.099612350403618, 9.925388927916099 ], [ -84.099616819290148, 9.925386783660823 ], [ -84.099618591890732, 9.925385933196644 ], [ -84.099621807067322, 9.925384584095776 ], [ -84.099623253258386, 9.925383976955361 ], [ -84.099625876604094, 9.925382739245533 ], [ -84.099628939453694, 9.925381294345845 ], [ -84.099631509944558, 9.925380185950681 ], [ -84.09963154459453, 9.925380170569184 ], [ -84.099634080435138, 9.925379076651328 ], [ -84.099643123384126, 9.925375782716561 ], [ -84.09964765227015, 9.925373010935996 ], [ -84.099649672808241, 9.92537177521354 ], [ -84.099652749335178, 9.925370323980241 ], [ -84.099657468228301, 9.925368606427231 ], [ -84.099658222339414, 9.925368332233873 ], [ -84.099661102822267, 9.925366974190229 ], [ -84.099663981480887, 9.925365615242915 ], [ -84.09966977451802, 9.925363404587516 ], [ -84.099670539567228, 9.925363112307098 ], [ -84.09967343650824, 9.925361896216092 ], [ -84.099676331625332, 9.925360680125609 ], [ -84.099687505207498, 9.925355319484771 ], [ -84.099700827287506, 9.925349667055848 ], [ -84.099704671483039, 9.925347540164765 ], [ -84.099706046494134, 9.925346779333056 ], [ -84.099707916664784, 9.925345897192781 ], [ -84.099711956999158, 9.92534399086535 ], [ -84.099722986141927, 9.925337480138126 ], [ -84.099735419905429, 9.92533162091282 ], [ -84.099739941561396, 9.925329070659433 ], [ -84.099740236075277, 9.925328904201072 ], [ -84.099742864877925, 9.925327620375093 ], [ -84.099742906822513, 9.925327601374647 ], [ -84.099745998834479, 9.925326092267818 ], [ -84.09974980287268, 9.925323865023197 ], [ -84.099753615427474, 9.925322658605177 ], [ -84.099755773838552, 9.925321975300417 ], [ -84.099759184011305, 9.925320088147881 ], [ -84.099762594184, 9.925318200995296 ], [ -84.099833514656154, 9.925281405621588 ], [ -84.099843073398375, 9.92527687911852 ], [ -84.099845360127091, 9.925275308765757 ], [ -84.099847645031858, 9.925273738413502 ], [ -84.099856281898383, 9.925269607315123 ], [ -84.09985925735414, 9.925268679635364 ], [ -84.099862229162028, 9.925267751956683 ], [ -84.099868505340524, 9.925264893754772 ], [ -84.099868892871527, 9.925264717322515 ], [ -84.099874648468145, 9.925262352058468 ], [ -84.099880370350547, 9.925260080839998 ], [ -84.099881517478252, 9.92525967723004 ], [ -84.099888393861235, 9.925257257380521 ], [ -84.099892034810509, 9.925255539241189 ], [ -84.099894450256386, 9.925254400147796 ], [ -84.099899066060175, 9.925252568694335 ], [ -84.099902906886911, 9.92525137040389 ], [ -84.099912339702612, 9.925249608945748 ], [ -84.099917061582062, 9.925248727762874 ], [ -84.099921138528515, 9.925247269899666 ], [ -84.099921174090966, 9.925247256326225 ], [ -84.099925213650465, 9.92524581022858 ], [ -84.099937913921124, 9.925240679692557 ], [ -84.099947016168798, 9.925237477959207 ], [ -84.099950560341114, 9.925235402693517 ], [ -84.099954102689466, 9.925233327428314 ], [ -84.099971750135367, 9.925224448457652 ], [ -84.099983823781201, 9.92521897361082 ], [ -84.099995284843018, 9.925214341650216 ], [ -84.099998848415396, 9.925213088285842 ], [ -84.100002411987731, 9.925211834921448 ], [ -84.100010503775437, 9.925208622637513 ], [ -84.100013499111185, 9.925207094569101 ], [ -84.100016889266072, 9.925205365652971 ], [ -84.100020299597716, 9.925204011064944 ], [ -84.100023274063602, 9.925202830211171 ], [ -84.100028521599569, 9.925200152246749 ], [ -84.100030279592659, 9.925199255671126 ], [ -84.10003603145951, 9.925196628190669 ], [ -84.100041783326006, 9.925193999805925 ], [ -84.10005354076344, 9.925189332491549 ], [ -84.100057492775349, 9.925187893651941 ], [ -84.1000607435614, 9.925186698248348 ], [ -84.100066531097866, 9.925184411635916 ], [ -84.100074079614487, 9.925182056683603 ], [ -84.100089731983843, 9.925174181951828 ], [ -84.100093740249335, 9.925171795505122 ], [ -84.100097748514784, 9.925169409058382 ], [ -84.100108934130574, 9.925161676712708 ], [ -84.100122501659357, 9.925153502411236 ], [ -84.100126005485734, 9.925150711038212 ], [ -84.100128677802829, 9.925148581779679 ], [ -84.100129882256041, 9.925147758608153 ], [ -84.100135087573477, 9.92514420359152 ], [ -84.100141107570067, 9.925138622044342 ], [ -84.100141389287259, 9.925138360649619 ], [ -84.100143129804053, 9.925136975816688 ], [ -84.100144868496358, 9.925135589175905 ], [ -84.10015368096812, 9.92513015417717 ], [ -84.100157547878908, 9.925127769580321 ], [ -84.100160323314185, 9.925125860008608 ], [ -84.100163096925527, 9.925123950437436 ], [ -84.100165426563649, 9.925122543727843 ], [ -84.100169552439041, 9.925120051455002 ], [ -84.100172791946278, 9.925117756560116 ], [ -84.100176029629537, 9.925115461665744 ], [ -84.100179729683475, 9.925113184716949 ], [ -84.100183892927689, 9.925110621906056 ], [ -84.100185211306993, 9.925109571748896 ], [ -84.100189221149222, 9.925106376955792 ], [ -84.100191289113098, 9.925105165629008 ], [ -84.100194345644255, 9.925103952198395 ], [ -84.100201552282215, 9.925101959925112 ], [ -84.100205011852523, 9.925100587236718 ], [ -84.100208470510822, 9.925099214548577 ], [ -84.100213624421272, 9.925097555630032 ], [ -84.100216196817073, 9.925096727528363 ], [ -84.10022236557856, 9.925094530313997 ], [ -84.100223323024139, 9.925094150268496 ], [ -84.100228241558909, 9.925092198462901 ], [ -84.10023470676316, 9.925090181997447 ], [ -84.100249493337373, 9.92508420721777 ], [ -84.100251448290933, 9.925083237342829 ], [ -84.100255449380555, 9.925081252356184 ], [ -84.100259172512622, 9.92507989586383 ], [ -84.10026353030041, 9.92507830770931 ], [ -84.100277892992395, 9.925069932433871 ], [ -84.100292425129879, 9.925060969384393 ], [ -84.100296655725714, 9.925057972541328 ], [ -84.100296698578319, 9.925057940881905 ], [ -84.100300886320923, 9.925054973889818 ], [ -84.100301373174219, 9.925054530691666 ], [ -84.100307120594863, 9.92504929552738 ], [ -84.100309720869305, 9.925047180755991 ], [ -84.100313793080232, 9.925045159579815 ], [ -84.100319997967688, 9.925041809512106 ], [ -84.10032988336215, 9.925037885087239 ], [ -84.100334674411698, 9.925036560825269 ], [ -84.100338787115618, 9.925035744920368 ], [ -84.10034053620565, 9.925035565367532 ], [ -84.100341698115542, 9.925035792875375 ], [ -84.100347385629959, 9.925037482006257 ], [ -84.100353940407246, 9.925039125668011 ], [ -84.100358795304203, 9.925040829514925 ], [ -84.100361228758089, 9.92504193641779 ], [ -84.100364501333928, 9.925043424637135 ], [ -84.100371233225758, 9.925045703890275 ], [ -84.100372416163466, 9.925046104091775 ], [ -84.100375611149303, 9.92504735182002 ], [ -84.100375655840708, 9.925047368986233 ], [ -84.100378894606294, 9.925048634785101 ], [ -84.100385393011635, 9.925050834539247 ], [ -84.100388331762744, 9.925052170050387 ], [ -84.100390804541945, 9.925053640425185 ], [ -84.100394391941848, 9.925055774140775 ], [ -84.100402515091659, 9.92505974109717 ], [ -84.100406120549152, 9.925061278042634 ], [ -84.100409724182754, 9.925062814988586 ], [ -84.100421178316481, 9.925068406678408 ], [ -84.100423955717147, 9.925069961051269 ], [ -84.100426733117303, 9.925071513615732 ], [ -84.100454975430324, 9.925085599650108 ], [ -84.100459284957296, 9.925087246695053 ], [ -84.100463596308245, 9.925088893739415 ], [ -84.100477696533119, 9.92509308404593 ], [ -84.100491380754917, 9.925096788022959 ], [ -84.100496438959937, 9.92509829107701 ], [ -84.100500627181617, 9.925099890235773 ], [ -84.100506920676963, 9.925103007800583 ], [ -84.100512551807739, 9.925105208716392 ], [ -84.100517018481611, 9.925107802399145 ], [ -84.100518447780118, 9.925108630207584 ], [ -84.100520964222838, 9.925109734371832 ], [ -84.100525523736138, 9.925111734878797 ], [ -84.100527734735593, 9.925113049810578 ], [ -84.100529945735047, 9.925114364742347 ], [ -84.100532277178445, 9.925115892122344 ], [ -84.100535602860077, 9.925118070220138 ], [ -84.100538731460674, 9.925119930102525 ], [ -84.100541860061284, 9.925121789984896 ], [ -84.10054733387237, 9.925125463870852 ], [ -84.100548216833474, 9.925126056753914 ], [ -84.100548407463819, 9.925126155253324 ], [ -84.100554527695962, 9.925129301803215 ], [ -84.100556485236424, 9.925130834720321 ], [ -84.10056061047662, 9.925135236882497 ], [ -84.100567839760529, 9.925141714131035 ], [ -84.100573255566118, 9.925146566191966 ], [ -84.100575057986944, 9.925147817048579 ], [ -84.100579648869314, 9.925151002032718 ], [ -84.100582130998475, 9.925153221975778 ], [ -84.100584342480502, 9.925156116524862 ], [ -84.100587521442591, 9.925161629314427 ], [ -84.100589714963078, 9.925165433482793 ], [ -84.100593810776545, 9.925169033637905 ], [ -84.100597908414031, 9.925172633792421 ], [ -84.10060632666864, 9.925181342221315 ], [ -84.100608526313493, 9.925184295546051 ], [ -84.100610726870329, 9.925187248870502 ], [ -84.100620077634929, 9.925200525885167 ], [ -84.100625932720718, 9.92520742218424 ], [ -84.100630024273158, 9.925211997959879 ], [ -84.100630997843965, 9.92521365504574 ], [ -84.100634605620897, 9.925219792500574 ], [ -84.100643752332033, 9.925230818145691 ], [ -84.100647146469484, 9.925236168116083 ], [ -84.100652658975278, 9.925244102526225 ], [ -84.100658972285132, 9.925252364012204 ], [ -84.100670198331883, 9.925263577103541 ], [ -84.100672245611761, 9.925266307138964 ], [ -84.100674292891668, 9.925269037174356 ], [ -84.100681531002181, 9.925277523525189 ], [ -84.100688425978916, 9.925285237801678 ], [ -84.100694601654183, 9.925290744265043 ], [ -84.100704427003848, 9.925302207331987 ], [ -84.100711195448326, 9.925310673026878 ], [ -84.100720083097116, 9.925318486164867 ], [ -84.100725786050617, 9.925322926731067 ], [ -84.100737897887313, 9.925335018425429 ], [ -84.100742102114296, 9.925338246020313 ], [ -84.100746309077252, 9.925341473614306 ], [ -84.100754096162675, 9.925346876514801 ], [ -84.10075588484392, 9.92534792483624 ], [ -84.100759794220338, 9.925350214875731 ], [ -84.100763018796471, 9.925352780898576 ], [ -84.100765956946404, 9.9253551191519 ], [ -84.100772179341391, 9.925358319918343 ], [ -84.100774052809371, 9.925359283220482 ], [ -84.100776187250759, 9.925360742843786 ], [ -84.100778321691877, 9.925362201562891 ], [ -84.100780943310994, 9.925364279504862 ], [ -84.10078492043688, 9.925367432119787 ], [ -84.100787126919343, 9.925368878158539 ], [ -84.100790554765879, 9.925371124037163 ], [ -84.100793785727845, 9.925373695482921 ], [ -84.100797415315057, 9.925376584179048 ], [ -84.100801728645266, 9.925378721288697 ], [ -84.100804816110525, 9.925380251152001 ], [ -84.100808127216808, 9.92538246722733 ], [ -84.100811836293857, 9.925385842352973 ], [ -84.100816994078301, 9.925390880750287 ], [ -84.100818395273322, 9.925392249270743 ], [ -84.100821772287944, 9.925395271862497 ], [ -84.100825147478687, 9.925398294454766 ], [ -84.100837290459268, 9.925407832706938 ], [ -84.100840404863234, 9.925410968401096 ], [ -84.100843282379117, 9.925414831134225 ], [ -84.100846128875574, 9.925418652283998 ], [ -84.100854308023699, 9.925426756780229 ], [ -84.100857783449186, 9.925429511702129 ], [ -84.100861257962478, 9.925432265720076 ], [ -84.100866664648393, 9.925437087940592 ], [ -84.100868910565282, 9.925439250084436 ], [ -84.100871156482228, 9.925441412228263 ], [ -84.100873648991964, 9.925444758785185 ], [ -84.10087656665128, 9.925448674853087 ], [ -84.100880347926605, 9.925452545451671 ], [ -84.100884131025964, 9.925456416049647 ], [ -84.100896057250026, 9.925466892008611 ], [ -84.100906618124142, 9.925479887447999 ], [ -84.100909742602852, 9.925483159670941 ], [ -84.100912868905553, 9.925486431893322 ], [ -84.100918851235363, 9.925491884159278 ], [ -84.10092098768186, 9.925493930599545 ], [ -84.100923118658272, 9.925495982466581 ], [ -84.100927152229588, 9.925501788856822 ], [ -84.100932464938978, 9.925509437598642 ], [ -84.10093630645153, 9.925513459177937 ], [ -84.100940147964181, 9.925517480757204 ], [ -84.1009432366114, 9.925519885873587 ], [ -84.100946177485042, 9.925522175298267 ], [ -84.100948462738259, 9.925524731656019 ], [ -84.100950747991504, 9.925527288013754 ], [ -84.100958255735449, 9.925534727226564 ], [ -84.100972073924027, 9.925546983864868 ], [ -84.100976019799774, 9.925549329046287 ], [ -84.100979963851628, 9.925551674228226 ], [ -84.100990546670673, 9.925558886466893 ], [ -84.100993909108524, 9.925561946132989 ], [ -84.100997271546419, 9.925565005799028 ], [ -84.101008344579839, 9.925570837193208 ], [ -84.101012677004249, 9.925572775372782 ], [ -84.101017007604753, 9.925574713552866 ], [ -84.101025982022989, 9.925576963182881 ], [ -84.101029552688303, 9.925578023624501 ], [ -84.10103312152971, 9.925579084066632 ], [ -84.101048624006268, 9.925582043325257 ], [ -84.101053562425918, 9.925582476751558 ], [ -84.101058502668948, 9.925582908368867 ], [ -84.101129148774447, 9.925582510923823 ], [ -84.101162047712336, 9.925578971045523 ], [ -84.101168828807332, 9.925578086511088 ], [ -84.101170170225089, 9.925577820274798 ], [ -84.101174648608762, 9.92557693100999 ], [ -84.101182452988041, 9.925576243279604 ], [ -84.101191252784119, 9.925574095887953 ], [ -84.101198779347556, 9.925571523911684 ], [ -84.101206832799065, 9.925568212149777 ], [ -84.10122105545031, 9.925561155183694 ], [ -84.101226306554622, 9.925558232164361 ], [ -84.101231556746313, 9.925555307336852 ], [ -84.101238403619647, 9.925551836801294 ], [ -84.101244262989567, 9.925548867484391 ], [ -84.10124834150372, 9.925546583176098 ], [ -84.101252418193894, 9.925544298868306 ], [ -84.101266688727804, 9.925532811360888 ], [ -84.101268377145459, 9.925531054012136 ], [ -84.101271101223091, 9.925528218557531 ], [ -84.101275267189223, 9.925525621373177 ], [ -84.101276779847808, 9.92552467784736 ], [ -84.101284305319609, 9.925518559641183 ], [ -84.101286607379677, 9.925516446760771 ], [ -84.101290291588143, 9.925513067598509 ], [ -84.101297386258366, 9.925505797585718 ], [ -84.10130287414276, 9.925498837290839 ], [ -84.101308242126308, 9.925493434045146 ], [ -84.101319283378402, 9.925481904110237 ], [ -84.101325645716358, 9.925474556557925 ], [ -84.101330626769567, 9.925468317958403 ], [ -84.10133548421085, 9.925463430254174 ], [ -84.101341136776043, 9.925458189675926 ], [ -84.101348574234493, 9.925450568733185 ], [ -84.101354929744758, 9.925441781713873 ], [ -84.10135873481687, 9.925437017297135 ], [ -84.101370681852273, 9.925426159803127 ], [ -84.101378627468591, 9.925416209515832 ], [ -84.101382880569801, 9.925409311077845 ], [ -84.101386738705258, 9.925405100008248 ], [ -84.101393242814098, 9.925399115928442 ], [ -84.1014005414401, 9.925390807843076 ], [ -84.101410900657967, 9.92537670840697 ], [ -84.101414607385024, 9.925372426856129 ], [ -84.101420771478303, 9.925366923907054 ], [ -84.101429712065141, 9.925357042035886 ], [ -84.101433273366524, 9.925351386161919 ], [ -84.101436818655969, 9.925347041366464 ], [ -84.101438594185296, 9.925343870743449 ], [ -84.101453605036951, 9.925331793473044 ], [ -84.101457534469077, 9.925328119469182 ], [ -84.101467036968003, 9.925321669727539 ], [ -84.101472144534767, 9.925317599332267 ], [ -84.101479112433921, 9.9253132914764 ], [ -84.101488056328137, 9.925305275848299 ], [ -84.101491721065187, 9.925300871339648 ], [ -84.101499958887985, 9.925295131768086 ], [ -84.10150623475451, 9.925291306053765 ], [ -84.101513257220091, 9.925286509918736 ], [ -84.101526690768068, 9.925275726112572 ], [ -84.101531716100681, 9.92527114939559 ], [ -84.101537277845878, 9.9252671511969 ], [ -84.101542624286253, 9.925262889040201 ], [ -84.101561027449392, 9.925250212164588 ], [ -84.101568073104389, 9.925243728805139 ], [ -84.101577580699285, 9.9252360746794 ], [ -84.101581218679101, 9.925233628650744 ], [ -84.101589311901463, 9.925229202907094 ], [ -84.101598907046153, 9.925221555987726 ], [ -84.101603705842663, 9.925215787617523 ], [ -84.101607137617492, 9.925213014334759 ], [ -84.101611359118905, 9.925210132309944 ], [ -84.101617615799228, 9.925206202617661 ], [ -84.101625462777548, 9.925201735355097 ], [ -84.101631201931667, 9.92519636996766 ], [ -84.101638099425998, 9.925191481640642 ], [ -84.10164366246768, 9.925185781756534 ], [ -84.101648652551702, 9.925182245769779 ], [ -84.101655768675386, 9.925176575252829 ], [ -84.101659705374018, 9.925172819867413 ], [ -84.101664413775168, 9.925169653779038 ], [ -84.101677252845732, 9.925159298732593 ], [ -84.101684572517229, 9.925154214971812 ], [ -84.10168923857141, 9.925149764947889 ], [ -84.101691519822182, 9.925148206338724 ], [ -84.101697142101372, 9.92514533745079 ], [ -84.101706674012533, 9.925139663487423 ], [ -84.101715078125466, 9.925132007884155 ], [ -84.101718072026756, 9.925128815189495 ], [ -84.101721828614231, 9.925126546344353 ], [ -84.101726071988921, 9.925123626335534 ], [ -84.101732252424711, 9.925120873918033 ], [ -84.101752011101169, 9.925109335898524 ], [ -84.101775963215019, 9.925092646345684 ], [ -84.10178789407361, 9.925085599093242 ], [ -84.101797585248761, 9.925078868986459 ], [ -84.1018029403197, 9.925073044384817 ], [ -84.101805453070824, 9.925071041747898 ], [ -84.101817423092129, 9.925063831728531 ], [ -84.101830021903993, 9.925055122372783 ], [ -84.101836929233457, 9.925049617381967 ], [ -84.101842078573497, 9.925045002646767 ], [ -84.101847755193248, 9.92504092303105 ], [ -84.101857895534238, 9.925032803952151 ], [ -84.10186343271495, 9.925029020952449 ], [ -84.10186918031242, 9.925024440394237 ], [ -84.101876883797942, 9.925018980370144 ], [ -84.101887625185384, 9.92500811960735 ], [ -84.101895389237214, 9.925000930755486 ], [ -84.101900099417875, 9.924997636268467 ], [ -84.101908636941502, 9.924990861299678 ], [ -84.10191896064309, 9.924979984387434 ], [ -84.101922372365834, 9.924977263550494 ], [ -84.101927935958784, 9.924973373847424 ], [ -84.101934965457659, 9.924967771165079 ], [ -84.101942476051875, 9.92496080843638 ], [ -84.101947750743705, 9.924954589630541 ], [ -84.101951506838688, 9.924950740260998 ], [ -84.101959967743468, 9.924943927338274 ], [ -84.101967761729739, 9.92493917797696 ], [ -84.101976475504799, 9.924930249175173 ], [ -84.101980156640309, 9.924925824764053 ], [ -84.101988588375036, 9.924919057058924 ], [ -84.101994961790183, 9.924915171629358 ], [ -84.102003306000853, 9.924908484423288 ], [ -84.102009559699994, 9.924900849359023 ], [ -84.102013238172191, 9.924896661845805 ], [ -84.102029548223456, 9.924883598588606 ], [ -84.102042808072724, 9.924871547142018 ], [ -84.102047747492861, 9.924866406229684 ], [ -84.102059096805419, 9.924857382587961 ], [ -84.102070566896472, 9.924846706052014 ], [ -84.102076238446372, 9.924840999798377 ], [ -84.102082823002917, 9.924835721852162 ], [ -84.102101717175003, 9.92481850667401 ], [ -84.102107998216411, 9.924810830911088 ], [ -84.102117800873089, 9.924801921666189 ], [ -84.102123470053371, 9.924797402612345 ], [ -84.102130055264453, 9.924791299140654 ], [ -84.102137732567513, 9.9247837811849 ], [ -84.102142876198187, 9.924778426820398 ], [ -84.102147183110546, 9.924774566430596 ], [ -84.10215280670306, 9.924770083557704 ], [ -84.102167346588558, 9.924756905096979 ], [ -84.102172929445373, 9.924750458338137 ], [ -84.102178191803802, 9.924745664533949 ], [ -84.102181781900399, 9.924741762769468 ], [ -84.102194376986375, 9.924732872563462 ], [ -84.102201997011903, 9.924725931496132 ], [ -84.102206170590833, 9.924721472573236 ], [ -84.102214407197906, 9.924714840550246 ], [ -84.102220773312709, 9.924710961447959 ], [ -84.102237350477267, 9.924697659393402 ], [ -84.102241327720677, 9.924695292822786 ], [ -84.102247475193963, 9.924692155221454 ], [ -84.10225250833463, 9.924689291024878 ], [ -84.102257820673486, 9.92468687160394 ], [ -84.102263054452294, 9.92468402904653 ], [ -84.102268603797512, 9.92468127590749 ], [ -84.102275995109423, 9.92467789108272 ], [ -84.102281900013153, 9.924674795147448 ], [ -84.10228696233041, 9.924671912857661 ], [ -84.102290835777325, 9.92467008702301 ], [ -84.102307108620579, 9.92466355924021 ], [ -84.102317040629586, 9.924660085932972 ], [ -84.102329757672095, 9.924656298926143 ], [ -84.102346625331847, 9.924650476227161 ], [ -84.102361208042637, 9.924646030400222 ], [ -84.102365509999558, 9.924643846375119 ], [ -84.102374460873179, 9.924640812801487 ], [ -84.102388742663919, 9.924636457484112 ], [ -84.102399383694717, 9.9246314305616 ], [ -84.102403947494295, 9.92462960089806 ], [ -84.102409003606127, 9.924627298193355 ], [ -84.102419781805636, 9.92462347832033 ], [ -84.102425769223018, 9.924621796508569 ], [ -84.102431552064786, 9.924619161744245 ], [ -84.10243762516312, 9.92461734066103 ], [ -84.102444311192286, 9.924615817772739 ], [ -84.102449342780986, 9.924613837870305 ], [ -84.102454298916285, 9.924612628359696 ], [ -84.102459295023252, 9.924610921532976 ], [ -84.102465317245972, 9.924609726163451 ], [ -84.102472415266092, 9.924607510540095 ], [ -84.102484931855926, 9.924604311311368 ], [ -84.102496042852152, 9.924603206613082 ], [ -84.102500323426113, 9.92460264832423 ], [ -84.102517508400595, 9.924602554459762 ], [ -84.102524046963012, 9.924601905061332 ], [ -84.102528306713111, 9.924601833232057 ], [ -84.102568411988742, 9.924601647361685 ], [ -84.102579580188603, 9.924602671103516 ], [ -84.102590876140241, 9.924603942553608 ], [ -84.102603149648232, 9.924605000315617 ], [ -84.102608373707298, 9.924606102731442 ], [ -84.102613816482858, 9.924606709584802 ], [ -84.102618356549186, 9.924607742587279 ], [ -84.102632716231383, 9.924610463417057 ], [ -84.102638006707537, 9.924611063987316 ], [ -84.102654959359612, 9.924614628534687 ], [ -84.102660546319655, 9.924615538246387 ], [ -84.102668478485384, 9.924618221258253 ], [ -84.102674515583928, 9.924620868682696 ], [ -84.102681441661403, 9.924622926303714 ], [ -84.102684995096197, 9.924624314049424 ], [ -84.102690142207294, 9.924627240236301 ], [ -84.102695798041736, 9.924629680717896 ], [ -84.102700836610126, 9.924632544548816 ], [ -84.102712690254535, 9.92463829155837 ], [ -84.102717361403307, 9.924641478296975 ], [ -84.102723086832725, 9.924644834700015 ], [ -84.102729145554349, 9.924649558134259 ], [ -84.10273631201359, 9.924653331830761 ], [ -84.102739998152927, 9.924656225913706 ], [ -84.10274493289856, 9.924659539157577 ], [ -84.102748485066513, 9.924662711771617 ], [ -84.102755270367666, 9.924669543550914 ], [ -84.102763985158418, 9.92467566404634 ], [ -84.102768239565975, 9.924678928672183 ], [ -84.102772895548554, 9.92468319320767 ], [ -84.102777958192888, 9.924687222529339 ], [ -84.102781537855066, 9.924690827336828 ], [ -84.10278771055718, 9.924698422438551 ], [ -84.102794092420311, 9.924704124104775 ], [ -84.1027976338126, 9.92470783200133 ], [ -84.102801501951831, 9.924712387926713 ], [ -84.10280676976987, 9.924719281655044 ], [ -84.102815549395871, 9.924728593915523 ], [ -84.102821184895603, 9.924733078772 ], [ -84.102825476165989, 9.924737571274129 ], [ -84.102830619243292, 9.924742173826001 ], [ -84.102833671771819, 9.92474571188459 ], [ -84.102840875640851, 9.924755382686428 ], [ -84.102847950568261, 9.924760991911739 ], [ -84.102851565089708, 9.92476524772365 ], [ -84.102856631782245, 9.924770552853207 ], [ -84.102860791783868, 9.924775214478434 ], [ -84.102866047046078, 9.924782779117681 ], [ -84.102873948944406, 9.924790734458538 ], [ -84.102878892247929, 9.924795158945734 ], [ -84.10288165193154, 9.924798357118769 ], [ -84.102886027668603, 9.924804657971695 ], [ -84.102892275336828, 9.92481283172919 ], [ -84.102904302457759, 9.924825041819794 ], [ -84.102907289249799, 9.924828333958528 ], [ -84.102910765878946, 9.924834909960454 ], [ -84.102917664956124, 9.924843937975893 ], [ -84.10292161876292, 9.924848301281331 ], [ -84.102931725668341, 9.92486171091463 ], [ -84.102936217874628, 9.924867167218792 ], [ -84.102940294792802, 9.924874437453049 ], [ -84.102941767998885, 9.924878596268982 ], [ -84.102944444663507, 9.924887532448761 ], [ -84.10294779316375, 9.924895569658618 ], [ -84.102950929465862, 9.924901612293215 ], [ -84.102956590004538, 9.924916171610672 ], [ -84.102959802044509, 9.924922357083735 ], [ -84.102962175124418, 9.924928687484593 ], [ -84.102964973797654, 9.924934079206821 ], [ -84.102967348383487, 9.924942310211923 ], [ -84.1029721135193, 9.924951488976822 ], [ -84.102975307139587, 9.924957094870393 ], [ -84.102978196151511, 9.924962659264798 ], [ -84.102982256984774, 9.924970980170743 ], [ -84.102987286694514, 9.924980491595585 ], [ -84.102991242718559, 9.924986105392492 ], [ -84.102993182718379, 9.924989840904447 ], [ -84.102995513602778, 9.924995382865418 ], [ -84.102998022091214, 9.925003111100198 ], [ -84.103000597510032, 9.925009063487689 ], [ -84.103004500574002, 9.925020299546304 ], [ -84.103005932771154, 9.925027465706265 ], [ -84.103008890177136, 9.925038852150653 ], [ -84.103010218495783, 9.925052126137437 ], [ -84.103010317981358, 9.925058223051542 ], [ -84.103011124269159, 9.925064419209246 ], [ -84.103011197219644, 9.925076069658729 ], [ -84.103009650471094, 9.925087550618356 ], [ -84.103009846994553, 9.925121091439172 ], [ -84.103009121814154, 9.925129301695691 ], [ -84.103009318275966, 9.925174316671479 ], [ -84.103007400672411, 9.925195557558148 ], [ -84.103005287176458, 9.925202784483828 ], [ -84.10300433192053, 9.92521016114898 ], [ -84.103003275529119, 9.925214915697868 ], [ -84.10300133867436, 9.925221248326597 ], [ -84.102999453945543, 9.925236796430829 ], [ -84.102998734216101, 9.925244941584022 ], [ -84.102998099218198, 9.925249909391979 ], [ -84.102997454946944, 9.925254385324104 ], [ -84.10299574650567, 9.925262071453156 ], [ -84.10299475960376, 9.925273240295498 ], [ -84.102994761499772, 9.925279307401281 ], [ -84.102994033907592, 9.925285638754275 ], [ -84.102994035982164, 9.925292277307264 ], [ -84.102992581787234, 9.925308106481843 ], [ -84.102992583669646, 9.92531413018655 ], [ -84.102991856077352, 9.925320461539528 ], [ -84.102991858918742, 9.925329554060474 ], [ -84.102991120611165, 9.925336616001216 ], [ -84.102991217616591, 9.925349368649197 ], [ -84.102989674040984, 9.925365172533882 ], [ -84.102990174108413, 9.925453718677515 ], [ -84.102990998880287, 9.925460696048479 ], [ -84.102991092762366, 9.925475126871582 ], [ -84.102991916816478, 9.925482725420405 ], [ -84.102992109089186, 9.925511422502826 ], [ -84.102993837055479, 9.925525355520081 ], [ -84.102993839437531, 9.925532977830214 ], [ -84.102996327983575, 9.925552751672887 ], [ -84.102996421769504, 9.925561037629427 ], [ -84.102999069181365, 9.925581399145894 ], [ -84.103000856040794, 9.925597017552734 ], [ -84.103002109670456, 9.925604743460108 ], [ -84.10300367976113, 9.925609581291509 ], [ -84.103005130009763, 9.925621973656389 ], [ -84.103006994260895, 9.9256284362245 ], [ -84.103009123087801, 9.925641073416003 ], [ -84.103011143386638, 9.925656613990748 ], [ -84.103015292198137, 9.925660443763523 ], [ -84.103015343383461, 9.92566081265678 ], [ -84.103021074266593, 9.925672796821283 ], [ -84.10302356882552, 9.925676788952034 ], [ -84.103027273721224, 9.925684209394408 ], [ -84.103033766056555, 9.925696068546618 ], [ -84.103037096877642, 9.925700029677854 ], [ -84.103042827121072, 9.925709963142156 ], [ -84.103046641496874, 9.925717522795706 ], [ -84.103050761715622, 9.925723236001851 ], [ -84.10305820880032, 9.925734841687245 ], [ -84.103060494377985, 9.925741295083597 ], [ -84.103066016582943, 9.925750870552694 ], [ -84.103070368370766, 9.925756357640212 ], [ -84.103073805446286, 9.925761807032991 ], [ -84.103079090405018, 9.925768031651474 ], [ -84.103086529869643, 9.925778593904777 ], [ -84.103090201607969, 9.925784961880924 ], [ -84.103098943502701, 9.925795983061287 ], [ -84.103104647676062, 9.925804194957189 ], [ -84.103111704860353, 9.925811303326633 ], [ -84.103120331225938, 9.925820333518427 ], [ -84.103122407677532, 9.925822952314372 ], [ -84.103126681588591, 9.925830198072095 ], [ -84.103133503825404, 9.925838387923008 ], [ -84.103139729077483, 9.925844788568019 ], [ -84.103144257339864, 9.925848840652788 ], [ -84.103151212963795, 9.925857795405914 ], [ -84.103155375195939, 9.925863698477407 ], [ -84.103161230458056, 9.925870951885781 ], [ -84.103168353123621, 9.925877476127935 ], [ -84.103172660478123, 9.925880847426194 ], [ -84.103174007035534, 9.92588243476713 ], [ -84.103176908704569, 9.925887609450186 ], [ -84.103185778406029, 9.925899032952801 ], [ -84.103196943192671, 9.925912309335493 ], [ -84.103204835727141, 9.925919372236324 ], [ -84.103208979580387, 9.925930648001932 ], [ -84.103211041781748, 9.92594017570744 ], [ -84.103221546390898, 9.92595954019494 ], [ -84.103230134691955, 9.925969308213441 ], [ -84.103235388909525, 9.92597344958806 ], [ -84.103239632572581, 9.925977281137088 ], [ -84.10324350114665, 9.925980246588802 ], [ -84.103244020230505, 9.925980807025935 ], [ -84.103246848834971, 9.925985632714008 ], [ -84.103252857360175, 9.92599304159393 ], [ -84.103263169670186, 9.92600406228609 ], [ -84.10326978848272, 9.926009140883478 ], [ -84.103274020276913, 9.926012927226267 ], [ -84.103283860789318, 9.926022949838812 ], [ -84.103290224417449, 9.9260285556564 ], [ -84.10329731209363, 9.926033993071691 ], [ -84.103303027669526, 9.926037821453772 ], [ -84.103319431156635, 9.926052249058456 ], [ -84.103327279595575, 9.926058268536128 ], [ -84.103334598520419, 9.926062456290584 ], [ -84.10335084946577, 9.926073191234144 ], [ -84.103358024714723, 9.926078699147833 ], [ -84.103365391070824, 9.926082913108438 ], [ -84.103371867357808, 9.926087156277374 ], [ -84.10338039187539, 9.926091257761133 ], [ -84.103387161400946, 9.926094178915505 ], [ -84.10339886330317, 9.926098585938853 ], [ -84.103403861741043, 9.926101345789366 ], [ -84.103411339047923, 9.926104571436499 ], [ -84.103418009953756, 9.926107084831571 ], [ -84.103426340929971, 9.926110530837072 ], [ -84.103432619451851, 9.926112283026038 ], [ -84.103437128821213, 9.92611422925712 ], [ -84.103451685527531, 9.926119751166587 ], [ -84.103458102688393, 9.92612156660549 ], [ -84.103465499605306, 9.926124352840525 ], [ -84.10347229966527, 9.926125764892847 ], [ -84.103479260406147, 9.926127733875649 ], [ -84.103486518200896, 9.926128916122456 ], [ -84.103492377181752, 9.926130549086901 ], [ -84.103497942366033, 9.926131724622483 ], [ -84.103504839255379, 9.926133648415023 ], [ -84.103525002123206, 9.926137240860101 ], [ -84.103529317826926, 9.926138137386708 ], [ -84.10353600860239, 9.926140029595654 ], [ -84.103542443805111, 9.926141213903669 ], [ -84.103548618354424, 9.926142935380151 ], [ -84.103554085033736, 9.926144069352548 ], [ -84.10357113125059, 9.926149084142109 ], [ -84.103580777169768, 9.92615216625364 ], [ -84.103586246070591, 9.926154564280564 ], [ -84.103599833937523, 9.926159017731898 ], [ -84.103605056481641, 9.926161014374872 ], [ -84.103617800196844, 9.926166511520064 ], [ -84.103633242852951, 9.926170486985125 ], [ -84.103640256494856, 9.926172472223596 ], [ -84.103647326515457, 9.926173938440197 ], [ -84.103662553525112, 9.926176568537841 ], [ -84.103671489204928, 9.926177325293128 ], [ -84.103688297572035, 9.926177083197377 ], [ -84.103696753689732, 9.926175360814995 ], [ -84.103703259421522, 9.926174620984636 ], [ -84.103718431693565, 9.926171391954155 ], [ -84.103734469835828, 9.926166583941646 ], [ -84.103742661861475, 9.926163167190293 ], [ -84.103750116987314, 9.926159651206028 ], [ -84.103756935359371, 9.926155495253115 ], [ -84.103762710809704, 9.926152506026238 ], [ -84.103769549363136, 9.926148726209306 ], [ -84.103775330353358, 9.926145953985781 ], [ -84.103781185917967, 9.926142525298093 ], [ -84.10378733340373, 9.926139389477056 ], [ -84.103796103143921, 9.926134478825881 ], [ -84.103803693586926, 9.926129170696623 ], [ -84.103808499307007, 9.926125198011952 ], [ -84.103814883665109, 9.92612130621535 ], [ -84.103819801527649, 9.926117241268553 ], [ -84.103826257146437, 9.926113754526176 ], [ -84.103833828373936, 9.926108245672312 ], [ -84.103846802307444, 9.926097651796091 ], [ -84.10385338664959, 9.926091705620165 ], [ -84.103859141646581, 9.926087484893021 ], [ -84.10388328973994, 9.926067726313921 ], [ -84.103894392385513, 9.926057350020987 ], [ -84.103897692837307, 9.926054611114877 ], [ -84.103902270045239, 9.92605188628006 ], [ -84.103911097722943, 9.926045630175198 ], [ -84.103918664788097, 9.926038499206246 ], [ -84.103923406294342, 9.926033342052699 ], [ -84.103927411368133, 9.926029566727658 ], [ -84.10393248789849, 9.926025465562486 ], [ -84.103939623290586, 9.926020235331446 ], [ -84.103947595145669, 9.926012719051974 ], [ -84.103953961860412, 9.926004946480472 ], [ -84.103957498745046, 9.926000060956566 ], [ -84.103966770731958, 9.925991499031385 ], [ -84.10397507020663, 9.925984696958698 ], [ -84.103982256157849, 9.925974962043158 ], [ -84.103985997072314, 9.925969285290599 ], [ -84.103989238938993, 9.925965856505799 ], [ -84.104002398378853, 9.925953602475637 ], [ -84.104007909718661, 9.925945991114048 ], [ -84.104011756809854, 9.925941548545778 ], [ -84.10402109257933, 9.925932822036961 ], [ -84.104028123836159, 9.925927060173429 ], [ -84.104035900260413, 9.92591870124866 ], [ -84.104040578464719, 9.925912363242706 ], [ -84.104044376443113, 9.925908345657977 ], [ -84.104047995867262, 9.925904933030839 ], [ -84.104057109784208, 9.925898325103923 ], [ -84.104064166288069, 9.925888767447779 ], [ -84.104072694322639, 9.925878004955381 ], [ -84.104076217089016, 9.925874627621294 ], [ -84.104084067076244, 9.925868194594424 ], [ -84.104091615071795, 9.925858459564145 ], [ -84.104096218525058, 9.925852222849743 ], [ -84.104099307047676, 9.92584837728052 ], [ -84.104109457868262, 9.925838889189301 ], [ -84.104116363731606, 9.925831700553141 ], [ -84.104120519745251, 9.925826527303247 ], [ -84.104124038898718, 9.925823263897561 ], [ -84.104141976219822, 9.925808465799426 ], [ -84.104147548315709, 9.925802664602362 ], [ -84.104156652828976, 9.925795173283323 ], [ -84.104162300425671, 9.925791650618006 ], [ -84.104172120055239, 9.925784591278569 ], [ -84.104183397708084, 9.925771104512686 ], [ -84.104187167585422, 9.925767634873401 ], [ -84.104193599123292, 9.925763012470508 ], [ -84.104201053123688, 9.925755980991081 ], [ -84.104207505850681, 9.92574915236097 ], [ -84.104216839108503, 9.925738284728716 ], [ -84.104221142603365, 9.925735191065661 ], [ -84.10422811004527, 9.925729525061787 ], [ -84.104235520284732, 9.925722540613016 ], [ -84.104245708518562, 9.92571026579656 ], [ -84.104262782728654, 9.925694263581054 ], [ -84.104269424455168, 9.925685264838163 ], [ -84.104273167185056, 9.92567958717763 ], [ -84.104275749004259, 9.925676855724811 ], [ -84.104281516617021, 9.92567219555081 ], [ -84.104284328276876, 9.925669545403428 ], [ -84.104289570509209, 9.925664605094228 ], [ -84.104299032603862, 9.925651661402418 ], [ -84.104300633527913, 9.925650127400372 ], [ -84.104306056846013, 9.925646821807698 ], [ -84.104314902447953, 9.9256396289472 ], [ -84.104320711363599, 9.925632927101653 ], [ -84.10432455286751, 9.925628144556589 ], [ -84.104327251466529, 9.925625568587494 ], [ -84.104329227180145, 9.925623947666566 ], [ -84.104336342006278, 9.925620057441133 ], [ -84.104342102300294, 9.92561533035842 ], [ -84.104346859907579, 9.925612100924113 ], [ -84.104352962080995, 9.925609916313348 ], [ -84.104359111954182, 9.925608608750631 ], [ -84.104360609239066, 9.925608101938899 ], [ -84.104375216993787, 9.925607819805508 ], [ -84.10443011259126, 9.925607526028804 ], [ -84.104502187742895, 9.92560714099068 ], [ -84.104542105001229, 9.9256032242592 ], [ -84.104580604291897, 9.925602615487451 ], [ -84.104588728242717, 9.9256031608915 ], [ -84.104600359350698, 9.925602895048094 ], [ -84.104605809417407, 9.92560342501058 ], [ -84.104612499556822, 9.92560332888748 ], [ -84.104619706070011, 9.92560386915191 ], [ -84.104624289581352, 9.925603802619994 ], [ -84.104628599808265, 9.925604696421647 ], [ -84.104635749800408, 9.925605301804962 ], [ -84.104646423986821, 9.925607054407724 ], [ -84.104652884009766, 9.925608880660748 ], [ -84.104672498719054, 9.925612323112912 ], [ -84.104678064089839, 9.925614100818565 ], [ -84.104693305720716, 9.925616881864592 ], [ -84.104700029009621, 9.925617788474616 ], [ -84.104705476661977, 9.925619329319142 ], [ -84.104712675271358, 9.925620824407273 ], [ -84.104718915254111, 9.925621840574699 ], [ -84.104725274041087, 9.925623639732278 ], [ -84.104739880827552, 9.925626049352935 ], [ -84.104745360276567, 9.925627205002518 ], [ -84.104758146713706, 9.925629398185842 ], [ -84.104783025499074, 9.925636387022896 ], [ -84.104789628620921, 9.925637959151523 ], [ -84.104800839663795, 9.925641660108115 ], [ -84.104807220530802, 9.925644063255236 ], [ -84.104813814743181, 9.925646295443897 ], [ -84.104819013653753, 9.925648538918919 ], [ -84.104831990648776, 9.9256534608812 ], [ -84.104837386553328, 9.92565573413256 ], [ -84.104848897605322, 9.925662212661265 ], [ -84.104855420959595, 9.925665307467238 ], [ -84.104860780614359, 9.925668298655358 ], [ -84.104867123614838, 9.925672068946421 ], [ -84.104870817858597, 9.925674544363586 ], [ -84.104875849840937, 9.925679529389946 ], [ -84.104884019389019, 9.925685795574168 ], [ -84.104892889060167, 9.925691226068825 ], [ -84.104898170460601, 9.925694763410766 ], [ -84.104903349860408, 9.925698738411842 ], [ -84.104917127943295, 9.925710582588438 ], [ -84.104923555216715, 9.925715517447024 ], [ -84.104954399086154, 9.925742280818485 ], [ -84.104966073262517, 9.925751237673081 ], [ -84.104978691356777, 9.925763163587238 ], [ -84.104984776081949, 9.925769192620137 ], [ -84.104990524867944, 9.925774165665795 ], [ -84.104996241043452, 9.92577982952168 ], [ -84.105003186634534, 9.925785766057386 ], [ -84.105009585317887, 9.92579255270158 ], [ -84.105028039479052, 9.925808598077596 ], [ -84.105033631515639, 9.925813907529774 ], [ -84.10504100268372, 9.925821726452094 ], [ -84.105047112549272, 9.925826510408175 ], [ -84.105052383520388, 9.925831649068982 ], [ -84.105064705741242, 9.925842311016764 ], [ -84.105070927529425, 9.925849171858641 ], [ -84.105091015712915, 9.925864511451811 ], [ -84.105096425139905, 9.925869135585145 ], [ -84.105102028399031, 9.925875313053709 ], [ -84.105110298555573, 9.925882467113963 ], [ -84.105118725088815, 9.925888111129952 ], [ -84.105124486166446, 9.92589157959949 ], [ -84.105128023743248, 9.925894640072919 ], [ -84.105133699955388, 9.925900801242653 ], [ -84.105147994456814, 9.92591336498166 ], [ -84.105155387336083, 9.925917758828005 ], [ -84.105158752504707, 9.925920671068241 ], [ -84.105172883186654, 9.925934276482845 ], [ -84.105187178588537, 9.925943937774331 ], [ -84.105190456199253, 9.925946819299297 ], [ -84.105195784834109, 9.925952602626156 ], [ -84.105204510463295, 9.925961003417218 ], [ -84.105212324969031, 9.925966326635878 ], [ -84.105221846734793, 9.925974696434194 ], [ -84.105226491907985, 9.925979224961246 ], [ -84.105232695456451, 9.925986065913596 ], [ -84.105241007581427, 9.925993258837442 ], [ -84.105246672279733, 9.925997622481837 ], [ -84.10525234903416, 9.926002613629231 ], [ -84.105258334817918, 9.926007206836523 ], [ -84.105264236137373, 9.926012890521692 ], [ -84.105271907886731, 9.92601952847402 ], [ -84.105284134845718, 9.926028839585573 ], [ -84.105295898804343, 9.926039018863197 ], [ -84.105301038399048, 9.92604396768159 ], [ -84.105304942118394, 9.926048408734109 ], [ -84.10530845545685, 9.926052662742167 ], [ -84.105311805595193, 9.926057047004607 ], [ -84.105316566950989, 9.92606555754057 ], [ -84.105324704551435, 9.926074530864499 ], [ -84.105329318761946, 9.926079188698775 ], [ -84.105332407839413, 9.92608282437485 ], [ -84.105335030102182, 9.926086809214375 ], [ -84.105339486719757, 9.926094873176561 ], [ -84.105346300320107, 9.926104386716558 ], [ -84.10535298687698, 9.926110169614113 ], [ -84.10535493373358, 9.926112427665464 ], [ -84.105358145592604, 9.926117869871559 ], [ -84.105363359097225, 9.926125791637904 ], [ -84.105367895178901, 9.926131384427203 ], [ -84.105372320143999, 9.926137424824741 ], [ -84.105377102407843, 9.926142864728639 ], [ -84.105381545688928, 9.926149143826088 ], [ -84.105387756913714, 9.926157154793069 ], [ -84.10539289476317, 9.926162339603772 ], [ -84.105395296003678, 9.926165299162399 ], [ -84.105405082510515, 9.926180186263611 ], [ -84.105416053349202, 9.926191244657504 ], [ -84.105418438293327, 9.926194574938402 ], [ -84.105421722989988, 9.926199637361728 ], [ -84.105426610274009, 9.926208372999358 ], [ -84.10543239442994, 9.92621553687505 ], [ -84.105440991951852, 9.926225397060399 ], [ -84.105443176367558, 9.926229051103705 ], [ -84.105446386840384, 9.926235853208999 ], [ -84.105456121065842, 9.926252640929501 ], [ -84.105460052611519, 9.926261377771453 ], [ -84.105466196518648, 9.926269900528823 ], [ -84.105471261761664, 9.926276172195795 ], [ -84.105474467518064, 9.926279632421183 ], [ -84.105476286862753, 9.926282395049149 ], [ -84.105479271016392, 9.926288719813716 ], [ -84.105484424616193, 9.926297514138895 ], [ -84.105488759883642, 9.92630252559638 ], [ -84.105495328718106, 9.926310890890653 ], [ -84.105498868868963, 9.926316269698788 ], [ -84.105503773984751, 9.926323720477569 ], [ -84.105507414080435, 9.926327938275989 ], [ -84.105511721982126, 9.92633292623286 ], [ -84.105515425844445, 9.926336921580711 ], [ -84.105519431000502, 9.926341993722318 ], [ -84.105523062194379, 9.926346890568988 ], [ -84.10552625617521, 9.926350596736862 ], [ -84.105531317038583, 9.92635742357607 ], [ -84.105536102360759, 9.926361004464855 ], [ -84.105536864142735, 9.92636191022201 ], [ -84.105544448503721, 9.926371853908851 ], [ -84.105547275344875, 9.926376753721062 ], [ -84.105552240673319, 9.926384269581719 ], [ -84.105558581943683, 9.926391112292723 ], [ -84.105561498363173, 9.926393805856412 ], [ -84.105563686203297, 9.926396754630694 ], [ -84.105566797215829, 9.926400522309109 ], [ -84.105569359441347, 9.926404966493376 ], [ -84.105574067471039, 9.926412091825249 ], [ -84.10557803234569, 9.926416674812756 ], [ -84.105584241752325, 9.926424673117811 ], [ -84.105588573878052, 9.926431254246321 ], [ -84.105592622756888, 9.92643615819415 ], [ -84.1055955954117, 9.926440738781407 ], [ -84.105599748441833, 9.926446225897983 ], [ -84.105602859476974, 9.926450061390184 ], [ -84.105610314305608, 9.926462734861602 ], [ -84.105616191475818, 9.926469852591005 ], [ -84.105620207373192, 9.92647428365823 ], [ -84.105622468104457, 9.926477022637387 ], [ -84.10562417260455, 9.926479975180284 ], [ -84.105627886732321, 9.926487535739197 ], [ -84.105635705202687, 9.926499476702682 ], [ -84.1056397771208, 9.926505124789854 ], [ -84.105643884389494, 9.926510098341145 ], [ -84.105646720043424, 9.926514032476236 ], [ -84.105650302384205, 9.926520143662122 ], [ -84.10566181061364, 9.92653474087234 ], [ -84.105664542496299, 9.926539275421206 ], [ -84.105671442199139, 9.926549908312507 ], [ -84.105679179405215, 9.926555842775739 ], [ -84.105684403072146, 9.926561282535859 ], [ -84.105686441539547, 9.926564816366392 ], [ -84.105690547391475, 9.92657105487735 ], [ -84.10569508238855, 9.926578916271456 ], [ -84.105707005779337, 9.926591332446268 ], [ -84.105710069048214, 9.926594087447119 ], [ -84.105711481461569, 9.926596233545435 ], [ -84.105715445496827, 9.926603872688894 ], [ -84.105720428596143, 9.926609905672015 ], [ -84.105726432281358, 9.926619075867549 ], [ -84.105730468660752, 9.92662480172498 ], [ -84.105735144771288, 9.926631905363955 ], [ -84.105739194567036, 9.926636810213807 ], [ -84.105742167225714, 9.926641390799668 ], [ -84.105745451700017, 9.926645730772984 ], [ -84.105746550251496, 9.926647423067475 ], [ -84.105748892406282, 9.926653802283242 ], [ -84.105754817966272, 9.926663914667387 ], [ -84.105760258865416, 9.926669918571402 ], [ -84.105766771041019, 9.926677875184671 ], [ -84.105769439065412, 9.926682337417683 ], [ -84.105774103926876, 9.926691325388635 ], [ -84.105779163413544, 9.926696672067584 ], [ -84.105784721843989, 9.926705163356882 ], [ -84.105790227118803, 9.92671283908475 ], [ -84.105795624585483, 9.926719903615082 ], [ -84.105803713232859, 9.926729698849606 ], [ -84.105805311692208, 9.926731855739032 ], [ -84.105811491329234, 9.926743671533163 ], [ -84.10581600232895, 9.926750625127744 ], [ -84.105819288629547, 9.926754966003896 ], [ -84.105821766759888, 9.92675878632253 ], [ -84.105825013284843, 9.926764219470973 ], [ -84.105828617029744, 9.926771647146587 ], [ -84.105838382639163, 9.926786659018864 ], [ -84.105841792007169, 9.926793687104354 ], [ -84.105847613200496, 9.926802530038909 ], [ -84.105853127316337, 9.926809328699973 ], [ -84.105856163398215, 9.926812609041564 ], [ -84.105857532027969, 9.926814720793864 ], [ -84.10586341960996, 9.926825824178577 ], [ -84.105866431091471, 9.926832013302446 ], [ -84.105874332609318, 9.926844083532691 ], [ -84.105877325175555, 9.926848167711452 ], [ -84.105880019137686, 9.926853874098793 ], [ -84.105884654475645, 9.926861785188796 ], [ -84.105887458167516, 9.926865566523944 ], [ -84.105892083853931, 9.926874659391334 ], [ -84.10589918727463, 9.926889171182165 ], [ -84.105904947722209, 9.926896274476047 ], [ -84.105908483098389, 9.926900944397207 ], [ -84.105911567610988, 9.926904520392622 ], [ -84.105914170268136, 9.926909886833597 ], [ -84.105919568104895, 9.926918084309932 ], [ -84.105923619961061, 9.926923705274092 ], [ -84.105926846847964, 9.926927613965768 ], [ -84.105928682750331, 9.926930796129353 ], [ -84.105934439030889, 9.926941953805496 ], [ -84.105949438610423, 9.926957512862661 ], [ -84.105951839980648, 9.92696084223012 ], [ -84.10596079310595, 9.926976065935467 ], [ -84.105969680015178, 9.926983891590734 ], [ -84.105974498219311, 9.926987588198735 ], [ -84.10597691026058, 9.926990068529573 ], [ -84.105979444753928, 9.926993320998708 ], [ -84.105982856687092, 9.926999802047741 ], [ -84.105990754727586, 9.92700954127803 ], [ -84.105997417354885, 9.927014552896848 ], [ -84.106000872887805, 9.927017654075087 ], [ -84.106004427048305, 9.927021174765581 ], [ -84.106007655039917, 9.927025676603764 ], [ -84.106011945242003, 9.927032290290462 ], [ -84.10601663800179, 9.927037249184719 ], [ -84.106019833100632, 9.927041557536837 ], [ -84.106025326884065, 9.927047496318011 ], [ -84.106030659923618, 9.927052696427884 ], [ -84.106035945870943, 9.92705892190239 ], [ -84.106041090829791, 9.927063452067895 ], [ -84.106044075874465, 9.927066821938499 ], [ -84.10605324210853, 9.927075449518322 ], [ -84.106068796860626, 9.927087467591916 ], [ -84.106073591559365, 9.927091795329476 ], [ -84.106083404630724, 9.92709836748322 ], [ -84.10609121956557, 9.927102063141106 ], [ -84.10609960681667, 9.927104516262588 ], [ -84.106105444537093, 9.9271051708557 ], [ -84.10611190141033, 9.927108428411511 ], [ -84.106118968323528, 9.927111477810724 ], [ -84.106128311645179, 9.927114946936747 ], [ -84.1061314071802, 9.927115922480317 ], [ -84.10614750577399, 9.927123221417984 ], [ -84.106155128790732, 9.927125656696292 ], [ -84.106160872891181, 9.927127280608188 ], [ -84.106164101648346, 9.927128487581522 ], [ -84.106170696079801, 9.927131279435537 ], [ -84.106177076979648, 9.927133664472212 ], [ -84.106183800467932, 9.927135081918498 ], [ -84.106190321628674, 9.927136900888465 ], [ -84.106196133080516, 9.927138107043312 ], [ -84.106200875724397, 9.927139372308917 ], [ -84.106213344991772, 9.927141960666734 ], [ -84.106227131092453, 9.92714439579891 ], [ -84.106233055489298, 9.927145169715194 ], [ -84.10624074909262, 9.927145905094742 ], [ -84.106278748771032, 9.927145207674105 ], [ -84.106285077600759, 9.927144489550161 ], [ -84.106292087870344, 9.927144389674968 ], [ -84.106298287126421, 9.927143441927978 ], [ -84.106309533993027, 9.927142075749162 ], [ -84.106318881366519, 9.927141135141069 ], [ -84.106331689703325, 9.927137501665602 ], [ -84.106336309201751, 9.927135847343573 ], [ -84.106349900273742, 9.927133040047426 ], [ -84.10635862315624, 9.927129917829419 ], [ -84.106364095943334, 9.927127292137779 ], [ -84.106368919699008, 9.927125565415412 ], [ -84.106384085545201, 9.927119330743631 ], [ -84.106401444299877, 9.927109110616215 ], [ -84.106405682461371, 9.927107043200127 ], [ -84.106414815402502, 9.927102911776089 ], [ -84.106431159674884, 9.927091540937187 ], [ -84.106438515987222, 9.927087057443059 ], [ -84.106448588722998, 9.9270787293807 ], [ -84.106453896335069, 9.927072949026252 ], [ -84.106457298751678, 9.927069701908865 ], [ -84.106462799182239, 9.927065139435003 ], [ -84.106468179068671, 9.927060068845384 ], [ -84.106476946249273, 9.927052932013124 ], [ -84.106484104040433, 9.927043699782855 ], [ -84.106488003901291, 9.927038937087161 ], [ -84.106492227606864, 9.927034471766573 ], [ -84.106498181886991, 9.92702895161228 ], [ -84.106505772106544, 9.927020203889221 ], [ -84.106512074869997, 9.927012208859944 ], [ -84.106512618159783, 9.92701145640245 ], [ -84.106515478638784, 9.927007505998002 ], [ -84.106520538545453, 9.927002815268398 ], [ -84.106525834948656, 9.926996222050873 ], [ -84.106539104928629, 9.926981909954183 ], [ -84.106543221441655, 9.926975926534448 ], [ -84.106558175878263, 9.926958959204073 ], [ -84.10656490398064, 9.926952090657501 ], [ -84.106569637012356, 9.926946197460316 ], [ -84.106575362243831, 9.926940238846029 ], [ -84.106581196404704, 9.926932714142461 ], [ -84.106585982477384, 9.926927276639205 ], [ -84.106592729031405, 9.926921068143846 ], [ -84.106597906924009, 9.926914623249786 ], [ -84.10660402052163, 9.926908259435045 ], [ -84.106609442440885, 9.926900639018104 ], [ -84.106621471854396, 9.926888271318047 ], [ -84.106627729991658, 9.926880478839005 ], [ -84.106633306671696, 9.92687201566873 ], [ -84.106636801322153, 9.926866348911641 ], [ -84.106639704033356, 9.926863277363946 ], [ -84.106647214586218, 9.92685636516576 ], [ -84.106654521715669, 9.92684646740156 ], [ -84.106659232947194, 9.926838035248611 ], [ -84.106661908376068, 9.926834339882944 ], [ -84.106672634914403, 9.926822994328651 ], [ -84.106680190146662, 9.926813248388623 ], [ -84.106683615324584, 9.92680708254108 ], [ -84.106697456068119, 9.926792419431294 ], [ -84.10671329246648, 9.926772961677994 ], [ -84.10671718884339, 9.926768725218466 ], [ -84.106723687198382, 9.926762090022491 ], [ -84.10673014155347, 9.92675475951941 ], [ -84.106734741763987, 9.926749890807788 ], [ -84.10673891365289, 9.926745958067627 ], [ -84.10674498393243, 9.92674102107363 ], [ -84.106764684926773, 9.926720587372021 ], [ -84.106768818242216, 9.926715820981933 ], [ -84.106773203259294, 9.926711050894875 ], [ -84.106792127330309, 9.926690852528139 ], [ -84.106796125514435, 9.926685594302203 ], [ -84.106800669157906, 9.926680654176788 ], [ -84.106809756853494, 9.926669222338139 ], [ -84.106814657352345, 9.92666513565284 ], [ -84.106825788995508, 9.92665441385466 ], [ -84.106829595900663, 9.926649880848476 ], [ -84.106835189720499, 9.9266436799491 ], [ -84.10683701825036, 9.926640977650974 ], [ -84.106858956002043, 9.926628098630463 ], [ -84.106861301464207, 9.9266221130588 ], [ -84.106867568022182, 9.92661782249483 ], [ -84.106875121901624, 9.926612373254811 ], [ -84.106887506463281, 9.926601280337819 ], [ -84.106895146977109, 9.92659582564459 ], [ -84.106917095276131, 9.92657611999338 ], [ -84.106923194310923, 9.926569882763879 ], [ -84.106936382839677, 9.926557605101664 ], [ -84.106943042243302, 9.926552667916161 ], [ -84.106952066885782, 9.926546489429235 ], [ -84.106967160016325, 9.926535496914283 ], [ -84.106983703533913, 9.926525616087705 ], [ -84.106993989703085, 9.926520294367796 ], [ -84.107003232643137, 9.926515161051801 ], [ -84.107013665856755, 9.92651051200064 ], [ -84.107025493886198, 9.926504345275461 ], [ -84.1070346574989, 9.926499257193365 ], [ -84.107055561336836, 9.926490027795159 ], [ -84.107065927827875, 9.92648492486105 ], [ -84.107077087284623, 9.926481259333134 ], [ -84.107090969354857, 9.926475997946486 ], [ -84.107103846498092, 9.926470923143196 ], [ -84.107115463359662, 9.9264660223463 ], [ -84.107127776967374, 9.92646113398499 ], [ -84.107138591407093, 9.926456569801864 ], [ -84.107148824402913, 9.926453208375024 ], [ -84.107163569763244, 9.926449706260383 ], [ -84.107189569061347, 9.926441430048079 ], [ -84.10721235396305, 9.926436838525939 ], [ -84.107253342361133, 9.926431429217471 ], [ -84.107266776184346, 9.926430338084598 ], [ -84.10728094935024, 9.926428441986763 ], [ -84.107323066552851, 9.926425195127553 ], [ -84.107350864889284, 9.926424502660366 ], [ -84.107405765849691, 9.926426278985129 ], [ -84.10741680306981, 9.926428125418466 ], [ -84.107440251121659, 9.926432400141259 ], [ -84.107451248438537, 9.926434930152805 ], [ -84.107460400118967, 9.926438023160879 ], [ -84.107470022713954, 9.926442157642937 ], [ -84.10747679449679, 9.926446276763324 ], [ -84.107485713756617, 9.926452565247533 ], [ -84.107493493866812, 9.926458535822393 ], [ -84.107507143812683, 9.92647137996436 ], [ -84.107511187398103, 9.926476742313993 ], [ -84.107515605481709, 9.926483918345674 ], [ -84.107520536806405, 9.926493287774068 ], [ -84.107529589619105, 9.926511992531223 ], [ -84.107533433840857, 9.926521241146844 ], [ -84.107538164650805, 9.926530968697927 ], [ -84.107540884560521, 9.926537859550413 ], [ -84.107545164603238, 9.92655797998901 ], [ -84.107546787431403, 9.92657888611566 ], [ -84.1075468651878, 9.926588002119493 ], [ -84.107545508582078, 9.926608791657442 ], [ -84.10754402961534, 9.926623510512822 ], [ -84.107544320547973, 9.926637528958464 ], [ -84.10754305971129, 9.926661152192453 ], [ -84.107543152632729, 9.926672025933891 ], [ -84.107541797204775, 9.926690837106841 ], [ -84.107539654129738, 9.926702161851468 ], [ -84.107536756124901, 9.926725214163415 ], [ -84.107535324880061, 9.926732469831254 ], [ -84.107533221040597, 9.926741065722251 ], [ -84.107530910937115, 9.926749173417596 ], [ -84.107525780961012, 9.926765453169123 ], [ -84.107522914368843, 9.926775779017341 ], [ -84.107521106226315, 9.926785049338038 ], [ -84.107514094980687, 9.926812878892754 ], [ -84.107511877883653, 9.926820945869633 ], [ -84.107509354232079, 9.926828604251586 ], [ -84.107506213851735, 9.926835531342805 ], [ -84.107501572947314, 9.926844220274427 ], [ -84.107496740911429, 9.926854080191402 ], [ -84.107491467487066, 9.926863952908498 ], [ -84.107487144578343, 9.926874578509763 ], [ -84.107483876590038, 9.926881715413394 ], [ -84.107478697644112, 9.926890467810413 ], [ -84.107475223958915, 9.926898856176834 ], [ -84.107472592625754, 9.926903509974569 ], [ -84.107466250919757, 9.926912260935802 ], [ -84.107458821176323, 9.926920829599609 ], [ -84.107452208182991, 9.926922661796988 ], [ -84.10744678254008, 9.926935584390032 ], [ -84.107443863820222, 9.926939882029377 ], [ -84.107439728631661, 9.926950069942581 ], [ -84.107438560616842, 9.926953529742203 ], [ -84.107437614434659, 9.926954880903114 ], [ -84.107433224030089, 9.926959889706222 ], [ -84.107426315167629, 9.926971713281018 ], [ -84.107422154806116, 9.926977420043784 ], [ -84.107410283722928, 9.926997017612882 ], [ -84.107401173910674, 9.927016102526135 ], [ -84.107395259938571, 9.927030526227687 ], [ -84.107390565794418, 9.927043768668151 ], [ -84.107387663820674, 9.927049086226276 ], [ -84.107385684391446, 9.927053276869946 ], [ -84.107384120153085, 9.927055422106211 ], [ -84.107375317081051, 9.927064300440559 ], [ -84.107369226833498, 9.927069518654855 ], [ -84.107363753199962, 9.927075116430736 ], [ -84.107357874317728, 9.927079687178143 ], [ -84.107351946379936, 9.927084843855331 ], [ -84.107344327902936, 9.92709076872983 ], [ -84.107336542287086, 9.927098730794386 ], [ -84.107329608456297, 9.927106714286552 ], [ -84.107323247977661, 9.927116651546374 ], [ -84.107319385788259, 9.927125041843894 ], [ -84.107315709190246, 9.92713205048191 ], [ -84.107312142512384, 9.927140545570591 ], [ -84.107310172746665, 9.927146410767856 ], [ -84.107304512154755, 9.927160402184532 ], [ -84.107303269622378, 9.927170279937537 ], [ -84.107302218596416, 9.927174535385094 ], [ -84.107301865436924, 9.927176636832234 ], [ -84.107300121594022, 9.92718174967227 ], [ -84.107299092680179, 9.927186695912761 ], [ -84.107296040034171, 9.927194216121507 ], [ -84.107295061295133, 9.927202014156478 ], [ -84.107293632434889, 9.927205412554226 ], [ -84.107293177746641, 9.927209392937577 ], [ -84.107292466963486, 9.927211089422718 ], [ -84.107291255669267, 9.927216077314224 ], [ -84.107289272798383, 9.927220908123878 ], [ -84.1072879230409, 9.927226375279604 ], [ -84.107285827452003, 9.927232330935805 ], [ -84.107283611828251, 9.927242147515335 ], [ -84.10728145490944, 9.927247403349245 ], [ -84.107280361460838, 9.927253011476306 ], [ -84.107278836946548, 9.927256726370594 ], [ -84.107277144383289, 9.927262484784654 ], [ -84.10727440850836, 9.927268183856169 ], [ -84.107272495494044, 9.927274696433981 ], [ -84.107269684889289, 9.927280554666549 ], [ -84.107266992242685, 9.927290179710646 ], [ -84.107266134490871, 9.927294243408243 ], [ -84.107264127925632, 9.927299128476637 ], [ -84.107262944191646, 9.927304736632518 ], [ -84.107261430611146, 9.927308422589173 ], [ -84.107260848468783, 9.927310283595391 ], [ -84.107257333742368, 9.927315892497131 ], [ -84.107255966848626, 9.927319148013101 ], [ -84.107253812073807, 9.92732258823562 ], [ -84.10724980805692, 9.927332342093925 ], [ -84.107249063470761, 9.92733665711968 ], [ -84.107246201035039, 9.927345784914221 ], [ -84.107245679356481, 9.927351289780731 ], [ -84.10724353894571, 9.92735963612537 ], [ -84.107241952985476, 9.927367900915661 ], [ -84.107241592980785, 9.927374190566033 ], [ -84.107240463114721, 9.92737999039254 ], [ -84.10724017709839, 9.927386645311403 ], [ -84.107239130337092, 9.927392800457381 ], [ -84.107237468198562, 9.927419191538803 ], [ -84.107239376581674, 9.927443278509799 ], [ -84.107241269053461, 9.927463309296238 ], [ -84.107241685537673, 9.927470837436399 ], [ -84.10724136573252, 9.927474549232477 ], [ -84.107240463143953, 9.927480955696714 ], [ -84.107241094302637, 9.927492397095971 ], [ -84.107240360765303, 9.927497036721807 ], [ -84.10724113672471, 9.927510658073182 ], [ -84.107243430381942, 9.927519229950445 ], [ -84.107243613953273, 9.927522847549866 ], [ -84.107244753284746, 9.927526514573863 ], [ -84.107245297877469, 9.927535371830063 ], [ -84.107246353248982, 9.927538858043222 ], [ -84.107246446866696, 9.927540691707527 ], [ -84.107245088809293, 9.927554287520156 ], [ -84.107243680921201, 9.927560484374315 ], [ -84.107243117067767, 9.927565301166798 ], [ -84.10723853163546, 9.927581963210908 ], [ -84.107237189576338, 9.927594278687463 ], [ -84.107236110163271, 9.927600986302997 ], [ -84.10723697432546, 9.927616615828693 ], [ -84.107238145805667, 9.927620988109419 ], [ -84.10723832937731, 9.92762460661301 ], [ -84.107239517291859, 9.927629036756541 ], [ -84.107239700863502, 9.927632655260124 ], [ -84.107240887866723, 9.927637087212313 ], [ -84.107241098971997, 9.927641241890855 ], [ -84.107243496315732, 9.927648956564177 ], [ -84.107245400260055, 9.92765379607598 ], [ -84.107246344383682, 9.927657319396417 ], [ -84.107251860201927, 9.92767481910383 ], [ -84.107253840309014, 9.927678297787525 ], [ -84.107254935821288, 9.927681825580445 ], [ -84.107258897859012, 9.927688781138828 ], [ -84.107261844948695, 9.927693163701521 ], [ -84.107265272249734, 9.927699128440361 ], [ -84.107271928813418, 9.927707822794915 ], [ -84.107276194428877, 9.927711642530262 ], [ -84.107279305707138, 9.927716128117742 ], [ -84.107286616312891, 9.927722509348534 ], [ -84.107298345152842, 9.927730889229764 ], [ -84.107305736253821, 9.927735210693001 ], [ -84.107321602533673, 9.927743070244681 ], [ -84.107332574670579, 9.927746558707318 ], [ -84.107352299977492, 9.927750293922323 ], [ -84.107380351666279, 9.927748720690881 ], [ -84.107387723548769, 9.927747235460078 ], [ -84.107389898454684, 9.927746797136059 ], [ -84.10740030755754, 9.927743618291043 ], [ -84.107409909095708, 9.927738994811316 ], [ -84.107416247784769, 9.927734923931927 ], [ -84.107421773429778, 9.927732182470045 ], [ -84.107427784025745, 9.927728775369914 ], [ -84.107435219273171, 9.927725841607829 ], [ -84.107461271769736, 9.927712619446115 ], [ -84.107468810423086, 9.927707974925539 ], [ -84.107477750019513, 9.927703812792222 ], [ -84.107485301437663, 9.927699161033669 ], [ -84.107503246509495, 9.927691505844292 ], [ -84.107510942391741, 9.927687998741435 ], [ -84.107521614995079, 9.927684648916552 ], [ -84.107530490790936, 9.927680605250993 ], [ -84.107551155773834, 9.927674233134125 ], [ -84.107561680401332, 9.927670160908841 ], [ -84.107581772856619, 9.927664373079569 ], [ -84.107602205579695, 9.927661695548219 ], [ -84.107622681678876, 9.927660591289627 ], [ -84.107644756620076, 9.92766276510374 ], [ -84.107657942192503, 9.927663719308814 ], [ -84.107671523847671, 9.927665554065692 ], [ -84.107683872543447, 9.927667461553211 ], [ -84.107694902533382, 9.92766937669748 ], [ -84.107706815559396, 9.927672053788504 ], [ -84.107718858184612, 9.927675034644789 ], [ -84.107733147979118, 9.927678245346442 ], [ -84.107747135490825, 9.927680168580288 ], [ -84.107760780403055, 9.927683012387536 ], [ -84.107773112683347, 9.927684916260285 ], [ -84.107783568359906, 9.92768752419463 ], [ -84.107815968056443, 9.927696313336844 ], [ -84.107827749216526, 9.927700114372216 ], [ -84.107840407661158, 9.92770382108935 ], [ -84.107859812943474, 9.9277105682292 ], [ -84.107877878740283, 9.927720704697377 ], [ -84.107887368771003, 9.927726490257502 ], [ -84.107897626671274, 9.927732246636147 ], [ -84.107907184220409, 9.927738129826308 ], [ -84.107938567049331, 9.927755181758045 ], [ -84.107958432873431, 9.927764687422803 ], [ -84.107968688501842, 9.927769069433507 ], [ -84.107988681437419, 9.927776848055537 ], [ -84.108007556650691, 9.927785701212423 ], [ -84.108016275777885, 9.927790593679051 ], [ -84.108025495004711, 9.927796522184234 ], [ -84.108035204260446, 9.927803367378313 ], [ -84.108043960942965, 9.927808758944124 ], [ -84.108052024850423, 9.927815132681683 ], [ -84.108068425752904, 9.927826342043605 ], [ -84.108081769953444, 9.92783822691494 ], [ -84.108088495243621, 9.927845069452864 ], [ -84.108094422968946, 9.927850378744223 ], [ -84.108098285742713, 9.927854923758021 ], [ -84.108103766489563, 9.927862667268668 ], [ -84.108110389615689, 9.927869435695623 ], [ -84.108116230335014, 9.927876397871129 ], [ -84.108122131850394, 9.927882426904459 ], [ -84.108127837516676, 9.927889139567306 ], [ -84.108133384215463, 9.92789498426044 ], [ -84.10813837653258, 9.927901122089382 ], [ -84.10814567660816, 9.927908700450038 ], [ -84.108152432621424, 9.927914669530677 ], [ -84.108163998524347, 9.92792667161271 ], [ -84.108185177008039, 9.927945475514079 ], [ -84.108192540895146, 9.927952967051004 ], [ -84.108201799769603, 9.927960190336254 ], [ -84.108209464403998, 9.927967061502432 ], [ -84.108218044598445, 9.927973753343515 ], [ -84.108227156043682, 9.927981917031623 ], [ -84.108246915692291, 9.927995730266918 ], [ -84.108256677666219, 9.928002007607024 ], [ -84.108271334995791, 9.928013518616615 ], [ -84.108278012898353, 9.928020444351224 ], [ -84.108288993558389, 9.928027609209723 ], [ -84.108314960740358, 9.928032315257814 ], [ -84.108319702020651, 9.928034917788311 ], [ -84.108334534619971, 9.928041391504673 ], [ -84.108342944033637, 9.928044559775369 ], [ -84.108350306515945, 9.928047761839252 ], [ -84.108358228905672, 9.928050833518851 ], [ -84.108367238774605, 9.928055150818293 ], [ -84.108388424404325, 9.928062350349871 ], [ -84.108397097975569, 9.928064560998221 ], [ -84.108406403084757, 9.928068151233644 ], [ -84.108417982763228, 9.928072086133044 ], [ -84.108431086809205, 9.928074658831141 ], [ -84.108456165647837, 9.928079093899083 ], [ -84.108469245628328, 9.928080588810857 ], [ -84.108495306337517, 9.928081272984524 ], [ -84.108571235811553, 9.928077530375251 ], [ -84.108585347082084, 9.928075804229287 ], [ -84.108596317308937, 9.928073424467987 ], [ -84.108607813118752, 9.928071917982047 ], [ -84.108632281540039, 9.928067112428909 ], [ -84.108643434457946, 9.928065634986925 ], [ -84.108668079660404, 9.928060404405324 ], [ -84.108691996551542, 9.928053483225755 ], [ -84.108713286967486, 9.928046568321497 ], [ -84.108734848456947, 9.928037553802435 ], [ -84.108744280339437, 9.928032874280037 ], [ -84.108764188633501, 9.928021731835894 ], [ -84.108774283504445, 9.928014249113412 ], [ -84.108783444405304, 9.928006428527278 ], [ -84.108798623908243, 9.927991858933311 ], [ -84.10881202867202, 9.927977159711689 ], [ -84.108817286712991, 9.927970479669028 ], [ -84.108823886955847, 9.927963137324568 ], [ -84.108830198411852, 9.927953966804777 ], [ -84.108834075961639, 9.927947992477028 ], [ -84.108839061398982, 9.927941543994768 ], [ -84.10884838717061, 9.927927620081464 ], [ -84.108854265089491, 9.927920151384603 ], [ -84.108860112833256, 9.927909680791871 ], [ -84.108872429828409, 9.927881842254898 ], [ -84.108877933258626, 9.927867100387553 ], [ -84.108879971849532, 9.927859840900673 ], [ -84.108881226718381, 9.927854314093389 ], [ -84.10888298883151, 9.927849358568404 ], [ -84.108884247083424, 9.927843030649056 ], [ -84.108885887404185, 9.927839321135275 ], [ -84.108888134413405, 9.927828023475101 ], [ -84.108888774636213, 9.927822563777402 ], [ -84.108889938176304, 9.927816639156823 ], [ -84.108886721364442, 9.927752281877751 ], [ -84.108885519428085, 9.92774688426325 ], [ -84.108884876243778, 9.927735102896918 ], [ -84.108878635565546, 9.927707301129759 ], [ -84.108875308387638, 9.927689798930773 ], [ -84.108874701840961, 9.927678496772343 ], [ -84.10887564662805, 9.927675695289691 ], [ -84.108876918241023, 9.927671164892582 ], [ -84.108884948537707, 9.927653063144145 ], [ -84.108886666740204, 9.927642179773956 ], [ -84.108884309801084, 9.927596785759016 ], [ -84.108880200771083, 9.927575630892616 ], [ -84.108875921215727, 9.927557273640563 ], [ -84.108873772874105, 9.927552536390921 ], [ -84.108871574048138, 9.927544052200751 ], [ -84.108871033383593, 9.927533415503502 ], [ -84.108869925653636, 9.927528842478143 ], [ -84.108869332939406, 9.927518001451206 ], [ -84.108866547895005, 9.927501773981533 ], [ -84.108855761362278, 9.927447294705518 ], [ -84.108855409155211, 9.927441207823273 ], [ -84.108853033269625, 9.927429542755442 ], [ -84.108852665478508, 9.927423211747341 ], [ -84.108847893856719, 9.927400523591849 ], [ -84.108847591267761, 9.927395561503873 ], [ -84.108845341262167, 9.927386740971947 ], [ -84.10884512829054, 9.927382518481043 ], [ -84.108844030908529, 9.927378900275187 ], [ -84.108843884030577, 9.927375985219308 ], [ -84.108842499638641, 9.927370394167434 ], [ -84.108838331221506, 9.927340608840652 ], [ -84.108837486681381, 9.927329392657077 ], [ -84.108837824990303, 9.927293404038263 ], [ -84.108837109056552, 9.927285005264133 ], [ -84.108837260615573, 9.927268960390709 ], [ -84.10883817124153, 9.927259372984802 ], [ -84.108838168036058, 9.927249668331113 ], [ -84.108838985401917, 9.9272393567005 ], [ -84.108838981957206, 9.927228927791923 ], [ -84.108839699049469, 9.927218746397006 ], [ -84.10883978178434, 9.927209693635261 ], [ -84.108841494475826, 9.927193171747554 ], [ -84.108842235797624, 9.927184560015931 ], [ -84.108843643892513, 9.927176324210182 ], [ -84.108846667285889, 9.92716041855337 ], [ -84.108848383645793, 9.927155003715518 ], [ -84.108850295430898, 9.927150388116784 ], [ -84.108853990723119, 9.927144855091784 ], [ -84.108865282266564, 9.927126932217838 ], [ -84.108866615062297, 9.927125412748365 ], [ -84.108871290141877, 9.92712089028767 ], [ -84.108879882335671, 9.927108724353689 ], [ -84.108889358129076, 9.927101784341799 ], [ -84.10889295809433, 9.927094795603898 ], [ -84.108898858991878, 9.927087917333663 ], [ -84.108901708519724, 9.927084029301714 ], [ -84.108913589535049, 9.927072668834501 ], [ -84.108920348235401, 9.927064706163195 ], [ -84.108922775672866, 9.927058517108566 ], [ -84.108928863450572, 9.927051420867642 ], [ -84.108932945319779, 9.927045600184224 ], [ -84.108934279736758, 9.927043469482546 ], [ -84.108936936204273, 9.927040421504113 ], [ -84.108939767375901, 9.927036182652683 ], [ -84.108953425758969, 9.927027413914786 ], [ -84.108951744984395, 9.927008053977563 ], [ -84.108952422024231, 9.927003625042376 ], [ -84.108955463064575, 9.926977673844844 ], [ -84.108955579702737, 9.926966357888212 ], [ -84.108954015526933, 9.926946594644965 ], [ -84.10895254988543, 9.92693798995963 ], [ -84.108947494939173, 9.926874824995648 ], [ -84.108944042507687, 9.926856357163835 ], [ -84.108941927159265, 9.926849341348699 ], [ -84.108939931969687, 9.926838898620174 ], [ -84.108940020572462, 9.926836569401857 ], [ -84.108940325487907, 9.926834773584448 ], [ -84.108940530513195, 9.926834267172268 ], [ -84.108948719128961, 9.92682341244087 ], [ -84.108955323794774, 9.926815733734049 ], [ -84.108959943208362, 9.926808361288106 ], [ -84.108965680644104, 9.92680083838337 ], [ -84.108971529963597, 9.926789686933793 ], [ -84.1089742207363, 9.926780073631344 ], [ -84.108977455768752, 9.926767144492763 ], [ -84.108978543801271, 9.926764554543242 ], [ -84.1089799638969, 9.92676228818523 ], [ -84.10898136968153, 9.926760869960667 ], [ -84.10898530312538, 9.926758501516424 ], [ -84.108991031136483, 9.926755575508565 ], [ -84.108995450143937, 9.926754407668648 ], [ -84.109001421385386, 9.926753438245401 ], [ -84.109008635046223, 9.926753435899716 ], [ -84.10905131245417, 9.926756411266146 ], [ -84.109086109412786, 9.926756208256549 ], [ -84.10914386097194, 9.92675165404898 ], [ -84.109156730937372, 9.926752507029114 ], [ -84.109162487402116, 9.926752890338911 ], [ -84.109182121185896, 9.926755761072478 ], [ -84.109191026125941, 9.926757242849494 ], [ -84.109198417226821, 9.926758804687996 ], [ -84.109205453573708, 9.926760370258652 ], [ -84.10921047992025, 9.926761862340546 ], [ -84.109223327090064, 9.92676822725849 ], [ -84.109238132544121, 9.926778217333585 ], [ -84.109264090050146, 9.926798006984651 ], [ -84.109272542713086, 9.926805161785373 ], [ -84.109281201761704, 9.926813162838997 ], [ -84.109289503419674, 9.926821466007864 ], [ -84.109297393274261, 9.926830991773592 ], [ -84.109306470396348, 9.926840171751991 ], [ -84.109313022601441, 9.926847569493857 ], [ -84.10931881984834, 9.92685542138439 ], [ -84.109324458862517, 9.92686462780075 ], [ -84.109330083512305, 9.926874517788173 ], [ -84.109335188834734, 9.926885896239074 ], [ -84.109340453389535, 9.92689893111123 ], [ -84.109346092878525, 9.926909564336432 ], [ -84.109349696315917, 9.926918570686478 ], [ -84.109359166215, 9.926940631604067 ], [ -84.109367488413412, 9.926966843120837 ], [ -84.109375519417981, 9.926989471433506 ], [ -84.109378856721662, 9.927001704918609 ], [ -84.109383266725288, 9.927014617099163 ], [ -84.109387175764084, 9.927026641530064 ], [ -84.109390585737486, 9.927040752990738 ], [ -84.109394217967235, 9.927054068692973 ], [ -84.109397719928751, 9.927065067906847 ], [ -84.109406192742028, 9.927088935716782 ], [ -84.109410778459377, 9.927100949076221 ], [ -84.109416392845972, 9.927112868064214 ], [ -84.109420445775811, 9.927124283024657 ], [ -84.109430561404281, 9.927146479357342 ], [ -84.109444870384621, 9.927180018268833 ], [ -84.10944941607417, 9.927192320981023 ], [ -84.109452746754755, 9.927203819362154 ], [ -84.109457229627225, 9.927216447602566 ], [ -84.109461745065389, 9.92722827652968 ], [ -84.109466412291397, 9.927238566478428 ], [ -84.109474523818449, 9.927261964226293 ], [ -84.109479981915115, 9.927275579521606 ], [ -84.109490798226133, 9.927298623752097 ], [ -84.109505305900512, 9.927320800563775 ], [ -84.109512989714091, 9.927330463827909 ], [ -84.109519906398262, 9.927339633655611 ], [ -84.109528999182388, 9.927349229549057 ], [ -84.1095343302337, 9.927353755982759 ], [ -84.109541258055543, 9.927360762987625 ], [ -84.109548886965854, 9.927364377248217 ], [ -84.109610044236561, 9.9273991667018 ], [ -84.109616766587237, 9.927402588665117 ], [ -84.1096304012069, 9.927410118808259 ], [ -84.109645258665125, 9.927420050979507 ], [ -84.109654958436792, 9.927425735151736 ], [ -84.109682220171521, 9.927440155271348 ], [ -84.109697158031025, 9.927450523232745 ], [ -84.109705922569063, 9.927457544100029 ], [ -84.109720437054804, 9.927467246716247 ], [ -84.109730066677145, 9.927475878563493 ], [ -84.109731342218964, 9.927477706414932 ], [ -84.109733459794271, 9.927483130852243 ], [ -84.109735465840771, 9.927487748789984 ], [ -84.109736829165698, 9.927495755836311 ], [ -84.109746173131754, 9.927517444257377 ], [ -84.109756067770093, 9.927527705364604 ], [ -84.109764896485444, 9.927535735283545 ], [ -84.109783285885797, 9.927548028032019 ], [ -84.109802993099208, 9.92755763129145 ], [ -84.109811386096638, 9.927560793201435 ], [ -84.109825438181716, 9.927567640537436 ], [ -84.109829849449767, 9.927570590363066 ], [ -84.109844443499625, 9.927583670995592 ], [ -84.109853299199074, 9.927590565242658 ], [ -84.109862660061879, 9.927597254977325 ], [ -84.109885613142723, 9.927615548226939 ], [ -84.109892810989891, 9.927622763099109 ], [ -84.109902316556628, 9.92763128467092 ], [ -84.109910798010191, 9.927637157306211 ], [ -84.109918278400656, 9.927643867548047 ], [ -84.109928350361315, 9.927649833696917 ], [ -84.1099510342858, 9.927664996729918 ], [ -84.109957933798952, 9.92766911214064 ], [ -84.109960347583012, 9.927671245233439 ], [ -84.109961364003127, 9.927672700643333 ], [ -84.109962492241507, 9.927675827860911 ], [ -84.109966317650432, 9.927699508204432 ], [ -84.109969516672749, 9.927709934255587 ], [ -84.10997432457674, 9.927720858890835 ], [ -84.109981339153066, 9.927730898505711 ], [ -84.109986267637339, 9.927736956759226 ], [ -84.10999023842777, 9.927742639184546 ], [ -84.109994488648795, 9.927749422819609 ], [ -84.110003987855777, 9.927766192397074 ], [ -84.110008501364163, 9.927774891016545 ], [ -84.110020237753616, 9.927800208056366 ], [ -84.110025131890637, 9.927812644465497 ], [ -84.110025671138999, 9.927816195940506 ], [ -84.110025492218654, 9.927821136484626 ], [ -84.110023984233962, 9.92782783882401 ], [ -84.110020978014845, 9.927837670147017 ], [ -84.110018817714447, 9.927846334789301 ], [ -84.110013017713982, 9.927863114812833 ], [ -84.110009735575048, 9.927871436231658 ], [ -84.110005958194677, 9.927882365492311 ], [ -84.110003326160111, 9.927893028545652 ], [ -84.110000703545126, 9.927904590359134 ], [ -84.109999466521899, 9.927914345149469 ], [ -84.109997238825201, 9.927923281070218 ], [ -84.109994447442759, 9.927942881173808 ], [ -84.109992726481394, 9.927950858488524 ], [ -84.109990159271049, 9.927959015110243 ], [ -84.109986968327661, 9.927967336498888 ], [ -84.109983832649235, 9.927977296258735 ], [ -84.109975267298211, 9.927998788010413 ], [ -84.109972867022407, 9.928009810854398 ], [ -84.109969794202769, 9.928019571672015 ], [ -84.109964818801274, 9.928039631819519 ], [ -84.10996290726635, 9.928050430264356 ], [ -84.109962302136438, 9.928062615305558 ], [ -84.109964916297258, 9.928113154961769 ], [ -84.109968042427653, 9.928134695320132 ], [ -84.109970995606716, 9.928146273387613 ], [ -84.109981577004945, 9.928175717522819 ], [ -84.109986632668807, 9.928185732462705 ], [ -84.109992323075488, 9.928195778840808 ], [ -84.109998248517542, 9.928205065623434 ], [ -84.110011076590823, 9.928222306093934 ], [ -84.110018128936034, 9.928230710922641 ], [ -84.11002881721393, 9.928241554057859 ], [ -84.110038799910839, 9.928247786967859 ], [ -84.110048056315335, 9.928252931473217 ], [ -84.110057449161502, 9.928257015320572 ], [ -84.110065338693673, 9.928259945916951 ], [ -84.110075207273354, 9.928263083826517 ], [ -84.110091324540377, 9.928265798331637 ], [ -84.110098971423398, 9.928268533702228 ], [ -84.110120129763573, 9.928270333319743 ], [ -84.110138984470353, 9.928266695904069 ], [ -84.11014852245836, 9.928263005489551 ], [ -84.110156442347773, 9.92825853438781 ], [ -84.110160911833162, 9.92825554728887 ], [ -84.110164170603852, 9.928253707098667 ], [ -84.110168549238466, 9.928251756229349 ], [ -84.110173930695581, 9.928248770638854 ], [ -84.110175267446607, 9.928248175243503 ], [ -84.110179068208737, 9.928247173961793 ], [ -84.110183479755747, 9.928245467212328 ], [ -84.110189363432198, 9.928244381156258 ], [ -84.110195691783474, 9.928242197269201 ], [ -84.110198183133079, 9.92824172988891 ], [ -84.110213617067686, 9.928240923703305 ], [ -84.110223652686798, 9.928241777573755 ], [ -84.110229963999615, 9.928243184223662 ], [ -84.110240242252814, 9.928244186300727 ], [ -84.11025238948028, 9.928243493313683 ], [ -84.110263297275068, 9.928239885630667 ], [ -84.110269808719863, 9.92823706784594 ], [ -84.110277008062056, 9.928235059987527 ], [ -84.110296686081625, 9.928228120196218 ], [ -84.110305933061298, 9.928224171275135 ], [ -84.110312712326461, 9.928220461871708 ], [ -84.110320284336083, 9.928217473749541 ], [ -84.110336170031516, 9.92820950262101 ], [ -84.11034355788486, 9.928206700821733 ], [ -84.110348253857069, 9.928204670277047 ], [ -84.110353493738984, 9.928203758938404 ], [ -84.110361257577679, 9.928201713820618 ], [ -84.110364946862845, 9.928200069695585 ], [ -84.110368975683841, 9.928199269066448 ], [ -84.110380321477678, 9.928196424370396 ], [ -84.110394529060599, 9.928190927651107 ], [ -84.110400706497629, 9.928187440874462 ], [ -84.110406968919946, 9.928184467648718 ], [ -84.11042306947985, 9.928175431311415 ], [ -84.1104280334376, 9.928173003738623 ], [ -84.11043657556138, 9.928169356140915 ], [ -84.110442803014735, 9.928165447995246 ], [ -84.110453143278093, 9.928161003214655 ], [ -84.110479316595388, 9.928154800898248 ], [ -84.110498924338714, 9.928150445288628 ], [ -84.110516615744345, 9.928147956554538 ], [ -84.110544113935944, 9.928146542377812 ], [ -84.110553216470024, 9.928146989661396 ], [ -84.110562233889823, 9.928146540017961 ], [ -84.110578018587177, 9.928147436286613 ], [ -84.110593252507513, 9.928148491873403 ], [ -84.110598522024347, 9.928148931378587 ], [ -84.11060490616164, 9.928149941962911 ], [ -84.11065864042493, 9.928147259583756 ], [ -84.110675784239433, 9.928148989060746 ], [ -84.11068047232159, 9.928150627710398 ], [ -84.110686542678536, 9.928151452133973 ], [ -84.110686851135981, 9.928157510094115 ], [ -84.110725834107271, 9.928157068633052 ], [ -84.110727085442804, 9.928157399152603 ], [ -84.110735888967866, 9.92816090811178 ], [ -84.110739330971597, 9.928161576073983 ], [ -84.110742189573983, 9.928163018214123 ], [ -84.110747311806577, 9.928164810431399 ], [ -84.11075462147538, 9.928168177021915 ], [ -84.110756752312795, 9.928169583234883 ], [ -84.110765305150338, 9.928176114073601 ], [ -84.110774958429147, 9.928184440266477 ], [ -84.110780441067845, 9.928189471166817 ], [ -84.110790296559088, 9.928197065804017 ], [ -84.110795574853128, 9.928201907796282 ], [ -84.110801577070944, 9.928206209748693 ], [ -84.110803160948066, 9.928208276199658 ], [ -84.110808586450588, 9.928211538526002 ], [ -84.110813235108196, 9.928215260436749 ], [ -84.110822561910965, 9.928223608436678 ], [ -84.1108280586961, 9.928227311983017 ], [ -84.110833610366626, 9.928231511910536 ], [ -84.110844218752533, 9.928237929043924 ], [ -84.11084820138106, 9.928240786770372 ], [ -84.110857860778125, 9.928248311847883 ], [ -84.110863884291163, 9.928253559573127 ], [ -84.110869915608077, 9.928257606533535 ], [ -84.110875241157913, 9.928261946684334 ], [ -84.110879882389455, 9.928265277083041 ], [ -84.110889165477587, 9.928273794178743 ], [ -84.110900426824244, 9.92828288116246 ], [ -84.110904624114653, 9.928286771400286 ], [ -84.110909599820232, 9.928292156908014 ], [ -84.110916565786781, 9.928298549022839 ], [ -84.110922616355197, 9.928302888932933 ], [ -84.110928490120628, 9.928307583343265 ], [ -84.110935285880899, 9.928312252131049 ], [ -84.110941167552397, 9.928316049583691 ], [ -84.11094707853195, 9.928320217743758 ], [ -84.110952938183672, 9.928323620977373 ], [ -84.110959381731135, 9.928327718434216 ], [ -84.110966390603068, 9.928331524555125 ], [ -84.110975393244161, 9.928335921354934 ], [ -84.110981474889982, 9.928337758460316 ], [ -84.110987447335035, 9.928340295443546 ], [ -84.110996416518759, 9.928342831434255 ], [ -84.111005819453823, 9.928344336506358 ], [ -84.111012478762888, 9.928344609174026 ], [ -84.111019003345135, 9.928345608853636 ], [ -84.111049755419927, 9.92834676506912 ], [ -84.111055508472234, 9.92834775867432 ], [ -84.111067721750246, 9.928348213050828 ], [ -84.111070888286875, 9.928348720155336 ], [ -84.111077090250291, 9.928350369147946 ], [ -84.111083281034155, 9.928351318302367 ], [ -84.11109193648727, 9.928353814610196 ], [ -84.111101562708797, 9.928357587309929 ], [ -84.111105028815018, 9.928359407196284 ], [ -84.11110906336468, 9.928362072310257 ], [ -84.111114473609177, 9.928366046232824 ], [ -84.111131365177982, 9.928376945143873 ], [ -84.111139431179367, 9.92838390291114 ], [ -84.111144620337953, 9.928389425781127 ], [ -84.111150923796217, 9.928394563097285 ], [ -84.111157415450933, 9.928400678682674 ], [ -84.111164554159174, 9.928405470321598 ], [ -84.11116825949145, 9.928408145490099 ], [ -84.111173218505428, 9.928412694625132 ], [ -84.111180070896836, 9.928417610232497 ], [ -84.111187496069888, 9.92842271281669 ], [ -84.111196288058807, 9.928427133189258 ], [ -84.111211772716089, 9.928433385034896 ], [ -84.111221879818672, 9.928435250638397 ], [ -84.111237751971345, 9.92843582314735 ], [ -84.111250931484022, 9.928434918201406 ], [ -84.111282849104995, 9.928436184319514 ], [ -84.111289022971604, 9.928435641564988 ], [ -84.111308107165172, 9.928436438146967 ], [ -84.111314729750575, 9.928435980236644 ], [ -84.11133076242173, 9.928436586142842 ], [ -84.111337642675096, 9.928437583889686 ], [ -84.111350040168588, 9.928438019206716 ], [ -84.111355707492791, 9.928438997464003 ], [ -84.111362675055048, 9.928439283585108 ], [ -84.111369688458595, 9.928440287616377 ], [ -84.111382060416389, 9.928440721132329 ], [ -84.111387893729997, 9.928441730076312 ], [ -84.111394496470879, 9.928441919569844 ], [ -84.111401256333863, 9.92844288661299 ], [ -84.111407625635678, 9.928443152135674 ], [ -84.111414314379587, 9.928444162603229 ], [ -84.111419738848639, 9.928444339829301 ], [ -84.11143886754914, 9.928447299207491 ], [ -84.111445048982119, 9.928447556654246 ], [ -84.111450189163463, 9.928448465462694 ], [ -84.111482553653119, 9.928449733221541 ], [ -84.111489138427686, 9.928450729255172 ], [ -84.111536953732852, 9.928452547040512 ], [ -84.111543503362299, 9.928452094575084 ], [ -84.111561901729331, 9.928452817227386 ], [ -84.111602794352592, 9.928449535877027 ], [ -84.111618672856295, 9.928444624463676 ], [ -84.111623113645095, 9.928443105756767 ], [ -84.111650257601227, 9.928437792747069 ], [ -84.111659470089847, 9.92843705005205 ], [ -84.111668942877131, 9.928437448355725 ], [ -84.111675327939352, 9.928438471577872 ], [ -84.111681578656089, 9.928438652141153 ], [ -84.111691120212527, 9.928440145393326 ], [ -84.111697849345731, 9.928441928018577 ], [ -84.111704105764602, 9.928442787624968 ], [ -84.111712955496714, 9.928445348953487 ], [ -84.111714428475921, 9.928445775239418 ], [ -84.111726073552134, 9.928448778688125 ], [ -84.111731941062104, 9.928451121292476 ], [ -84.111737779146196, 9.928452747789377 ], [ -84.111744054362632, 9.928455252107295 ], [ -84.111750792616746, 9.928457036536807 ], [ -84.111757257500216, 9.928459472072923 ], [ -84.111762821031036, 9.928460951278232 ], [ -84.111768569106601, 9.928463392478285 ], [ -84.111775145018058, 9.928465141698087 ], [ -84.111798509136904, 9.928474113399655 ], [ -84.111804295520685, 9.928476569053318 ], [ -84.111816024082884, 9.928481030022576 ], [ -84.111827933747989, 9.928487058793538 ], [ -84.11183323856315, 9.928489373553999 ], [ -84.111845886174422, 9.928495874064366 ], [ -84.111858181176217, 9.928500640458759 ], [ -84.111863455171402, 9.928503504975504 ], [ -84.111870899760731, 9.928506665341436 ], [ -84.111882811655207, 9.928511196773822 ], [ -84.11188903963307, 9.92851423638424 ], [ -84.111899981151737, 9.928518656020609 ], [ -84.111905322713966, 9.928521757411461 ], [ -84.111911973716417, 9.928524411695983 ], [ -84.111922251654875, 9.928529817118442 ], [ -84.111928401339611, 9.928533256405483 ], [ -84.111936630478738, 9.928537159750723 ], [ -84.11195738786779, 9.92854518200974 ], [ -84.111970264363976, 9.928548926472953 ], [ -84.111984687619866, 9.928552831364378 ], [ -84.111991224977203, 9.928553832829067 ], [ -84.111997302909643, 9.928555449295207 ], [ -84.112018810179407, 9.928558803879804 ], [ -84.112025290744441, 9.928559069353536 ], [ -84.112031331982095, 9.928560050186931 ], [ -84.112037509778858, 9.928560334749585 ], [ -84.112040964491072, 9.928560809197782 ], [ -84.112046873723784, 9.928562469120429 ], [ -84.112065959559544, 9.928565386884342 ], [ -84.112072460683933, 9.92856710990182 ], [ -84.112079029045759, 9.928568102312553 ], [ -84.112088496171367, 9.92857061098168 ], [ -84.112093866661823, 9.92857295555422 ], [ -84.112100404270592, 9.928574693930139 ], [ -84.112106529908303, 9.928577138614802 ], [ -84.11211326816742, 9.928578924845334 ], [ -84.112119703868458, 9.928581347725519 ], [ -84.112166567113846, 9.928593932813456 ], [ -84.112173175605733, 9.928594932442397 ], [ -84.112183992575481, 9.928597804140733 ], [ -84.112196940216819, 9.928601568463503 ], [ -84.112203835082695, 9.928602610492835 ], [ -84.112210312495066, 9.928604327186232 ], [ -84.112216868089817, 9.928605317790135 ], [ -84.112227004734507, 9.928608205990249 ], [ -84.112245957162614, 9.928613026200694 ], [ -84.112251903985594, 9.928615265691812 ], [ -84.112259004412934, 9.928617385443586 ], [ -84.112270752584891, 9.928620482874264 ], [ -84.112277157277106, 9.928622894911525 ], [ -84.112317793030343, 9.928633849100228 ], [ -84.112346231639123, 9.928638201373079 ], [ -84.112365279341205, 9.928638921050926 ], [ -84.112371348823444, 9.928639816875004 ], [ -84.112377768287487, 9.928640080554011 ], [ -84.112386465327148, 9.928641459237515 ], [ -84.112395525749506, 9.928644062069878 ], [ -84.112411837659195, 9.928650492611503 ], [ -84.112415657610384, 9.928652281623085 ], [ -84.11242263176625, 9.928655839977273 ], [ -84.112431661454394, 9.928659240313015 ], [ -84.112440574104113, 9.928661743733009 ], [ -84.112469570845775, 9.928666101233224 ], [ -84.112476210098862, 9.928666373878468 ], [ -84.11248319250609, 9.928667386034414 ], [ -84.11248882855557, 9.928667559555382 ], [ -84.112491918487322, 9.928668054013482 ], [ -84.112502425361257, 9.928670837195099 ], [ -84.112506811571478, 9.92867240177686 ], [ -84.112511371271424, 9.928674595615373 ], [ -84.112521851745086, 9.92868018540565 ], [ -84.11252853611964, 9.92868440029558 ], [ -84.1125348862751, 9.928687334967 ], [ -84.112537447695459, 9.928689095465721 ], [ -84.112541988820141, 9.928692974716975 ], [ -84.112548217469026, 9.928697951086081 ], [ -84.11255954895708, 9.928706627488145 ], [ -84.112570547129039, 9.928716665709317 ], [ -84.112582441847962, 9.928726929676031 ], [ -84.112587972678384, 9.928731436100847 ], [ -84.112592836786533, 9.928735736594639 ], [ -84.112597611693303, 9.928740539847006 ], [ -84.112602879489728, 9.928746584384196 ], [ -84.112607803986293, 9.92875146353796 ], [ -84.112611717772808, 9.928755627818324 ], [ -84.112619171822132, 9.928765082218822 ], [ -84.11262292394359, 9.928771194174912 ], [ -84.112627650311083, 9.928778063513329 ], [ -84.11263112837797, 9.928782821087383 ], [ -84.112639132586366, 9.92879563978706 ], [ -84.112644063092091, 9.928802086800694 ], [ -84.112647510238659, 9.928807096653491 ], [ -84.112651459377858, 9.928813298057642 ], [ -84.112654930146277, 9.928818045687811 ], [ -84.112656977832756, 9.928821611118044 ], [ -84.112659805209205, 9.928827706204942 ], [ -84.112663680035865, 9.928835278383334 ], [ -84.112667853010421, 9.928842653348402 ], [ -84.112671321182631, 9.928847807863981 ], [ -84.112673604318672, 9.928851841584466 ], [ -84.112678879476832, 9.928863402570501 ], [ -84.11268156844136, 9.92887010350986 ], [ -84.112684244310557, 9.928875846014032 ], [ -84.112686004145772, 9.928880380830671 ], [ -84.112687406339148, 9.92888448175718 ], [ -84.112688500473112, 9.928889130725322 ], [ -84.112689465327747, 9.928894425327378 ], [ -84.112690357593237, 9.928900797746211 ], [ -84.112691661909778, 9.928906699848625 ], [ -84.112693203036486, 9.928917048669256 ], [ -84.112694757860638, 9.928930115475165 ], [ -84.112695336414987, 9.928936509699987 ], [ -84.112696757646191, 9.92894294342574 ], [ -84.112697691964797, 9.928949614212517 ], [ -84.112700050431627, 9.928957915676039 ], [ -84.112702746155449, 9.928965710680687 ], [ -84.112705754669534, 9.928973456753972 ], [ -84.112709566480348, 9.92898075860063 ], [ -84.112711972720874, 9.928984753399311 ], [ -84.112714283810277, 9.928990519534771 ], [ -84.112724720070801, 9.929010780691932 ], [ -84.112727789510373, 9.929015342193459 ], [ -84.112730140541458, 9.929020565802402 ], [ -84.112732896541416, 9.929025942987105 ], [ -84.112735404784203, 9.929032195509363 ], [ -84.112743528990762, 9.929049196940735 ], [ -84.112745610065815, 9.929054384472847 ], [ -84.112747457728943, 9.929059727603839 ], [ -84.112749747656252, 9.929067609546632 ], [ -84.112752003732041, 9.929072509487943 ], [ -84.112753550813594, 9.929078932320786 ], [ -84.112753742240145, 9.929081340109692 ], [ -84.11275359132415, 9.929085382786109 ], [ -84.11275308079874, 9.929088572934011 ], [ -84.112750745062243, 9.929098729562226 ], [ -84.112749050972923, 9.9291051046593 ], [ -84.112746018404394, 9.929117681129631 ], [ -84.11274436058342, 9.929123441366468 ], [ -84.112742711390041, 9.929130428583845 ], [ -84.112741435999382, 9.929137104634698 ], [ -84.112736009240422, 9.929156920841402 ], [ -84.112734364286368, 9.929173632601874 ], [ -84.112734588498, 9.929189231582031 ], [ -84.112735141350043, 9.929195133936926 ], [ -84.1127352289339, 9.929200564462057 ], [ -84.112736248284165, 9.929215862984226 ], [ -84.112738395143154, 9.929232063506957 ], [ -84.112740100613522, 9.929237623690934 ], [ -84.112742275444276, 9.929250283403064 ], [ -84.112744074938107, 9.929258771316897 ], [ -84.112746187983404, 9.929266769055209 ], [ -84.112748286456139, 9.929272157311141 ], [ -84.112749449712311, 9.92927625108414 ], [ -84.112754530098655, 9.929296919118048 ], [ -84.112757891786018, 9.929308015993435 ], [ -84.112761412801348, 9.929326323716358 ], [ -84.112762742213505, 9.929336261201943 ], [ -84.112762824654723, 9.929342651976652 ], [ -84.112763283782797, 9.929349163785837 ], [ -84.112763380265761, 9.929356612456036 ], [ -84.11276438010637, 9.929368194770884 ], [ -84.11276448197458, 9.929383383290538 ], [ -84.112766595620045, 9.929398459013925 ], [ -84.112771159248581, 9.929420087469182 ], [ -84.112774162087845, 9.929432551597658 ], [ -84.112775921707495, 9.929439108178567 ], [ -84.112778400506102, 9.929447250463614 ], [ -84.112781713803045, 9.929455513629014 ], [ -84.11278654359694, 9.929466098239395 ], [ -84.112792510320759, 9.929473134432447 ], [ -84.112800214367169, 9.92948286452156 ], [ -84.112808927802405, 9.929494767939202 ], [ -84.112813755126453, 9.929500799058074 ], [ -84.112819241946525, 9.929507233222811 ], [ -84.112824271370755, 9.929512217223532 ], [ -84.112828077516781, 9.929516266705399 ], [ -84.112834836350586, 9.929524803583424 ], [ -84.112838692412481, 9.929530806094919 ], [ -84.112842799889052, 9.929535960393149 ], [ -84.112845174113673, 9.929539655915146 ], [ -84.112847030312494, 9.929543281084896 ], [ -84.112848693340553, 9.929547396389687 ], [ -84.112850480757771, 9.92955256412769 ], [ -84.112853534163904, 9.929563545369593 ], [ -84.112854228341504, 9.929566688094084 ], [ -84.112854495932325, 9.929570465702357 ], [ -84.112854942784367, 9.929602365312235 ], [ -84.112853948251399, 9.929627585264896 ], [ -84.11285406067131, 9.929636292559554 ], [ -84.11285544268118, 9.929655999780504 ], [ -84.112855814165698, 9.929675540971092 ], [ -84.112856387854976, 9.929683692938827 ], [ -84.112857594570315, 9.929692181051395 ], [ -84.112860070881069, 9.929701035836809 ], [ -84.112862402123454, 9.929707040669822 ], [ -84.112863722396696, 9.929711584675129 ], [ -84.11286535013268, 9.929719161224158 ], [ -84.112867185175816, 9.929724918476651 ], [ -84.112868808773953, 9.92973106460129 ], [ -84.112870764184962, 9.929736783837331 ], [ -84.112874082836598, 9.929750012801478 ], [ -84.112876473208175, 9.929758241917437 ], [ -84.112878491360505, 9.929763420427731 ], [ -84.112881890626738, 9.929775039005415 ], [ -84.112884116937607, 9.929783543953972 ], [ -84.112891188170551, 9.929801513216798 ], [ -84.112892947623521, 9.929807570685073 ], [ -84.11289566618079, 9.92981543078152 ], [ -84.112898831617699, 9.929823324182346 ], [ -84.112902101631661, 9.929830341389545 ], [ -84.112904382181284, 9.929834782897871 ], [ -84.1129068283945, 9.929840963104271 ], [ -84.112913729861944, 9.92985586180059 ], [ -84.11291736902497, 9.929862290256725 ], [ -84.112921024849484, 9.92986943572844 ], [ -84.112924844469305, 9.929875529574042 ], [ -84.112927667964712, 9.929880903117269 ], [ -84.11293161409553, 9.929888916511695 ], [ -84.11293578789811, 9.929895989473629 ], [ -84.11294009112892, 9.929902850811839 ], [ -84.112942472552064, 9.929906251565258 ], [ -84.112944746740936, 9.929910757272776 ], [ -84.11295151501163, 9.92992550591787 ], [ -84.112954960629253, 9.929931327728514 ], [ -84.11296008383971, 9.929941176227855 ], [ -84.112962750953869, 9.929947942273296 ], [ -84.112966648021356, 9.929956485538087 ], [ -84.112970387471961, 9.929962820828388 ], [ -84.112974788122997, 9.929971866651936 ], [ -84.11297962819674, 9.929985793135154 ], [ -84.112982576049603, 9.929992119650292 ], [ -84.112986362265801, 9.930001854672227 ], [ -84.112988256495612, 9.930007333414025 ], [ -84.112992097713402, 9.930020551350246 ], [ -84.112994527796346, 9.930027554372614 ], [ -84.113005176105943, 9.930054356345122 ], [ -84.113009218867759, 9.930062245832131 ], [ -84.113019420532822, 9.930079061196203 ], [ -84.11302347983154, 9.93008730240666 ], [ -84.113029697071298, 9.930096139653438 ], [ -84.113035468510475, 9.930102772639655 ], [ -84.11303868167964, 9.930106234596565 ], [ -84.113042836859933, 9.930112177328073 ], [ -84.113050350642879, 9.930120174146253 ], [ -84.113058336319824, 9.93012668431968 ], [ -84.11307280181569, 9.930136507060443 ], [ -84.113087992117684, 9.930143043736123 ], [ -84.113098652335154, 9.930146058318668 ], [ -84.11312281728695, 9.930146954350427 ], [ -84.113132078176648, 9.930146276699746 ], [ -84.113138372234729, 9.930145099130225 ], [ -84.113144345531083, 9.930144661294802 ], [ -84.113152990564473, 9.930143191782628 ], [ -84.113163893401506, 9.930140993636313 ], [ -84.113176459191507, 9.930140017390448 ], [ -84.11318299674889, 9.930138845162976 ], [ -84.113208233221968, 9.930136939651705 ], [ -84.113214758017719, 9.930135785511689 ], [ -84.113222020834826, 9.930135307454952 ], [ -84.113228159835856, 9.930134070259697 ], [ -84.113234133102026, 9.93013354562064 ], [ -84.113253288866545, 9.930130011005113 ], [ -84.113256404084837, 9.930129738695827 ], [ -84.113265866890515, 9.930130136957157 ], [ -84.113269498572251, 9.930130692709566 ], [ -84.113279361555598, 9.930133219294207 ], [ -84.113288705165857, 9.930137064360496 ], [ -84.113295465854961, 9.930140317152343 ], [ -84.113308174070966, 9.930145103244634 ], [ -84.113312786737893, 9.930147432682078 ], [ -84.113328062520736, 9.930153242350627 ], [ -84.113337384683817, 9.930155713056768 ], [ -84.113346816836525, 9.930157138483924 ], [ -84.113355643095588, 9.930157572221336 ], [ -84.113364598418769, 9.93015673733885 ], [ -84.11337349420171, 9.930155142054026 ], [ -84.113380367128855, 9.93015328071785 ], [ -84.113388019994701, 9.930151996893885 ], [ -84.11340026831131, 9.930148065860111 ], [ -84.113406299757159, 9.930146998685368 ], [ -84.113413233780761, 9.930145121052467 ], [ -84.113420620359108, 9.930143866251909 ], [ -84.113440653455257, 9.930137717320742 ], [ -84.113448798497259, 9.930135589721225 ], [ -84.113463895963733, 9.930129407196215 ], [ -84.113471546280266, 9.930126020229533 ], [ -84.11347826255745, 9.930122124521017 ], [ -84.113483665953794, 9.930119289869694 ], [ -84.113491740179427, 9.930115439814648 ], [ -84.113499857722402, 9.930110262396504 ], [ -84.113504720159668, 9.930106973121426 ], [ -84.113510142743806, 9.930104245157386 ], [ -84.113516324796961, 9.930100915650861 ], [ -84.11353458773867, 9.930092109904709 ], [ -84.113541092811431, 9.930089303813244 ], [ -84.113547140902583, 9.930086261883378 ], [ -84.113553693520672, 9.930083812025703 ], [ -84.113567205053798, 9.930077623704149 ], [ -84.113572813814145, 9.930075284476919 ], [ -84.113578760003762, 9.930072939710096 ], [ -84.113594019158413, 9.93006755100167 ], [ -84.113605623250521, 9.930062565895401 ], [ -84.11361149850822, 9.930060808874366 ], [ -84.113619771839552, 9.930057822248459 ], [ -84.113625970582618, 9.930055293844983 ], [ -84.113630493485061, 9.930053843801947 ], [ -84.113648621808082, 9.930048723566234 ], [ -84.1136546778921, 9.930047707013241 ], [ -84.113665912681455, 9.930045507833894 ], [ -84.113671897830883, 9.930045069985074 ], [ -84.113678404378888, 9.930043902279417 ], [ -84.113691776370388, 9.930042983608848 ], [ -84.11370459517957, 9.930040545185117 ], [ -84.113711143933259, 9.930040116186248 ], [ -84.113718590716587, 9.930038913801631 ], [ -84.113725056457284, 9.930038417920732 ], [ -84.11373708823497, 9.930035992421494 ], [ -84.113743233896301, 9.930035567175572 ], [ -84.113750153565917, 9.930034390286425 ], [ -84.113757235807057, 9.930033907758478 ], [ -84.113769379749286, 9.930031458711108 ], [ -84.113775702329477, 9.930031020745881 ], [ -84.113790928633719, 9.930028231580662 ], [ -84.113796236792425, 9.930026914184428 ], [ -84.113801954491151, 9.930025778390833 ], [ -84.113808734491798, 9.930024207321882 ], [ -84.113813324901102, 9.930022820546625 ], [ -84.11381775877723, 9.930022379605305 ], [ -84.113828803787655, 9.930019931833211 ], [ -84.11384072928854, 9.930018738774846 ], [ -84.113850874237812, 9.930019102428796 ], [ -84.113858310232629, 9.930020990559887 ], [ -84.113879817335715, 9.930015620511986 ], [ -84.113884370542053, 9.930014778973883 ], [ -84.113888651826613, 9.930013495380098 ], [ -84.113893494182776, 9.93001280835977 ], [ -84.113898677356005, 9.930011363513865 ], [ -84.113904948711436, 9.930010481607221 ], [ -84.113912711515141, 9.930010661614585 ], [ -84.113923808944378, 9.930012115393488 ], [ -84.113939364808132, 9.930015577666477 ], [ -84.11394690716584, 9.930016486523664 ], [ -84.113968964972969, 9.930021291112197 ], [ -84.113974529404501, 9.93002263374756 ], [ -84.113981443004192, 9.930025003081687 ], [ -84.113987575679261, 9.930026583325041 ], [ -84.113995585729143, 9.930029688295082 ], [ -84.113997845239155, 9.93003126262224 ], [ -84.114002033311053, 9.930034698016742 ], [ -84.114006127620669, 9.930038628034001 ], [ -84.114009658401713, 9.930042768014589 ], [ -84.114012226954983, 9.930046639778626 ], [ -84.114018862252152, 9.930059113509325 ], [ -84.114021008247718, 9.930064716033183 ], [ -84.114022815006663, 9.930070372019564 ], [ -84.114024551027754, 9.930077172732197 ], [ -84.114026606155917, 9.930088997909817 ], [ -84.11402743187034, 9.930100621871805 ], [ -84.114027028550069, 9.930121044002725 ], [ -84.114026626863378, 9.930125108465162 ], [ -84.114025069514582, 9.930136534316581 ], [ -84.114022164757387, 9.930149384722796 ], [ -84.114020664693214, 9.930157685680436 ], [ -84.114019817916173, 9.930164253087113 ], [ -84.114015943588157, 9.930181971067972 ], [ -84.114014788160404, 9.930190010597947 ], [ -84.114014096883608, 9.930197919766885 ], [ -84.11401263444121, 9.930278031334478 ], [ -84.11401324359116, 9.930293694378493 ], [ -84.114014025396571, 9.93030229565432 ], [ -84.114015363510447, 9.930310903974377 ], [ -84.114017449895542, 9.930320812262398 ], [ -84.114020059903581, 9.930331148053204 ], [ -84.114023621077223, 9.930341406664365 ], [ -84.114027549721484, 9.930351502396576 ], [ -84.114032684218145, 9.930362228841707 ], [ -84.114038171168559, 9.930371563621266 ], [ -84.114043276084217, 9.930378505144725 ], [ -84.114051678852732, 9.93039112746397 ], [ -84.114062011065414, 9.930405515909893 ], [ -84.114067665057505, 9.93041264531719 ], [ -84.114073441170575, 9.930419531456216 ], [ -84.114081197893867, 9.930428459481877 ], [ -84.114089063255037, 9.930435078173856 ], [ -84.114096758218935, 9.930442107425069 ], [ -84.114104787486397, 9.930448003614538 ], [ -84.114120449030338, 9.9304616153546 ], [ -84.114128024908098, 9.930467113855125 ], [ -84.114139983803994, 9.93047803237463 ], [ -84.11414609087916, 9.930484663418563 ], [ -84.114152692304287, 9.930491461568781 ], [ -84.114157811478393, 9.930497429274931 ], [ -84.114164198245192, 9.930505865886927 ], [ -84.114186059385361, 9.930532537413349 ], [ -84.114202381536558, 9.930549725892563 ], [ -84.114209324408094, 9.930557574591852 ], [ -84.114216425444283, 9.930566554376423 ], [ -84.114223363650297, 9.930574096557219 ], [ -84.114229552096859, 9.930581309868973 ], [ -84.114241084773298, 9.930593896757093 ], [ -84.11424485190318, 9.93059843359298 ], [ -84.11425145222907, 9.930607308661646 ], [ -84.114253489799708, 9.930610549481349 ], [ -84.114255218355439, 9.930614209949683 ], [ -84.114259612198765, 9.930624536088247 ], [ -84.114260625851557, 9.930628449068807 ], [ -84.114263364870695, 9.930645230770539 ], [ -84.114265675943557, 9.930656094706931 ], [ -84.114269363108107, 9.930666718564199 ], [ -84.114272946817579, 9.930676184191713 ], [ -84.114277513605913, 9.930685552735788 ], [ -84.114281637546583, 9.930693368939842 ], [ -84.11428440743228, 9.930699226229972 ], [ -84.114287099192893, 9.930705962417592 ], [ -84.114289656656013, 9.930714644463812 ], [ -84.114293272140557, 9.930723691441123 ], [ -84.114299189870579, 9.930741811160843 ], [ -84.114306490296016, 9.930760321922229 ], [ -84.114310642226798, 9.930769951013476 ], [ -84.114314666927811, 9.930778240141287 ], [ -84.114318085363138, 9.930784476968862 ], [ -84.114321063320304, 9.930790734743018 ], [ -84.114324270985037, 9.93079667235617 ], [ -84.114326539094137, 9.9308019818791 ], [ -84.114331835352402, 9.930816270765149 ], [ -84.114334848241512, 9.93082332421276 ], [ -84.114337148581882, 9.930829531583408 ], [ -84.114342511896979, 9.930845207470931 ], [ -84.114344820098466, 9.930853042377418 ], [ -84.114349329237356, 9.930869717684123 ], [ -84.114351912163798, 9.930878183620102 ], [ -84.114353876530075, 9.930885961680005 ], [ -84.114358048721883, 9.930904031359583 ], [ -84.114359592048501, 9.930912656787376 ], [ -84.114360536273708, 9.930921479532628 ], [ -84.114361893159398, 9.930931586988336 ], [ -84.114362899884611, 9.930941807587047 ], [ -84.114364394836187, 9.930952943057468 ], [ -84.114365883516697, 9.930961776467116 ], [ -84.114367333368364, 9.930971722041367 ], [ -84.114369183176947, 9.930980510118335 ], [ -84.114370518586256, 9.930989173592897 ], [ -84.11437178377831, 9.930997851558422 ], [ -84.114372850905625, 9.931008679750834 ], [ -84.114374857230942, 9.931019103450593 ], [ -84.114376641972498, 9.931029604986129 ], [ -84.114378847058276, 9.931039881235327 ], [ -84.114382402648502, 9.931060268558976 ], [ -84.11438426159161, 9.93106909641695 ], [ -84.114385875161588, 9.931077777880208 ], [ -84.114388042933257, 9.931085648097545 ], [ -84.11438982018322, 9.931095583613775 ], [ -84.114392126101706, 9.931104714222112 ], [ -84.114394108304452, 9.931113950730948 ], [ -84.114397668466097, 9.931134366082583 ], [ -84.114402017500311, 9.931154810098839 ], [ -84.114407264759549, 9.931172411945177 ], [ -84.114410778689248, 9.931180498707823 ], [ -84.114413778174182, 9.931188330665043 ], [ -84.114418199364891, 9.931198585360828 ], [ -84.114422306843267, 9.931206238814562 ], [ -84.11443104898494, 9.931224344003954 ], [ -84.11443755187868, 9.931233598860711 ], [ -84.114442472481116, 9.931240208603407 ], [ -84.114447535892282, 9.931248371692394 ], [ -84.114458741667647, 9.931264928973686 ], [ -84.114464630496528, 9.931273308785583 ], [ -84.114470681211259, 9.931280402786609 ], [ -84.114475951993853, 9.931286950924363 ], [ -84.114485890733263, 9.931300024800894 ], [ -84.114495079402303, 9.931314503137502 ], [ -84.114499109684189, 9.931320449509501 ], [ -84.114501975907928, 9.931325325720548 ], [ -84.114504086133252, 9.931330296225466 ], [ -84.114508800151441, 9.931346019349334 ], [ -84.114511288368519, 9.93135485512906 ], [ -84.114513635387937, 9.93136414847616 ], [ -84.114516201645117, 9.931371861227566 ], [ -84.114517558878646, 9.93137770362703 ], [ -84.11451855864911, 9.931383641088409 ], [ -84.114518691187115, 9.931389752450302 ], [ -84.114517886505908, 9.931436060717356 ], [ -84.114518071897308, 9.931444675757922 ], [ -84.114517715030075, 9.931467468652722 ], [ -84.114517943971464, 9.931478059329326 ], [ -84.11452029753066, 9.931495666683343 ], [ -84.114523456976073, 9.931515020653219 ], [ -84.114526061977088, 9.931523996541943 ], [ -84.114528071100779, 9.931531953614378 ], [ -84.114530397417752, 9.931542027282626 ], [ -84.114535368003018, 9.931558602063335 ], [ -84.114538976446937, 9.931568336222712 ], [ -84.114547678689689, 9.931584428699511 ], [ -84.114561424970347, 9.931602776304889 ], [ -84.11457080978623, 9.931617424559306 ], [ -84.114581097561853, 9.931632354611351 ], [ -84.114585842526466, 9.931640015078273 ], [ -84.114590926797135, 9.931647816482446 ], [ -84.11459591141616, 9.931654910845531 ], [ -84.114605006032363, 9.9316690049309 ], [ -84.114608683203201, 9.931674431514036 ], [ -84.114611532254145, 9.931679739027558 ], [ -84.114614463694011, 9.931685938946497 ], [ -84.114617498425375, 9.931692821492039 ], [ -84.114620155644033, 9.931699839794904 ], [ -84.11463299251642, 9.93173603457196 ], [ -84.114639042295849, 9.931756127177328 ], [ -84.114652448591627, 9.931790686986652 ], [ -84.114655637668619, 9.93179819879386 ], [ -84.11465849320939, 9.931806425023725 ], [ -84.11466187791244, 9.931815263207767 ], [ -84.114665820819866, 9.931824307355631 ], [ -84.114669609160089, 9.931832080267938 ], [ -84.114673816826752, 9.93184194080688 ], [ -84.114678713357023, 9.931850094002947 ], [ -84.114683089162014, 9.931858292586581 ], [ -84.1146885229725, 9.931866798231937 ], [ -84.114699012341006, 9.931881819533984 ], [ -84.114713771655488, 9.931902215675851 ], [ -84.114718450380551, 9.931908199798771 ], [ -84.114722376698509, 9.931914119077698 ], [ -84.114727031864206, 9.931920539027191 ], [ -84.114732003862443, 9.931928034851877 ], [ -84.114743924451616, 9.931941350363692 ], [ -84.114751448673275, 9.931947659019308 ], [ -84.11476145354716, 9.931954145854345 ], [ -84.114779676675028, 9.931959128017505 ], [ -84.114790226032, 9.931960465314283 ], [ -84.114820468424099, 9.931960955871972 ], [ -84.114844927923329, 9.931958780150262 ], [ -84.114868412494459, 9.931953933789575 ], [ -84.114877504993856, 9.931951443250941 ], [ -84.114884841120343, 9.931949249887976 ], [ -84.114901670243441, 9.931944960978406 ], [ -84.114926984373753, 9.93193786255801 ], [ -84.114935269561414, 9.931934778243212 ], [ -84.114950751550907, 9.93193010099243 ], [ -84.11495746543369, 9.931927130239664 ], [ -84.114964723136566, 9.931924959506562 ], [ -84.114974150748949, 9.93192105198769 ], [ -84.114981269340177, 9.931917477097969 ], [ -84.114988464850867, 9.931914799136216 ], [ -84.114998337412615, 9.931910613878237 ], [ -84.115015693180368, 9.931902347259069 ], [ -84.115024205762893, 9.931897548523501 ], [ -84.11503385548508, 9.931892460961347 ], [ -84.115042181764551, 9.931886922663477 ], [ -84.115064365009886, 9.931874473418791 ], [ -84.115071635145654, 9.931871349664952 ], [ -84.115079581021106, 9.931868116272099 ], [ -84.115088736275737, 9.931865146486558 ], [ -84.115107628963443, 9.93185755566738 ], [ -84.115116397529604, 9.931854563409221 ], [ -84.11512560997916, 9.931850852168843 ], [ -84.115134713202224, 9.931847745867536 ], [ -84.115143524339842, 9.931843920836886 ], [ -84.115169575579742, 9.931834906170506 ], [ -84.115189904106543, 9.93182580666754 ], [ -84.115206175298837, 9.931814302514095 ], [ -84.115214408864787, 9.931809660294194 ], [ -84.115223389574851, 9.931803073812899 ], [ -84.115232026849228, 9.931797577900241 ], [ -84.11524193377852, 9.931789982930267 ], [ -84.115271101467741, 9.931763348176208 ], [ -84.115278217352341, 9.931757270488673 ], [ -84.115287328827577, 9.931749091685571 ], [ -84.11529438657341, 9.931741061875737 ], [ -84.11530142565573, 9.93173442723432 ], [ -84.115308667693824, 9.931726605324013 ], [ -84.115314239867303, 9.931721310289614 ], [ -84.115321432219488, 9.93171484106144 ], [ -84.115328544045752, 9.931707596971687 ], [ -84.115342492700009, 9.931694310552267 ], [ -84.115349225141387, 9.93168706659268 ], [ -84.115355683335679, 9.931680563257355 ], [ -84.115362046381875, 9.931673198263473 ], [ -84.11536828195355, 9.931666412897899 ], [ -84.115374075829862, 9.931658781364311 ], [ -84.115379843442213, 9.931651674268707 ], [ -84.11538688150533, 9.931642140799019 ], [ -84.115396830616049, 9.931624814938326 ], [ -84.115406308922971, 9.931606859020453 ], [ -84.115410150130955, 9.931598896321768 ], [ -84.115414737385962, 9.931591068090064 ], [ -84.115423616293299, 9.931572465883697 ], [ -84.115427853624112, 9.93156282577954 ], [ -84.115432022884121, 9.931551519280232 ], [ -84.115435619595473, 9.931540712994092 ], [ -84.11543890539356, 9.931530112969904 ], [ -84.115443910099415, 9.931508606037344 ], [ -84.115446354795154, 9.93149727571892 ], [ -84.115453288353976, 9.93144719487535 ], [ -84.115455228302167, 9.931434661256469 ], [ -84.115456334216532, 9.931420747229803 ], [ -84.115457555573499, 9.931397947707463 ], [ -84.115461420730725, 9.931185148430799 ], [ -84.115461026764677, 9.931164361283153 ], [ -84.115460386917917, 9.931154989594432 ], [ -84.115460018796867, 9.931132483576349 ], [ -84.115458868404275, 9.931107965105165 ], [ -84.115457755163064, 9.931095770704397 ], [ -84.115456278461622, 9.931084772669657 ], [ -84.115452991331807, 9.931062939468948 ], [ -84.115446717787023, 9.931028997506393 ], [ -84.115444203059468, 9.931017443753504 ], [ -84.115440870756231, 9.930996820371782 ], [ -84.115439867911846, 9.930987360197543 ], [ -84.115437981423497, 9.93097547891206 ], [ -84.115434126197371, 9.930953828552708 ], [ -84.115430935212729, 9.930940899762582 ], [ -84.115428046803345, 9.930929997153642 ], [ -84.115422516564209, 9.930906573354092 ], [ -84.115420171319343, 9.930897202252542 ], [ -84.115418685351926, 9.930888383313937 ], [ -84.115417151033398, 9.930876915120905 ], [ -84.115412698592337, 9.930855631163023 ], [ -84.115408509546015, 9.930833868798848 ], [ -84.115405924366613, 9.930813842827506 ], [ -84.115404997237363, 9.930804437782427 ], [ -84.115404460951851, 9.930796508237684 ], [ -84.115404956797505, 9.930769706123909 ], [ -84.115405817386957, 9.930760989454443 ], [ -84.115407039650535, 9.930751184922144 ], [ -84.11540915236921, 9.930739817646145 ], [ -84.11541094490839, 9.930728236187839 ], [ -84.115412882198925, 9.930718535390875 ], [ -84.115417716283105, 9.930699426423343 ], [ -84.115419556492995, 9.930688553831999 ], [ -84.115421349058025, 9.930679650578698 ], [ -84.115422771045303, 9.930669849594274 ], [ -84.115424527557607, 9.930659561137217 ], [ -84.115426078394449, 9.93064790200186 ], [ -84.115427374048835, 9.930636732120156 ], [ -84.115428945943904, 9.930627912128104 ], [ -84.115430825336659, 9.930619552261861 ], [ -84.115432852607555, 9.930611585666473 ], [ -84.115440088167716, 9.930585358102647 ], [ -84.115442954410696, 9.930577257398332 ], [ -84.115452140414106, 9.930547642073677 ], [ -84.115455220797529, 9.930539045800394 ], [ -84.115458698623584, 9.93052993761969 ], [ -84.115461431496342, 9.930521207646235 ], [ -84.115467910462471, 9.930506389387741 ], [ -84.115476229438968, 9.930490545145751 ], [ -84.115479567998293, 9.930484799688323 ], [ -84.115484276187701, 9.930478598048039 ], [ -84.115488324191588, 9.93047264257439 ], [ -84.115491800403063, 9.930469338377245 ], [ -84.115496790266945, 9.930465378121985 ], [ -84.115503560120189, 9.930460874740284 ], [ -84.115511173454863, 9.930456093481951 ], [ -84.115518743699027, 9.930450663935442 ], [ -84.115525615758756, 9.930446347685002 ], [ -84.115531370798067, 9.930442464925635 ], [ -84.115536724074232, 9.930439776737151 ], [ -84.115553582120455, 9.930432390941187 ], [ -84.115561513181532, 9.930428634921464 ], [ -84.115578351219909, 9.930421410980843 ], [ -84.11559589149266, 9.930414222964654 ], [ -84.11560516787489, 9.930410910436164 ], [ -84.115614935905924, 9.930407863569096 ], [ -84.115626259355594, 9.930403636199596 ], [ -84.115643107390923, 9.930396320929299 ], [ -84.115650135223305, 9.930394110476625 ], [ -84.1156570665581, 9.930392390127061 ], [ -84.115664135852782, 9.930391385846704 ], [ -84.115692402905438, 9.930389697915803 ], [ -84.115741470336985, 9.93039061499832 ], [ -84.115750210348821, 9.930392135536433 ], [ -84.115760292613388, 9.930393150169488 ], [ -84.11579342657275, 9.930398348653636 ], [ -84.115803751649878, 9.93040000698341 ], [ -84.115813477601691, 9.930401789393686 ], [ -84.115845333962227, 9.93040721436123 ], [ -84.115866389519368, 9.930409313839894 ], [ -84.115876746907659, 9.930409492000349 ], [ -84.11588703983125, 9.930410482143666 ], [ -84.115935190717622, 9.93041136696397 ], [ -84.115941013905527, 9.930411972563668 ], [ -84.115948274742777, 9.93041363827847 ], [ -84.115955755097644, 9.930414539878207 ], [ -84.115960256981012, 9.930415572711551 ], [ -84.115967043853232, 9.930417985449303 ], [ -84.115979917573469, 9.930421283088801 ], [ -84.11598503990551, 9.930423179206684 ], [ -84.11599243673821, 9.930427748221359 ], [ -84.115995681104337, 9.930429062692003 ], [ -84.115999056257024, 9.930431438634141 ], [ -84.116007622798932, 9.930434990936158 ], [ -84.116012482248479, 9.930436224374779 ], [ -84.116413387745524, 9.930555691338618 ], [ -84.116418518160145, 9.93055722034665 ], [ -84.116687855413133, 9.930637481858453 ], [ -84.116705684661241, 9.930635136514965 ], [ -84.116872342659875, 9.930613217876415 ], [ -84.116877503339708, 9.930612647342201 ], [ -84.116890031598984, 9.930611262277141 ], [ -84.116899623069614, 9.930609257058936 ], [ -84.116906498608429, 9.930607077375504 ], [ -84.116913363407519, 9.930605472759288 ], [ -84.116920392003706, 9.930602857203535 ], [ -84.116933933271255, 9.930598344196932 ], [ -84.116942168964684, 9.93059471191215 ], [ -84.116949638591592, 9.930591065427519 ], [ -84.116955549641247, 9.930587398690365 ], [ -84.116960625727046, 9.930584880563355 ], [ -84.116966906230445, 9.930581503941418 ], [ -84.116972960758503, 9.93057867714457 ], [ -84.116981192566115, 9.930574377569421 ], [ -84.116986254779164, 9.930571316934037 ], [ -84.116992317568929, 9.930568642941743 ], [ -84.116998513243644, 9.930565226564548 ], [ -84.117004318058875, 9.930562877265606 ], [ -84.117012887481707, 9.930559096575733 ], [ -84.117019257189554, 9.930555246127136 ], [ -84.1170246022605, 9.930552594989594 ], [ -84.117030435950184, 9.930549377659608 ], [ -84.117043307493844, 9.930543939898147 ], [ -84.117053890068775, 9.930538770575426 ], [ -84.117066475743329, 9.930534719033192 ], [ -84.11707373221671, 9.930531781503698 ], [ -84.117085108632153, 9.930527796388992 ], [ -84.117096756927779, 9.930524124027954 ], [ -84.117102514747529, 9.930522980930595 ], [ -84.117121608177158, 9.930518605221131 ], [ -84.117135072528654, 9.930515802957114 ], [ -84.117146140308847, 9.930513298104048 ], [ -84.117149853741196, 9.93051290438825 ], [ -84.117182621152921, 9.930513073768884 ], [ -84.117189841931861, 9.930512346084937 ], [ -84.117230023719614, 9.930512512867931 ], [ -84.117236600642386, 9.930511785408221 ], [ -84.117279582194783, 9.930511934930374 ], [ -84.117285017983676, 9.930513066879687 ], [ -84.117298216659307, 9.930514575870673 ], [ -84.117315324900972, 9.930518416297579 ], [ -84.117320115147905, 9.930519935464796 ], [ -84.117325211997709, 9.930521955444769 ], [ -84.117330928984487, 9.930523953507025 ], [ -84.117341772312543, 9.930528835942331 ], [ -84.117352455450501, 9.930534609962782 ], [ -84.117364195131657, 9.930541710960867 ], [ -84.117378589015416, 9.930549786647719 ], [ -84.117383862945957, 9.930552245095951 ], [ -84.117388993115028, 9.930555632195576 ], [ -84.117396551117224, 9.930559436179443 ], [ -84.117402164360072, 9.930562052741417 ], [ -84.117408665331624, 9.930565719658754 ], [ -84.117415120485916, 9.930568773552544 ], [ -84.117421881337819, 9.930572346342998 ], [ -84.117428734791574, 9.930574740943873 ], [ -84.117434944567208, 9.930577634881974 ], [ -84.11744731799638, 9.930581954372627 ], [ -84.117452913055899, 9.930584726460458 ], [ -84.117461508672008, 9.930587918848037 ], [ -84.117467075882956, 9.930589318387975 ], [ -84.117473298253088, 9.930591724963595 ], [ -84.117483184867368, 9.930593900590681 ], [ -84.117497766209596, 9.930595702045922 ], [ -84.117538227078214, 9.930595884969378 ], [ -84.117547357412036, 9.930594800357824 ], [ -84.117556507480828, 9.93059279527572 ], [ -84.117565489338347, 9.930589649167086 ], [ -84.117577253751492, 9.930584261503974 ], [ -84.117640804456173, 9.93056509844341 ], [ -84.117764258350334, 9.930553448923138 ], [ -84.117771847571831, 9.930552732851618 ], [ -84.117842812289126, 9.930552993626698 ], [ -84.117849801423091, 9.930552260584861 ], [ -84.117857478449437, 9.930552257884868 ], [ -84.117864310661744, 9.930551353102205 ], [ -84.11789311900408, 9.930548476692213 ], [ -84.11789908827906, 9.930546995340487 ], [ -84.117911056602509, 9.930545681865173 ], [ -84.117926365704889, 9.930542394275534 ], [ -84.117941194913882, 9.930538567958049 ], [ -84.117951926855895, 9.930532888592506 ], [ -84.117959306217088, 9.930526787246807 ], [ -84.11796774272149, 9.930518590525168 ], [ -84.117969454199383, 9.930515195600842 ], [ -84.117978389291935, 9.930501172115841 ], [ -84.117982505767799, 9.930493002232001 ], [ -84.117984980688263, 9.930487389969798 ], [ -84.117986903640244, 9.930483703822389 ], [ -84.117989918619529, 9.930478561547771 ], [ -84.117993913888, 9.930470632220477 ], [ -84.117996690340149, 9.930461545961656 ], [ -84.118008488232562, 9.930437635075975 ], [ -84.118010952590922, 9.930427999180626 ], [ -84.11801132934221, 9.930425745811393 ], [ -84.118014106737476, 9.930419294355973 ], [ -84.118015892433789, 9.930414328830681 ], [ -84.118017067926971, 9.930411656541095 ], [ -84.118017864509014, 9.930410299978538 ], [ -84.118020378604683, 9.930407125393163 ], [ -84.118024433386253, 9.930402400486861 ], [ -84.118027379429108, 9.930398305285895 ], [ -84.118038683985674, 9.930387253934901 ], [ -84.118043602194447, 9.93038193015177 ], [ -84.118047158300243, 9.930377697299146 ], [ -84.118051169475322, 9.930373444394036 ], [ -84.118059418436232, 9.930363623814465 ], [ -84.118062615223693, 9.930359393800845 ], [ -84.118065005429358, 9.930356608963814 ], [ -84.118068710386467, 9.930352933038336 ], [ -84.118086506475237, 9.930331936947015 ], [ -84.11809056531709, 9.93032836759078 ], [ -84.118098983830791, 9.930318344412379 ], [ -84.118103821720382, 9.930312844340001 ], [ -84.118107639268601, 9.930307793104442 ], [ -84.11811015543006, 9.93030529756286 ], [ -84.118115273622635, 9.930300707908863 ], [ -84.118120092485995, 9.93029555866792 ], [ -84.11813549620959, 9.93028151210221 ], [ -84.118140391782816, 9.930276653982471 ], [ -84.118149829612449, 9.930268417118945 ], [ -84.118154391646016, 9.930264239970187 ], [ -84.118165022085449, 9.930255291993964 ], [ -84.118171192148026, 9.930249170273704 ], [ -84.118174893380228, 9.930245286385125 ], [ -84.118179244094762, 9.93024183446934 ], [ -84.118185047967202, 9.930236897364287 ], [ -84.118191294793405, 9.930231216860332 ], [ -84.118197224178886, 9.930225333930119 ], [ -84.118210491951842, 9.930211023187251 ], [ -84.118215017820845, 9.930207726729547 ], [ -84.118226286412522, 9.930198143786278 ], [ -84.118232484034039, 9.930192584460128 ], [ -84.118238482399207, 9.930185784658184 ], [ -84.118247011504465, 9.930176459470196 ], [ -84.118250211565353, 9.930173738543422 ], [ -84.118267499779279, 9.930160689530274 ], [ -84.118278421832713, 9.930151151012767 ], [ -84.118282847304883, 9.930147637584474 ], [ -84.118293532929044, 9.930140007890856 ], [ -84.118304789713847, 9.930133113100126 ], [ -84.118312280732454, 9.93012815821767 ], [ -84.11832482005515, 9.93011702052325 ], [ -84.118331301315308, 9.930111509017099 ], [ -84.118338197548667, 9.930103526218401 ], [ -84.118343316419995, 9.930095766477473 ], [ -84.118347182266376, 9.930088092172667 ], [ -84.118352742758077, 9.930075880053812 ], [ -84.118356790869925, 9.930067845817669 ], [ -84.118357104700507, 9.930068154034963 ], [ -84.118368915694006, 9.930063048434452 ], [ -84.118396945488115, 9.930050932359146 ], [ -84.11839724575897, 9.93005157422656 ], [ -84.118444083244185, 9.930125720081282 ], [ -84.118510944938393, 9.930184427975318 ], [ -84.118512436389381, 9.930185454605445 ], [ -84.118518276424666, 9.930189794450907 ], [ -84.118523751669528, 9.930194134425287 ], [ -84.11852950076775, 9.930199197653126 ], [ -84.11853497601227, 9.930203535818942 ], [ -84.118540816308482, 9.930208599014321 ], [ -84.118545835826012, 9.930213662499943 ], [ -84.118550581750725, 9.930218726082281 ], [ -84.118555690641614, 9.930223787727742 ], [ -84.118559615787731, 9.930228851600322 ], [ -84.118563632392011, 9.9302346387909 ], [ -84.118567920765415, 9.93024042588527 ], [ -84.118572666723423, 9.930245579886064 ], [ -84.11857668306773, 9.930250643726156 ], [ -84.118579878633213, 9.93025570785664 ], [ -84.118583163832881, 9.930261495305778 ], [ -84.118586814083756, 9.930268005976103 ], [ -84.118589645119286, 9.930273793585874 ], [ -84.118592932143272, 9.930279581034261 ], [ -84.118600872071639, 9.930290430288741 ], [ -84.118605253728518, 9.930296940699987 ], [ -84.118609268770911, 9.930303451240938 ], [ -84.118613558709527, 9.930308514983706 ], [ -84.11862159140108, 9.930318642662792 ], [ -84.118629896643711, 9.930330940296402 ], [ -84.118633822313299, 9.930337450868672 ], [ -84.118638201626467, 9.930342514579481 ], [ -84.118642582502545, 9.930346853130885 ], [ -84.118649793113832, 9.93035842780111 ], [ -84.11865590909278, 9.930369279508362 ], [ -84.118659195597758, 9.930373620255425 ], [ -84.118662115487425, 9.930377959323899 ], [ -84.118665401732002, 9.930381576720585 ], [ -84.118667864851588, 9.930383745899535 ], [ -84.118670054639352, 9.930386640334067 ], [ -84.118673339580454, 9.930386639170761 ], [ -84.118676625303365, 9.930388808058328 ], [ -84.11868100409599, 9.930392423259558 ], [ -84.118685659088314, 9.930398210222478 ], [ -84.118690040520249, 9.930404087701021 ], [ -84.118694421659129, 9.930409151410407 ], [ -84.118699439358124, 9.930414214894254 ], [ -84.118704914869767, 9.930419278215849 ], [ -84.118710025330074, 9.930423618316276 ], [ -84.118715409904368, 9.930429403211916 ], [ -84.118725540149413, 9.930439530145273 ], [ -84.118731015140426, 9.930443146765819 ], [ -84.118737584503492, 9.930446761190129 ], [ -84.118743333120477, 9.93045046813231 ], [ -84.118754281800335, 9.930459146265591 ], [ -84.118758936534093, 9.930464209877144 ], [ -84.118769887561029, 9.930474336518211 ], [ -84.118774907346975, 9.930480123350538 ], [ -84.118779653278409, 9.930485185121093 ], [ -84.118784032856638, 9.9304909721802 ], [ -84.118792339933677, 9.930503269808892 ], [ -84.118796721075455, 9.930508333516864 ], [ -84.118801009456547, 9.930514120608066 ], [ -84.118804661538505, 9.930520631275195 ], [ -84.118807856068855, 9.930527865454893 ], [ -84.118810778308287, 9.930533653030315 ], [ -84.118815435653772, 9.930545951952384 ], [ -84.118817262218457, 9.930553186616994 ], [ -84.118820459359981, 9.930567657916264 ], [ -84.118821922435998, 9.930573446008959 ], [ -84.118822654106097, 9.930579234361 ], [ -84.118822930309321, 9.930586469575317 ], [ -84.118822848214208, 9.930611703682674 ], [ -84.11882385866511, 9.930631872141504 ], [ -84.118826053672734, 9.930644171936464 ], [ -84.118827059458269, 9.930651406892034 ], [ -84.118828521755276, 9.930660090194841 ], [ -84.11883281640047, 9.930678177856612 ], [ -84.118835648719539, 9.930692557057796 ], [ -84.118844602542254, 9.930728008901324 ], [ -84.118846428847633, 9.930734520215388 ], [ -84.118848621768251, 9.930741031399426 ], [ -84.118850356582371, 9.930746728976752 ], [ -84.118854011800636, 9.930761921655018 ], [ -84.118856111699841, 9.930768432871986 ], [ -84.118858667327117, 9.930774220576911 ], [ -84.118862960931409, 9.930789414836992 ], [ -84.118868714484236, 9.930806778630227 ], [ -84.118870178345333, 9.930814736773462 ], [ -84.118872005141171, 9.930822604369144 ], [ -84.118876664582274, 9.930840691900702 ], [ -84.118879496937367, 9.930855161520135 ], [ -84.118881598926876, 9.930867461347527 ], [ -84.118883064584097, 9.930880394332213 ], [ -84.118883705842066, 9.930888354575565 ], [ -84.118885169447069, 9.930900654629392 ], [ -84.118885536066628, 9.930905719760306 ], [ -84.118885450320093, 9.930920823346483 ], [ -84.118885817461859, 9.930927335177948 ], [ -84.118885728353291, 9.93093312382091 ], [ -84.118886462375769, 9.930945424133528 ], [ -84.118887104935112, 9.930951935867263 ], [ -84.118890027412547, 9.930963421634248 ], [ -84.118891488406575, 9.930968486376841 ], [ -84.118892496018589, 9.930975721331402 ], [ -84.118893228213096, 9.930982956383657 ], [ -84.118894324937997, 9.930989467956218 ], [ -84.11889706893821, 9.931011807658688 ], [ -84.118898167226135, 9.931017595880297 ], [ -84.118899993273146, 9.931023383843668 ], [ -84.11890218384994, 9.931028446518937 ], [ -84.118904284792421, 9.931032787684002 ], [ -84.118909395008444, 9.931041469691747 ], [ -84.118912316731368, 9.931045808757114 ], [ -84.11891879673999, 9.931054490278585 ], [ -84.118921718202003, 9.931058105993589 ], [ -84.118923543727306, 9.931062447256265 ], [ -84.118923453835919, 9.931066065848366 ], [ -84.118921630922841, 9.931068959896788 ], [ -84.118919076603348, 9.931071856013146 ], [ -84.118915794524, 9.931074750579382 ], [ -84.118911416213976, 9.931077556924194 ], [ -84.11890740272743, 9.931080451749905 ], [ -84.118904485701236, 9.931084071345227 ], [ -84.118903027840602, 9.931087688614353 ], [ -84.11890302914685, 9.931091307174086 ], [ -84.118904489879895, 9.931095646757932 ], [ -84.118910242134746, 9.93110939379871 ], [ -84.118912706273363, 9.931114365957985 ], [ -84.118915263206034, 9.931118706961128 ], [ -84.118916723940018, 9.93112304835328 ], [ -84.118917090299192, 9.931127390133813 ], [ -84.118915632177348, 9.931130284052733 ], [ -84.118912714366729, 9.931131731788941 ], [ -84.118909064887745, 9.931132456434403 ], [ -84.11890541462536, 9.931131011029017 ], [ -84.11890176592587, 9.931128842272672 ], [ -84.118897385785928, 9.931126581548661 ], [ -84.118888718072483, 9.931120797821226 ], [ -84.118884337965383, 9.931118627515826 ], [ -84.118879592806309, 9.931115735797885 ], [ -84.118875303897894, 9.931113567268394 ], [ -84.118871290667585, 9.931112120183013 ], [ -84.118867640666636, 9.931111398127497 ], [ -84.118863626624574, 9.931112755833345 ], [ -84.118860344544984, 9.931115652207415 ], [ -84.118857427256287, 9.931118546643685 ], [ -84.118855603041084, 9.931122889201312 ], [ -84.118854054243499, 9.931127231661238 ], [ -84.118852596872159, 9.931132207020296 ], [ -84.118851139794415, 9.931137996148399 ], [ -84.118850045684297, 9.931143785147754 ], [ -84.118849318189731, 9.931149574017052 ], [ -84.118848864027214, 9.931154637630684 ], [ -84.118848138588675, 9.931166124691744 ], [ -84.118848140938354, 9.931172636652544 ], [ -84.1188484171428, 9.931179871866556 ], [ -84.118849880747902, 9.931192171920323 ], [ -84.11885198452994, 9.931204381328213 ], [ -84.11885481792882, 9.931216682704425 ], [ -84.118858470023028, 9.931228256823108 ], [ -84.118861303682763, 9.931241279741155 ], [ -84.118862400407963, 9.931247791313698 ], [ -84.118863861924964, 9.931254302756848 ], [ -84.118865965446872, 9.931265788814327 ], [ -84.118868797545005, 9.931279536891559 ], [ -84.118871721881433, 9.93129111307657 ], [ -84.118873092200218, 9.931297622743639 ], [ -84.118878116701936, 9.931316435303822 ], [ -84.118879942750297, 9.931322223267184 ], [ -84.118881403973617, 9.931327919132787 ], [ -84.118884237896907, 9.931341667209175 ], [ -84.118886063945524, 9.931347455172492 ], [ -84.118889262138211, 9.931359754610494 ], [ -84.118892914758135, 9.931372777237547 ], [ -84.118894285078326, 9.931379288712861 ], [ -84.11889720938396, 9.931390774478793 ], [ -84.1189007723694, 9.931403073787184 ], [ -84.118902963471726, 9.931409584971192 ], [ -84.118905427906952, 9.931415372707834 ], [ -84.11891054047463, 9.931425499606792 ], [ -84.118913006734076, 9.931431287342704 ], [ -84.1189155626288, 9.931437798397152 ], [ -84.118918120086406, 9.931443586100674 ], [ -84.118921313844908, 9.931448650227992 ], [ -84.11893007407285, 9.931458054290013 ], [ -84.118935094137981, 9.931464564469652 ], [ -84.118939840347437, 9.931470349587681 ], [ -84.11894495108848, 9.931475413034278 ], [ -84.118955081111793, 9.931484816609357 ], [ -84.11896055641671, 9.931489246994726 ], [ -84.118965938927772, 9.931494308536131 ], [ -84.118971414722893, 9.931500095203043 ], [ -84.118976434528179, 9.931505882031775 ], [ -84.118981910062374, 9.931510945348256 ], [ -84.118986656012652, 9.93151600892371 ], [ -84.11899204034917, 9.931521072272405 ], [ -84.118997516144546, 9.931526857130496 ], [ -84.11900299220278, 9.931533368955492 ], [ -84.119007280862377, 9.931539879393751 ], [ -84.119017046619518, 9.931550727988551 ], [ -84.119022886979835, 9.931555881593537 ], [ -84.119029092361174, 9.931561668000294 ], [ -84.119034841752594, 9.931567454568926 ], [ -84.119040317550144, 9.931573241234659 ], [ -84.119045701888425, 9.931578304582453 ], [ -84.119051177162774, 9.931582642739134 ], [ -84.119057016968554, 9.931586259224229 ], [ -84.119080925243935, 9.931605877031204 ], [ -84.119086765311991, 9.931610216866012 ], [ -84.119099446279279, 9.931617447670522 ], [ -84.119105286347121, 9.931621785696624 ], [ -84.119111126186908, 9.931625492599533 ], [ -84.119116875057671, 9.931629832466221 ], [ -84.119130380456653, 9.931637062976446 ], [ -84.119136858388941, 9.931639955882895 ], [ -84.11914306275925, 9.931642937496914 ], [ -84.119149631627465, 9.931645105212057 ], [ -84.119156474352238, 9.931647997988405 ], [ -84.119163042958945, 9.931649442353057 ], [ -84.119177308008531, 9.931654066721617 ], [ -84.119183387984322, 9.931656037497032 ], [ -84.119196889990505, 9.931658926095373 ], [ -84.119203458368517, 9.931659737527765 ], [ -84.11920957098539, 9.931661182053725 ], [ -84.119242688163936, 9.931664879248398 ], [ -84.119249985864656, 9.931664967069992 ], [ -84.119257283794582, 9.931665687822889 ], [ -84.119264216670388, 9.931665685355233 ], [ -84.119276897404006, 9.931667217960792 ], [ -84.119284197157981, 9.931667938712449 ], [ -84.11929113003383, 9.931667936244237 ], [ -84.119298427997293, 9.931668749223403 ], [ -84.119304631288742, 9.931668747014678 ], [ -84.119325704329427, 9.931670999980389 ], [ -84.119346048823587, 9.931671083153288 ], [ -84.119373049726207, 9.931668268743852 ], [ -84.119379982077675, 9.931666819573334 ], [ -84.119387278991852, 9.931664737341235 ], [ -84.11939995759468, 9.931660390913105 ], [ -84.119406524661301, 9.93165758378197 ], [ -84.119420023029718, 9.931650434078444 ], [ -84.119426226570397, 9.931646089957043 ], [ -84.119438628475109, 9.931638217293237 ], [ -84.119444832015304, 9.931633873171496 ], [ -84.119450666623351, 9.9316281728993 ], [ -84.119455864373762, 9.931621659084952 ], [ -84.119460971188303, 9.931615868653255 ], [ -84.119466442827587, 9.931610168510192 ], [ -84.119470818495898, 9.93160510168936 ], [ -84.119474830671138, 9.93159858829743 ], [ -84.119484402533246, 9.93157769271839 ], [ -84.119487318802868, 9.931571993486221 ], [ -84.119492787258352, 9.931557520912765 ], [ -84.11949944184525, 9.931544585035621 ], [ -84.11950272469754, 9.931538795253783 ], [ -84.119505640178488, 9.931530924162365 ], [ -84.119508282033095, 9.931522964558114 ], [ -84.119511199568038, 9.931515728205826 ], [ -84.119514480595868, 9.931509938424517 ], [ -84.119517398688345, 9.931504239191424 ], [ -84.119524417244264, 9.931489040905799 ], [ -84.119528062571405, 9.931481894712531 ], [ -84.119531710477077, 9.931476828150506 ], [ -84.11953572082561, 9.93147031475848 ], [ -84.119542741237424, 9.931455208698955 ], [ -84.119546387056076, 9.931449418787182 ], [ -84.119550764315264, 9.931443719033187 ], [ -84.119554776224419, 9.931436482290037 ], [ -84.119562524393899, 9.931421374162046 ], [ -84.119566899795672, 9.931415583989709 ], [ -84.119570912262148, 9.931409884365623 ], [ -84.119574559378549, 9.931402647752407 ], [ -84.119581213433946, 9.931388265173128 ], [ -84.119584858988546, 9.931381751910687 ], [ -84.119588506629611, 9.931375961997798 ], [ -84.119592151954123, 9.931368815803829 ], [ -84.119596528652679, 9.931361577121596 ], [ -84.119600629671197, 9.931353616995743 ], [ -84.119611935330255, 9.931335614195413 ], [ -84.11961594700692, 9.931327744520051 ], [ -84.119619685582094, 9.931321231224018 ], [ -84.119623331660634, 9.931316164661634 ], [ -84.119627344387666, 9.931311188387108 ], [ -84.119631721085327, 9.931303951512797 ], [ -84.119635366375292, 9.931296714899553 ], [ -84.119639103158633, 9.931290292022727 ], [ -84.119643480381285, 9.931284501848733 ], [ -84.119647857866539, 9.931279435024924 ], [ -84.119652599650735, 9.9312730117891 ], [ -84.119657339315168, 9.931265774784821 ], [ -84.119662081098312, 9.931259349740476 ], [ -84.119671656586732, 9.9312484942573 ], [ -84.11967676368738, 9.931243517591339 ], [ -84.119687704563489, 9.931230580179443 ], [ -84.119697188851617, 9.931219722919742 ], [ -84.119702294390393, 9.93121546960429 ], [ -84.11970813077771, 9.931209678908175 ], [ -84.119713602110238, 9.931203164992043 ], [ -84.119719529465016, 9.931196741331684 ], [ -84.119724636531288, 9.9311916742462 ], [ -84.119735580280206, 9.931181632041463 ], [ -84.119747253085166, 9.931170141066758 ], [ -84.119753087383927, 9.931163627020268 ], [ -84.11975819474506, 9.931159373703318 ], [ -84.119763666601798, 9.931154306486864 ], [ -84.119769503512998, 9.93114996249018 ], [ -84.119775340193897, 9.931144985561922 ], [ -84.119781541370301, 9.93113919473414 ], [ -84.119787469216504, 9.931134129162668 ], [ -84.11979914307031, 9.931125531587167 ], [ -84.119804615485592, 9.931122003297693 ], [ -84.119810452395697, 9.9311176593003 ], [ -84.119817019151938, 9.931114038392169 ], [ -84.119829057796494, 9.931105442493548 ], [ -84.119834893145168, 9.931101821846632 ], [ -84.119847663722283, 9.93109467238628 ], [ -84.119853500664235, 9.931090418806924 ], [ -84.119858970957608, 9.93108607493982 ], [ -84.119864443338685, 9.9310824562306 ], [ -84.119876846245191, 9.931072411690913 ], [ -84.119883777264775, 9.931067343950502 ], [ -84.119889249150958, 9.93106236715079 ], [ -84.119900558208684, 9.931053771510653 ], [ -84.119906394852975, 9.931048704161354 ], [ -84.11991806764722, 9.931037213180749 ], [ -84.119923263818521, 9.931031422710022 ], [ -84.119929100231616, 9.93102572242886 ], [ -84.119934572347518, 9.93102138036825 ], [ -84.119940408727317, 9.931015589668114 ], [ -84.119945880084956, 9.931009166167 ], [ -84.119951716200262, 9.931002650308045 ], [ -84.119956822766, 9.930996226937324 ], [ -84.119961565034714, 9.930991161787214 ], [ -84.11996667209408, 9.930986094698058 ], [ -84.119972232824622, 9.930979671164518 ], [ -84.119977703883961, 9.930972432085476 ], [ -84.119983540295721, 9.930966733611736 ], [ -84.119989012145794, 9.930961666391624 ], [ -84.119994119204279, 9.930956599302052 ], [ -84.119999590559871, 9.930950175800067 ], [ -84.120004330475595, 9.930943662141134 ], [ -84.120013905448729, 9.930931448558121 ], [ -84.120023387662926, 9.930919958358425 ], [ -84.120028129138092, 9.93091272134825 ], [ -84.120032870876017, 9.930906205879886 ], [ -84.120047186288986, 9.930888927145409 ], [ -84.12005229285046, 9.930882501964861 ], [ -84.120060679897009, 9.930868842105413 ], [ -84.120064327787745, 9.930863775537585 ], [ -84.120068703436999, 9.930858708708945 ], [ -84.120072715624374, 9.930852285728607 ], [ -84.120080464251615, 9.930838535678632 ], [ -84.120087393185713, 9.930827769742427 ], [ -84.120095418053339, 9.930816280062936 ], [ -84.120100249163059, 9.930809766369954 ], [ -84.120105355953726, 9.930803975928439 ], [ -84.120110463305366, 9.930799724414518 ], [ -84.120121406995864, 9.930789589970068 ], [ -84.120132348630904, 9.930778822594442 ], [ -84.12013855217937, 9.930774570687086 ], [ -84.120144387518792, 9.930770950034832 ], [ -84.120150224418168, 9.930766606031552 ], [ -84.120156061614892, 9.930763077605578 ], [ -84.120161533722793, 9.930758733732912 ], [ -84.120167370357834, 9.930753666379085 ], [ -84.120173207289596, 9.930749412794189 ], [ -84.120179044452783, 9.930745793949036 ], [ -84.120191447864883, 9.930737196098292 ], [ -84.120196920236495, 9.930733577383675 ], [ -84.120209050054314, 9.930724979630401 ], [ -84.120215251479181, 9.930719912144882 ], [ -84.120220358564083, 9.930714937279046 ], [ -84.120225828846387, 9.930710593405989 ], [ -84.120230936161363, 9.930706249663075 ], [ -84.120236773092103, 9.930701997885453 ], [ -84.120242610253086, 9.930698377230829 ], [ -84.120248811974008, 9.930694123513724 ], [ -84.120254283815427, 9.930689056289301 ], [ -84.120265225971636, 9.930679737418258 ], [ -84.120271062867801, 9.930675393412887 ], [ -84.120277264290763, 9.930670325926231 ], [ -84.120282736692673, 9.930666795820628 ], [ -84.120288208533808, 9.930661730404026 ], [ -84.120293315583027, 9.930656663309913 ], [ -84.120298787192013, 9.930650963153308 ], [ -84.120303985438667, 9.930645896026292 ], [ -84.120309822102541, 9.930640919088779 ], [ -84.120315292382415, 9.930636575214271 ], [ -84.120320399959951, 9.93063295662863 ], [ -84.12033134419994, 9.930624359296669 ], [ -84.120336816568127, 9.93062074057978 ], [ -84.120342654552417, 9.930619380392971 ], [ -84.120348128241801, 9.930619378427169 ], [ -84.120358253546087, 9.930620823299641 ], [ -84.12036336194889, 9.930619465182891 ], [ -84.120368834844612, 9.930617291357619 ], [ -84.120374671738304, 9.930612947350459 ], [ -84.120379779083493, 9.930608695832444 ], [ -84.120389261771336, 9.930598561904159 ], [ -84.120393365147066, 9.930592138887208 ], [ -84.120403576363913, 9.930574136453336 ], [ -84.120411688174627, 9.930556044354763 ], [ -84.12041460389041, 9.930548898413958 ], [ -84.120421895449212, 9.93053225331057 ], [ -84.120423445022581, 9.930525107860623 ], [ -84.120423807432815, 9.930518595768854 ], [ -84.120422428682275, 9.93049408553769 ], [ -84.120422426037194, 9.930486850226742 ], [ -84.120422879909597, 9.930481061452442 ], [ -84.12042360737513, 9.930475272579821 ], [ -84.120425066510762, 9.930470206794631 ], [ -84.120429530470346, 9.930457271686082 ], [ -84.120432448240251, 9.930450758675917 ], [ -84.120435729505857, 9.930445692235796 ], [ -84.120439012363917, 9.930439992863526 ], [ -84.120447765199017, 9.930429135845504 ], [ -84.120452142429116, 9.930423436079732 ], [ -84.120456976143558, 9.930419092431727 ], [ -84.120461716572336, 9.930414027275207 ], [ -84.120471201638239, 9.930405430463225 ], [ -84.120475943889915, 9.930400363497474 ], [ -84.120481050965282, 9.930395386819287 ], [ -84.120486521504063, 9.930391768100625 ], [ -84.120491628810669, 9.930387424353755 ], [ -84.120510597115555, 9.930370232536854 ], [ -84.120515704156858, 9.930365165439357 ], [ -84.120530749631882, 9.930349333122377 ], [ -84.120535127355794, 9.930344989637263 ], [ -84.120539869638691, 9.930340013089394 ], [ -84.120551538178674, 9.93032201012671 ], [ -84.120555641779447, 9.930316220039245 ], [ -84.120564031674448, 9.930305455375921 ], [ -84.120568406778446, 9.93029894003187 ], [ -84.120577525723689, 9.930286726596817 ], [ -84.120586643374551, 9.930275961671079 ], [ -84.120590746974173, 9.930270171583166 ], [ -84.120598769456478, 9.930257233383363 ], [ -84.120603511439882, 9.930251444873942 ], [ -84.120607887072737, 9.930246378038269 ], [ -84.120612264297662, 9.930240678270405 ], [ -84.120617097212715, 9.930234164569312 ], [ -84.120625849274305, 9.930221226106273 ], [ -84.120630226731024, 9.930216161078025 ], [ -84.120635333768107, 9.930211093978709 ], [ -84.120639709168145, 9.930205394211141 ], [ -84.120644815410131, 9.930198157060888 ], [ -84.120649648357059, 9.930191733778125 ], [ -84.120654755128513, 9.930185943328249 ], [ -84.120659495550242, 9.930180876360565 ], [ -84.120664967409979, 9.930175899548233 ], [ -84.120670073915946, 9.930169385747861 ], [ -84.120675180156724, 9.930162148597162 ], [ -84.120679557379361, 9.930156448828415 ], [ -84.120684298065314, 9.930152105210643 ], [ -84.120688766717208, 9.930147038340419 ], [ -84.120694238575936, 9.93014206152761 ], [ -84.120700074661769, 9.930135547464015 ], [ -84.120705911045562, 9.930129847169379 ], [ -84.120711747926833, 9.930125504964748 ], [ -84.120717582718228, 9.930120437602035 ], [ -84.120729623126181, 9.93011183986223 ], [ -84.120736189355085, 9.930106862654476 ], [ -84.120742024146452, 9.930101797099729 ], [ -84.120753697938682, 9.930093199491155 ], [ -84.12075989960843, 9.93008885534587 ], [ -84.120766466367456, 9.930085326646431 ], [ -84.120773032827302, 9.930080982369446 ], [ -84.120779234762452, 9.930077363382463 ], [ -84.120791638133667, 9.930068765509624 ], [ -84.120798204858772, 9.930065146390787 ], [ -84.12080513796532, 9.930060892399805 ], [ -84.120824109386291, 9.930052292158001 ], [ -84.120831406222166, 9.93005011947602 ], [ -84.120838338566045, 9.930048760694445 ], [ -84.120851108815472, 9.930045860879599 ], [ -84.120864882272059, 9.930043052929607 ], [ -84.120872179637601, 9.93004232513888 ], [ -84.120878382400392, 9.930040966619632 ], [ -84.120891153180708, 9.930039515312167 ], [ -84.120898452138434, 9.930038156397101 ], [ -84.120938132474905, 9.930033890587707 ], [ -84.120944700558752, 9.930033978636112 ], [ -84.12095090355345, 9.930033253047011 ], [ -84.120957745196876, 9.930033250577637 ], [ -84.120964677805475, 9.930032615143721 ], [ -84.120971245856111, 9.930032612772829 ], [ -84.120977448850709, 9.930031887183237 ], [ -84.120984016933875, 9.9300319734225 ], [ -84.120997883908387, 9.930030521715224 ], [ -84.121003995971023, 9.93003051950833 ], [ -84.121010198998732, 9.930029884336914 ], [ -84.121016402258917, 9.930029882096862 ], [ -84.12102297004374, 9.930029156374694 ], [ -84.121029538127502, 9.930029244421441 ], [ -84.121035376065763, 9.930027795612263 ], [ -84.121041579059465, 9.930027068213114 ], [ -84.121065567403562, 9.930021361355399 ], [ -84.121076148941597, 9.930018554549886 ], [ -84.121080527983921, 9.93001782961737 ], [ -84.121084906759677, 9.930016379526165 ], [ -84.121088554430528, 9.930015745276599 ], [ -84.121096034124292, 9.930014838385917 ], [ -84.121119935287723, 9.930015101004631 ], [ -84.121123129326435, 9.930015913619355 ], [ -84.121126321275256, 9.930016002884445 ], [ -84.121130426392185, 9.930014373862349 ], [ -84.121135261422268, 9.9300136487643 ], [ -84.121141008128916, 9.930012109567478 ], [ -84.121161168366484, 9.930012371727166 ], [ -84.12117530830615, 9.930014176798847 ], [ -84.121190636802822, 9.930019146097894 ], [ -84.121197935631443, 9.930022398534867 ], [ -84.121212351526708, 9.930030623239533 ], [ -84.121220015745735, 9.930035504890531 ], [ -84.121228046878755, 9.930041200177746 ], [ -84.121235255709266, 9.930047709531404 ], [ -84.121241278971269, 9.930054219313833 ], [ -84.121247211335444, 9.930061542898178 ], [ -84.121245666674142, 9.930059635992761 ], [ -84.121355308292095, 9.929998236686705 ], [ -84.121178117793448, 9.929700274594108 ], [ -84.121506636867167, 9.92344885080664 ], [ -84.121587289755809, 9.920208453781747 ], [ -84.121603661534877, 9.920186509902138 ], [ -84.121650675682844, 9.920135824846481 ], [ -84.121686319606411, 9.920097398375384 ], [ -84.121712786067434, 9.920060041268838 ], [ -84.121740223220215, 9.920021256094321 ], [ -84.121756866377453, 9.91997213091965 ], [ -84.121764625489433, 9.91991602320897 ], [ -84.121769704583571, 9.919865394948763 ], [ -84.121775018488535, 9.919815962844458 ], [ -84.121785393800735, 9.919766800158962 ], [ -84.121807567059932, 9.919720337616942 ], [ -84.121840503759429, 9.91969042685515 ], [ -84.12190357405845, 9.919636198746296 ], [ -84.12199092229541, 9.919572388250053 ], [ -84.122063301059796, 9.919521354840777 ], [ -84.122144898897645, 9.91945369636252 ], [ -84.122201560346326, 9.919373492292218 ], [ -84.122243909730287, 9.919271275534145 ], [ -84.12231966757065, 9.919123029725732 ], [ -84.122383798909141, 9.918991871878797 ], [ -84.122569814421439, 9.918718469592674 ], [ -84.122635163099346, 9.918631646326995 ], [ -84.12268435253344, 9.918602395927994 ], [ -84.12307176616811, 9.918528028292675 ], [ -84.123272802026676, 9.918448870541294 ], [ -84.123309773403008, 9.918439803315099 ], [ -84.12338382137041, 9.91843722356651 ], [ -84.123421049555446, 9.918441829372041 ], [ -84.123503489032487, 9.918448463807325 ], [ -84.123577562382948, 9.918450347985189 ], [ -84.123696046956155, 9.918460766685632 ], [ -84.12436108170867, 9.918619430139978 ], [ -84.124422562888853, 9.918650100020832 ], [ -84.124505835818795, 9.918699861880203 ], [ -84.124845280328913, 9.918949316151066 ], [ -84.12490694511051, 9.918992538720726 ], [ -84.124973829152609, 9.919024204710754 ], [ -84.124999653761023, 9.919029377897267 ], [ -84.125218172513286, 9.919073144116634 ], [ -84.125524901276435, 9.91912937036928 ], [ -84.125561328407443, 9.919147110476047 ], [ -84.125575837457845, 9.919154277067461 ], [ -84.125615413426956, 9.919181288441397 ], [ -84.125627074138336, 9.919194758290105 ], [ -84.125634022591498, 9.919200431278409 ], [ -84.125672495930033, 9.919246329745166 ], [ -84.125741098733855, 9.919336792497717 ], [ -84.125778660968223, 9.919382427270067 ], [ -84.125811642875064, 9.919409907653494 ], [ -84.125860054726118, 9.919434481608548 ], [ -84.125938230715988, 9.919447161540344 ], [ -84.126043783637158, 9.919446278289241 ], [ -84.126410763772995, 9.919446441295795 ], [ -84.126445366928635, 9.919442348556737 ], [ -84.12651545298165, 9.91941440622095 ], [ -84.126532854818279, 9.919407468149753 ], [ -84.126626874865522, 9.919369964012484 ], [ -84.126645645319627, 9.919362481097481 ], [ -84.126707738035947, 9.919331922305778 ], [ -84.126784258706579, 9.919275441299799 ], [ -84.126863088334503, 9.919197459613002 ], [ -84.126958622741682, 9.919095259230851 ], [ -84.127037988861289, 9.919008721869993 ], [ -84.127130265736596, 9.918901905886978 ], [ -84.12716062062178, 9.918880314119235 ], [ -84.127479480289622, 9.918698464812167 ], [ -84.127528013379191, 9.918685133097494 ], [ -84.127607603318268, 9.918673318546702 ], [ -84.127657168557803, 9.918671348451538 ], [ -84.127699954586106, 9.918667498409462 ], [ -84.127751157445857, 9.918657871010215 ], [ -84.127768750511962, 9.918650384864446 ], [ -84.127796714865468, 9.918630474836153 ], [ -84.127900871125007, 9.918509143703144 ], [ -84.12791883862981, 9.918470166335229 ], [ -84.127926583065971, 9.918433088043408 ], [ -84.127928853710003, 9.918411681422683 ], [ -84.127935507585775, 9.918363174605675 ], [ -84.127945444601352, 9.918315042678726 ], [ -84.127962878829365, 9.918286048655164 ], [ -84.127976462794464, 9.918273414675072 ], [ -84.128001202163418, 9.918257408336922 ], [ -84.128034786980834, 9.918252122295275 ], [ -84.128067219421354, 9.918252358568424 ], [ -84.128110699765998, 9.918244810079203 ], [ -84.12814078543532, 9.918225391995039 ], [ -84.128158955277058, 9.918205007361905 ], [ -84.128321805115817, 9.917943807381031 ], [ -84.128367712736718, 9.917891052129391 ], [ -84.128433053448092, 9.917837320143176 ], [ -84.128497594143468, 9.917778337828908 ], [ -84.128541591493033, 9.917735706578091 ], [ -84.128591246683825, 9.917677128695541 ], [ -84.128648693925058, 9.917434968644926 ], [ -84.12866155702207, 9.917393322221191 ], [ -84.128689102040838, 9.917383578069703 ], [ -84.128701498773992, 9.917376079401517 ], [ -84.128716057450347, 9.917367894528718 ], [ -84.128744433084051, 9.917353069419585 ], [ -84.128772412028795, 9.91733826435247 ], [ -84.128809548966515, 9.917321860779099 ], [ -84.128849124920876, 9.917304380280866 ], [ -84.128865549404836, 9.917300823225411 ], [ -84.128897584027968, 9.917293758251111 ], [ -84.128912663656365, 9.917290860863321 ], [ -84.128914357916528, 9.917290540129688 ], [ -84.128935077113709, 9.917287972411192 ], [ -84.128945308053474, 9.917287662863879 ], [ -84.129051047841173, 9.917281395969818 ], [ -84.12913171166683, 9.917276615233751 ], [ -84.129409041409403, 9.917280045570932 ], [ -84.129686057445198, 9.917283470374942 ], [ -84.129956982282039, 9.917274430360649 ], [ -84.130229681714127, 9.917265331570947 ], [ -84.130279430343919, 9.917273412881476 ], [ -84.130507864353305, 9.917315470133243 ], [ -84.130696567029972, 9.917346124617442 ], [ -84.13071215228922, 9.917348915200654 ], [ -84.130721768496784, 9.91735069541784 ], [ -84.130736018011234, 9.917354111314461 ], [ -84.130757259460225, 9.917360042650177 ], [ -84.130772237167122, 9.917364626472763 ], [ -84.130793750910982, 9.917371907653161 ], [ -84.130806822877204, 9.917377032017484 ], [ -84.130862331576679, 9.917273041375976 ], [ -84.130877644980032, 9.917248011087498 ], [ -84.131111935208295, 9.917057551811901 ], [ -84.131246200474862, 9.916948462347964 ], [ -84.131345316851835, 9.916851005411097 ], [ -84.131467236471508, 9.916667269095765 ], [ -84.131477237352627, 9.916652660727546 ], [ -84.131543741703538, 9.916534522350691 ], [ -84.131611943744005, 9.916413366922297 ], [ -84.131643922927822, 9.916370583557399 ], [ -84.131680785819341, 9.916323955472604 ], [ -84.131691680414605, 9.91631400331714 ], [ -84.131703206546163, 9.916305243537867 ], [ -84.13180847000541, 9.916228426671525 ], [ -84.131877476122128, 9.916184599772047 ], [ -84.131879984966218, 9.916182579733508 ], [ -84.131882134613662, 9.916180826571681 ], [ -84.131886491483058, 9.916177626745208 ], [ -84.131890670610289, 9.91617464128117 ], [ -84.131895234606759, 9.916171735234379 ], [ -84.131899616303912, 9.916169049881137 ], [ -84.131904367370268, 9.916166451184729 ], [ -84.131908929756662, 9.916164080417877 ], [ -84.131913846922714, 9.916161799930334 ], [ -84.13191890830673, 9.916159849414761 ], [ -84.131923628588225, 9.916157804093444 ], [ -84.13192881048306, 9.916156191696782 ], [ -84.131933664041796, 9.916154482680984 ], [ -84.13193894456353, 9.916153214741145 ], [ -84.131943907692758, 9.916151851082061 ], [ -84.131949262222008, 9.916150934842221 ], [ -84.131954310301651, 9.91614992197465 ], [ -84.131959714217217, 9.916149360157053 ], [ -84.131965142898295, 9.91614915638821 ], [ -84.131970251308587, 9.916148500651063 ], [ -84.131975393604492, 9.916148204767472 ], [ -84.131980544252528, 9.916148270555851 ], [ -84.132126539093008, 9.916159822881333 ], [ -84.132259767924822, 9.916169580840249 ], [ -84.132265525131771, 9.916169946575698 ], [ -84.132272995985431, 9.916170602784204 ], [ -84.132281003116546, 9.916171404355463 ], [ -84.132288433988975, 9.916172419542152 ], [ -84.132296398403071, 9.916173580092648 ], [ -84.13230377105485, 9.916174952456331 ], [ -84.13231167633603, 9.916176469279971 ], [ -84.132318974350895, 9.916178195210385 ], [ -84.132326804994818, 9.91618006469654 ], [ -84.132334545497784, 9.916182285043124 ], [ -84.132341751547614, 9.916184360930183 ], [ -84.132349384580024, 9.916186924910372 ], [ -84.132356482248085, 9.91618934623979 ], [ -84.132363993217922, 9.916192251146782 ], [ -84.132370965174545, 9.916195010691911 ], [ -84.132378339487929, 9.91619824929797 ], [ -84.132385170228432, 9.916201342543998 ], [ -84.132392392379913, 9.916204908525943 ], [ -84.132399066398122, 9.916208327341304 ], [ -84.132406121793863, 9.916212213471411 ], [ -84.132412622672007, 9.916215950629104 ], [ -84.132419496717759, 9.916220148775448 ], [ -84.132425809860905, 9.916224194335175 ], [ -84.132432488874727, 9.916228697269675 ], [ -84.132438599688257, 9.916233042195339 ], [ -84.132445069986758, 9.916237839073153 ], [ -84.132450963876067, 9.91624247432865 ], [ -84.13245721360046, 9.916247556112609 ], [ -84.132462875969821, 9.91625246994928 ], [ -84.132468891437043, 9.916257826698725 ], [ -84.132474310426588, 9.916263007366824 ], [ -84.132480078865186, 9.916268628236574 ], [ -84.132485241703051, 9.916274063986718 ], [ -84.132490753077334, 9.916279938130494 ], [ -84.132494047200211, 9.916284987625726 ], [ -84.132500616081671, 9.916294554056819 ], [ -84.132507483083913, 9.916303913310925 ], [ -84.132514641819782, 9.916313056348672 ], [ -84.132558466664292, 9.916369428742493 ], [ -84.132565908925145, 9.916378346524183 ], [ -84.132573628321751, 9.916387030915628 ], [ -84.132581617554578, 9.916395471973621 ], [ -84.132582821052836, 9.916397094516098 ], [ -84.132587434154004, 9.916402923803698 ], [ -84.132595685013413, 9.916411115201994 ], [ -84.132600577987972, 9.916416715619169 ], [ -84.132609082262846, 9.916424648319126 ], [ -84.13261424324979, 9.916430005403525 ], [ -84.132619661301248, 9.91643510830934 ], [ -84.13262841078145, 9.916442775080512 ], [ -84.132634072213165, 9.916447610250152 ], [ -84.132643058687748, 9.916455002958203 ], [ -84.132648949816257, 9.916459559546791 ], [ -84.132650814341758, 9.916460862649235 ], [ -84.132660028688477, 9.916467974064176 ], [ -84.132664270392468, 9.91647093722062 ], [ -84.132670578952059, 9.916474904113013 ], [ -84.132680012049079, 9.916481727909026 ], [ -84.132686506520045, 9.916485385495207 ], [ -84.132688143865252, 9.916486420143348 ], [ -84.132694875572682, 9.916490406760095 ], [ -84.132701541360291, 9.916493746003956 ], [ -84.132708450769357, 9.916497417892625 ], [ -84.132715270543827, 9.916500431567528 ], [ -84.132722343972532, 9.916503781500003 ], [ -84.132729303139541, 9.916506461474002 ], [ -84.132736524169687, 9.916509481319068 ], [ -84.132743605400194, 9.916511822173879 ], [ -84.132750958526245, 9.916514505608324 ], [ -84.132758145402775, 9.916516501021105 ], [ -84.132765616031875, 9.916518843529753 ], [ -84.132772889401849, 9.916520488987125 ], [ -84.13278046111617, 9.916522483342963 ], [ -84.132787805475147, 9.916523775234301 ], [ -84.132795460946696, 9.916525418731593 ], [ -84.132802858966741, 9.916526354351179 ], [ -84.132810581778784, 9.916527642475481 ], [ -84.132818016131537, 9.916528218213413 ], [ -84.132825789868022, 9.916529148258647 ], [ -84.132833598114033, 9.916529720231484 ], [ -84.13284104964842, 9.916529935190974 ], [ -84.132848875075638, 9.916530145481341 ], [ -84.132856327376672, 9.91652999966907 ], [ -84.132864152658584, 9.916529849188011 ], [ -84.132871587487458, 9.916529342611197 ], [ -84.132879396209134, 9.916528831365218 ], [ -84.132887171955673, 9.916527959360991 ], [ -84.132894897401314, 9.916526729317949 ], [ -84.132960227146754, 9.916520712286435 ], [ -84.133019118412761, 9.916509694016696 ], [ -84.133172879963453, 9.916468155199329 ], [ -84.133319263175522, 9.916442884686205 ], [ -84.133366485037442, 9.916435836761663 ], [ -84.133449551722592, 9.916420242656605 ], [ -84.133434849500532, 9.916368492766887 ], [ -84.133375999980046, 9.916056366860463 ], [ -84.13334980162918, 9.915812156013896 ], [ -84.133353045714827, 9.915770103639387 ], [ -84.133375855211881, 9.915700548026873 ], [ -84.133433246638916, 9.915706441315919 ], [ -84.133479325392329, 9.915714318363197 ], [ -84.133549246429666, 9.915730499927959 ], [ -84.133713214122523, 9.91576367078755 ], [ -84.133959900198903, 9.915804228325216 ], [ -84.134095827320749, 9.915831859377361 ], [ -84.134155383143479, 9.9158296103663 ], [ -84.134206016432316, 9.915833722260892 ], [ -84.134591397145769, 9.915818255487212 ], [ -84.134976050189451, 9.915803026365595 ], [ -84.135224862638253, 9.915791350778022 ], [ -84.135473622176519, 9.915779679548491 ], [ -84.135781825532703, 9.915766268842793 ], [ -84.136090559597349, 9.91575283503442 ], [ -84.136390807118701, 9.915750337835339 ], [ -84.136692769066329, 9.915747827914894 ], [ -84.136971064730929, 9.915770171761864 ], [ -84.137248395663178, 9.915792663154759 ], [ -84.137333220609563, 9.915795569775423 ], [ -84.137448872577096, 9.915793934671131 ], [ -84.137726152065298, 9.915815412998823 ], [ -84.137971551003957, 9.915838581475048 ], [ -84.138161055223293, 9.915858726578838 ], [ -84.138406454220004, 9.915881893831926 ], [ -84.138472049082011, 9.915882359553679 ], [ -84.138669188491818, 9.915894795727979 ], [ -84.139038999086253, 9.915917267301946 ], [ -84.139236138533676, 9.915929703142581 ], [ -84.13923673308787, 9.915929635985968 ], [ -84.139238708149833, 9.915929180359857 ], [ -84.139293268953892, 9.915930508573593 ], [ -84.139295130791737, 9.915929712115243 ], [ -84.139296819228448, 9.91592860016722 ], [ -84.13929828047543, 9.915927209823568 ], [ -84.139299468042253, 9.915925584504615 ], [ -84.139300821437629, 9.91588906378607 ], [ -84.139301696133487, 9.915887256855177 ], [ -84.139302085847305, 9.915885847968363 ], [ -84.139305737285468, 9.91576069777919 ], [ -84.139309297939036, 9.915638680638533 ], [ -84.139332231855505, 9.915378735120884 ], [ -84.139355089502843, 9.915119657650397 ], [ -84.139355723177729, 9.915117216079331 ], [ -84.139356702524111, 9.915114889196616 ], [ -84.13935800749924, 9.915112724028353 ], [ -84.139362528617454, 9.915081904707032 ], [ -84.13936413279383, 9.915079945569389 ], [ -84.139366002446465, 9.915078231356475 ], [ -84.139368100201324, 9.915076798251333 ], [ -84.139413580440475, 9.91507742404737 ], [ -84.139415863447994, 9.915076299193123 ], [ -84.139418285210837, 9.91507550883083 ], [ -84.139420796490654, 9.91507506744794 ], [ -84.139423345311073, 9.915074984107941 ], [ -84.139423681821555, 9.915075000243524 ], [ -84.139533657521355, 9.915075242972639 ], [ -84.139682182009821, 9.915072182899522 ], [ -84.139792156796148, 9.915072426448502 ], [ -84.1400073494586, 9.915070148607287 ], [ -84.14016005669707, 9.915070718701354 ], [ -84.140165925048549, 9.915070850974477 ], [ -84.140205335790057, 9.91507012110759 ], [ -84.140414990641219, 9.915075144828993 ], [ -84.140566323386778, 9.915081645882877 ], [ -84.140569371990125, 9.915081664498091 ], [ -84.140644262837938, 9.915086155869778 ], [ -84.140782118939612, 9.915094581160872 ], [ -84.140853264840885, 9.915102055164871 ], [ -84.140946926989102, 9.915108779167968 ], [ -84.141031826175563, 9.915115057446057 ], [ -84.141032791965387, 9.915115178201393 ], [ -84.141035645663692, 9.915115778287204 ], [ -84.14109744312475, 9.915120621363833 ], [ -84.141082713611837, 9.915387297026657 ], [ -84.141071692357684, 9.91559934189338 ], [ -84.14106334658382, 9.915759902974736 ], [ -84.141050720317992, 9.915969857124217 ], [ -84.14104644643642, 9.916006969509388 ], [ -84.141799945140846, 9.916062581406022 ], [ -84.14179779685557, 9.916082228510328 ], [ -84.141819182951693, 9.916451947359969 ], [ -84.141826884738634, 9.916510315767004 ], [ -84.141832783151813, 9.916537885581509 ], [ -84.141834384630684, 9.916548759573152 ], [ -84.141886911951005, 9.916548039333234 ], [ -84.141890273468675, 9.916548304647261 ], [ -84.141893642126647, 9.916548209187239 ], [ -84.141896983514016, 9.916548317181011 ], [ -84.14190013881587, 9.916548308613194 ], [ -84.141997181273069, 9.916551349033927 ], [ -84.142095819998133, 9.916553142779616 ], [ -84.142128700181388, 9.916553740989535 ], [ -84.14223785360609, 9.91657469269466 ], [ -84.142273561493468, 9.916579014041822 ], [ -84.142391581710967, 9.916602081353549 ], [ -84.142484290298682, 9.916621183658187 ], [ -84.142604122927992, 9.916630321110121 ], [ -84.142738953620849, 9.916640200807098 ], [ -84.14283085406457, 9.916648319284509 ], [ -84.142855463218638, 9.916643156745678 ], [ -84.142883589192024, 9.916634675242086 ], [ -84.14288595364647, 9.916634210386848 ], [ -84.143053772592225, 9.91657000664318 ], [ -84.143208897063516, 9.916505265721504 ], [ -84.143270113877563, 9.916491143300149 ], [ -84.14327684661238, 9.916482509951868 ], [ -84.143291372707594, 9.916448546972266 ], [ -84.143297560580621, 9.91643681610846 ], [ -84.143311295582208, 9.916422832401841 ], [ -84.143313143970829, 9.916420482532228 ], [ -84.143315265131221, 9.916418368539151 ], [ -84.14333430825539, 9.916412171239122 ], [ -84.143359760585611, 9.916404127560741 ], [ -84.143362629148896, 9.916403224859849 ], [ -84.143365584497502, 9.916402670234204 ], [ -84.143542012224202, 9.916364318727499 ], [ -84.143721165588744, 9.91632782949238 ], [ -84.14372764452456, 9.916326959601182 ], [ -84.143734749924931, 9.916326006256226 ], [ -84.143741087391419, 9.916324863360618 ], [ -84.143748692350826, 9.916323491162382 ], [ -84.143756225113066, 9.916321765457432 ], [ -84.143762479466631, 9.916320332352713 ], [ -84.143769922705985, 9.916318255860912 ], [ -84.14377610397716, 9.916316530734559 ], [ -84.143783442193012, 9.916314108887681 ], [ -84.143789536705071, 9.916312097170692 ], [ -84.143796753484509, 9.916309334496722 ], [ -84.143802747559945, 9.916307039811729 ], [ -84.143809826490809, 9.916303942647033 ], [ -84.143815707364837, 9.916301370424639 ], [ -84.143822632946907, 9.916297945105189 ], [ -84.143828387854356, 9.916295099871819 ], [ -84.143835145500589, 9.91629135544577 ], [ -84.143840760765528, 9.916288244440805 ], [ -84.143847334976101, 9.916284188148316 ], [ -84.143852798745698, 9.916280816801978 ], [ -84.143859175845492, 9.916276457690818 ], [ -84.143864475356537, 9.91627283505048 ], [ -84.143870640758863, 9.91626818307298 ], [ -84.143875765070888, 9.91626431547266 ], [ -84.143881705101037, 9.916259380580781 ], [ -84.143886643274712, 9.916255277067069 ], [ -84.143892344258333, 9.916250070116947 ], [ -84.143897084442813, 9.916245740641005 ], [ -84.143902534529857, 9.916240273392187 ], [ -84.143907066697395, 9.91623572609603 ], [ -84.143912253125862, 9.916230010308457 ], [ -84.143916567249477, 9.916225255142464 ], [ -84.143921479081285, 9.916219302575287 ], [ -84.143925565134822, 9.916214351298231 ], [ -84.143930191433398, 9.916208177327357 ], [ -84.143934429472793, 9.91620252162263 ], [ -84.144004766621009, 9.916096804538725 ], [ -84.144073762348754, 9.915991276991237 ], [ -84.144202789934667, 9.915817040620462 ], [ -84.144332966275883, 9.915640382290837 ], [ -84.144341221100447, 9.915623673868671 ], [ -84.144353018590849, 9.915596082925056 ], [ -84.144355053164347, 9.915589935380428 ], [ -84.144357734241169, 9.91558156958472 ], [ -84.144369547955591, 9.915536877727455 ], [ -84.144375703398168, 9.915511598506084 ], [ -84.144377779860292, 9.915492812204549 ], [ -84.144378414668495, 9.915480541197185 ], [ -84.144377833374847, 9.915465060845893 ], [ -84.144377030639745, 9.915443691613921 ], [ -84.144363210854081, 9.915395016985576 ], [ -84.1443427216103, 9.915297294838357 ], [ -84.144335089449385, 9.915267697720628 ], [ -84.144334809606448, 9.915163749683352 ], [ -84.144339870225849, 9.915068544654369 ], [ -84.144350817051688, 9.915047637833341 ], [ -84.144359048024853, 9.915030641888857 ], [ -84.14440433666482, 9.914976897365639 ], [ -84.144478773625252, 9.914902800581356 ], [ -84.14449739639808, 9.914888639309789 ], [ -84.144498662032618, 9.914888344903776 ], [ -84.144500852402203, 9.914888129668142 ], [ -84.144521584973845, 9.914881352893982 ], [ -84.144523784620347, 9.914881497521003 ], [ -84.144525932442733, 9.914881998420384 ], [ -84.144527971895187, 9.914882842053647 ], [ -84.14452984642756, 9.914884004936269 ], [ -84.144531504958152, 9.914885456347855 ], [ -84.144556667507075, 9.914915701447459 ], [ -84.144568473591534, 9.914928632578869 ], [ -84.144652859934155, 9.915031877084223 ], [ -84.144737638671941, 9.915135601521555 ], [ -84.144889617931469, 9.915291307626795 ], [ -84.144892764824618, 9.91529294556082 ], [ -84.14489621546258, 9.915294744309115 ], [ -84.144901747469774, 9.915297305293288 ], [ -84.144907984546023, 9.915300193288946 ], [ -84.144914470432695, 9.915302744819144 ], [ -84.144920150030529, 9.915304980231628 ], [ -84.144926779835387, 9.91530715013214 ], [ -84.144932587869548, 9.915309051843607 ], [ -84.144939338791417, 9.915310833794948 ], [ -84.144945254284607, 9.915312395485133 ], [ -84.144952101698038, 9.91531378226442 ], [ -84.144958104584859, 9.91531499761266 ], [ -84.144965025689487, 9.915315984708801 ], [ -84.144971093170369, 9.915316851012371 ], [ -84.144978063342705, 9.915317435723425 ], [ -84.144984175352661, 9.915317947565862 ], [ -84.144991169057306, 9.915318127190297 ], [ -84.144997304622208, 9.915318285484849 ], [ -84.145004299060744, 9.91531806003251 ], [ -84.145010434469484, 9.915317862981041 ], [ -84.145016549659431, 9.915317310592352 ], [ -84.145023520209975, 9.915316680977943 ], [ -84.145029592383963, 9.915315775974321 ], [ -84.145036514425442, 9.915314744921176 ], [ -84.145042523522051, 9.915313490023866 ], [ -84.145049373345316, 9.915312060254807 ], [ -84.145055297480468, 9.915310460898397 ], [ -84.145062050465626, 9.915308637849197 ], [ -84.145067869578725, 9.915306698563315 ], [ -84.145074502017849, 9.915304487669363 ], [ -84.145080195137524, 9.915302215696585 ], [ -84.145086685148115, 9.915299626009238 ], [ -84.145092619706318, 9.915296844874081 ], [ -84.145098165861583, 9.915294248361084 ], [ -84.145457391739342, 9.91495781361921 ], [ -84.145638909904122, 9.914884665663921 ], [ -84.14581623206287, 9.914813308822227 ], [ -84.146065006383637, 9.914749205839627 ], [ -84.146312142049723, 9.914685525643847 ], [ -84.14638200936767, 9.914672277759065 ], [ -84.146454464526968, 9.914658539564892 ], [ -84.146664779793156, 9.914666506748672 ], [ -84.146882051054803, 9.914675994312843 ], [ -84.14708984002516, 9.914689514953221 ], [ -84.147307111309772, 9.914699001337606 ], [ -84.147330387286686, 9.914700610520946 ], [ -84.147401922848388, 9.9147106210202 ], [ -84.14740827029685, 9.914711508857351 ], [ -84.147410983716142, 9.914704283204655 ], [ -84.147422363861267, 9.914673975254487 ], [ -84.147446850839316, 9.91463059241473 ], [ -84.147490797318213, 9.914552041677455 ], [ -84.147518031386369, 9.914503363605323 ], [ -84.147698532822758, 9.914277169442157 ], [ -84.147876841139109, 9.914053724879736 ], [ -84.148031817077197, 9.913878169974545 ], [ -84.148227841042583, 9.913662910259182 ], [ -84.148237685243686, 9.91365460998794 ], [ -84.148247841205986, 9.913646046460048 ], [ -84.148257917161303, 9.913638024575723 ], [ -84.148268632150405, 9.913629494255229 ], [ -84.148279586200587, 9.913621266731726 ], [ -84.148289886617434, 9.913613530470657 ], [ -84.148300403291529, 9.913606084358035 ], [ -84.148311587285747, 9.913598166868338 ], [ -84.148322991196693, 9.913590565746849 ], [ -84.148333715922917, 9.913583417019062 ], [ -84.148345331545556, 9.913576138598332 ], [ -84.148356256119527, 9.913569292684439 ], [ -84.148368074336659, 9.913562341489389 ], [ -84.148379188729649, 9.913555803818923 ], [ -84.148391200424854, 9.913549186182857 ], [ -84.148402496432368, 9.913542963088714 ], [ -84.148414691576491, 9.913536683536973 ], [ -84.14842616008093, 9.913530778639897 ], [ -84.148438529557211, 9.913524842601598 ], [ -84.148450161441758, 9.913519261330711 ], [ -84.148462694309515, 9.913513674235784 ], [ -84.148474480456557, 9.913508420211839 ], [ -84.148487167598191, 9.91350318568103 ], [ -84.148499098890525, 9.91349826342897 ], [ -84.148511930276911, 9.913493385987625 ], [ -84.148523996685014, 9.913488799128601 ], [ -84.148536188180088, 9.913484552188425 ], [ -84.148549153781786, 9.913480036361422 ], [ -84.148562241745665, 9.913475884867477 ], [ -84.148574549209059, 9.913471980561795 ], [ -84.14858696443531, 9.913468421607726 ], [ -84.148600164731221, 9.913464638067042 ], [ -84.148612675866644, 9.913461428086086 ], [ -84.148625979376931, 9.913458015215722 ], [ -84.148639374248049, 9.913454975733965 ], [ -84.148651971262481, 9.913452117442601 ], [ -84.148664645038025, 9.913449612654219 ], [ -84.14867812123957, 9.913446949277056 ], [ -84.148690860833696, 9.913444799804369 ], [ -84.148704407424106, 9.913442515249685 ], [ -84.148717203718434, 9.913440722905088 ], [ -84.148730809754596, 9.91343881717772 ], [ -84.148744465207187, 9.913437293899371 ], [ -84.14875730634742, 9.913435860495957 ], [ -84.14879330428127, 9.913428752090638 ], [ -84.149050677058597, 9.913378127254239 ], [ -84.14907614513956, 9.913371470163241 ], [ -84.149249831437217, 9.913323761266708 ], [ -84.149508599207749, 9.912874382288559 ], [ -84.14955383533821, 9.912795824379488 ], [ -84.149628740432789, 9.912665741657728 ], [ -84.149747832725097, 9.912420779320186 ], [ -84.149767138422988, 9.912381070530305 ], [ -84.14999547554909, 9.911911401207691 ], [ -84.149999626999033, 9.91190619123048 ], [ -84.150624150352627, 9.911122497891679 ], [ -84.15069211098556, 9.911053699382695 ], [ -84.150748909539843, 9.911026564521991 ], [ -84.150868442276661, 9.91100611144523 ], [ -84.150910545090937, 9.91102465459638 ], [ -84.15098557928583, 9.911045261661828 ], [ -84.151047508333832, 9.911050107378088 ], [ -84.151089339242091, 9.911034416266647 ], [ -84.151130232676252, 9.911002762134673 ], [ -84.151178724316253, 9.910935439788881 ], [ -84.151211173040522, 9.910891207674968 ], [ -84.151257758113388, 9.91084641673066 ], [ -84.151344932129604, 9.910790193921786 ], [ -84.151418242630172, 9.910768763260169 ], [ -84.152073287645337, 9.91034282979142 ], [ -84.152171871750554, 9.910336961250986 ], [ -84.152295940357504, 9.910358714009112 ], [ -84.152466015019201, 9.910452749216558 ], [ -84.152488595169388, 9.910464766469159 ], [ -84.152533331227175, 9.910464678334197 ], [ -84.152566565995173, 9.910446520704143 ], [ -84.152611183060273, 9.910402087622897 ], [ -84.152646476429311, 9.910351286962866 ], [ -84.152702461659317, 9.910263896160153 ], [ -84.152891224178575, 9.910001159050708 ], [ -84.152953406746974, 9.909902085989209 ], [ -84.15295439672235, 9.909901289852899 ], [ -84.15335847971707, 9.90989483318449 ], [ -84.15341098267379, 9.909887245668743 ], [ -84.153448183967384, 9.909872548275397 ], [ -84.153497568201445, 9.909816032949134 ], [ -84.153706729383572, 9.909277019591704 ], [ -84.153740870317819, 9.909235160859037 ], [ -84.153829444443517, 9.909185363738537 ], [ -84.154266758454085, 9.909153193745427 ], [ -84.154335572237201, 9.909121143023667 ], [ -84.154406410021679, 9.909088150097688 ], [ -84.154462844510817, 9.909052210704999 ], [ -84.154513455097131, 9.908999850314279 ], [ -84.154604580964886, 9.908861294927011 ], [ -84.154625716825393, 9.908827053546506 ], [ -84.154743079035825, 9.90863923492595 ], [ -84.154875905389048, 9.908455343254147 ], [ -84.154914892263093, 9.908390710196588 ], [ -84.155033233982195, 9.908056213661744 ], [ -84.155334166536889, 9.907858532152751 ], [ -84.155625451279064, 9.907654360970449 ], [ -84.155994307946628, 9.907424151785495 ], [ -84.156153631386843, 9.90725748383843 ], [ -84.156446779544694, 9.907021671742534 ], [ -84.156648983131234, 9.906864180985862 ], [ -84.156831426052236, 9.906631200550665 ], [ -84.156946213193081, 9.906463339603834 ], [ -84.157033749160419, 9.906361590208505 ], [ -84.157291596687543, 9.906159956817547 ], [ -84.157370677883549, 9.905979159953286 ], [ -84.157490232125838, 9.905790571696718 ], [ -84.157737036774336, 9.905497565913208 ], [ -84.157772674504699, 9.905420163348415 ], [ -84.157774758884955, 9.905375762220956 ], [ -84.157762774490152, 9.905327788925186 ], [ -84.157740160181547, 9.905272542811801 ], [ -84.157683537864187, 9.90517846422674 ], [ -84.157638979566954, 9.905127226724678 ], [ -84.157610954972782, 9.905087300988429 ], [ -84.157596918612683, 9.90505608144265 ], [ -84.157594038935841, 9.905023847588659 ], [ -84.157620334594839, 9.904932027622591 ], [ -84.157689330154852, 9.904843946322645 ], [ -84.157696527852551, 9.904838281823059 ], [ -84.157703003205611, 9.904834284985037 ], [ -84.157959105327208, 9.904756064521909 ], [ -84.15827356577941, 9.904623095824499 ], [ -84.158360423968745, 9.904553153024819 ], [ -84.158410810943337, 9.904514515018315 ], [ -84.158571443996237, 9.90462705765194 ], [ -84.15884725531555, 9.904944433842338 ], [ -84.15910434527035, 9.905151062877117 ], [ -84.159198369847459, 9.905209269731152 ], [ -84.159433375621802, 9.905236341780213 ], [ -84.159715341678918, 9.905185723410924 ], [ -84.160219564070289, 9.904965560784419 ], [ -84.160731983142668, 9.905303035693457 ], [ -84.161374096989164, 9.905556527943626 ], [ -84.161756673870059, 9.906252882308483 ], [ -84.16195594498295, 9.907114557519558 ], [ -84.16211439383892, 9.907595646035251 ], [ -84.162371492282261, 9.908489842893696 ], [ -84.162255438999253, 9.909160642426121 ], [ -84.162036178351002, 9.909936204204003 ], [ -84.161658372040264, 9.910922446086976 ], [ -84.161483889733375, 9.911616663796767 ], [ -84.161263523420303, 9.912323570409395 ], [ -84.160986957974998, 9.913146141621176 ], [ -84.16064416803826, 9.914177606053649 ], [ -84.160352896514382, 9.914793076000288 ], [ -84.160205921589196, 9.915717850977293 ], [ -84.160155677033401, 9.916916589411965 ], [ -84.160353589654875, 9.91766271196448 ], [ -84.160182101080565, 9.918599198800528 ], [ -84.159838245964323, 9.919480498772996 ], [ -84.159207581852542, 9.920621143645427 ], [ -84.158767470456979, 9.921389237500858 ], [ -84.158442505703505, 9.922108799278268 ], [ -84.158479378047886, 9.922926031951356 ], [ -84.158971314324049, 9.923251915434584 ], [ -84.159333009222294, 9.924121734848951 ], [ -84.159718357967094, 9.924990860513519 ], [ -84.159971082828505, 9.92556325901786 ], [ -84.160196061333195, 9.925812853838414 ], [ -84.160785222081827, 9.925019410954413 ], [ -84.161344706422369, 9.923776590063149 ], [ -84.162177791054319, 9.922967031120573 ], [ -84.162567356872998, 9.922603936955117 ], [ -84.16365816078725, 9.923561947349386 ], [ -84.166403379611864, 9.925569878832523 ], [ -84.167297536600444, 9.925648313656083 ], [ -84.167799519471245, 9.926111079115087 ], [ -84.168372093683232, 9.926165983491577 ], [ -84.168991728789365, 9.925891461609117 ], [ -84.169736859613181, 9.92649540975053 ], [ -84.170756512319457, 9.927020923068381 ], [ -84.171611451896268, 9.928040575774663 ], [ -84.171862443331662, 9.927899393092254 ], [ -84.173015435237986, 9.927793506080445 ], [ -84.173407609355792, 9.927919001798141 ], [ -84.17364291382647, 9.928985715398557 ], [ -84.173329174532228, 9.929597507022326 ], [ -84.173533105073489, 9.929973994175414 ], [ -84.17372134865002, 9.930303420434367 ], [ -84.174317453309087, 9.930554411869759 ], [ -84.174976305826988, 9.931887803870278 ], [ -84.174913557968139, 9.932499595494047 ], [ -84.175070427615253, 9.93353493516504 ], [ -84.174035087944262, 9.933503561235616 ], [ -84.173491347400542, 9.933618577244383 ], [ -84.173216172897611, 9.934533407142757 ], [ -84.173003827183521, 9.935735599961236 ], [ -84.172740356706299, 9.936604383400201 ], [ -84.172814225387953, 9.937594400452216 ], [ -84.174692762102808, 9.941462484308822 ], [ -84.174395888132665, 9.941613721991725 ], [ -84.173454670249939, 9.942664748627429 ], [ -84.173360548461673, 9.943182418462925 ], [ -84.173313487567526, 9.944029514557373 ], [ -84.173140930955697, 9.944484436534022 ], [ -84.172262460931833, 9.944217758133918 ], [ -84.17081926017832, 9.943590279545438 ], [ -84.169830981401461, 9.943449096863029 ], [ -84.168921137448166, 9.943590279545438 ], [ -84.16772892813006, 9.944029514557373 ], [ -84.166756336317917, 9.944594245287005 ], [ -84.165760636222771, 9.945124672881365 ], [ -84.165982178073847, 9.945973646971284 ], [ -84.166156222204279, 9.946649970967156 ], [ -84.166458452485742, 9.947428496291026 ], [ -84.168444726900248, 9.949088540484647 ], [ -84.169422022181436, 9.94998240138858 ], [ -84.170508930263651, 9.950540812434241 ], [ -84.17181974485041, 9.951278315525052 ], [ -84.173499017025037, 9.952632617818425 ], [ -84.174600126598534, 9.95331745384831 ], [ -84.175345456779269, 9.954249040031863 ], [ -84.176186454076813, 9.955364174366107 ], [ -84.176435856220181, 9.956420249518501 ], [ -84.176732528039793, 9.957555879763358 ], [ -84.177010611345167, 9.95825414573072 ], [ -84.17745002358339, 9.958903471748858 ], [ -84.178011242226077, 9.959896412039921 ], [ -84.178490409234215, 9.960845095721936 ], [ -84.179993999741683, 9.962041063096375 ], [ -84.181035626862851, 9.962657194196856 ], [ -84.181763535298444, 9.963162845054363 ], [ -84.18300010882659, 9.964363191690737 ], [ -84.182887360654234, 9.965321618844065 ], [ -84.183717093497563, 9.965676301572556 ], [ -84.184251653272113, 9.9664622662436 ], [ -84.18458285309238, 9.96758618141819 ], [ -84.184969147608328, 9.968524782804701 ], [ -84.185576018577549, 9.96949329310447 ], [ -84.185599067259133, 9.970173351970319 ], [ -84.185496924330664, 9.971016654748874 ], [ -84.185669051345315, 9.971646916459116 ], [ -84.185502397925433, 9.972098886171549 ], [ -84.184776381611769, 9.972353531001151 ], [ -84.184028670836369, 9.972677807510831 ], [ -84.183489270835139, 9.973050916722428 ], [ -84.183865431641721, 9.97194273061417 ], [ -84.183593739660893, 9.970933549176845 ], [ -84.183293937034179, 9.970305062673694 ], [ -84.183349630709941, 9.969462445097509 ], [ -84.183226183755309, 9.968957930767793 ], [ -84.182651528529988, 9.968575255827549 ], [ -84.181619825376785, 9.968604572652799 ], [ -84.18001342774879, 9.968920235870035 ], [ -84.179044924266677, 9.968510241666209 ], [ -84.17774094527536, 9.968174951002711 ], [ -84.175725391102645, 9.968290785339809 ], [ -84.17512149563531, 9.96826604698539 ], [ -84.174099887643138, 9.967499741894896 ], [ -84.17320512603078, 9.966697333661019 ], [ -84.171888199945883, 9.965521346723955 ], [ -84.170701065931581, 9.965229596034263 ], [ -84.16947334816534, 9.96461686682375 ], [ -84.168305589496981, 9.963803568259136 ], [ -84.16783990083556, 9.963285167931337 ], [ -84.167870076469157, 9.96227090385455 ], [ -84.167168160633324, 9.961164860372952 ], [ -84.166410045177372, 9.960174481660616 ], [ -84.165882237514765, 9.959123619981337 ], [ -84.165460982793121, 9.958139631863572 ], [ -84.164702885941878, 9.957138372001701 ], [ -84.164166363489301, 9.956940175730002 ], [ -84.163667651781523, 9.956913635096543 ], [ -84.163123303935237, 9.956957701538631 ], [ -84.162011927942856, 9.956307994880497 ], [ -84.161088248734046, 9.955863643319613 ], [ -84.159952286455351, 9.955882803616234 ], [ -84.158836952347841, 9.95570589603985 ], [ -84.157841275131929, 9.955088870387431 ], [ -84.15695192898491, 9.953916589927021 ], [ -84.155969881502628, 9.953403395455402 ], [ -84.155421549107601, 9.952444892593935 ], [ -84.154436201266051, 9.951735334030955 ], [ -84.153145089581827, 9.951492337223945 ], [ -84.152025355619188, 9.951073276094297 ], [ -84.151316228802102, 9.950255374099486 ], [ -84.151288069236074, 9.949184008640641 ], [ -84.150972779116657, 9.948383000236195 ], [ -84.150298143455913, 9.947565115941066 ], [ -84.149432935044075, 9.947107203134534 ], [ -84.148214163078933, 9.946978228559161 ], [ -84.147581997355928, 9.946643346205409 ], [ -84.147320625625824, 9.946244545496254 ], [ -84.146856291400468, 9.945468449888779 ], [ -84.146722320763146, 9.945044295765495 ], [ -84.146082898179799, 9.944939949662608 ], [ -84.145302759058765, 9.944734373900038 ], [ -84.144630495668778, 9.944745700981191 ], [ -84.144194723192413, 9.944349337087676 ], [ -84.144257933136217, 9.943967960915778 ], [ -84.144476322895656, 9.943803517619376 ], [ -84.144752257613419, 9.943671599073623 ], [ -84.144791000368812, 9.943221553859047 ], [ -84.144331597162946, 9.94279183783194 ], [ -84.144036293146243, 9.942439066589021 ], [ -84.143598085482424, 9.941835607035713 ], [ -84.142882535602908, 9.94134075459381 ], [ -84.141894069983394, 9.941172904647267 ], [ -84.140842018784909, 9.940603540048549 ], [ -84.13942759945003, 9.939854969588598 ], [ -84.138150273141491, 9.93908133195472 ], [ -84.136387465471614, 9.939053970863101 ], [ -84.134844701313909, 9.938953562415188 ], [ -84.133512046644498, 9.938272823595192 ], [ -84.131678345436157, 9.938154135177243 ], [ -84.130375916384239, 9.937899314149414 ], [ -84.129680314511447, 9.937887851193853 ], [ -84.128484886555796, 9.937861938975514 ], [ -84.127762925780829, 9.937632766640641 ], [ -84.127143347288822, 9.937285985896498 ], [ -84.126215495200853, 9.937278178949249 ], [ -84.125680694908539, 9.937149421261545 ], [ -84.12547553675752, 9.936691873710908 ], [ -84.125342685217646, 9.936348232285665 ], [ -84.124040538134494, 9.936116835406933 ], [ -84.123248197787404, 9.93588760657228 ], [ -84.122987959219387, 9.93555828902689 ], [ -84.122967524658705, 9.935362983529465 ], [ -84.12288016716704, 9.93539574258884 ], [ -84.121085548232301, 9.935273964875412 ], [ -84.120374110011753, 9.935312420995441 ], [ -84.120197703763083, 9.935303964378528 ], [ -84.120140476384307, 9.935306561845042 ], [ -84.119857729384719, 9.935334690249405 ], [ -84.119494938177425, 9.935409063632216 ], [ -84.119234281702063, 9.935488732275383 ], [ -84.118808649450315, 9.93561882343745 ], [ -84.118251018903266, 9.935830485872637 ], [ -84.117873123008124, 9.93597547176307 ], [ -84.117257894092219, 9.936107149385595 ], [ -84.11651672945699, 9.936148996168914 ], [ -84.116479448224212, 9.93615195317218 ], [ -84.115854629647316, 9.936208347982513 ], [ -84.115767883711669, 9.936211331970885 ], [ -84.115037100117277, 9.937762367036351 ], [ -84.114965501187882, 9.937914330424057 ], [ -84.114963020182671, 9.937920302763386 ], [ -84.116589153150031, 9.938655721917733 ], [ -84.116852570529232, 9.938776001876638 ], [ -84.11848694534892, 9.939515505007909 ], [ -84.118532685923356, 9.939535779689422 ], [ -84.118325693774821, 9.940711476572467 ], [ -84.118065947369274, 9.942170696213097 ], [ -84.117990994827281, 9.942595567739129 ], [ -84.117905926152602, 9.943229359808864 ], [ -84.117786321299221, 9.943942944055586 ], [ -84.117769994379771, 9.944065126301238 ], [ -84.117715346624294, 9.944384203382025 ], [ -84.117642108467777, 9.944800882244955 ], [ -84.117495498743679, 9.945632477683869 ], [ -84.117436518230562, 9.945887276644299 ], [ -84.117452732219363, 9.945897759524794 ], [ -84.117567203526107, 9.945971784913386 ], [ -84.117732891850281, 9.946541799488765 ], [ -84.1177393505955, 9.946576921270301 ], [ -84.117728111065887, 9.946580109772475 ], [ -84.117701154051218, 9.946589239792532 ], [ -84.117688278538893, 9.946592946968138 ], [ -84.117658467178074, 9.946600324769873 ], [ -84.117632800814704, 9.946607306886074 ], [ -84.117620890847249, 9.946610217130731 ], [ -84.117591868155344, 9.946616959909935 ], [ -84.117580299947761, 9.946619177425672 ], [ -84.117568627500233, 9.946620641789737 ], [ -84.117550321745227, 9.946621629264797 ], [ -84.11753729259884, 9.946621633842168 ], [ -84.117519046372138, 9.946620760477424 ], [ -84.117507308147168, 9.946619360397548 ], [ -84.117496561213954, 9.946617746580943 ], [ -84.117481230120745, 9.9466151894981 ], [ -84.117470896475879, 9.946613973377916 ], [ -84.117460469090446, 9.946613310652868 ], [ -84.117440775515519, 9.946612521881381 ], [ -84.117416185974207, 9.946611083812172 ], [ -84.117409044799132, 9.946610966061286 ], [ -84.117400800401697, 9.946609202172544 ], [ -84.117388562234623, 9.946607368254069 ], [ -84.117381369432593, 9.946605698935535 ], [ -84.117365250588193, 9.946601243330667 ], [ -84.117357317486096, 9.946597751429984 ], [ -84.117350967491959, 9.946593804167684 ], [ -84.117344130256299, 9.946589234995391 ], [ -84.117332833775009, 9.94658362847572 ], [ -84.117321850068279, 9.946577883505361 ], [ -84.117314541821855, 9.946574726837964 ], [ -84.117305721380731, 9.94657139528829 ], [ -84.117292506897456, 9.946565729763337 ], [ -84.117284747884796, 9.946561933992982 ], [ -84.117277719627211, 9.946558769993119 ], [ -84.117264732519814, 9.94655389374276 ], [ -84.117255495336707, 9.946550705199375 ], [ -84.117246421563635, 9.946547959650186 ], [ -84.117233800712611, 9.946544583316783 ], [ -84.117227168886686, 9.94654313984514 ], [ -84.117220644930782, 9.946542401601565 ], [ -84.117208022463373, 9.946542165509815 ], [ -84.117198615048423, 9.946542421073419 ], [ -84.117159101404255, 9.946544153771891 ], [ -84.117137308843226, 9.946544722902406 ], [ -84.117126097283133, 9.946544513439221 ], [ -84.117108830119292, 9.946542365709581 ], [ -84.117096660767928, 9.946539122128465 ], [ -84.117073774112555, 9.946530375797252 ], [ -84.117064867994841, 9.946527184420169 ], [ -84.117055861689749, 9.946524371932322 ], [ -84.11703234405438, 9.946518573469202 ], [ -84.117025361168061, 9.946517317283083 ], [ -84.117014965718468, 9.946516686179484 ], [ -84.117008207820788, 9.946517203929568 ], [ -84.11699997917141, 9.946518676111305 ], [ -84.116974051775387, 9.946525134744004 ], [ -84.116958043296023, 9.946528375522107 ], [ -84.116946284994199, 9.94652948997404 ], [ -84.116934986905136, 9.946529597000204 ], [ -84.116919970340632, 9.946529247806703 ], [ -84.116911319925023, 9.946529562774048 ], [ -84.11690318953184, 9.94653035587451 ], [ -84.116891778881353, 9.946531952134833 ], [ -84.116885214564419, 9.946533124446335 ], [ -84.116880052129048, 9.94653458922463 ], [ -84.116870887924776, 9.946539135966447 ], [ -84.116864924895609, 9.946543621913561 ], [ -84.116858095052734, 9.946549569329793 ], [ -84.116848257064206, 9.946559814493963 ], [ -84.116841983163411, 9.946567229211526 ], [ -84.116834807240863, 9.946574554729427 ], [ -84.116825219637079, 9.946583618032824 ], [ -84.116812264592596, 9.946597099466059 ], [ -84.116800946634868, 9.946608035944539 ], [ -84.116792198419574, 9.946615460566809 ], [ -84.116779293015938, 9.946624915635901 ], [ -84.116770344556713, 9.946630903574061 ], [ -84.11676039274991, 9.946636545558434 ], [ -84.116744991161625, 9.946643493282068 ], [ -84.116719013219381, 9.946654048784879 ], [ -84.116698695981142, 9.946661424093364 ], [ -84.116661200901135, 9.946674219663512 ], [ -84.116650302798433, 9.946678380011784 ], [ -84.116647272626238, 9.946679727402959 ], [ -84.11663986880481, 9.946684801570072 ], [ -84.116637261164982, 9.946686899289203 ], [ -84.116632121645267, 9.946691270113332 ], [ -84.116625069470075, 9.946697805324019 ], [ -84.116616237394169, 9.946707947957622 ], [ -84.116610224293225, 9.946715276682157 ], [ -84.116605569612489, 9.946721215197472 ], [ -84.116599436947666, 9.946728294407841 ], [ -84.116588800845989, 9.946738313795764 ], [ -84.116580649620431, 9.946744675784569 ], [ -84.116572381446716, 9.946750448283868 ], [ -84.116559063462049, 9.946758957708482 ], [ -84.116548489583991, 9.946764418161676 ], [ -84.116537691977456, 9.946769081199378 ], [ -84.116522783471254, 9.946775150775352 ], [ -84.116499552641997, 9.946783466537015 ], [ -84.116483156249359, 9.946788474209361 ], [ -84.116464740560559, 9.946793262866347 ], [ -84.11645317311006, 9.946797658529908 ], [ -84.116443511156291, 9.946800274089531 ], [ -84.116437150291802, 9.946801667847346 ], [ -84.116432183866181, 9.946802938150324 ], [ -84.116418191379253, 9.946807425979493 ], [ -84.116409520949631, 9.946810482436465 ], [ -84.116404778251592, 9.946812550154304 ], [ -84.116401005876398, 9.946814422230037 ], [ -84.116393819880983, 9.946819099377782 ], [ -84.116381072742598, 9.946835135050886 ], [ -84.116369962458336, 9.946845378835272 ], [ -84.116360479061782, 9.946852592122223 ], [ -84.116354100108111, 9.946856995019717 ], [ -84.116344671370172, 9.946864032874894 ], [ -84.116331681348626, 9.946874118174726 ], [ -84.116319895371461, 9.946882119808187 ], [ -84.116310859937386, 9.946887210810679 ], [ -84.11630069891882, 9.946891883565533 ], [ -84.116283204289999, 9.946896461216806 ], [ -84.1162700997683, 9.94689741064675 ], [ -84.116253290206757, 9.946897221183566 ], [ -84.11623368604657, 9.946896577884253 ], [ -84.116224469865898, 9.946896043094558 ], [ -84.116211333883427, 9.946895714012449 ], [ -84.116202672516224, 9.946896038007278 ], [ -84.116187851602149, 9.946897086586533 ], [ -84.116167402871753, 9.94689892014534 ], [ -84.11615578391914, 9.946899541739235 ], [ -84.116137400061774, 9.946898944124168 ], [ -84.116124389550109, 9.946897515503487 ], [ -84.116104953198402, 9.946894278025347 ], [ -84.116092194688875, 9.946891068971356 ], [ -84.116080327011375, 9.946887251994029 ], [ -84.116064120064053, 9.94688123301742 ], [ -84.11604132983949, 9.946871788549759 ], [ -84.116023809641788, 9.946863357655227 ], [ -84.115933013215312, 9.946809051999908 ], [ -84.115897937596742, 9.946800897533327 ], [ -84.115884439183432, 9.946796953623446 ], [ -84.115871486869423, 9.946787257989119 ], [ -84.115865274293597, 9.946769485628598 ], [ -84.115850018418428, 9.946755197520124 ], [ -84.115825536763367, 9.94674417581653 ], [ -84.11581700500399, 9.946726648388442 ], [ -84.115800635666403, 9.946699730976137 ], [ -84.115776303868316, 9.94667396011519 ], [ -84.115741266446847, 9.9466395344592 ], [ -84.115724427208292, 9.946627541719653 ], [ -84.115712889474253, 9.946620501187537 ], [ -84.115704620363189, 9.946615868279407 ], [ -84.115696293020378, 9.94661162600009 ], [ -84.115683203621444, 9.946606278641948 ], [ -84.115666609210706, 9.946600615125295 ], [ -84.115653556987752, 9.94659464838489 ], [ -84.115644844748459, 9.946587743405949 ], [ -84.115641144273866, 9.946584009487555 ], [ -84.115638102069838, 9.946582273595372 ], [ -84.115632531843033, 9.946580828820956 ], [ -84.115621888170367, 9.94657716782849 ], [ -84.11560661659675, 9.946570055343757 ], [ -84.115596997585371, 9.946565108242185 ], [ -84.115588096568501, 9.946560823661542 ], [ -84.11557532002287, 9.9465555503344 ], [ -84.115565908716263, 9.946552523653839 ], [ -84.115524642916597, 9.946540850380583 ], [ -84.115513962937328, 9.946537678562462 ], [ -84.115497403686049, 9.946533428269829 ], [ -84.11548552910827, 9.946530682735336 ], [ -84.1154728575071, 9.94652817527675 ], [ -84.115444952024063, 9.946521987607195 ], [ -84.115434967489833, 9.946520191719525 ], [ -84.115420469797769, 9.946517046532783 ], [ -84.115388628777623, 9.94650779050046 ], [ -84.115384221484931, 9.946506641894228 ], [ -84.115366627258041, 9.946502864841911 ], [ -84.115356089582249, 9.946499765304619 ], [ -84.115331549583487, 9.946491316901298 ], [ -84.11532525297612, 9.946488691503584 ], [ -84.115319079405864, 9.946485821028615 ], [ -84.115312255073462, 9.94648155109596 ], [ -84.115309359617854, 9.946479559265178 ], [ -84.11530725972419, 9.946478362844966 ], [ -84.115303396663734, 9.94647651420917 ], [ -84.1152937179166, 9.946472851969446 ], [ -84.115255458518078, 9.946443984506395 ], [ -84.115224928728836, 9.946420949097275 ], [ -84.115190564189334, 9.946388344183557 ], [ -84.115180895648578, 9.946377356211935 ], [ -84.115173115040861, 9.946366505026599 ], [ -84.115163569432454, 9.946352365015372 ], [ -84.115156967773558, 9.946343272972237 ], [ -84.115152746187519, 9.946338523825375 ], [ -84.115147600574275, 9.946333347315877 ], [ -84.115139225508443, 9.946325608546809 ], [ -84.115133100550338, 9.946320905264029 ], [ -84.115125325466508, 9.946315404151578 ], [ -84.115112035059141, 9.946306352384756 ], [ -84.115103883148592, 9.946300386649186 ], [ -84.115096147310808, 9.946294965995202 ], [ -84.115084260453088, 9.946285763649371 ], [ -84.11507609624212, 9.946278525725864 ], [ -84.115068333038266, 9.946270480225042 ], [ -84.115059978419325, 9.946258611119493 ], [ -84.115054996853686, 9.946250487805859 ], [ -84.115044462829445, 9.9462317241173 ], [ -84.115035826272191, 9.946216888469648 ], [ -84.115029631522518, 9.946205593683798 ], [ -84.11502563639668, 9.946199024328443 ], [ -84.11501282596727, 9.946180248762747 ], [ -84.115002137399472, 9.946165509663352 ], [ -84.114994245189763, 9.94615627610297 ], [ -84.114982330365677, 9.94614271015522 ], [ -84.114973141950827, 9.946132834162615 ], [ -84.114966223669441, 9.946125890573217 ], [ -84.114958771495921, 9.946117916393636 ], [ -84.114948909412036, 9.946106326292716 ], [ -84.114942495112871, 9.946098334576634 ], [ -84.114936048722328, 9.946089853706123 ], [ -84.114922823874053, 9.946070016763258 ], [ -84.114904190141715, 9.946043232093965 ], [ -84.114890495328737, 9.946022599626303 ], [ -84.114885126633311, 9.946013214197423 ], [ -84.11488058703199, 9.946004021075693 ], [ -84.114874886245431, 9.94599169172688 ], [ -84.114854613820043, 9.945952419886712 ], [ -84.114839108649122, 9.945936997965283 ], [ -84.11481049529975, 9.945919786633544 ], [ -84.114759333042116, 9.945910062470915 ], [ -84.114518736347421, 9.945883055451072 ], [ -84.114303975305972, 9.94587940724962 ], [ -84.114183869225258, 9.945839079006992 ], [ -84.114101044804272, 9.945706971135472 ], [ -84.113939325987218, 9.945495218553189 ], [ -84.113903895105778, 9.94544561333595 ], [ -84.113828707398312, 9.945340346305857 ], [ -84.113718014239709, 9.945172606554522 ], [ -84.113672424711396, 9.94512109783205 ], [ -84.113608488377068, 9.945041252675303 ], [ -84.11359719263875, 9.944931835371655 ], [ -84.113572985390704, 9.944824800461912 ], [ -84.11351169109453, 9.944689001464003 ], [ -84.113467713757899, 9.944644398347496 ], [ -84.113340358148022, 9.944568325202475 ], [ -84.113186841835983, 9.944535902366516 ], [ -84.113009747977429, 9.94452965098956 ], [ -84.112972542798602, 9.944533857172813 ], [ -84.112967118175575, 9.944534005482417 ], [ -84.112951329951827, 9.944535768552006 ], [ -84.112942846996475, 9.944537579789914 ], [ -84.112934947412995, 9.944538463134457 ], [ -84.112929071762068, 9.944539835865401 ], [ -84.112919898690691, 9.944542464721041 ], [ -84.112911681994106, 9.944544131198338 ], [ -84.11290597155886, 9.944545914374228 ], [ -84.112900937999243, 9.944548162073977 ], [ -84.112889875583477, 9.94455448065084 ], [ -84.112878483425064, 9.944561987440832 ], [ -84.112873867894351, 9.944565184395953 ], [ -84.112869597251589, 9.944568806202776 ], [ -84.112864168894163, 9.94457402067404 ], [ -84.112857312686671, 9.944580307993022 ], [ -84.112851491939963, 9.944584876102414 ], [ -84.112845640580957, 9.944590599773532 ], [ -84.1128398638607, 9.944595896642927 ], [ -84.112833817515863, 9.944602162892036 ], [ -84.11282751567154, 9.944608036809838 ], [ -84.112816576928211, 9.944618628532295 ], [ -84.112811028379852, 9.944624417202228 ], [ -84.112804764773045, 9.944630097610597 ], [ -84.112793393323699, 9.944639497759159 ], [ -84.112787124299999, 9.944645340922769 ], [ -84.112774481644962, 9.944655169179775 ], [ -84.112769375835342, 9.944659499245525 ], [ -84.112756467414314, 9.944670914440312 ], [ -84.112750517192936, 9.944675583860551 ], [ -84.112745682287297, 9.944680017816211 ], [ -84.112740025245401, 9.944685919544956 ], [ -84.112734485415558, 9.944690543617293 ], [ -84.112720288809243, 9.944706070584784 ], [ -84.112704336174119, 9.944723107231892 ], [ -84.112698001593557, 9.944729275923388 ], [ -84.11269201392183, 9.944733782601494 ], [ -84.11268767852043, 9.944737400811052 ], [ -84.112682636868314, 9.944742661262726 ], [ -84.112678001585948, 9.944746784109711 ], [ -84.112666303465986, 9.944761039850343 ], [ -84.112662179649178, 9.944767312682581 ], [ -84.11265601696779, 9.944774770686649 ], [ -84.11264468980869, 9.944785697083589 ], [ -84.112632401181571, 9.944796036081968 ], [ -84.112625453477534, 9.944801488862016 ], [ -84.112618636853597, 9.944806211014397 ], [ -84.112611032231172, 9.944810888222454 ], [ -84.112597483951092, 9.944818110005263 ], [ -84.112590765234941, 9.944821110551311 ], [ -84.112586071144506, 9.944823957608394 ], [ -84.112579382190489, 9.944828646262101 ], [ -84.11257203656038, 9.944833266418332 ], [ -84.112565365552953, 9.944837097896052 ], [ -84.112559539090981, 9.944840980628246 ], [ -84.112551963645259, 9.944845639741404 ], [ -84.112538278494867, 9.944852671688512 ], [ -84.112523650344613, 9.944859781712273 ], [ -84.112516734485212, 9.944862355546679 ], [ -84.112511859584927, 9.944864532660647 ], [ -84.112506233719856, 9.944868281504746 ], [ -84.112490292605884, 9.944876393808123 ], [ -84.112481569578947, 9.944880288362921 ], [ -84.112465027547572, 9.94488603551283 ], [ -84.112455710245257, 9.944888317196343 ], [ -84.112438579668364, 9.944890538211846 ], [ -84.112429123043668, 9.944890785519769 ], [ -84.112405145427132, 9.944888804362479 ], [ -84.112397186714318, 9.944887492347242 ], [ -84.112387389620494, 9.944886900682427 ], [ -84.112377777985117, 9.944884572915216 ], [ -84.112369523793092, 9.944883302591183 ], [ -84.112350597839324, 9.944878643338871 ], [ -84.112340533562175, 9.944875491103641 ], [ -84.11232498723605, 9.944869924719507 ], [ -84.112317155977934, 9.944867943560897 ], [ -84.112308233648363, 9.944865087514858 ], [ -84.112299962790715, 9.944863084802886 ], [ -84.11227905819328, 9.944857019294908 ], [ -84.112269217193813, 9.944853375104637 ], [ -84.112260088795409, 9.944850654754555 ], [ -84.112243840218483, 9.944845088602195 ], [ -84.112228352916674, 9.944841433645927 ], [ -84.112221371087202, 9.944840446806335 ], [ -84.112212322779087, 9.944839907328131 ], [ -84.112193782388374, 9.94483726246718 ], [ -84.112186633806715, 9.944836706075987 ], [ -84.112140025164436, 9.944834041686692 ], [ -84.112107207107869, 9.944828616707946 ], [ -84.112098528164722, 9.94482806986943 ], [ -84.112091841767835, 9.944826902090682 ], [ -84.112080336790939, 9.94482725857733 ], [ -84.112073398427128, 9.944828033077185 ], [ -84.112057634020928, 9.944830161388529 ], [ -84.112047766077211, 9.944830407015026 ], [ -84.112040011891224, 9.944829776680098 ], [ -84.112032755942622, 9.944829956330123 ], [ -84.112025030060622, 9.944829418212478 ], [ -84.112008350331109, 9.944829874081202 ], [ -84.11199036497969, 9.944828787842273 ], [ -84.111982224363601, 9.944828936140704 ], [ -84.111973518580612, 9.944829918288853 ], [ -84.111964692169082, 9.944830188881632 ], [ -84.111958485238731, 9.944830951379945 ], [ -84.111949847200947, 9.944832685788736 ], [ -84.111922276192388, 9.944835916631016 ], [ -84.111913400501862, 9.944836099532743 ], [ -84.111905302126559, 9.944837095038789 ], [ -84.111897090384858, 9.944837278622256 ], [ -84.111892103682507, 9.944837891520377 ], [ -84.111878579869853, 9.944842020945071 ], [ -84.111864613432118, 9.944847960700418 ], [ -84.111848872611617, 9.944855087342148 ], [ -84.111838493092705, 9.944858213874603 ], [ -84.11182829204003, 9.944860490410928 ], [ -84.111798141843153, 9.944863723009099 ], [ -84.111777291471626, 9.944864225469026 ], [ -84.111765998686991, 9.944863681303325 ], [ -84.111728485498716, 9.944858053509151 ], [ -84.111718432457167, 9.944855740337326 ], [ -84.111691872302146, 9.944849237245496 ], [ -84.11168115669571, 9.944845625880523 ], [ -84.11167303298177, 9.944841834621165 ], [ -84.111665139426648, 9.944839016190464 ], [ -84.111656546845964, 9.944834959256051 ], [ -84.111649448465826, 9.944831833135924 ], [ -84.111641145390877, 9.944828942506298 ], [ -84.111632046658357, 9.944824936374602 ], [ -84.111622797402106, 9.944820809131734 ], [ -84.111614735480472, 9.94481635146418 ], [ -84.111607866889273, 9.94481310681798 ], [ -84.111600199339563, 9.944809769306771 ], [ -84.111590508752499, 9.944805891765929 ], [ -84.111581841261781, 9.944801462329298 ], [ -84.111572619515769, 9.944797772702584 ], [ -84.111564132571772, 9.944793245553068 ], [ -84.111555355887475, 9.944789546735619 ], [ -84.111546680962334, 9.944784706799455 ], [ -84.111538226921851, 9.944780386697227 ], [ -84.111520365498322, 9.944770905011319 ], [ -84.111512121663935, 9.944765196910646 ], [ -84.111495379860827, 9.94475471753155 ], [ -84.111478949549962, 9.944743002927776 ], [ -84.111462077453155, 9.944732885265331 ], [ -84.111452002938606, 9.944726398363334 ], [ -84.11144266153228, 9.94471945731477 ], [ -84.111434891186803, 9.944714190297953 ], [ -84.111427069950565, 9.94470946038523 ], [ -84.111419887370801, 9.94470545180125 ], [ -84.111403331426587, 9.944697079112309 ], [ -84.111394602059434, 9.944693049342208 ], [ -84.111385973130083, 9.944689361321309 ], [ -84.111376508577337, 9.944685035221953 ], [ -84.111360491257827, 9.94467823563776 ], [ -84.111353612073358, 9.944676011817398 ], [ -84.111346928265661, 9.94467439373749 ], [ -84.111338772612882, 9.944673219198986 ], [ -84.111330035108139, 9.944672088254865 ], [ -84.111322574675455, 9.944671691085896 ], [ -84.11130602944435, 9.944673403695344 ], [ -84.111289131306251, 9.944677941102938 ], [ -84.111263677583111, 9.944685311461114 ], [ -84.111254966115681, 9.944688357852405 ], [ -84.111246057763154, 9.94469173162477 ], [ -84.111225665607478, 9.944698733197312 ], [ -84.111215902419389, 9.944701293484298 ], [ -84.11120701490492, 9.944704260364356 ], [ -84.111198322671328, 9.944707550878384 ], [ -84.111180029774275, 9.944713953178484 ], [ -84.111172399155976, 9.944717326524389 ], [ -84.111163561471713, 9.944722015863846 ], [ -84.111153364975451, 9.944726982335773 ], [ -84.111143679200424, 9.944731925128881 ], [ -84.111133333112591, 9.944736831973513 ], [ -84.111123249749497, 9.944741928609934 ], [ -84.111113285570127, 9.944746166228406 ], [ -84.111104218793571, 9.944750339351334 ], [ -84.111078849909646, 9.944760503606592 ], [ -84.111070380176741, 9.944763709049848 ], [ -84.111060750713307, 9.944767967351995 ], [ -84.111049935408843, 9.944771578649144 ], [ -84.111031013342867, 9.944778364525417 ], [ -84.111022393781226, 9.944780808691338 ], [ -84.11100681585026, 9.944786909891041 ], [ -84.110998432864676, 9.944790432673507 ], [ -84.110974814203459, 9.944798095357894 ], [ -84.110966756709757, 9.94480132869163 ], [ -84.110959270795661, 9.944803805934955 ], [ -84.110952016726571, 9.944806854547707 ], [ -84.110943506884382, 9.944810125102572 ], [ -84.11093455031066, 9.944813861461837 ], [ -84.110924679589331, 9.944816690319692 ], [ -84.110917685152742, 9.944818873538251 ], [ -84.110909904874305, 9.944821997372078 ], [ -84.110900782120964, 9.944825165051617 ], [ -84.110884554871376, 9.944828685909854 ], [ -84.11087543018597, 9.944831534411183 ], [ -84.110866137113831, 9.944832675862132 ], [ -84.110849098146758, 9.944836133694448 ], [ -84.110840443441077, 9.944837140209291 ], [ -84.11082351204341, 9.944840455143066 ], [ -84.110813809035506, 9.944842999123066 ], [ -84.110805336943173, 9.94484462946588 ], [ -84.110789730292126, 9.944849423209973 ], [ -84.110770329858667, 9.944854842098515 ], [ -84.110760705034338, 9.944856646425773 ], [ -84.110751802770594, 9.94485917205521 ], [ -84.110733157771847, 9.944862729873794 ], [ -84.110723439290211, 9.944865368795996 ], [ -84.110702730495902, 9.944869225677605 ], [ -84.110683159339843, 9.944871421189303 ], [ -84.110671522107069, 9.944871748737295 ], [ -84.110661056525785, 9.944871211494233 ], [ -84.110649110130666, 9.944871573502812 ], [ -84.110626150670129, 9.944870584679093 ], [ -84.110615086167186, 9.944870861401302 ], [ -84.110604997249794, 9.944870325840352 ], [ -84.110595315364563, 9.944870600296529 ], [ -84.110573771295009, 9.944869431972313 ], [ -84.110563072911802, 9.944868187728522 ], [ -84.110540771957403, 9.944867285483371 ], [ -84.110530963699674, 9.944866030094248 ], [ -84.110521768823887, 9.944866280878568 ], [ -84.110510977664902, 9.944865779905825 ], [ -84.110502922535574, 9.944865211119389 ], [ -84.110493076496681, 9.944865513656644 ], [ -84.110484006938307, 9.944864154040667 ], [ -84.110475027296786, 9.944864399327525 ], [ -84.110463940598748, 9.944863762822708 ], [ -84.110453448325956, 9.9448625004236 ], [ -84.110445765342988, 9.944862059907585 ], [ -84.110436453736867, 9.944862334236957 ], [ -84.110427101728163, 9.94486179300231 ], [ -84.110401742386642, 9.944862436109307 ], [ -84.110393541344479, 9.944861896302372 ], [ -84.110369057539529, 9.944862539118061 ], [ -84.110341878793136, 9.94486067279618 ], [ -84.110326183883174, 9.944857949133214 ], [ -84.110321395667754, 9.944857579994947 ], [ -84.110305388061207, 9.944857948755226 ], [ -84.110300155371391, 9.944859339311975 ], [ -84.110292580497259, 9.944860361732124 ], [ -84.110285512950327, 9.944862116376756 ], [ -84.110278124088836, 9.944863022999275 ], [ -84.110271401255815, 9.944864692536383 ], [ -84.110262967319301, 9.944865888842948 ], [ -84.110245753681809, 9.944867954253459 ], [ -84.110238097355918, 9.944868135804878 ], [ -84.110230356485133, 9.944869131152679 ], [ -84.1101971283165, 9.944869955865224 ], [ -84.110188948815718, 9.944868379847327 ], [ -84.110180725854093, 9.944867746911086 ], [ -84.110155595398211, 9.944860131979878 ], [ -84.110139394524907, 9.944852572880066 ], [ -84.110131212594212, 9.944846461457194 ], [ -84.11012397468042, 9.944840584812191 ], [ -84.110113478986023, 9.94482909604317 ], [ -84.110107505031991, 9.944822929641877 ], [ -84.110097604103728, 9.944806379035137 ], [ -84.110090984444625, 9.944786595782533 ], [ -84.11008973603245, 9.944776113043599 ], [ -84.110088377257512, 9.944757429360486 ], [ -84.110087146737769, 9.944707757321723 ], [ -84.110087352019377, 9.944699814871328 ], [ -84.110089527428855, 9.944665134948844 ], [ -84.110089705176776, 9.944656675312247 ], [ -84.110090249298807, 9.944647448804114 ], [ -84.110090432460709, 9.944638815561717 ], [ -84.110090978912723, 9.944631100854298 ], [ -84.110091164138908, 9.944623185536095 ], [ -84.110091805671232, 9.944616159788248 ], [ -84.110091985980944, 9.944609904559876 ], [ -84.110092614824893, 9.944603117521705 ], [ -84.110092797977032, 9.944594455345293 ], [ -84.110093750785822, 9.94458553793481 ], [ -84.110094289436759, 9.944576315045191 ], [ -84.110095205640732, 9.944567026929853 ], [ -84.110095760891582, 9.944558352876568 ], [ -84.110098899965053, 9.944530843747721 ], [ -84.11010123705222, 9.944521441237255 ], [ -84.110106148129333, 9.944507424715274 ], [ -84.110108754363523, 9.944501052952679 ], [ -84.110113897063698, 9.944486951360748 ], [ -84.110116845440203, 9.944478262957119 ], [ -84.110119582693727, 9.944470963454947 ], [ -84.110121912936009, 9.944462911802679 ], [ -84.1101243783352, 9.944455393576549 ], [ -84.110128448045245, 9.944439925205961 ], [ -84.110132249646384, 9.944424529258542 ], [ -84.110134593404666, 9.944418712753214 ], [ -84.110137670602086, 9.944407980843256 ], [ -84.110138909167404, 9.944402674663385 ], [ -84.11014145481974, 9.944389698734936 ], [ -84.11014414924513, 9.944368894302121 ], [ -84.110145227358629, 9.944352882595004 ], [ -84.110146174723553, 9.944344055604802 ], [ -84.110146358159412, 9.944336245172774 ], [ -84.110147356726159, 9.944327803349573 ], [ -84.110147938285351, 9.944321439486524 ], [ -84.110148526197193, 9.94431225817309 ], [ -84.110151230788773, 9.944294580417191 ], [ -84.110153808589274, 9.944285011456504 ], [ -84.110156627487598, 9.944276415322211 ], [ -84.110159355477947, 9.944268696279698 ], [ -84.110161989046716, 9.944262255789367 ], [ -84.110164921294412, 9.944254435410572 ], [ -84.110167837381894, 9.944247379979679 ], [ -84.110170773274959, 9.944239552366128 ], [ -84.110174258035329, 9.944231229077078 ], [ -84.110178476191138, 9.944223308814189 ], [ -84.110182481429987, 9.944216866063716 ], [ -84.110186632696582, 9.944210737922372 ], [ -84.110190966390974, 9.944204683864296 ], [ -84.110195128502681, 9.94419826095414 ], [ -84.110199405717822, 9.944192404027412 ], [ -84.11020636591492, 9.944180602088428 ], [ -84.110209548609276, 9.944174441715008 ], [ -84.110215857128551, 9.944161153506165 ], [ -84.110218927141659, 9.944156213822904 ], [ -84.110226798756997, 9.944137190741838 ], [ -84.110229716939173, 9.944130949982656 ], [ -84.110250299915464, 9.944081075452765 ], [ -84.110252274019757, 9.944074413652999 ], [ -84.110254913313668, 9.94406873810266 ], [ -84.110256307537924, 9.944065280030268 ], [ -84.110257147298157, 9.94406194511004 ], [ -84.110258547554679, 9.944054716573721 ], [ -84.110260085117702, 9.944048992560184 ], [ -84.110261256200943, 9.944043717144391 ], [ -84.110262335888663, 9.944037863078696 ], [ -84.11026671345553, 9.944021222777698 ], [ -84.110267694193567, 9.944016741301226 ], [ -84.110268771212901, 9.944005648373919 ], [ -84.11026917405124, 9.943993953479827 ], [ -84.110269056008789, 9.943990061895638 ], [ -84.110268553398498, 9.943987072817318 ], [ -84.11026270518623, 9.94396419699158 ], [ -84.11026189628403, 9.943956198815304 ], [ -84.110261764583598, 9.943949652541036 ], [ -84.110262341923971, 9.943941594231651 ], [ -84.110265994014412, 9.943931853120393 ], [ -84.110269321319507, 9.943927231625864 ], [ -84.110272779461795, 9.943921139879281 ], [ -84.110274015280226, 9.943918533603638 ], [ -84.11027526165239, 9.943914762730993 ], [ -84.110278830754481, 9.94390231812625 ], [ -84.110280425188179, 9.943897568807985 ], [ -84.110281261137828, 9.9438937510528 ], [ -84.1102817065821, 9.943889446973392 ], [ -84.110281900450985, 9.94388556251992 ], [ -84.110281769678409, 9.943881784867543 ], [ -84.110280187780006, 9.943864075971957 ], [ -84.110279759536127, 9.943859837281964 ], [ -84.110279379495424, 9.943857920529632 ], [ -84.110277272602772, 9.943852065705482 ], [ -84.110275155445009, 9.943848236264751 ], [ -84.110271000046566, 9.943836579039992 ], [ -84.110269345513998, 9.943830725875086 ], [ -84.110267710547546, 9.943823386219448 ], [ -84.110266634052849, 9.943816997585053 ], [ -84.110265604530724, 9.943809259887404 ], [ -84.110263986016037, 9.94379114231096 ], [ -84.110262978914633, 9.9437849923592 ], [ -84.110262294155973, 9.943777319649429 ], [ -84.110260995017185, 9.943727059909355 ], [ -84.11025999465771, 9.943713813891579 ], [ -84.110259173762685, 9.943708126822436 ], [ -84.110256918990146, 9.943696427378583 ], [ -84.110255204545041, 9.94369140789421 ], [ -84.110253192259734, 9.943684826071879 ], [ -84.110251204101445, 9.943679481170118 ], [ -84.11024645096181, 9.943669426362137 ], [ -84.110244204163237, 9.943665190079466 ], [ -84.110241740384168, 9.943661188957 ], [ -84.110231360505338, 9.943646846536495 ], [ -84.110224561421333, 9.943635902681491 ], [ -84.110221514676169, 9.943631335729462 ], [ -84.110215403242364, 9.943623087030844 ], [ -84.11021049680626, 9.943618237680447 ], [ -84.110205621824946, 9.943614720187858 ], [ -84.110203257767992, 9.943614371949922 ], [ -84.110200474011378, 9.943613506654875 ], [ -84.11019799335115, 9.943613559914573 ], [ -84.110189436413307, 9.94361229867779 ], [ -84.110180824114479, 9.943609126006564 ], [ -84.110167719242597, 9.943600529688728 ], [ -84.110162393874916, 9.943592006761518 ], [ -84.110159451759458, 9.943586683873679 ], [ -84.110156156809879, 9.943578981280332 ], [ -84.1101554632573, 9.943577721071174 ], [ -84.110154508800974, 9.943576258409882 ], [ -84.110151813581084, 9.943572881252297 ], [ -84.110149702598051, 9.943571140481859 ], [ -84.11014598022912, 9.94356710179701 ], [ -84.110142444542007, 9.943564947377505 ], [ -84.110139470006359, 9.943560854195223 ], [ -84.110135981920834, 9.943559227805503 ], [ -84.110125408959021, 9.943551099021906 ], [ -84.110120332246353, 9.943544324710885 ], [ -84.110118177406804, 9.943542344344976 ], [ -84.110113526926739, 9.943539256266218 ], [ -84.110112604754377, 9.943538878619229 ], [ -84.110103937059009, 9.94353640399699 ], [ -84.110075404943402, 9.943528932134599 ], [ -84.110062739406828, 9.943525006700929 ], [ -84.110027095767421, 9.943513150055008 ], [ -84.110014820589569, 9.943509271508951 ], [ -84.109994714394546, 9.943503994045527 ], [ -84.109985784930672, 9.943501452596347 ], [ -84.109967215962882, 9.943494892488133 ], [ -84.109960774619978, 9.943492791464276 ], [ -84.109949340664045, 9.943489941604833 ], [ -84.109941334456579, 9.943488291380083 ], [ -84.10992938453758, 9.943486148764105 ], [ -84.109922066178257, 9.943485066142754 ], [ -84.109906519351767, 9.943483145329076 ], [ -84.109878395537663, 9.94348026749266 ], [ -84.109826348521679, 9.943474140621579 ], [ -84.109813444929927, 9.943472873567964 ], [ -84.109805696356204, 9.943472556027878 ], [ -84.109798188634926, 9.943472480730888 ], [ -84.109787992526549, 9.943473091689782 ], [ -84.109781426378902, 9.943474141797045 ], [ -84.109769922939932, 9.943476242381122 ], [ -84.109762632893862, 9.943478013362917 ], [ -84.109754795845333, 9.943480401179869 ], [ -84.109742501638181, 9.943485079861063 ], [ -84.109726880993904, 9.94349152460655 ], [ -84.109693922104782, 9.943506318877288 ], [ -84.10968532407901, 9.943510372455522 ], [ -84.109677692765175, 9.943514358806855 ], [ -84.109666663263681, 9.943521008199705 ], [ -84.109651733111789, 9.943530492594013 ], [ -84.109621925408717, 9.943548580684723 ], [ -84.109614667321367, 9.943553210693922 ], [ -84.109608342995799, 9.943557419949947 ], [ -84.109586210168118, 9.943573620292803 ], [ -84.109575201023134, 9.943581158492364 ], [ -84.109540112182657, 9.943603019671182 ], [ -84.109529569613741, 9.943609437428155 ], [ -84.109516727665024, 9.943618017849689 ], [ -84.10950635134148, 9.943625215865389 ], [ -84.109498491499735, 9.943630381348008 ], [ -84.109490372573561, 9.94363532991019 ], [ -84.109479831724059, 9.943641439337089 ], [ -84.109473476207228, 9.943645109704983 ], [ -84.109459389976976, 9.943652814373596 ], [ -84.109446370824145, 9.943660583794161 ], [ -84.109436117812379, 9.943665619854913 ], [ -84.109429513984054, 9.943668560623829 ], [ -84.109424460531429, 9.94367135621569 ], [ -84.109418524125758, 9.943673781379241 ], [ -84.109404259358328, 9.943682147969197 ], [ -84.109397967939756, 9.943686596820211 ], [ -84.109388443744436, 9.943694732196233 ], [ -84.109381115139982, 9.943701246550317 ], [ -84.109372642027182, 9.943707971049779 ], [ -84.109360432303461, 9.943717174243966 ], [ -84.109338700533129, 9.943732755071013 ], [ -84.109330886517085, 9.943738613142402 ], [ -84.10932343000735, 9.943744462054969 ], [ -84.109312734991221, 9.943753227125855 ], [ -84.109305052265242, 9.943758967609373 ], [ -84.10929679682161, 9.943764791465039 ], [ -84.109284016737391, 9.943772949601893 ], [ -84.109254958044943, 9.943789162130519 ], [ -84.109239053690928, 9.943798205581027 ], [ -84.109225864580765, 9.94380503650186 ], [ -84.109216014538788, 9.943809672773495 ], [ -84.109201050370132, 9.943815668803303 ], [ -84.109171855077761, 9.943827018648651 ], [ -84.109155298418486, 9.943832678838129 ], [ -84.109133974515373, 9.943840658014118 ], [ -84.10912698038922, 9.943843751712059 ], [ -84.109107515979886, 9.943854170682268 ], [ -84.10909435214262, 9.943860222180009 ], [ -84.109061820814276, 9.943874689837784 ], [ -84.109031235625309, 9.943888863901595 ], [ -84.109021489403858, 9.943893066123699 ], [ -84.109006485017034, 9.943898814410566 ], [ -84.108987805575737, 9.943905667002435 ], [ -84.108957312293171, 9.943919234319747 ], [ -84.108941783720681, 9.943925662723441 ], [ -84.1089307123125, 9.943929783997396 ], [ -84.108920942279738, 9.943933695075948 ], [ -84.108907521203918, 9.943939614638721 ], [ -84.108888198555107, 9.943948519940134 ], [ -84.108872904428139, 9.943955130910245 ], [ -84.108862091231416, 9.94395959388085 ], [ -84.108838509462103, 9.943968475247553 ], [ -84.108796962986872, 9.943983378917299 ], [ -84.108784134629758, 9.943989036068075 ], [ -84.108776283440733, 9.943992848866419 ], [ -84.108767602571973, 9.943997430493665 ], [ -84.108753225987769, 9.944004223806024 ], [ -84.108742620701477, 9.944008608945094 ], [ -84.108726257600395, 9.944014958041494 ], [ -84.108716814050283, 9.944018827415407 ], [ -84.108707985212433, 9.94402273999038 ], [ -84.108685142812476, 9.94403357595967 ], [ -84.108675017298651, 9.944038125502939 ], [ -84.108659932845384, 9.944044490456262 ], [ -84.108651713206015, 9.944048323263473 ], [ -84.108643654222064, 9.944052582794839 ], [ -84.108630435861642, 9.944059283498804 ], [ -84.1086202008931, 9.944063798716819 ], [ -84.108604335588339, 9.944069666617946 ], [ -84.10858219598714, 9.944076654129917 ], [ -84.108567946411597, 9.944081429246506 ], [ -84.108548790657522, 9.94408761196553 ], [ -84.10853259303515, 9.944092444676293 ], [ -84.10852111912294, 9.94409567363418 ], [ -84.108486022879489, 9.944106530742866 ], [ -84.108470060454721, 9.944111058663161 ], [ -84.108447942234775, 9.944116525315886 ], [ -84.108433763484499, 9.944120365473903 ], [ -84.108411157280813, 9.944125667720176 ], [ -84.108400338676205, 9.944127594431569 ], [ -84.108388907962549, 9.944129076480577 ], [ -84.108363485361565, 9.944131330715338 ], [ -84.108358404812719, 9.944132209422319 ], [ -84.108349689793698, 9.944135588480384 ], [ -84.108342786927068, 9.944138900041663 ], [ -84.108321524421854, 9.94415065955449 ], [ -84.108311427339686, 9.944155719039392 ], [ -84.108297977993161, 9.944161705496882 ], [ -84.108287812120381, 9.944165584134376 ], [ -84.108272331017446, 9.944169453640997 ], [ -84.108251638613481, 9.944173191012869 ], [ -84.108226251527341, 9.944178067369688 ], [ -84.108216604686405, 9.944179466554873 ], [ -84.108202461668853, 9.944181049839406 ], [ -84.108191592409852, 9.944181485555164 ], [ -84.108175894587916, 9.94418085046493 ], [ -84.108164968035865, 9.944179011262413 ], [ -84.108153860586143, 9.94417620282894 ], [ -84.10813873000258, 9.944169910956218 ], [ -84.108128564463414, 9.944163713322508 ], [ -84.108115872944779, 9.944152888872566 ], [ -84.108107698514303, 9.94414445725165 ], [ -84.108097125722821, 9.944131203468718 ], [ -84.108091329418826, 9.944121521491999 ], [ -84.108086538288617, 9.944112242458193 ], [ -84.108080957758233, 9.944098644375218 ], [ -84.108078449984262, 9.944088358243068 ], [ -84.108076074144591, 9.944074358569916 ], [ -84.108074287639852, 9.944055333231866 ], [ -84.108073776764058, 9.944041005640498 ], [ -84.108074078165487, 9.944031230371259 ], [ -84.108074559511934, 9.944022301363473 ], [ -84.108075597530984, 9.944008865705023 ], [ -84.108077427345307, 9.94399038442416 ], [ -84.108079488106256, 9.943966981575672 ], [ -84.108081778116713, 9.943952922527584 ], [ -84.108083969565627, 9.943944220822745 ], [ -84.108090907534233, 9.943914514211501 ], [ -84.108095757698663, 9.94389252189872 ], [ -84.108097717710507, 9.943884475804499 ], [ -84.108100116070133, 9.943872646447826 ], [ -84.108103094521553, 9.943855420712239 ], [ -84.108106173510748, 9.943833303289274 ], [ -84.108107106248028, 9.943824205956643 ], [ -84.108110686785182, 9.943801907534077 ], [ -84.108113906954372, 9.943787563366104 ], [ -84.108118583132367, 9.943768989842333 ], [ -84.108121714281594, 9.943755735249074 ], [ -84.108129383945354, 9.943726840360831 ], [ -84.108134067937314, 9.94370984735421 ], [ -84.10813703167841, 9.943697820701599 ], [ -84.108138896728093, 9.943689438279964 ], [ -84.108142941719009, 9.943676198762361 ], [ -84.10814679126149, 9.943667664700099 ], [ -84.108155611045305, 9.943652865724149 ], [ -84.108159057768034, 9.943645216991586 ], [ -84.108167858265361, 9.94362169261121 ], [ -84.10817170228114, 9.943601902319022 ], [ -84.108173059251683, 9.943579391225972 ], [ -84.108173901066678, 9.94355450951949 ], [ -84.108173650527306, 9.943552540279867 ], [ -84.108171673666291, 9.943537070268956 ], [ -84.108156141631127, 9.943507994807009 ], [ -84.108137360511492, 9.943482963921033 ], [ -84.10810969753301, 9.94345588520561 ], [ -84.108083272141783, 9.94343984983562 ], [ -84.108031842450089, 9.943416616160258 ], [ -84.107970884823743, 9.943392964199351 ], [ -84.10796389400258, 9.943389460014991 ], [ -84.107952431948306, 9.943384299896795 ], [ -84.107925357732654, 9.943372616578394 ], [ -84.107918345272665, 9.943369870109263 ], [ -84.10790785960458, 9.943366327266332 ], [ -84.107900774415128, 9.943364286086622 ], [ -84.107882169563482, 9.943359398620826 ], [ -84.107872600923059, 9.943357238888256 ], [ -84.107866740882088, 9.943356155751804 ], [ -84.107860595462228, 9.943355320454645 ], [ -84.107852044196505, 9.943354623369165 ], [ -84.107846732606703, 9.943354550033217 ], [ -84.107833931671351, 9.943354806426198 ], [ -84.107824166060425, 9.943355502180209 ], [ -84.107816589481018, 9.943356806651208 ], [ -84.107794968841205, 9.943360996387394 ], [ -84.107790697318251, 9.943362057471029 ], [ -84.107783898114562, 9.94336440150669 ], [ -84.107779499197619, 9.943366341501584 ], [ -84.107765151910442, 9.943373458461407 ], [ -84.107749023176453, 9.943382492871914 ], [ -84.107742720589385, 9.943386308764303 ], [ -84.107736801080961, 9.943390225802288 ], [ -84.107721329840601, 9.943401842359673 ], [ -84.107685063480034, 9.943432048471847 ], [ -84.107679366857738, 9.943437054079006 ], [ -84.107648346462497, 9.943467475504386 ], [ -84.107626717273504, 9.943490164911239 ], [ -84.107612409514189, 9.943506623918339 ], [ -84.107607234988407, 9.943512935003303 ], [ -84.107601987642695, 9.943519678313294 ], [ -84.107594889810301, 9.94352917818197 ], [ -84.107585870735278, 9.943542601034002 ], [ -84.107574616778322, 9.943560234501678 ], [ -84.107554326100015, 9.943593119093165 ], [ -84.107543369102075, 9.943609669247579 ], [ -84.107538169982845, 9.943618873739748 ], [ -84.107535506918794, 9.943624505875897 ], [ -84.107529157733723, 9.943642032880266 ], [ -84.107523637507256, 9.94365658122417 ], [ -84.107510952256746, 9.943692720253189 ], [ -84.107508061803344, 9.943700234980767 ], [ -84.107500120673393, 9.943719093460073 ], [ -84.107496161686242, 9.94372767185539 ], [ -84.107485763597168, 9.943746558249115 ], [ -84.107482154359573, 9.943753718765757 ], [ -84.107477054419903, 9.943765022748718 ], [ -84.107473740990699, 9.943773150651017 ], [ -84.107468099624612, 9.943785406013065 ], [ -84.107463950856484, 9.943793738529891 ], [ -84.107460029742029, 9.943801000415455 ], [ -84.107451071050335, 9.943820629588096 ], [ -84.107440910922435, 9.943842096455418 ], [ -84.107435965336194, 9.943851299056172 ], [ -84.107418846839892, 9.943879290061719 ], [ -84.107404876488118, 9.943898509436291 ], [ -84.107392906622081, 9.943916278755612 ], [ -84.107387203595863, 9.943924056599018 ], [ -84.107378739851995, 9.943934480981067 ], [ -84.107373171392496, 9.943941000151913 ], [ -84.107359795676714, 9.943957447998796 ], [ -84.107353120165456, 9.943964381642388 ], [ -84.107347277864406, 9.943970177550561 ], [ -84.107338228480515, 9.943980222360626 ], [ -84.107330194517345, 9.943988539846481 ], [ -84.10731646822012, 9.943998282348817 ], [ -84.107305824921824, 9.944003624085212 ], [ -84.107289445271846, 9.944009653034545 ], [ -84.107277383851411, 9.944012389356002 ], [ -84.107265492597264, 9.944013959220488 ], [ -84.107240773106554, 9.944016048582453 ], [ -84.107224476497834, 9.944016634292641 ], [ -84.107212845537305, 9.94401654036667 ], [ -84.107201047557226, 9.944016075776887 ], [ -84.10718401270158, 9.944015352457916 ], [ -84.107149738578627, 9.944013536070111 ], [ -84.107124230739245, 9.94401169878911 ], [ -84.107114812058398, 9.944010777724118 ], [ -84.107101328986772, 9.944008470935806 ], [ -84.107091878008774, 9.944006392520361 ], [ -84.107078220215143, 9.944002465482823 ], [ -84.107068364424862, 9.943997960356688 ], [ -84.107058152411042, 9.943991802489279 ], [ -84.107046219937999, 9.943978813130268 ], [ -84.107041605240425, 9.943965103505374 ], [ -84.107041600845221, 9.943951596752251 ], [ -84.107042237430264, 9.943945986968696 ], [ -84.107041536426109, 9.943944214985185 ], [ -84.107040217103531, 9.94394252819308 ], [ -84.107034657576492, 9.943937280257936 ], [ -84.107021981061592, 9.943927584187236 ], [ -84.107010646497955, 9.943916242065514 ], [ -84.10700379604404, 9.943906878680574 ], [ -84.106995618248703, 9.943893604204231 ], [ -84.106990221598949, 9.943884399491235 ], [ -84.106983546852021, 9.943871269204065 ], [ -84.106975907991341, 9.943854981801767 ], [ -84.106969923400825, 9.943843918266591 ], [ -84.106966042984837, 9.943836139876572 ], [ -84.106956714642109, 9.943818522049597 ], [ -84.106950889223199, 9.943808934097373 ], [ -84.106943211020052, 9.943795055462619 ], [ -84.106939051551123, 9.94378454018551 ], [ -84.106937195714679, 9.943779277502349 ], [ -84.106934255050177, 9.94377265255506 ], [ -84.106932411669092, 9.94376923260227 ], [ -84.106930665246097, 9.943766687872104 ], [ -84.106927232941118, 9.943762668950551 ], [ -84.106924371991013, 9.943759984427361 ], [ -84.106918505811095, 9.943754056639047 ], [ -84.106916159114419, 9.943750994001066 ], [ -84.106899494796281, 9.943739800056385 ], [ -84.106896244223748, 9.943739329108706 ], [ -84.106890446304703, 9.943735773886409 ], [ -84.106883778828845, 9.943733772336072 ], [ -84.106879571979476, 9.943731806167307 ], [ -84.106874805440668, 9.943730724472717 ], [ -84.106869186732112, 9.943728570683639 ], [ -84.106864201299075, 9.94372745560386 ], [ -84.106858079228942, 9.943725518076164 ], [ -84.106853420385505, 9.943724675052415 ], [ -84.106846716760217, 9.943723691628133 ], [ -84.106839828960332, 9.943722869207924 ], [ -84.106831618948831, 9.943722690991235 ], [ -84.106823509001984, 9.943721721578225 ], [ -84.106806625764719, 9.943721639260511 ], [ -84.106796305141387, 9.943720812509792 ], [ -84.106787892661586, 9.943720630739891 ], [ -84.106769589775155, 9.943718839054467 ], [ -84.106761379793113, 9.943718751254803 ], [ -84.106752292193335, 9.943717862624633 ], [ -84.106741725595725, 9.943717865994939 ], [ -84.106731984567816, 9.943715664692185 ], [ -84.106723011822751, 9.943714593378695 ], [ -84.106712471598343, 9.943711553244093 ], [ -84.106687527089392, 9.943705917257621 ], [ -84.106673361373751, 9.943702153119014 ], [ -84.106659405043871, 9.943700036342943 ], [ -84.10665210302804, 9.943698713130926 ], [ -84.106644561937912, 9.94369699938586 ], [ -84.106631057003781, 9.943691909495813 ], [ -84.106630681266225, 9.943691947591409 ], [ -84.106619607018601, 9.943690189762073 ], [ -84.106611887163794, 9.943688444426654 ], [ -84.106601559186331, 9.943687434122157 ], [ -84.106591704729709, 9.943684181281204 ], [ -84.106583419385359, 9.943682309538957 ], [ -84.106574934949862, 9.943679597869581 ], [ -84.106566344970702, 9.943677657505654 ], [ -84.106553926533593, 9.943673450657828 ], [ -84.10654408543445, 9.943669198683862 ], [ -84.106505304219525, 9.943650615504607 ], [ -84.106496234031795, 9.943647160777378 ], [ -84.106486809783163, 9.943643089506585 ], [ -84.106478343161854, 9.943639055906738 ], [ -84.106469371663039, 9.943636190677712 ], [ -84.106460605697833, 9.943631527858045 ], [ -84.10645291477303, 9.943628989537164 ], [ -84.106445681466994, 9.943625794630313 ], [ -84.106434518858521, 9.943621531318957 ], [ -84.106432211177776, 9.943620650469885 ], [ -84.106424350764215, 9.943618561583495 ], [ -84.106414661117114, 9.943614477736418 ], [ -84.106406992867335, 9.943611549702373 ], [ -84.106396521482225, 9.943607025763917 ], [ -84.106387644020927, 9.943601645052757 ], [ -84.106379554774193, 9.943596988345138 ], [ -84.106372418223231, 9.943591220992072 ], [ -84.106364619886889, 9.943586494569161 ], [ -84.106350089496544, 9.943574645286672 ], [ -84.106339207014557, 9.943562336421346 ], [ -84.106316971673664, 9.943541220757805 ], [ -84.106313831811434, 9.943539022770844 ], [ -84.106310029155992, 9.943537570045018 ], [ -84.106304982549972, 9.943536229833549 ], [ -84.106301678167071, 9.943535745334339 ], [ -84.106256105370676, 9.943540234630877 ], [ -84.10622920622842, 9.943539603005053 ], [ -84.106218478211915, 9.943536788057081 ], [ -84.106210731686616, 9.94353433745443 ], [ -84.106195037643644, 9.943528353095532 ], [ -84.106188613042036, 9.943527188731935 ], [ -84.106173049460097, 9.943521335437811 ], [ -84.106171817312571, 9.943521283385813 ], [ -84.106165402386324, 9.943521838783631 ], [ -84.106153618967099, 9.943521218631815 ], [ -84.106146294822906, 9.94352195967611 ], [ -84.106138741891343, 9.94352027124058 ], [ -84.106132574722693, 9.943519865407715 ], [ -84.106114241544148, 9.943514595285974 ], [ -84.106108339907863, 9.943511784229285 ], [ -84.106097880452893, 9.943507467336577 ], [ -84.106080705816467, 9.943505904015124 ], [ -84.106049614514646, 9.943500746435923 ], [ -84.106036738299636, 9.943499492790695 ], [ -84.106027724436814, 9.94349815744869 ], [ -84.106016344696656, 9.9434992994259 ], [ -84.106012571519358, 9.943498752683366 ], [ -84.105958518158289, 9.943504021322772 ], [ -84.105954424474945, 9.943505097697917 ], [ -84.105952012831452, 9.943507063261206 ], [ -84.105947857614225, 9.943509639703084 ], [ -84.105945480753576, 9.943511997672754 ], [ -84.105941956284624, 9.943516271979343 ], [ -84.105939248890792, 9.943520269345827 ], [ -84.105937360316105, 9.943523741120075 ], [ -84.105935398376658, 9.943528791629209 ], [ -84.105934046558957, 9.943533794023246 ], [ -84.105933256637229, 9.943539092812998 ], [ -84.105933000461718, 9.94354223675459 ], [ -84.10593259999915, 9.943564619142762 ], [ -84.105933586259269, 9.943574273746457 ], [ -84.10593358918527, 9.943583359927359 ], [ -84.105935656186531, 9.943604356318957 ], [ -84.105937292182332, 9.943612363287036 ], [ -84.105938124734621, 9.943620497095704 ], [ -84.105940065946612, 9.943630377443963 ], [ -84.105941079093526, 9.943641391937318 ], [ -84.105941194254868, 9.943653488123358 ], [ -84.105939046081801, 9.943674965068588 ], [ -84.105935601535947, 9.943686703418894 ], [ -84.105929195305109, 9.943705776572665 ], [ -84.105924299789649, 9.943714825423804 ], [ -84.105920687565714, 9.943724146029215 ], [ -84.105915718279348, 9.943733514081826 ], [ -84.105911734536448, 9.943741813976848 ], [ -84.105908096796725, 9.943751200595894 ], [ -84.105898459654426, 9.943771388730635 ], [ -84.105893977033475, 9.94377967250791 ], [ -84.105890239598892, 9.943788175766962 ], [ -84.105885358664338, 9.943797196583093 ], [ -84.105882028342506, 9.943803968193864 ], [ -84.105877857105611, 9.943813457154549 ], [ -84.105871896552841, 9.943823123902007 ], [ -84.105859447693064, 9.943840566002969 ], [ -84.105853606021228, 9.943845558966537 ], [ -84.105848922246039, 9.943852261382611 ], [ -84.105840342588493, 9.943859725452562 ], [ -84.105832146502422, 9.943865988639784 ], [ -84.105821195394597, 9.943872797018932 ], [ -84.105808336051211, 9.943875837346894 ], [ -84.105810410410697, 9.943897045316556 ], [ -84.105809606244591, 9.943911940253942 ], [ -84.105807785391988, 9.943921818175484 ], [ -84.105804608769745, 9.943930094305136 ], [ -84.105800985155909, 9.943938046876886 ], [ -84.105796528949611, 9.943946240225708 ], [ -84.105790444587868, 9.94395378578661 ], [ -84.105785266906125, 9.943958922304917 ], [ -84.105781902858325, 9.943962927111132 ], [ -84.105777932585909, 9.943967757632272 ], [ -84.105774708375122, 9.943972691899118 ], [ -84.105768127085412, 9.943980614662918 ], [ -84.105764987321081, 9.94398439606374 ], [ -84.105760727715264, 9.943988529547429 ], [ -84.105757453004216, 9.943992409547278 ], [ -84.105749163554165, 9.944000472095393 ], [ -84.105713929737263, 9.944054597953251 ], [ -84.105705323648323, 9.944067817182418 ], [ -84.105662515871899, 9.944043515286673 ], [ -84.105185569381106, 9.943755865310788 ], [ -84.104619275900703, 9.943429149123535 ], [ -84.104181645674288, 9.943237583372822 ], [ -84.104066562871637, 9.943204524096492 ], [ -84.103976225530403, 9.943179460963556 ], [ -84.103965557889907, 9.943177129664683 ], [ -84.103965242320882, 9.943177089978448 ], [ -84.103834855200631, 9.943147326618909 ], [ -84.10364625173321, 9.943115123659229 ], [ -84.103431463949278, 9.943087236236165 ], [ -84.103212202747812, 9.943067972388896 ], [ -84.102995718875334, 9.943052344186276 ], [ -84.102803190298474, 9.943043683390798 ], [ -84.102226973019143, 9.943013047875107 ], [ -84.10216567564288, 9.943009788910926 ], [ -84.102014878763157, 9.943000436779524 ], [ -84.10177748215456, 9.942989465303457 ] ] ] } }
]
}
