{"type":"FeatureCollection","features":[{"type":"Feature","properties":{"Conurbanos":"Alajuela"},"geometry":{"type":"Polygon","coordinates":[[[-84.16141885167313,10.158219761183059],[-84.16133830718431,10.122027143656275],[-84.16131145902136,10.083114615709228],[-84.16618887528945,10.071765465681818],[-84.16795190465608,10.061088198287985],[-84.16802349975725,10.060642974856096],[-84.17080675931574,10.04435589222047],[-84.1734557780595,10.027340262150844],[-84.17350947438538,10.016703469614455],[-84.17353632254833,10.01392689439377],[-84.1738674498913,10.005856207819356],[-84.1738853486666,10.005516219016823],[-84.17371531030129,10.005346224615556],[-84.17403748825662,10.005168135242801],[-84.17446705886371,10.00503052072749],[-84.17484293314492,10.005151945299822],[-84.17507561722377,10.005176230214289],[-84.17556783354439,10.005200515128756],[-84.17602425231443,10.005216705071733],[-84.17624798700564,10.005370509530023],[-84.17648962047213,10.005362414558533],[-84.17673125393861,10.005257179929178],[-84.17671335516332,10.004682436953468],[-84.17669545638803,10.004212928607112],[-84.17674020332626,10.003897224719047],[-84.17682969720275,10.003646280602892],[-84.17691919107922,10.003411526429714],[-84.17722347025925,10.003087727570158],[-84.17753669882693,10.002593934309337],[-84.17789467433283,10.002213470649359],[-84.17816315596228,10.002051571219582],[-84.17852113146819,10.001541588015781],[-84.17887015758646,10.001282548928138],[-84.17914758860354,10.000934465154117],[-84.17940712084533,10.000732090866894],[-84.17958610859829,10.00047305177925],[-84.17968455186241,10.000246392577562],[-84.1799261853289,9.999809264117163],[-84.18030205961011,9.999412610514208],[-84.18048104736307,9.999218331198474],[-84.18069583266661,9.99931547085634],[-84.18092851674547,9.999096906626141],[-84.18118804898725,9.99903214685423],[-84.18161761959435,9.999283090970385],[-84.18185030367319,9.999274995998896],[-84.18233357060618,9.999283090970385],[-84.18270049549973,9.999072621711674],[-84.18327325630919,9.998789297709562],[-84.18362228242746,9.99859501839383],[-84.18378337140513,9.998344074277675],[-84.18457986690579,9.998125510047474],[-84.18519737465348,9.998012180446631],[-84.18562694526058,9.997575051986232],[-84.1859491232159,9.996878884438187],[-84.18638764321065,9.996741269922877],[-84.18690670769423,9.995899392888033],[-84.18773005135783,9.995397504655722],[-84.1882312170661,9.994903711394901],[-84.18925144725796,9.994377538248123],[-84.1901553354104,9.994345158362167],[-84.19083548887164,9.994758001908101],[-84.19172147824878,9.994223733789834],[-84.19567710758912,9.993300907040103],[-84.19633041288742,9.993058057895436],[-84.19692107247218,9.992774733893325],[-84.1974669851187,9.992442840062282],[-84.19843351898467,9.992029996516347],[-84.1988899377547,9.991447158569148],[-84.19921211571003,9.991447158569148],[-84.19946269856416,9.99129335411086],[-84.1997490789689,9.99128525913937],[-84.20005335814892,9.99108288485215],[-84.20065296712133,9.990823845764504],[-84.20102884140255,9.991066694909172],[-84.20127047486903,9.99034624244666],[-84.20153000711082,9.989949588843706],[-84.20181638751555,9.989731024613507],[-84.2020669703697,9.990054823473061],[-84.20210276792028,9.990856225650461],[-84.20310509933685,9.990880510564928],[-84.20357046749453,9.990653851363238],[-84.20459964707403,9.990524331819417],[-84.2051545091082,9.990613376505793],[-84.20553038338942,9.990508141876438],[-84.20607629603593,9.989941493872218],[-84.20634477766536,9.990079108387528],[-84.20656851235657,9.989949588843706],[-84.20703388051426,9.989366750896506],[-84.20771403397549,9.98883248277824],[-84.20781247723961,9.989212946438217],[-84.20815255397024,9.989512460383306],[-84.20832259233555,9.98984435421435],[-84.20911013844855,9.990840035707482],[-84.20996927966274,9.991568583141483],[-84.210801572714,9.992361890347393],[-84.21188444861939,9.993373761783502],[-84.21254670330534,9.994911806366389],[-84.21251985514239,9.996045102374833],[-84.2126540959571,9.99714601849732],[-84.21266304534475,9.997987895532164],[-84.21341479390718,9.99830359942023],[-84.21429183389667,9.998505973707452],[-84.21464086001492,9.998570733479363],[-84.21501673429614,9.998870247424453],[-84.21530311470087,9.999072621711674],[-84.21552684939206,9.999145476455073],[-84.21592957183623,9.998902627310407],[-84.21623385101624,9.998700253023186],[-84.2166544722357,9.997955515646208],[-84.21730777753399,9.99779361621643],[-84.21800582977052,9.997081258725409],[-84.21888286976001,9.996676510150966],[-84.21944668118182,9.996579370493098],[-84.21944668118182,9.995891297916543],[-84.2195540738336,9.995292270026367],[-84.21976885913715,9.994798476765546],[-84.22019842974424,9.994482772877479],[-84.22069959545253,9.994725622022145],[-84.2208427856549,9.994442298020035],[-84.22127235626199,9.994061834360057],[-84.22169297748144,9.993689465671569],[-84.22182721829616,9.993325191954568],[-84.2222836370662,9.993341381897547],[-84.22270425828565,9.993786605329435],[-84.2233128166457,9.993972789673679],[-84.22363499460103,9.993827080186879],[-84.22407351459577,9.993648990814124],[-84.22451203459052,9.994021359502613],[-84.22478051621995,9.99389993493028],[-84.22517428927645,9.99346280646988],[-84.22549646723178,9.992944728294592],[-84.2258544427377,9.992604739492059],[-84.22619451946831,9.993017583037991],[-84.22622136763125,9.993414236640946],[-84.22634665905832,9.99375422544348],[-84.22693731864308,9.993495186355835],[-84.22718790149722,9.993697560643056],[-84.22763537087961,9.993908029901768],[-84.2276711684302,9.993211862353725],[-84.2280649414867,9.992977108180547],[-84.22922836188093,9.992758543950348],[-84.22965793248802,9.992094756288258],[-84.23024859207278,9.991212404395972],[-84.23119722716346,9.990702421192172],[-84.2310003406352,9.990313862560706],[-84.23048127615164,9.990103393301995],[-84.23047232676399,9.989593410098195],[-84.23104508757345,9.989148186666307],[-84.23177893736057,9.98926961123864],[-84.23255753408594,9.989107711808863],[-84.23304975040656,9.989099616837374],[-84.23336297897424,9.98883248277824],[-84.23372095448016,9.988670583348462],[-84.23407892998607,9.989164376609285],[-84.23406998059842,9.988597728605063],[-84.23408787937372,9.987772041513198],[-84.23469643773377,9.987197298537486],[-84.2358061618021,9.986654935447731],[-84.23656685975217,9.986363516474132],[-84.23765868504522,9.98637970641711],[-84.23827619279291,9.98637970641711],[-84.23901004258003,9.985910198070755],[-84.23902794135533,9.986290661730733],[-84.23923377727124,9.986703505276665],[-84.23968124665363,9.986460656131998],[-84.23987813318188,9.986104477386487],[-84.2397707405301,9.985554019325244],[-84.23986023440659,9.985100700921867],[-84.2402003111372,9.98501165623549],[-84.24034350133957,9.985286885266111],[-84.2408536164355,9.985278790294622],[-84.24136373153142,9.984898326634644],[-84.24181120091382,9.984509768003178],[-84.241882796015,9.983886455198535],[-84.2421065307062,9.983433136795158],[-84.24258084825154,9.983060768106668],[-84.2425003037627,9.982299840786714],[-84.24326995110042,9.982081276556514],[-84.24403064905049,9.98261554467478],[-84.2442364849664,9.982866488790936],[-84.24433492823051,9.983651701025357],[-84.24515827189411,9.983222667536447],[-84.24614270453537,9.982745064218603],[-84.24693025064839,9.982785539076048],[-84.24724347921607,9.983068863078158],[-84.24768199921081,9.982915058619868],[-84.24810262043026,9.98297981839178],[-84.24856798858795,9.982801729019025],[-84.24884541960503,9.982680304446692],[-84.24907810368387,9.982502215073936],[-84.24948977551567,9.982445550273514],[-84.25004463754985,9.982364600558626],[-84.25029522040398,9.982445550273514],[-84.25059949958401,9.982591259760314],[-84.25092167753934,9.982736969247114],[-84.25130650120819,9.98268839941818],[-84.2514586407982,9.982469835187981],[-84.25150338773645,9.982210796100336],[-84.25161078038822,9.981806047525893],[-84.25189716079295,9.981652243067604],[-84.25237147833829,9.981393203979959],[-84.25272050445655,9.981077500091892],[-84.25307847996247,9.980745606260848],[-84.25345435424367,9.980421807401294],[-84.25370493709782,9.980057533684294],[-84.25430454607022,9.979749924767717],[-84.25481466116615,9.979709449910272],[-84.25553061217798,9.979563740423472],[-84.2558885876839,9.979482790708584],[-84.25580804319506,9.979053757219674],[-84.25554851095328,9.978592343844808],[-84.25529792809914,9.978284734928229],[-84.25517263667207,9.977952841097185],[-84.25519053544735,9.977661422123585],[-84.25560220727917,9.977361908178498],[-84.25589753707155,9.977353813207008],[-84.25623761380216,9.97727286349212],[-84.25592438523448,9.977005729432987],[-84.25579909380741,9.97654431605812],[-84.25630920890335,9.976374321656854],[-84.25687302032516,9.976536221086631],[-84.25730259093226,9.97654431605812],[-84.25778585786524,9.976487651257699],[-84.25803644071938,9.976455271371742],[-84.25836756806235,9.976252897084521],[-84.2585644545906,9.97604242782581],[-84.25851075826472,9.975718628966254],[-84.25838546683764,9.975491969764565],[-84.25825122602292,9.975281500505854],[-84.25820647908469,9.975038651361189],[-84.25860920152884,9.974682472615678],[-84.25885978438298,9.9745934279293],[-84.2592177598889,9.974480098328456],[-84.25936095009126,9.974196774326344],[-84.25928040560242,9.973962020153168],[-84.25924460805184,9.973452036949368],[-84.25948624151833,9.97329013751959],[-84.25993371090073,9.973346802320012],[-84.26028273701898,9.973476321863835],[-84.26052437048548,9.973711076037013],[-84.2606228137496,9.974083444725501],[-84.26060491497431,9.974350578784634],[-84.26082864966551,9.974650092729723],[-84.26112397945789,9.974585332957812],[-84.26158039822793,9.974326293870167],[-84.26212631087445,9.974042969868057],[-84.26272591984686,9.9735734615217],[-84.26282436311098,9.973832500609346],[-84.26290490759982,9.974196774326344],[-84.26306599657747,9.974528668157388],[-84.26340607330809,9.974358673756123],[-84.26352241534751,9.974123919582945],[-84.2635582128981,9.973816310666368],[-84.26360295983635,9.973468226892345],[-84.263611909224,9.973168712947258],[-84.26372825126342,9.97286110403068],[-84.26406832799404,9.972812534201747],[-84.26436365778642,9.972812534201747],[-84.26496326675881,9.972812534201747],[-84.26522279900061,9.972812534201747],[-84.2654644324671,9.972618254886013],[-84.26568816715829,9.972391595684325],[-84.2658940030742,9.972027321967325],[-84.2660819402148,9.971654953278836],[-84.26625197858012,9.971234014761414],[-84.26653835898485,9.970950690759304],[-84.26669049857486,9.970732126529104],[-84.26687843571545,9.970497372355927],[-84.26712006918196,9.970319282983171],[-84.26744224713727,9.970222143325305],[-84.26766598182847,9.970076433838505],[-84.26797921039615,9.969865964579794],[-84.26819399569969,9.969744540007461],[-84.26845352794147,9.969615020463639],[-84.26870411079562,9.969453121033862],[-84.26893679487446,9.969364076347484],[-84.26915158017802,9.969121227202818],[-84.26960799894806,9.968692193713906],[-84.27031500057224,9.96823887531053],[-84.27056558342638,9.968166020567129],[-84.27078931811756,9.968020311080329],[-84.27112939484819,9.968101260795219],[-84.27137997770232,9.967898886507996],[-84.27162161116883,9.967542707762485],[-84.27199748545003,9.96715414913102],[-84.27235546095595,9.967040819530174],[-84.27261499319773,9.966951774843798],[-84.27306246258013,9.966830350271463],[-84.27328619727132,9.966555121240843],[-84.27333989359721,9.966312272096175],[-84.27333989359721,9.9659318084362],[-84.27335779237251,9.96563229449111],[-84.27349203318722,9.965429920203889],[-84.27363522338959,9.965017076657954],[-84.27372471726606,9.964652802940956],[-84.27386790746843,9.964377573910333],[-84.27409164215963,9.964126629794178],[-84.27455701031732,9.964126629794178],[-84.27479864378381,9.964175199623112],[-84.27512082173914,9.964175199623112],[-84.27549669602034,9.964345194024379],[-84.2767227621281,9.964345194024379],[-84.27700019314518,9.964199484537579],[-84.27739396620169,9.963891875621],[-84.2775282070164,9.963681406362289],[-84.27798462578644,9.963357607502735],[-84.27828890496647,9.963001428757224],[-84.27848579149473,9.962693819840647],[-84.27866477924768,9.962264786351735],[-84.27875427312416,9.961779088062404],[-84.27879007067476,9.961333864630515],[-84.27882586822534,9.96100197079947],[-84.278986957203,9.960564842339071],[-84.27913014740537,9.96013580885016],[-84.27909434985479,9.95984438987656],[-84.27909434985479,9.958994417870228],[-84.2793986290348,9.958694903925139],[-84.27968500943953,9.958719188839606],[-84.28027566902429,9.958492529637917],[-84.28052625187844,9.958306345293673],[-84.28092002493494,9.958201110664318],[-84.28115270901378,9.958095876034962],[-84.28142119064323,9.958095876034962],[-84.28201185022799,9.95811206597794],[-84.282316129408,9.957901596719228],[-84.28253091471156,9.957723507346474],[-84.28272780123982,9.957488753173296],[-84.28304997919513,9.957156859342252],[-84.28330056204928,9.95688972528312],[-84.28373908204402,9.95688972528312],[-84.28400756367346,9.95695448505503],[-84.2844639824435,9.956938295112053],[-84.28483090733705,9.956857345397164],[-84.28531417427004,9.956582116366542],[-84.28555580773653,9.956420216936763],[-84.28587798569185,9.956120702991676],[-84.28648654405191,9.955974993504876],[-84.28688926649606,9.955902138761475],[-84.28724724200198,9.955813094075099],[-84.28760521750789,9.955707859445743],[-84.2881690289297,9.95551358013001],[-84.2883927636209,9.955343585728743],[-84.288822334228,9.955327395785766],[-84.2892161072845,9.955335490757253],[-84.28965462727925,9.955270730985344],[-84.28996785584692,9.955278825956832],[-84.290245286864,9.955254541042365],[-84.29064800930816,9.955254541042365],[-84.29116707379174,9.955238351099387],[-84.29156979623589,9.95522216115641],[-84.29190987296651,9.95514930641301],[-84.2921873039836,9.955060261726633],[-84.29246473500068,9.954963122068765],[-84.29290325499542,9.954882172353877],[-84.29350286396783,9.954849792467922],[-84.29404877661435,9.954817412581965],[-84.29457679048556,9.954671703095165],[-84.29484527211501,9.954355999207099],[-84.29521219700857,9.953910775775212],[-84.29531958966034,9.953676021602034],[-84.29588340108215,9.95306080376888],[-84.29608028761041,9.95290699931059],[-84.29633087046454,9.952793669709745],[-84.29663514964457,9.952607485365501],[-84.29682308678518,9.952388921135302],[-84.29701997331344,9.952170356905102],[-84.29722580922933,9.951887032902992],[-84.29743164514524,9.951377049699191],[-84.29743164514524,9.950850876552414],[-84.29727055616758,9.950583742493281],[-84.29707366963932,9.950316608434148],[-84.29678728923459,9.95001709448906],[-84.29675149168399,9.949741865458439],[-84.2969931251505,9.94936949676995],[-84.29714526474051,9.949078077796349],[-84.2973332018811,9.948794753794239],[-84.29760168351055,9.948381910248306],[-84.29766432922408,9.947977161673862],[-84.2975748353476,9.947540033213462],[-84.29737794881935,9.947078619838596],[-84.29734215126875,9.946738631036064],[-84.29742269575759,9.946341977433109],[-84.29753008840936,9.946001988630575],[-84.29752113902171,9.945516290341242],[-84.29745849330818,9.945273441196576],[-84.29767327861173,9.944779647935755],[-84.2979686084041,9.944318234560889],[-84.29824603942119,9.94401062564431],[-84.29831763452238,9.9437273016422],[-84.29823709003354,9.943395407811156],[-84.29803125411765,9.943201128495422],[-84.29744059453289,9.942691145291624],[-84.2971631635158,9.942472581061423],[-84.29693047943695,9.942270206774202],[-84.2965277569928,9.942027357629534],[-84.29622347781277,9.94184117328529],[-84.29598184434629,9.941768318541891],[-84.29576705904273,9.941598324140624],[-84.29557912190212,9.94134738002447],[-84.29584760353157,9.941072150993847],[-84.29625927536337,9.940724067219826],[-84.29665304841987,9.94032741361687],[-84.29679623862224,9.940125039329649],[-84.29708261902697,9.93953410641096],[-84.29724370800463,9.939307447209272],[-84.29750324024641,9.93925078240885],[-84.29795070962881,9.939064598064604],[-84.29835343207296,9.93873270423356],[-84.29865771125299,9.93845747520294],[-84.29889934471949,9.938344145602095],[-84.29910518063538,9.938133676343384],[-84.29937366226481,9.937971776913606],[-84.2998927267484,9.93750226856725],[-84.30041179123197,9.937097519992808],[-84.30066237408612,9.936895145705584],[-84.30085926061436,9.936684676446875],[-84.30116353979439,9.93643373233072],[-84.30152151530031,9.936028983756275],[-84.30178999692974,9.935867084326498],[-84.30210322549742,9.93591565415543],[-84.30245225161568,9.93599660387032],[-84.30273863202041,9.93606136364223],[-84.30306080997573,9.93613421838563],[-84.30332929160517,9.936190883186052],[-84.30364252017284,9.936247547986476],[-84.30400944506641,9.936296117815408],[-84.30432267363409,9.936368972558808],[-84.30459115526352,9.936401352444763],[-84.3049043838312,9.936263737929453],[-84.30499387770767,9.935972318955853],[-84.30498492832002,9.935721374839698],[-84.30497597893238,9.935470430723543],[-84.30502967525827,9.935179011749943],[-84.30517286546063,9.934758073232521],[-84.3052802581124,9.934312849800632],[-84.30549504341595,9.934013335855544],[-84.30582617075892,9.933810961568321],[-84.30605885483777,9.9336814420245],[-84.30630048830426,9.933365738136434],[-84.30657791932134,9.933106699048789],[-84.30664951442253,9.932799090132212],[-84.30662266625959,9.93253195607308],[-84.30649737483252,9.932183872299056],[-84.3063273364672,9.931957213097368],[-84.30592461402306,9.931738648867169],[-84.30548609402831,9.931544369551435],[-84.3052981568877,9.93136628017868],[-84.3052981568877,9.930945341661259],[-84.30552189157889,9.93035440874257],[-84.30561138545538,9.930022514911526],[-84.30587986708481,9.929536816622193],[-84.30597831034893,9.929229207705616],[-84.3061215005513,9.92890540884606],[-84.30623784259072,9.928589704957995],[-84.30641683034368,9.928233526212484],[-84.30658686870899,9.92803115192526],[-84.30688219850137,9.927764017866128],[-84.3071685789061,9.92753735866444],[-84.30736546543436,9.927132610089995],[-84.30750865563672,9.92680881123044],[-84.30770554216497,9.926614531914707],[-84.30792927685617,9.926363587798551],[-84.30809931522148,9.926104548710908],[-84.30826935358678,9.925885984480708],[-84.30844834133974,9.92558647053562],[-84.30846624011504,9.925327431447975],[-84.3086810254186,9.924817448244175],[-84.30894055766038,9.924590789042487],[-84.309280634391,9.9242912750974],[-84.30962966050926,9.924032236009754],[-84.30996973723988,9.923587012577865],[-84.31030086458286,9.923595107549355],[-84.31052459927405,9.923497967891489],[-84.3107393845776,9.923319878518733],[-84.31083782784172,9.923077029374067],[-84.31087362539232,9.922745135543023],[-84.31087362539232,9.922494191426868],[-84.31085572661702,9.922065157937956],[-84.31083782784172,9.921741359078402],[-84.31074833396524,9.921425655190335],[-84.3107393845776,9.921053286501847],[-84.31078413151583,9.920672822841869],[-84.31081097967878,9.920373308896782],[-84.31097206865644,9.919863325692981],[-84.31125844906117,9.919555716776404],[-84.31150008252766,9.919393817346625],[-84.31179541232004,9.919110493344515],[-84.31515143268798,9.91762101859056],[-84.31540201554213,9.917888152649695],[-84.31561680084567,9.918050052079472],[-84.31600162451453,9.918317186138605],[-84.3162969543069,9.918551940311783],[-84.31673547430165,9.918754314599004],[-84.31716504490875,9.918908119057294],[-84.31753196980232,9.91907811345856],[-84.31795259102176,9.919272392774293],[-84.31815842693767,9.919628571519803],[-84.31838216162886,9.919847135750004],[-84.31862379509535,9.920073794951692],[-84.31894597305067,9.92024378935296],[-84.31921445468011,9.920373308896782],[-84.31950083508484,9.920405688782736],[-84.31996620324253,9.920276169238914],[-84.32022573548431,9.920073794951692],[-84.32028838119786,9.919588096662359],[-84.32026153303491,9.919231917916848],[-84.32032417874845,9.918738124656027],[-84.3203331281361,9.918171476651805],[-84.32055686282729,9.917718158248428],[-84.32064635670378,9.917386264417384],[-84.32056581221494,9.916941040985495],[-84.32064635670378,9.916625337097429],[-84.32070005302965,9.916390582924251],[-84.32083429384437,9.91605059412172],[-84.32130861138971,9.915694415376208],[-84.32181872648565,9.915637750575787],[-84.32219460076685,9.915653940518764],[-84.32251677872217,9.91574298520514],[-84.32287475422808,9.915848219834496],[-84.32317008402046,9.915993929321296],[-84.32368914850404,9.916099163950651],[-84.32393078197053,9.916034404178742],[-84.32422611176291,9.915848219834496],[-84.32453934033059,9.915702510347696],[-84.32487046767356,9.915783460062586],[-84.3253268864436,9.915929169549386],[-84.32600703990484,9.916123448865118],[-84.32623972398368,9.916220588522986],[-84.32644555989958,9.916390582924251],[-84.32687513050668,9.916576767268495],[-84.32715256152376,9.916520102468073],[-84.32725100478788,9.916204398580007],[-84.32734049866437,9.915783460062586],[-84.32744789131614,9.915516326003452],[-84.32768952478263,9.915184432172408],[-84.32782376559734,9.914852538341364],[-84.32801170273795,9.914553024396277],[-84.32826228559209,9.914293985308632],[-84.32861131171036,9.914213035593743],[-84.32885294517685,9.914293985308632],[-84.32922881945807,9.914423504852454],[-84.32958679496397,9.914601594225209],[-84.3299447704699,9.91473920874052],[-84.3303027459758,9.914876823255831],[-84.33083970923468,9.915071102571565],[-84.33132297616766,9.91532204668772],[-84.33160040718475,9.915483946117497],[-84.33188678758948,9.91574298520514],[-84.33214631983127,9.915945359492364],[-84.332432700236,9.916269158351918],[-84.3327906757419,9.91668200189785],[-84.3330502079837,9.91697342087145],[-84.33341713287726,9.91719198510165],[-84.33369456389434,9.91748340407525],[-84.3339272479732,9.917604828647583],[-84.33417783082733,9.917734348191406],[-84.33460740143443,9.917726253219916],[-84.33492957938975,9.917653398476517],[-84.33550234019921,9.917540068875672],[-84.33583346754217,9.917353884531428],[-84.33609299978397,9.917183890130161],[-84.3365852161046,9.916730571726784],[-84.33700583732404,9.916447247724674],[-84.33726536956584,9.916228683494474],[-84.33752490180763,9.916034404178742],[-84.33784707976295,9.915629655604297],[-84.33811556139239,9.91532204668772],[-84.33831244792063,9.915143957314964],[-84.33852723322418,9.915006342799654],[-84.33880466424127,9.915006342799654],[-84.33906419648305,9.915046817657098],[-84.33943112137662,9.915241096972832],[-84.33978014749488,9.915362521545164],[-84.34009337606255,9.915524420974942],[-84.34050504789435,9.915686320404719],[-84.34083617523733,9.915791555034074],[-84.3412031001309,9.91588869469194],[-84.34155212624916,9.915912979606407],[-84.34189220297978,9.915840124863008],[-84.34225017848568,9.915775365091097],[-84.34253655889043,9.915702510347696],[-84.34283188868281,9.915621560632808],[-84.3430914209246,9.915564895832386],[-84.34362838418346,9.91559727571834],[-84.3438610682623,9.915694415376208],[-84.34418324621763,9.915807744977052],[-84.34442487968413,9.915937264520874],[-84.34477390580238,9.916163923722563],[-84.3449439441677,9.916520102468073],[-84.3449439441677,9.917248649902072],[-84.34518557763418,9.917459119160783],[-84.34551670497716,9.917297219731006],[-84.34584783232013,9.916949135956985],[-84.34608946578662,9.916730571726784],[-84.34629530170253,9.916609147154452],[-84.34665327720843,9.916649622011896],[-84.3470023033267,9.916512007496586],[-84.34744082332145,9.916487722582119],[-84.34777195066442,9.91653629241105],[-84.34801358413091,9.91640677286723],[-84.34828206576034,9.916325823152341],[-84.34875638330568,9.916447247724674],[-84.34899801677217,9.916633432068918],[-84.3493201947275,9.916754856641251],[-84.34951708125575,9.916949135956985],[-84.34978556288519,9.917353884531428],[-84.34994665186285,9.91778291802034],[-84.35018828532934,9.918220046480739],[-84.3503672730823,9.918543845340293],[-84.35057310899819,9.91901335368665],[-84.3507431473635,9.91936143746067],[-84.35109217348177,9.919669046377248],[-84.35145014898768,9.919871420664471],[-84.35176337755536,9.91993618043638],[-84.35217504938716,9.919887610607448],[-84.35259567060662,9.919766186035115],[-84.35307893753959,9.919580001690871],[-84.35339216610727,9.919499051975981],[-84.35374119222554,9.919377627403648],[-84.35400072446733,9.919320962603226],[-84.35438554813618,9.91936143746067],[-84.35430500364735,9.919766186035115],[-84.35416181344499,9.920041415065736],[-84.35391123059085,9.920373308896782],[-84.35380383793907,9.920656632898892],[-84.35375909100084,9.92089138707207],[-84.35375909100084,9.921231375874601],[-84.35384858487731,9.921749454049891],[-84.35427815548441,9.922129917709867],[-84.35459138405209,9.922486096455378],[-84.35478827058034,9.922672280799622],[-84.3551909930245,9.922704660685579],[-84.35545052526628,9.922704660685579],[-84.35571005750806,9.922696565714089],[-84.3559785391375,9.922680375771112],[-84.35634546403107,9.922558951198779],[-84.35685557912699,9.922356576911556],[-84.35715090891937,9.922218962396245],[-84.35739254238587,9.922162297595824],[-84.35780421421767,9.922235152339223],[-84.3580368982965,9.922348481940068],[-84.35835012686418,9.922672280799622],[-84.3584485701283,9.922939414858757],[-84.35858281094303,9.92319035897491],[-84.35886919134776,9.923570822634888],[-84.35904817910071,9.9239998561238],[-84.35929876195486,9.924364129840798],[-84.35950459787075,9.924736498529287],[-84.35985362398903,9.924857923101621],[-84.36013105500611,9.924866018073109],[-84.36038163786024,9.924874113044599],[-84.36073066397852,9.925060297388843],[-84.36082910724264,9.925303146533508],[-84.36098124683265,9.925699800136464],[-84.36126762723738,9.926047883910485],[-84.36167929906918,9.926363587798551],[-84.36214466722687,9.926387872713018],[-84.36261003538456,9.926404062655996],[-84.36297696027812,9.926420252598975],[-84.36339758149757,9.92659024700024],[-84.36371975945289,9.926865476030862],[-84.36400613985762,9.927181179918929],[-84.36414933005999,9.92738355420615],[-84.3645252043412,9.92775592289464],[-84.36482948352123,9.928104006668661],[-84.36508006637537,9.928354950784817],[-84.3653306492295,9.928605894900972],[-84.36566177657248,9.928889218903082],[-84.36593920758956,9.929010643475415],[-84.36618084105605,9.929172542905194],[-84.36650301901138,9.929245397648593],[-84.36685204512965,9.929334442334971],[-84.3672368687985,9.929577291479637],[-84.36779173083266,9.929739190909416],[-84.36784542715856,9.93006298976897],[-84.36784542715856,9.930313933885126],[-84.36773803450679,9.930880581889348],[-84.3676485406303,9.931236760634858],[-84.36755904675383,9.931552464522925],[-84.3674606034897,9.931884358353969],[-84.36718317247262,9.932353866700323],[-84.36691469084317,9.932653380645412],[-84.36665515860139,9.932799090132212],[-84.36634193003371,9.9328800398471],[-84.36591235942662,9.932985274476456],[-84.36559913085894,9.933114794020279],[-84.3651606108642,9.933058129219855],[-84.36479368597064,9.933009559390923],[-84.36437306475119,9.93281528007519],[-84.36407773495881,9.932612905787968],[-84.36377345577878,9.93253195607308],[-84.36337073333463,9.93238624658628],[-84.36301275782871,9.932418626472234],[-84.36264583293516,9.93245100635819],[-84.36226995865394,9.932629095730945],[-84.36193883131097,9.932831470018167],[-84.36165245090623,9.93296098956199],[-84.36127657662503,9.933292883393033],[-84.36087385418088,9.933640967167054],[-84.3603726884726,9.933859531397255],[-84.35993416847785,9.9341185704849],[-84.35961199052252,9.934304754829144],[-84.35932561011779,9.9344099894585],[-84.35900343216248,9.93469331346061],[-84.35874389992068,9.93483902294741],[-84.35842172196537,9.93498473243421],[-84.35814429094829,9.93512234694952],[-84.35799215135827,9.935575665352898],[-84.35792055625708,9.93591565415543],[-84.35784001176826,9.936312307758385],[-84.35775946727942,9.936619916674964],[-84.35756258075118,9.936976095420475],[-84.35733884605997,9.93721084959365],[-84.35707036443054,9.937526553481717],[-84.35674818647522,9.937761307654895],[-84.35647970484578,9.937898922170206],[-84.35617542566575,9.93802034674254],[-84.35585324771043,9.938287480801673],[-84.35561161424394,9.938692229376116],[-84.35544157587863,9.939291257266294],[-84.35530733506391,9.939809335441582],[-84.35497620772094,9.94018979910156],[-84.3547435236421,9.940278843787937],[-84.3543497505856,9.940570262761536],[-84.35396492691673,9.940788826991737],[-84.3537143440626,9.940877871678115],[-84.35343691304551,9.940991201278958],[-84.35321317835431,9.94112881579427],[-84.35306998815194,9.941541659340203],[-84.35300734243842,9.94199497774358],[-84.35297154488782,9.942343061517601],[-84.35296259550017,9.942731620149068],[-84.35296259550017,9.943120178780534],[-84.35276570897192,9.94373539661369],[-84.35260461999425,9.94415633513111],[-84.35265831632015,9.944561083705555],[-84.35291784856193,9.944714888163844],[-84.35352640692199,9.944828217764687],[-84.35380383793907,9.94473917307831],[-84.3543318518103,9.94466631833491],[-84.3547256248668,9.944714888163844],[-84.35503885343448,9.944779647935755],[-84.35537893016509,9.944941547365532],[-84.35574585505866,9.945184396510198],[-84.35603223546339,9.945500100398265],[-84.35635441341871,9.94575104451442],[-84.3566497432111,9.945929133887175],[-84.35678398402581,9.946269122689708],[-84.35672133831227,9.946520066805864],[-84.35655129994696,9.946779105893508],[-84.35613067872751,9.947086714810085],[-84.35581745015983,9.947143379610507],[-84.35555791791805,9.947175759496464],[-84.35524468935037,9.947175759496464],[-84.35487776445682,9.947191949439441],[-84.35454663711384,9.947191949439441],[-84.35418866160794,9.947305279040284],[-84.35383068610201,9.947434798584107],[-84.35351745753434,9.947434798584107],[-84.35309683631489,9.947548128184952],[-84.35281045591016,9.947669552757285],[-84.3526493669325,9.948041921445773],[-84.35245248040425,9.948535714706594],[-84.35247037917954,9.949078077796349],[-84.3526493669325,9.949539491171215],[-84.35284625346075,9.949928049802683],[-84.3530610387643,9.950122329118415],[-84.35341006488257,9.950357083291593],[-84.3536427489614,9.950543267635837],[-84.35416181344499,9.950867066495393],[-84.35435869997323,9.951045155868147],[-84.3545376877262,9.951231340212392],[-84.35479721996798,9.951506569243014],[-84.35496725833329,9.951708943530235],[-84.35530733506391,9.952146071990635],[-84.3555310697551,9.952486060793168],[-84.35576375383395,9.95276938479528],[-84.35594274158692,9.953068898740367],[-84.35610383056458,9.953376507656944],[-84.35608593178928,9.953643641716079],[-84.35604118485104,9.9539188707467],[-84.35588904526102,9.954186004805834],[-84.35541472771568,9.9542831444637],[-84.3551372966986,9.954250764577743],[-84.35487776445682,9.954226479663278],[-84.35461823221503,9.954226479663278],[-84.35426920609676,9.9542831444637],[-84.35400967385497,9.954493613722411],[-84.35377698977612,9.954687893038145],[-84.35361590079847,9.954906457268343],[-84.35337426733197,9.955286920928321],[-84.35322212774196,9.955635004702343],[-84.35312368447784,9.95615308287763],[-84.35312368447784,9.956493071680164],[-84.35317738080373,9.95695448505503],[-84.35319527957901,9.957326853743519],[-84.35348165998374,9.95782064700434],[-84.35327582406785,9.958290155350696],[-84.353043139989,9.95868680895365],[-84.35280150652251,9.95905108267065],[-84.35255987305602,9.95934250164425],[-84.35224664448835,9.959731060275717],[-84.3518618208195,9.959982004391872],[-84.35153069347652,9.960176283707604],[-84.35108322409413,9.960581032282048],[-84.3507968436894,9.960953400970537],[-84.35059995716114,9.961155775257758],[-84.35030462736876,9.961528143946248],[-84.35005404451462,9.961835752862825],[-84.34986610737401,9.962070507036003],[-84.34955287880634,9.962459065667469],[-84.34923070085102,9.962985238814246],[-84.34877428208098,9.963495222018045],[-84.34864004126626,9.963721881219733],[-84.34895326983394,9.964523283397133],[-84.34907856126101,9.9648389872852],[-84.34906066248571,9.965373255403465],[-84.34909646003631,9.965680864320044],[-84.34903381432277,9.966109897808954],[-84.34893537105864,9.966522741354886],[-84.34896221922158,9.966984154729753],[-84.34917700452513,9.96714605415953],[-84.34941863799162,9.96735652341824],[-84.3497497653346,9.967518422848018],[-84.35000034818873,9.967615562505886],[-84.35027777920581,9.967712702163752],[-84.3507431473635,9.96795555130842],[-84.35080579307704,9.968287445139463],[-84.35052836205996,9.968530294284129],[-84.35024198165523,9.968724573599863],[-84.34999139880108,9.968999802630483],[-84.34975871472224,9.969250746746638],[-84.34961552451988,9.96967978023555],[-84.34983925921107,9.96997119920915],[-84.35020618410464,9.969914534408728],[-84.35065365348703,9.970092623781483],[-84.35114586980765,9.970141193610417],[-84.3516022885777,9.970189763439349],[-84.35191551714537,9.970294998068704],[-84.35230034081424,9.970570227099326],[-84.35239878407836,9.970894025958883],[-84.3522376951007,9.971533528706503],[-84.35191551714537,9.972051606881791],[-84.3517902257183,9.972294456026459],[-84.35156649102711,9.972650634771968],[-84.35140540204945,9.972844914087702],[-84.35113692042002,9.973087763232368],[-84.35087738817822,9.973306327462568],[-84.35059995716114,9.973605841407657],[-84.35034042491935,9.97387297546679],[-84.3499377024752,9.974042969868057],[-84.34944548615456,9.974123919582945],[-84.34916805513748,9.974123919582945],[-84.34870268697979,9.974059159811034],[-84.34843420535036,9.97401868495359],[-84.34820152127152,9.974140109525923],[-84.34795988780502,9.974229154212301],[-84.34771825433853,9.974277724041233],[-84.34747662087204,9.974399148613568],[-84.34716339230437,9.974917226788856],[-84.34709179720318,9.975330070334788],[-84.34672487230962,9.975621489308388],[-84.3463489980284,9.97588862336752],[-84.34606261762367,9.976123377540699],[-84.34585678170778,9.976520031143654],[-84.34571359150542,9.976819545088743],[-84.34550775558951,9.977094774119363],[-84.34520347640948,9.977523807608275],[-84.34495289355534,9.977831416524852],[-84.34481865274063,9.978049980755053],[-84.34464861437532,9.978236165099297],[-84.34460386743707,9.978624723730762],[-84.34460386743707,9.979061852191162],[-84.3445143735606,9.979458505794117],[-84.34439803152118,9.979677070024318],[-84.3442906388694,9.980033248769828],[-84.3441206005041,9.980284192885984],[-84.34383422009937,9.980640371631493],[-84.34364628295876,9.980964170491049],[-84.3435030927564,9.981223209578694],[-84.34338675071697,9.981482248666337],[-84.34314511725047,9.981700812896538],[-84.34294823072223,9.982008421813115],[-84.3426618503175,9.982324125701181],[-84.34242916623865,9.982664114503713],[-84.34241126746335,9.982931248562847],[-84.34239336868806,9.983279332336869],[-84.342420216851,9.983675985939824],[-84.34259920460396,9.984072639542779],[-84.34294823072223,9.984436913259778],[-84.34318986418872,9.984534052917645],[-84.3434493964305,9.984736427204867],[-84.3436552323464,9.984922611549111],[-84.34382527071172,9.985108795893355],[-84.34400425846466,9.985319265152066],[-84.34414744866703,9.985715918755021],[-84.34404900540291,9.986169237158398],[-84.34359258663287,9.986339231559665],[-84.34315406663812,9.986493036017954],[-84.34287663562104,9.986493036017954],[-84.34242916623865,9.986549700818376],[-84.34208014012039,9.986549700818376],[-84.34178481032801,9.986549700818376],[-84.34148053114798,9.986565890761353],[-84.34092566911382,9.986857309734953],[-84.34091671972617,9.987326818081309],[-84.34099726421499,9.987602047111931],[-84.34119415074325,9.988031080600841],[-84.34131944217032,9.988460114089753],[-84.34131944217032,9.98897819226504],[-84.34133734094561,9.989310086096085],[-84.34143578420974,9.989722929642017],[-84.34144473359738,9.990151963130927],[-84.34144473359738,9.990524331819417],[-84.34136418910856,9.990961460279816],[-84.34132839155797,9.991260974224904],[-84.34133734094561,9.992029996516347],[-84.3415789744121,9.99237808029037],[-84.34173111400212,9.992693784178437],[-84.34178481032801,9.993001393095014],[-84.34152527808621,9.993260432182657],[-84.34136418910856,9.993495186355835],[-84.3412209989062,9.993810890243902],[-84.34110465686676,9.99411040418899],[-84.34105096054088,9.994434203048545],[-84.34088092217557,9.994814666708523],[-84.34080037768673,9.995081800767656],[-84.34062138993379,9.995332744883811],[-84.34039765524258,9.995575594028477],[-84.34011127483785,9.995729398486766],[-84.33985174259607,9.995745588429743],[-84.33959221035428,9.995850823059099],[-84.33936847566308,9.996012722488878],[-84.33940427321367,9.996320331405455],[-84.33941322260132,9.996676510150966],[-84.33944902015192,9.996935549238609],[-84.3395206152531,9.99729172798412],[-84.33965485606781,9.99764790672963],[-84.33977119810723,9.997923135760253],[-84.33991438830961,9.998182174847898],[-84.33985174259607,9.99852216365043],[-84.3395206152531,9.998603113365318],[-84.33886730995481,10.000375912121383],[-84.33805291567884,10.001023509840493],[-84.33736381282996,10.001128744469849],[-84.33691634344757,10.001598252816205],[-84.33612879733455,10.001501113158337],[-84.33543074509802,10.000999224926026],[-84.33427627409145,10.00104779475496],[-84.33337238593901,10.00119350424176],[-84.33251324472482,10.000829230524761],[-84.33218211738186,9.999914498746517],[-84.33183309126359,9.998918817253385],[-84.33084865862233,9.998643588222762],[-84.33049068311641,9.998344074277675],[-84.33024010026227,9.997809806159408],[-84.33001636557107,9.997316012898587],[-84.32971208639104,9.996935549238609],[-84.32923776884572,9.99670889003692],[-84.32894243905334,9.996660320207987],[-84.32870080558683,9.996546990607143],[-84.32845917212035,9.996441755977788],[-84.32791325947383,9.996328426376943],[-84.32752843580496,9.996126052089721],[-84.327197308462,9.996174621918655],[-84.32657085132665,9.996482230835232],[-84.32632026847251,9.996765554837342],[-84.32601598929249,9.997097448668388],[-84.32558641868539,9.997340297813054],[-84.32520159501652,9.99765600170112],[-84.32468253053295,9.997615526843676],[-84.32439615012822,9.997534577128787],[-84.32412766849879,9.997324107870076],[-84.32383233870641,9.99685459952372],[-84.3236444015658,9.996514610721187],[-84.32341171748696,9.996117957118232],[-84.32313428646988,9.995810348201655],[-84.32293739994162,9.995502739285078],[-84.32272261463807,9.9953408398553],[-84.32240043668276,9.995170845454034],[-84.32210510689038,9.995017040995744],[-84.32164868812033,9.995324649912323],[-84.32129966200206,9.99562416385741],[-84.32098643343438,9.995883202945056],[-84.32070005302965,9.996085577232277],[-84.32039577384963,9.996296046490988],[-84.31999305140548,9.996466040892255],[-84.31968877222545,9.996466040892255],[-84.31937554365777,9.996490325806722],[-84.31904441631481,9.996579370493098],[-84.31872223835948,9.996757459865854],[-84.31859694693242,9.99700030901052],[-84.3184269085671,9.997316012898587],[-84.3182210726512,9.997591241929209],[-84.31788994530824,9.99779361621643],[-84.31725453878524,9.997631716786653],[-84.31679812001519,9.997396962613475],[-84.3165564865487,9.997307917927097],[-84.31598372573924,9.997307917927097],[-84.31545571186801,9.997453627413897],[-84.31516933146328,9.99780171118792],[-84.3149276979968,9.998028370389608],[-84.31461446942912,9.99823883964832],[-84.31428334208614,9.998319789363208],[-84.31401486045671,9.998360264220652],[-84.31359423923726,9.998319789363208],[-84.31295883271426,9.998214554733853],[-84.31253821149481,9.998214554733853],[-84.31192965313475,9.99823074467683],[-84.3115269306906,9.998425023992564],[-84.31120475273528,9.998441213935541],[-84.31078413151583,9.998392644106607],[-84.31033666213344,9.99859501839383],[-84.31066778947641,10.001314928814093],[-84.3097102049981,10.002982492940802],[-84.30957596418338,10.005386699473],[-84.30777713726616,10.007240447943953],[-84.30683745156313,10.007539961889043],[-84.30588881647246,10.008778492526842],[-84.30586196830951,10.009337045559574],[-84.3052981568877,10.009660844419129],[-84.30391995118993,10.011344598488817],[-84.30209427610977,10.012736933584904],[-84.30102034959202,10.013230726845725],[-84.3009219063279,10.013934989365257],[-84.29979428348427,10.014744486514147],[-84.29915887696127,10.014550207198413],[-84.29848767288769,10.014517827312456],[-84.2980402035053,10.014242598281836],[-84.29715421412816,10.013975464222701],[-84.29644721250398,10.014048318966102],[-84.29577600843038,10.01421021839588],[-84.29528379210976,10.015618743434946],[-84.29433515701908,10.016209676353633],[-84.29253633010185,10.017229642761231],[-84.29183827786532,10.017043458416987],[-84.29097018726348,10.017504871791854],[-84.29033478074048,10.017488681848876],[-84.28854490321092,10.01826579911181],[-84.2881511301544,10.018006760024164],[-84.28649549343956,10.017893430423321],[-84.28577954242773,10.01862197785732],[-84.28468771713469,10.019131961061118],[-84.28476826162353,10.019569089521518],[-84.28280834572864,10.021795206680961],[-84.28027566902429,10.023138971948114],[-84.27881691883769,10.023503245665115],[-84.27733132048816,10.022823268060048],[-84.2771702315105,10.02324420657747],[-84.27561303805976,10.022628988744316],[-84.2746465041938,10.023422295950226],[-84.27393055318197,10.02309849709067],[-84.27294612054071,10.02339801103576],[-84.27217647320299,10.023292776406404],[-84.27173795320824,10.023794664638714],[-84.27140682586527,10.024555591958668],[-84.27029710179694,10.024377502585914],[-84.27046714016225,10.024911770704179],[-84.26945585935805,10.02512223996289],[-84.26853407243031,10.025332709221601],[-84.26796131162085,10.02605316168411],[-84.26763913366553,10.026109826484534],[-84.26707532224371,10.025429848879467],[-84.26627882674305,10.025810312539445],[-84.26623407980482,10.027105507977666],[-84.26613563654068,10.02793929004102],[-84.26516015328707,10.029744468683042],[-84.26399673289285,10.029712088797085],[-84.26276171739744,10.030416351316617],[-84.26238584311623,10.031387747895284],[-84.26192047495854,10.030651105489795],[-84.2612761190479,10.03054587086044],[-84.26014849620427,10.03163869201144],[-84.25984421702424,10.032869127677749],[-84.25837651745,10.034131943230014],[-84.25834071989941,10.035621417983968],[-84.25794694684289,10.035929026900545],[-84.25722204644342,10.036220445874145],[-84.25763371827523,10.03799324463021],[-84.25737418603343,10.038236093774875],[-84.25653294359454,10.038252283717854],[-84.2560586260492,10.039158920524608],[-84.2558706889086,10.039887467958607],[-84.25596018278507,10.040389356190918],[-84.25610337298744,10.040729344993451],[-84.25571854931859,10.04131218294065],[-84.25554851095328,10.04159550694276],[-84.25589753707155,10.042299769462295],[-84.255834891358,10.042923082266938],[-84.25505629463264,10.043012126953315],[-84.25453723014907,10.043449255413716],[-84.25384812730019,10.044040188332403],[-84.25319482200189,10.04421827770516],[-84.25253256731595,10.04407256821836],[-84.25289054282186,10.044833495538313],[-84.25367808893488,10.04530300388467],[-84.25365124077193,10.04565918263018],[-84.25349015179427,10.046258210520357],[-84.25416135586785,10.046800573610112],[-84.2533648603672,10.04752912104411],[-84.25277420078244,10.049690478431641],[-84.25227303507415,10.050516165523508],[-84.25103801957876,10.051811360961729],[-84.25033101795458,10.052499433538284],[-84.24986564979689,10.052863707255282],[-84.24911390123447,10.05339797537355],[-84.24880067266679,10.053729869204593],[-84.24824581063262,10.053616539603748],[-84.24805787349202,10.053988908292236],[-84.24786993635142,10.05433699206626],[-84.24758355594669,10.054458416638592],[-84.2471360865643,10.054668885897303],[-84.24727032737901,10.055437908188747],[-84.24744931513196,10.055713137219369],[-84.24767304982316,10.05591551150659],[-84.24793258206495,10.056174550594235],[-84.24761040410962,10.05664405894059],[-84.24731507431724,10.056911192999722],[-84.24718083350253,10.0571459471729],[-84.24714503595195,10.05744546111799],[-84.2470823902384,10.0577287851201],[-84.24707344085076,10.058214483409433],[-84.2471002890137,10.058845891185564],[-84.24710923840135,10.059226354845542],[-84.24716293472723,10.059509678847654],[-84.24718083350253,10.059841572678698],[-84.24720768166547,10.06018965645272],[-84.24721663105312,10.06069963965652],[-84.24721663105312,10.061233907774785],[-84.24724347921607,10.06147675691945],[-84.2471360865643,10.061719606064118],[-84.24686760493485,10.061897695436873],[-84.24657227514247,10.06199483509474],[-84.24629484412539,10.062108164695584],[-84.24606216004655,10.062245779210894],[-84.24592791923183,10.062440058526628],[-84.24585632413064,10.062982421616383],[-84.24569523515298,10.063395265162315],[-84.24556994372591,10.063613829392516],[-84.24539095597297,10.063783823793782],[-84.24521196822,10.06416428745376],[-84.24473765067467,10.064536656142248],[-84.24425438374168,10.064714745515003],[-84.24371742048281,10.06502235443158],[-84.2435294833422,10.065232823690291],[-84.24329679926336,10.065467577863469],[-84.24310886212275,10.065896611352379],[-84.24294777314509,10.066236600154912],[-84.24267929151566,10.066576588957446],[-84.24259874702683,10.066868007931046],[-84.24254505070094,10.067288946448468],[-84.2425003037627,10.067604650336534],[-84.24237501233563,10.067798929652266],[-84.2420528343803,10.067928449196089],[-84.24156956744733,10.067960829082043],[-84.241247389492,10.067726074908867],[-84.24096995847492,10.06798511399651],[-84.24088046459845,10.06820367822671],[-84.24079097072196,10.068624616744133],[-84.24077307194666,10.068859370917309],[-84.24075517317137,10.069296499377709],[-84.24074622378372,10.069539348522376],[-84.24058513480607,10.06972553286662],[-84.24022715930015,10.070081711612131],[-84.23997657644601,10.070114091498086],[-84.23983338624365,10.070316465785309],[-84.23955595522656,10.070324560756797],[-84.23931432176006,10.07066454955933],[-84.23921587849594,10.070891208761019],[-84.23916218217005,10.071263577449507],[-84.23863416829883,10.071344527164396],[-84.23833883850645,10.071198817677596],[-84.23808825565231,10.07131214727844],[-84.23756024178108,10.071409286936307],[-84.23721121566282,10.07167642099544],[-84.23705907607281,10.071975934940529],[-84.23688008831985,10.072348303629017],[-84.23657580913982,10.072388778486461],[-84.23618203608332,10.072404968429439],[-84.23594040261682,10.072445443286885],[-84.23591355445389,10.072777337117929],[-84.23563612343679,10.073036376205572],[-84.2353944899703,10.073141610834927],[-84.23510810956557,10.073157800777905],[-84.23470538712142,10.073173990720884],[-84.23441900671669,10.07297971140515],[-84.23419527202549,10.07283400191835],[-84.23414157569961,10.073287320321727],[-84.23435636100315,10.073732543753616],[-84.23450850059317,10.073934918040838],[-84.2347948809979,10.074169672214015],[-84.23505441323968,10.074412521358681],[-84.23525129976794,10.074590610731438],[-84.23524235038029,10.074922504562482],[-84.23511705895322,10.075124878849703],[-84.23491122303732,10.075278683307992],[-84.23473223528437,10.075416297823303],[-84.23441900671669,10.075359633022881],[-84.23417737325019,10.07529487325097],[-84.2339715373343,10.075537722395635],[-84.23396258794665,10.075812951426258],[-84.23403418304783,10.076055800570924],[-84.23413262631196,10.076403884344947],[-84.23428476590198,10.076581973717701],[-84.23441900671669,10.076913867548745],[-84.23441005732904,10.077270046294256],[-84.23435636100315,10.077488610524457],[-84.23428476590198,10.077763839555079],[-84.23410577814902,10.077998593728255],[-84.23389994223311,10.078176683101011],[-84.23338087774954,10.078273822758877],[-84.23307659856951,10.078241442872923],[-84.23265597735006,10.077780029498056],[-84.23232485000709,10.077933833956344],[-84.23229800184414,10.078330487559299],[-84.23229800184414,10.078630001504388],[-84.23238749572063,10.079067129964788],[-84.23242329327121,10.079309979109453],[-84.23242329327121,10.079536638311144],[-84.23240539449593,10.07998995671452],[-84.23227115368121,10.080265185745143],[-84.23202952021471,10.080491844946831],[-84.23193107695059,10.080823738777875],[-84.23191317817529,10.08114753763743],[-84.23194897572589,10.08151181135443],[-84.23197582388883,10.081811325299519],[-84.23201162143941,10.082377973303739],[-84.23197582388883,10.082661297305851],[-84.23192212756294,10.082920336393494],[-84.23186843123705,10.083284610110494],[-84.23176103858528,10.083503174340693],[-84.2314836075682,10.083559839141117],[-84.23096454308461,10.083665073770472],[-84.23070501084283,10.083705548627917],[-84.23056182064046,10.083916017886628],[-84.23015014880866,10.084288386575116],[-84.22992641411747,10.084531235719782],[-84.22934470392036,10.084571710577226],[-84.22902252596504,10.084393621204471],[-84.22883458882443,10.084628375377648],[-84.2287361455603,10.084838844636359],[-84.22864665168382,10.08505740886656],[-84.2285303096444,10.085275973096758],[-84.2283244737285,10.085567392070358],[-84.228082840262,10.085599771956314],[-84.22763537087961,10.085858811043959],[-84.22751007945254,10.086101660188625],[-84.2274832312896,10.086522598706047],[-84.22745638312666,10.086805922708157],[-84.22740268680077,10.087186386368135],[-84.22734899047488,10.0874292355128],[-84.22725054721076,10.087842079058733],[-84.22719685088487,10.088295397462112],[-84.22706261007015,10.088530151635288],[-84.22681202721601,10.088934900209733],[-84.226659887626,10.089145369468444],[-84.22645405171009,10.08938821861311],[-84.22638245660892,10.089792967187554],[-84.22641825415951,10.090157240904553],[-84.22607817742889,10.090740078851752],[-84.22589024028828,10.090942453138975],[-84.22568440437239,10.09112054251173],[-84.22547856845648,10.091460531314263],[-84.22541592274295,10.091687190515952],[-84.22532642886647,10.091905754746152],[-84.22512059295057,10.092375263092507],[-84.22490580764702,10.092593827322707],[-84.2245478321411,10.092747631780995],[-84.2243419962252,10.092909531210772],[-84.22420775541049,10.093095715555018],[-84.22404666643283,10.093281899899262],[-84.2237244884775,10.093872832817949],[-84.22353655133689,10.094050922190705],[-84.22322332276923,10.094407100936216],[-84.22292799297685,10.094852324368103],[-84.22275795461154,10.095095173512771],[-84.22248052359446,10.095443257286792],[-84.22225678890325,10.095661821516993],[-84.22217624441443,10.096123234891857],[-84.2222478395156,10.096422748836947],[-84.22237313094267,10.09661702815268],[-84.22270425828565,10.09683559238288],[-84.22243577665621,10.097062251584568],[-84.22204200359971,10.097377955472634],[-84.22168402809379,10.097653184503256],[-84.22130815381259,10.097855558790478],[-84.22106652034608,10.098001268277278],[-84.22074434239077,10.098146977764078],[-84.22027002484543,10.098373636965768],[-84.22014473341837,10.098648865996388],[-84.22034161994661,10.099053614570833],[-84.22035056933426,10.099531217888677],[-84.22033267055896,10.099855016748233],[-84.22025212607014,10.100267860294165],[-84.22033267055896,10.100486424524364],[-84.22046691137368,10.100713083726053],[-84.22081593749195,10.100964027842208],[-84.22035056933426,10.101012597671142],[-84.22010893586777,10.100996407728164],[-84.21980465668774,10.100923552984764],[-84.21948247873242,10.101053072528586],[-84.21914240200181,10.101134022243475],[-84.21879337588354,10.101117832300497],[-84.2185248942541,10.101271636758787],[-84.2178536901805,10.101724955162164],[-84.21762100610167,10.102073038936185],[-84.2174420183487,10.10254254728254],[-84.21714668855633,10.102842061227628],[-84.21687820692689,10.102785396427207],[-84.2166365734604,10.10283396625614],[-84.2164486363198,10.103036340543362],[-84.21652023142099,10.103343949459939],[-84.21627859795449,10.103611083519073],[-84.21610855958917,10.103813457806295],[-84.21567898898208,10.103999642150539],[-84.21529416531322,10.104258681238182],[-84.21483774654318,10.104655334841137],[-84.21444397348668,10.104801044327937],[-84.21427393512137,10.105068178387071],[-84.2139249090031,10.105400072218115],[-84.21362062982307,10.105545781704915],[-84.21348638900835,10.10586958056447],[-84.21329845186776,10.106266234167425],[-84.21318210982832,10.106492893369113],[-84.21312841350245,10.106711457599314],[-84.21288678003594,10.10710001623078],[-84.21268094412005,10.107342865375447],[-84.21242141187827,10.107440005033313],[-84.21217082902412,10.107440005033313],[-84.21178600535526,10.107529049719691],[-84.21138328291111,10.107658569263512],[-84.21101635801755,10.107788088807334],[-84.21065838251164,10.108022842980512],[-84.21036305271926,10.10803903292349],[-84.21006772292688,10.108160457495822],[-84.20979924129745,10.108289977039645],[-84.20940546824093,10.108411401611978],[-84.20891325192031,10.108710915557067],[-84.20886850498206,10.109253278646822],[-84.20878796049324,10.109706597050199],[-84.20875216294264,10.110038490881243],[-84.20860897274028,10.110499904256109],[-84.20849263070086,10.111495585749243],[-84.20858212457733,10.111770814779863],[-84.20879690988087,10.11229698792664],[-84.20879690988087,10.112774591244484],[-84.208743213555,10.113041725303617],[-84.20869846661675,10.113292669419772],[-84.20863582090323,10.113648848165283],[-84.20861792212793,10.11389169730995],[-84.20850158008851,10.114239781083972],[-84.20839418743672,10.114506915143105],[-84.20799146499257,10.11476595423075],[-84.2076782364249,10.115146417890728],[-84.20748134989665,10.115356887149437],[-84.20719496949191,10.115721160866437],[-84.20689963969953,10.116093529554925],[-84.20668485439599,10.116312093785126],[-84.2064432209295,10.116546847958302],[-84.20609419481123,10.116708747388081],[-84.2054319401253,10.116943501561257],[-84.2051545091082,10.117129685905502],[-84.20463544462463,10.117315870249747],[-84.20439381115814,10.117526339508457],[-84.20421482340518,10.117890613225457],[-84.20408058259046,10.11830345677139],[-84.20383894912396,10.118975339404967],[-84.20366891075867,10.119274853350056],[-84.20345412545511,10.119833406382789],[-84.20334673280334,10.120157205242343],[-84.20331093525274,10.120529573930831],[-84.20324828953922,10.120926227533786],[-84.20322144137627,10.121258121364832],[-84.20313194749978,10.121614300110341],[-84.20294401035919,10.122172853143075],[-84.20284556709505,10.122553316803051],[-84.20265762995446,10.122909495548562],[-84.20245179403855,10.123192819550674],[-84.20221910995971,10.12343566869534],[-84.20200432465616,10.123767562526384],[-84.2018432356785,10.124139931214872],[-84.20157475404906,10.124463730074428],[-84.20134206997022,10.124496109960383],[-84.20091249936313,10.124164216129339],[-84.20053662508191,10.124172311100828],[-84.20032183977837,10.124471825045916],[-84.20005335814892,10.124917048477805],[-84.1999191173342,10.125240847337361],[-84.19982962345773,10.125661785854781],[-84.19978487651949,10.126171769058582],[-84.19960588876654,10.126333668488359],[-84.19946269856416,10.126706037176847],[-84.19938215407534,10.12705412095087],[-84.19934635652474,10.127709813641468],[-84.19923001448532,10.128033612501024],[-84.19958798999124,10.12893215433629],[-84.19957009121595,10.129312617996266],[-84.19937320468769,10.129854981086021],[-84.19923001448532,10.130122115145156],[-84.19876464632763,10.130818282693198],[-84.19837087327113,10.131020656980422],[-84.19799499898993,10.131287791039554],[-84.19729694675338,10.132275377561196],[-84.19725219981515,10.132550606591819],[-84.19722535165221,10.133036304881152],[-84.19727904797809,10.133303438940285],[-84.19730589614103,10.133894371858974],[-84.19737749124222,10.134234360661505],[-84.19753858021988,10.134525779635107],[-84.1976549222593,10.134881958380616],[-84.19783391001226,10.135464796327817],[-84.19788760633814,10.135837165016305],[-84.19792340388874,10.136071919189481],[-84.19801289776521,10.13630667336266],[-84.19800394837756,10.13667094707966],[-84.19745803573105,10.137439969371103],[-84.19728799736573,10.13760996377237],[-84.19696581941042,10.137836622974058],[-84.19652729941568,10.13803899726128],[-84.19631251411212,10.138298036348925],[-84.1961782732974,10.138573265379545],[-84.19605298187034,10.138791829609746],[-84.19607088064564,10.139148008355257],[-84.19608877942093,10.139374667556945],[-84.19614247574681,10.139755131216923],[-84.19624091901095,10.140265114420721],[-84.19629461533683,10.140524153508366],[-84.19629461533683,10.140823667453455],[-84.19614247574681,10.141309365742787],[-84.19592769044327,10.141819348946587],[-84.19598138676915,10.142102672948697],[-84.19607983003328,10.14258837123803],[-84.19616037452211,10.142920265069074],[-84.19629461533683,10.143203589071186],[-84.19643780553919,10.143754047132429],[-84.1966078439045,10.14418308062134],[-84.19667943900569,10.144571639252806],[-84.19669733778098,10.14491162805534],[-84.19671523655627,10.145421611259138],[-84.19681367982041,10.145939689434426],[-84.19691212308453,10.146384912866315],[-84.19709111083749,10.146757281554803],[-84.19719850348926,10.14707298544287],[-84.19729694675338,10.14743725915987],[-84.19729694675338,10.147704393219003],[-84.19727904797809,10.147955337335159],[-84.19718955410161,10.148173901565357],[-84.197001616961,10.14852198533938],[-84.1970553132869,10.148870069113402],[-84.19715375655102,10.149266722716357],[-84.19753858021988,10.149663376319312],[-84.19786970756284,10.150019555064823],[-84.1978786569505,10.150570013126066],[-84.19788760633814,10.150869527071155],[-84.19794130266403,10.151152851073265],[-84.19807554347875,10.151525219761755],[-84.19815608796758,10.151759973934931],[-84.19814713857994,10.152091867765975],[-84.19817398674287,10.152334716910643],[-84.19831717694524,10.152747560456575],[-84.19841562020937,10.15315230903102],[-84.19837087327113,10.153808001721618],[-84.1982903287823,10.154058945837773],[-84.198120290417,10.154641783784973],[-84.19798604960228,10.155006057501973],[-84.19822768306877,10.155475565848327],[-84.19835297449583,10.155807459679371],[-84.19852301286114,10.15611506859595],[-84.19867515245116,10.156357917740616],[-84.19879149449058,10.156584576942304],[-84.19938215407534,10.157037895345681],[-84.19974012958126,10.157305029404815],[-84.19992806672185,10.157572163463948],[-84.20023234590188,10.157887867352015],[-84.20046502998073,10.158122621525191],[-84.2007961573237,10.158446420384747],[-84.20113623405432,10.15871355444388],[-84.20129732303198,10.158940213645568],[-84.201449462622,10.159231632619168],[-84.1723908009294,10.159239727590657],[-84.16454218796224,10.159255917533635],[-84.16411261735514,10.159231632619168],[-84.16381728756276,10.15915068290428],[-84.16370094552335,10.159085923132368],[-84.16344141328155,10.158948308617058],[-84.16309238716329,10.15886735890217],[-84.1630028932868,10.158818789073235],[-84.1628328549215,10.158754029301324],[-84.16237643615146,10.158470705299214],[-84.16195581493201,10.158292615926458],[-84.16141885167313,10.158219761183059]]]}},{"type":"Feature","properties":{"Conurbanos":"Cartago"},"geometry":{"type":"Polygon","coordinates":[[[-83.8130460387051,10.013352151418058],[-83.81264331626095,10.012882643071704],[-83.81251802483386,10.012469799525771],[-83.81215109994031,10.012170285580682],[-83.81172152933321,10.011692682262838],[-83.8115514909679,10.01124745883095],[-83.81150674402966,10.010834615285017],[-83.81144409831613,10.010405581796107],[-83.81140830076554,10.009968453335707],[-83.81100557832139,10.009256095844686],[-83.81068340036606,10.008988961785551],[-83.81046861506252,10.008632783040042],[-83.81057600771429,10.007985185320932],[-83.81067445097841,10.00762900657542],[-83.81071919791665,10.007402347373732],[-83.81071919791665,10.00711902337162],[-83.81046861506252,10.006884269198443],[-83.81030752608486,10.006609040167822],[-83.81030752608486,10.006155721764443],[-83.81037017179838,10.005742878218511],[-83.8104865138378,10.005346224615556],[-83.8104865138378,10.005022425756001],[-83.81047756445015,10.004585297295602],[-83.81042386812427,10.004123883920736],[-83.81028962730956,10.003168677285046],[-83.81028962730956,10.002253945506803],[-83.81034332363544,10.001663012588116],[-83.81026277914661,10.000319247320961],[-83.8101106395566,9.99996306857545],[-83.80956472691008,9.999072621711674],[-83.80934994160653,9.99859501839383],[-83.80935889099418,9.998036465361096],[-83.80882192773531,9.997421247527942],[-83.80845500284174,9.99657127552161],[-83.80767640611639,9.995721303515278],[-83.8067814673516,9.994855141565967],[-83.80617290899154,9.994320873447702],[-83.80479470329377,9.993559946127746],[-83.80355968779837,9.993041867952458],[-83.80263790087064,9.992774733893325],[-83.80159977190348,9.991932856858481],[-83.80110755558286,9.991309544053838],[-83.80042740212161,9.990540521762394],[-83.79958615968272,9.990038633530084],[-83.79870017030558,9.989828164271373],[-83.79810951072082,9.989690549756062],[-83.79664181114657,9.989212946438217],[-83.7957110748312,9.989374845867996],[-83.79469084463935,9.98919675649524],[-83.79348267730688,9.988848672721218],[-83.79263248548034,9.988282024716996],[-83.79187178753027,9.98767490185533],[-83.79137062182198,9.986938259449843],[-83.7904935818325,9.986217806987332],[-83.78990292224775,9.9858049634414],[-83.78868580552763,9.985173555665266],[-83.78785351247639,9.984817376919755],[-83.78699437126218,9.984024069713845],[-83.78655585126745,9.983117432907092],[-83.78598309045798,9.982558879874357],[-83.78463173292316,9.981919377126736],[-83.78389788313604,9.98132034923656],[-83.78346831252894,9.980543231973627],[-83.78283290600594,9.979134706934563],[-83.78219749948293,9.977661422123585],[-83.7823585884606,9.976770975259809],[-83.782958197433,9.97560529936541],[-83.78334302110187,9.974463908385479],[-83.78317298273656,9.973622031350635],[-83.78246598111238,9.972966338660035],[-83.78210800560646,9.971719713050748],[-83.78140100398228,9.970861646072926],[-83.78101618031342,9.969436931090884],[-83.78101618031342,9.968724573599863],[-83.78099828153813,9.967591277591419],[-83.78023758358806,9.966789875414019],[-83.77957532890211,9.966085612894487],[-83.77889517544088,9.965308495631554],[-83.77776755259725,9.964345194024379],[-83.77700685464718,9.963835210820578],[-83.77584343425296,9.963163328187001],[-83.77529752160645,9.96208669697898],[-83.77443838039225,9.960759121654803],[-83.77395511345927,9.959650110560828],[-83.7733644538745,9.958217300607295],[-83.77263060408738,9.957229714085653],[-83.77152088001905,9.955764524246165],[-83.7700710792201,9.954606943323254],[-83.76903295025295,9.954161719891367],[-83.76764579516752,9.953765066288412],[-83.76639288089683,9.954016010404567],[-83.76550689151969,9.954096960119456],[-83.76446876255254,9.953740781373945],[-83.7635827731754,9.953416982514389],[-83.76301896175359,9.953093183654834],[-83.763135303793,9.952356541249346],[-83.76347538052363,9.951660373701303],[-83.76231196012941,9.95153085415748],[-83.76238355523058,9.951231340212392],[-83.76200768094938,9.950915636324325],[-83.76154231279169,9.949911859859704],[-83.76074581729102,9.949110457682306],[-83.76052208259983,9.94821191584704],[-83.76067422218985,9.94690862543733],[-83.76134542626343,9.947256709211352],[-83.76236565645529,9.947313374011774],[-83.76346643113598,9.947580508070907],[-83.76452245887843,9.947969066702374],[-83.76548004335675,9.948632854364462],[-83.76613334865505,9.948122871160662],[-83.7668761478298,9.94733765892624],[-83.7675473519034,9.946771010922019],[-83.7685765314829,9.946374357319064],[-83.76933722943298,9.94603436851653],[-83.77033956084954,9.945411055711887],[-83.77110025879959,9.945046781994888],[-83.77169091838435,9.944617748505976],[-83.7723889706209,9.944132050216645],[-83.77329285877332,9.94342778769711],[-83.77443838039225,9.942764000035023],[-83.77553020568529,9.942577815690779],[-83.7767652211807,9.942626385519713],[-83.77759751423194,9.94279637992098],[-83.77821502197965,9.942367346432068],[-83.7777944007602,9.94184926825678],[-83.77703370281013,9.941574039226158],[-83.77614771343299,9.941298810195535],[-83.77565549711235,9.940853586763648],[-83.77537806609527,9.939930760013915],[-83.77509168569054,9.938821748919938],[-83.77490374854993,9.937040855192386],[-83.77455472243167,9.935421860894609],[-83.77396406284691,9.933640967167054],[-83.77348079591393,9.932491481215635],[-83.77243371755912,9.930912961775302],[-83.77196834940145,9.930152034455348],[-83.77161037389553,9.929318252391994],[-83.77103761308607,9.928452090442683],[-83.77036640901247,9.927772112837618],[-83.76951621718592,9.926994995574685],[-83.76942672330945,9.926420252598975],[-83.76940882453415,9.925983124138575],[-83.7689882033147,9.92565932527902],[-83.76847808821877,9.925181721961176],[-83.76791427679696,9.924582694070999],[-83.7675294531281,9.923376543319156],[-83.76753840251575,9.92262371097069],[-83.76722517394808,9.921919448451156],[-83.76712673068396,9.921215185931624],[-83.76764579516752,9.920672822841869],[-83.76750260496516,9.92001713015127],[-83.76718937639748,9.919118588316005],[-83.76659871681272,9.918373850939027],[-83.76620494375622,9.917297219731006],[-83.76609755110445,9.916309633209362],[-83.76589171518854,9.914844443369876],[-83.77551230690999,9.905332851870442],[-83.77510063507819,9.904434310035176],[-83.77509168569054,9.90346291345651],[-83.77483215344876,9.902831505680377],[-83.77437573467871,9.9030338799676],[-83.77391036652102,9.903244349226311],[-83.77352554285217,9.903560053114376],[-83.77353449223982,9.903147209568443],[-83.7737940244816,9.902475326934866],[-83.77410725304928,9.901673924757468],[-83.77411620243693,9.90122060635409],[-83.773606087341,9.901082991838779],[-83.77396406284691,9.90050015389158],[-83.77428624080224,9.899763511486093],[-83.7742056963134,9.898363081418516],[-83.77512748324114,9.898662595363604],[-83.77561075017412,9.899229243367826],[-83.77597767506768,9.900249209775424],[-83.77648779016361,9.901285366126002],[-83.77707844974836,9.902361997334022],[-83.77794654035021,9.903762427401599],[-83.7785998456485,9.905381421699374],[-83.78004964644745,9.907243265141817],[-83.77978116481802,9.905300471984486],[-83.77941423992445,9.904345265348798],[-83.77895782115442,9.9031795894544],[-83.77866249136204,9.901843919158734],[-83.77857299748555,9.900386824290736],[-83.77853719993496,9.89897829925167],[-83.77848350360908,9.897650723927494],[-83.77852825054732,9.896250293859918],[-83.77845665544613,9.895327467110185],[-83.77771385627136,9.895044143108075],[-83.77750802035547,9.894056556586431],[-83.77715004484955,9.893473718639232],[-83.7760582195565,9.892737076233743],[-83.77518117956701,9.892316137716321],[-83.77459051998227,9.891879009255922],[-83.77450997549343,9.891134271878945],[-83.7744473297799,9.890535243988769],[-83.77448312733048,9.88980669655477],[-83.77447417794284,9.889256238493525],[-83.77434888651577,9.888819110033126],[-83.77430413957754,9.888390076544216],[-83.77419674692575,9.887556294480861],[-83.7742235950887,9.886876316875794],[-83.7742235950887,9.886358238700506],[-83.77416094937516,9.88589682532564],[-83.7735881885657,9.885532551608641],[-83.77314966857095,9.885241132635041],[-83.77269324980092,9.884682579602307],[-83.77264850286268,9.884051171826176],[-83.77244266694677,9.883427859021532],[-83.77184305797437,9.883095965190488],[-83.77146718369316,9.88285311604582],[-83.77135084165374,9.882343132842022],[-83.77113605635019,9.881825054666733],[-83.76998158534361,9.88062699888638],[-83.76926563433179,9.880011781053224],[-83.76862127842114,9.879566557621336],[-83.76806641638697,9.878935149845203],[-83.76777108659459,9.87844945155587],[-83.76779793475754,9.878004228123983],[-83.7671356800716,9.877461865034228],[-83.76714462945925,9.876611893027894],[-83.76658976742507,9.875964295308783],[-83.76587381641325,9.876255714282383],[-83.76528315682849,9.87657141817045],[-83.76470144663138,9.876919501944473],[-83.76392284990602,9.876741412571716],[-83.7632068988942,9.875915725479851],[-83.76352012746186,9.875478597019452],[-83.76400339439485,9.874677194842052],[-83.76447771194019,9.87432911106803],[-83.76459405397961,9.873584373691052],[-83.76443296500194,9.872677736884299],[-83.76418238214781,9.871957284421788],[-83.76393179929367,9.871358256531611],[-83.76432557235017,9.8708563682993],[-83.76425397724898,9.869755452176813],[-83.76403919194544,9.868792150569636],[-83.76369911521482,9.868282167365837],[-83.76266098624767,9.86724601101526],[-83.76186449074702,9.866695552954017],[-83.76113064095989,9.86514941339964],[-83.76113959034754,9.863692318531642],[-83.76096955198223,9.862494262751287],[-83.76134542626343,9.862016659433444],[-83.76204347849998,9.861700955545377],[-83.7620882254382,9.861020977940312],[-83.76225826380352,9.860470519879067],[-83.76287577155122,9.860187195876957],[-83.76326059522007,9.860049581361645],[-83.76369016582717,9.859466743414446],[-83.76405709072074,9.859264369127224],[-83.76465669969315,9.859167229469358],[-83.76533685315438,9.858908190381714],[-83.76594541151444,9.858616771408114],[-83.76621389314387,9.858462966949824],[-83.76671505885216,9.858098693232826],[-83.76662556497567,9.857426810599248],[-83.76661661558802,9.857167771511604],[-83.76661661558802,9.856795402823115],[-83.76703723680747,9.855913050930829],[-83.76717147762218,9.855435447612983],[-83.76716252823454,9.854990224181096],[-83.76708198374571,9.854350721433473],[-83.76706408497041,9.853881213087119],[-83.76696564170629,9.85344408462672],[-83.76675085640274,9.852885531593987],[-83.7665360710992,9.852553637762943],[-83.76667031191391,9.851889850100854],[-83.76672400823979,9.851209872495788],[-83.76678665395333,9.85033561557499],[-83.7669298441557,9.849866107228634],[-83.76752050374046,9.849210414538035],[-83.76821855597699,9.848708526305725],[-83.76890765882587,9.848149973272992],[-83.7694356726971,9.84780188949897],[-83.77004423105716,9.847380950981549],[-83.77083177717016,9.846668593490527],[-83.76995473718067,9.846199085144171],[-83.76868392413468,9.845875286284617],[-83.76776213720694,9.845511012567616],[-83.76700143925689,9.845025314278285],[-83.76632128579564,9.844523426045974],[-83.76486253560904,9.843414414951997],[-83.76389600174308,9.84289633677671],[-83.7629473666524,9.842507778145242],[-83.76195398462349,9.842046364770376],[-83.76121118544872,9.841771135739755],[-83.76056682953808,9.841285437450422],[-83.76053103198748,9.840119761556023],[-83.76090690626869,9.839018845433534],[-83.76082636177986,9.838217443256136],[-83.76123803361166,9.836833203131537],[-83.76166760421876,9.835343728377584],[-83.76217771931469,9.834080912825318],[-83.76301001236594,9.833433315106207],[-83.76349327929893,9.832866667101985],[-83.76309950624241,9.832526678299454],[-83.7621061242135,9.83196812526672],[-83.76217771931469,9.831474332005898],[-83.76216876992704,9.831199102975276],[-83.76216876992704,9.83095625383061],[-83.76220456747762,9.830705309714455],[-83.76217771931469,9.830349130968944],[-83.76225826380352,9.829669153363879],[-83.76227616257881,9.82936963941879],[-83.76227616257881,9.828883941129456],[-83.7623298589047,9.828527762383946],[-83.76256254298355,9.827831594835903],[-83.76271468257356,9.827548270833791],[-83.76284892338828,9.827313516660615],[-83.76293841726475,9.826957337915104],[-83.76301001236594,9.826738773684903],[-83.76312635440536,9.826447354711304],[-83.76324269644478,9.826204505566638],[-83.76343958297304,9.825896896650061],[-83.76370806460247,9.825548812876038],[-83.76398549561955,9.825362628531794],[-83.7642360784737,9.825079304529684],[-83.76450456010313,9.824804075499062],[-83.76474619356962,9.82445599172504],[-83.7650236245867,9.824067433093573],[-83.76511311846319,9.823816488977418],[-83.76529210621614,9.82358173480424],[-83.76546214458145,9.82343602531744],[-83.76573062621088,9.823168891258307],[-83.76596331028973,9.822958421999596],[-83.7660707029415,9.822658908054509],[-83.7662944376327,9.822327014223465],[-83.76670610946451,9.82193036062051],[-83.76686719844216,9.821719891361798],[-83.76743100986398,9.821323237758843],[-83.76762789639223,9.821185623243531],[-83.76780688414519,9.820958964041843],[-83.76804851761167,9.820813254555043],[-83.7684064931176,9.820578500381865],[-83.76871972168527,9.8203356512372],[-83.76903295025295,9.819995662434666],[-83.7694177739218,9.819372349630022],[-83.76971310371418,9.819056645741956],[-83.77008897799539,9.818611422310068],[-83.77035745962483,9.818465712823269],[-83.77042010533836,9.818125724020735],[-83.7706885869678,9.81802858436287],[-83.77137768981669,9.817510506187581],[-83.77155667756963,9.817267657042914],[-83.77179831103614,9.81708147269867],[-83.77188780491261,9.816814338639537],[-83.77204889389027,9.816514824694448],[-83.77206679266557,9.816126266062982],[-83.77203994450262,9.815737707431516],[-83.77201309633968,9.815438193486427],[-83.77201309633968,9.815146774512828],[-83.7719236024632,9.814733930966895],[-83.77187885552496,9.81448298685074],[-83.77191465307556,9.814126808105229],[-83.77189675430026,9.813875863989074],[-83.77188780491261,9.813641109815896],[-83.77195045062615,9.81325255118443],[-83.7719415012385,9.812645428322764],[-83.77193255185085,9.812402579178096],[-83.77191465307556,9.812078780318542],[-83.7719236024632,9.811722601573031],[-83.7719236024632,9.811301663055609],[-83.7719415012385,9.810840249680743],[-83.77203994450262,9.810516450821188],[-83.77220103348029,9.810192651961632],[-83.77239792000854,9.809868853102078],[-83.77259480653679,9.809666478814856],[-83.77275589551445,9.809504579385077],[-83.77328390938567,9.808970311266812],[-83.77354344162747,9.808848886694479],[-83.7737940244816,9.808630322464278],[-83.77416094937516,9.808419853205567],[-83.77440258284166,9.808314618576212],[-83.77476950773521,9.808201288975368],[-83.77514538201643,9.80812033926048],[-83.7756465477247,9.80811224428899],[-83.77659518281538,9.80841175823408],[-83.77649673955125,9.807950344859213],[-83.77646989138832,9.807626545999657],[-83.77645199261302,9.807221797425214],[-83.77649673955125,9.806946568394592],[-83.77657728404009,9.806541819820147],[-83.77664887914126,9.806201831017615],[-83.77680101873128,9.805926601986993],[-83.77699790525953,9.805627088041904],[-83.77711424729895,9.805359953982771],[-83.77720374117544,9.80515757969555],[-83.77739167831604,9.804809495921527],[-83.77747222280487,9.804590931691328],[-83.77760646361959,9.804186183116883],[-83.77774965382196,9.80385428928584],[-83.77786599586138,9.803570965283729],[-83.77810762932786,9.803190501623751],[-83.77827766769317,9.802874797735685],[-83.77836716156966,9.802510524018686],[-83.77838506034496,9.802243389959552],[-83.77842085789554,9.801636267097885],[-83.77823292075495,9.801312468238331],[-83.7781881738167,9.800794390063043],[-83.7781702750414,9.800373451545621],[-83.77812552810316,9.800082032572021],[-83.77801813545139,9.799758233712467],[-83.77803603422669,9.799321105252066],[-83.7781523762661,9.798956831535067],[-83.7781702750414,9.798543987989135],[-83.7781702750414,9.798228284101068],[-83.778206072592,9.797920675184491],[-83.77829556646847,9.797475451752602],[-83.77833136401907,9.797184032779002],[-83.77840295912024,9.796924993691357],[-83.7786177444238,9.796423105459047],[-83.77873408646322,9.79618835128587],[-83.778993618705,9.795726937911004],[-83.77922630278385,9.79539504407996],[-83.77936949298622,9.79517647984976],[-83.77953058196388,9.794876965904672],[-83.77969167094155,9.794609831845538],[-83.77998700073393,9.79431031790045],[-83.7805060652175,9.793816524639627],[-83.78068505297045,9.79344415595114],[-83.78086404072342,9.793168926920517],[-83.78098933215048,9.792974647604785],[-83.78111462357755,9.792691323602673],[-83.78124886439227,9.792310859942697],[-83.7813115101058,9.791938491254207],[-83.78140995336993,9.791695642109541],[-83.78154419418465,9.791258513649142],[-83.78166053622407,9.79098328461852],[-83.78177687826349,9.790651390787476],[-83.7818932203029,9.790457111471742],[-83.78197376479174,9.790206167355587],[-83.78217960070765,9.78975284895221],[-83.78233174029765,9.789550474664988],[-83.78243018356179,9.78931572049181],[-83.78245703172473,9.789089061290122],[-83.78242123417414,9.788457653513989],[-83.7823764872359,9.788028620025079],[-83.78233174029765,9.787721011108502],[-83.78226909458412,9.787470066992347],[-83.78225119580883,9.787170553047257],[-83.78227804397177,9.786684854757924],[-83.7823585884606,9.786328676012413],[-83.78234963907295,9.78591583246648],[-83.78242123417414,9.785648698407348],[-83.78251967743826,9.785365374405236],[-83.7826002219271,9.785098240346104],[-83.78277920968004,9.784798726401016],[-83.78328932477598,9.784062083995527],[-83.78353095824247,9.783738285135971],[-83.78370994599543,9.783487341019818],[-83.78390683252368,9.783260681818128],[-83.78410371905193,9.78296116787304],[-83.78426480802959,9.782645463984974],[-83.78447959333315,9.782281190267973],[-83.7846585810861,9.781965486379907],[-83.78500760720436,9.78151216797653],[-83.78514184801908,9.78122884397442],[-83.78520449373262,9.780953614943797],[-83.78535663332264,9.78042744179702],[-83.78543717781146,9.780200782595331],[-83.78553562107558,9.779901268650242],[-83.78557141862618,9.779245575959644],[-83.78559826678912,9.778727497784356],[-83.78566091250266,9.778371319038845],[-83.78571460882854,9.777934190578446],[-83.78573250760384,9.777440397317623],[-83.7856877606656,9.777108503486579],[-83.78567881127796,9.776825179484469],[-83.78567881127796,9.776549950453846],[-83.7857056594409,9.776274721423224],[-83.78572355821619,9.775910447706226],[-83.78562511495207,9.775473319245826],[-83.78541032964851,9.774841911469693],[-83.7852581900585,9.77457477741056],[-83.78510605046849,9.774331928265893],[-83.78483756883905,9.773991939463361],[-83.78458698598492,9.773692425518272],[-83.78434535251843,9.773506241174028],[-83.784229010479,9.773287676943827],[-83.78399632640016,9.77298816299874],[-83.78377259170897,9.772648174196206],[-83.78353095824247,9.77240532505154],[-83.78345936314129,9.772057241277517],[-83.78325352722538,9.771830582075829],[-83.78307453947242,9.771522973159252],[-83.78282395661829,9.77132059887203],[-83.78265391825298,9.77117488938523],[-83.78243913294943,9.77096442012652],[-83.78219749948293,9.77067300115292],[-83.78204535989292,9.770486816808676],[-83.78171423254996,9.77023587269252],[-83.78143680153288,9.769993023547853],[-83.78120411745402,9.769855409032543],[-83.78103407908871,9.769701604574253],[-83.78080139500987,9.769547800115966],[-83.78038972317808,9.769313045942788],[-83.78006754522275,9.769248286170876],[-83.77983486114391,9.769191621370455],[-83.77934264482327,9.769013531997699],[-83.77870723830027,9.768811157710477],[-83.77845665544613,9.768778777824522],[-83.7781523762661,9.7686492582807],[-83.777570666069,9.768592593480278],[-83.77718584240014,9.768608783423256],[-83.77677417056834,9.768616878394743],[-83.77642514445007,9.768592593480278],[-83.77613876404534,9.768592593480278],[-83.77587028241591,9.768592593480278],[-83.77546755997176,9.768552118622832],[-83.77501114120172,9.768560213594322],[-83.77468896324639,9.768584498508789],[-83.77434888651577,9.768527833708367],[-83.77406250611104,9.768454978964966],[-83.77376717631866,9.768333554392633],[-83.77346289713863,9.768252604677745],[-83.77316756734625,9.768082610276478],[-83.77287223755387,9.767823571188833],[-83.77264850286268,9.767596911987145],[-83.77239792000854,9.767354062842479],[-83.77216523592969,9.767208353355679],[-83.77176251348554,9.76712740364079],[-83.77136874042904,9.766965504211013],[-83.77101971431077,9.766997884096968],[-83.77070648574309,9.766997884096968],[-83.77042905472601,9.76706264386888],[-83.77015162370893,9.767184068441212],[-83.76987419269184,9.76734596787099],[-83.76960571106241,9.767475487414812],[-83.7692119380059,9.767839761131812],[-83.76901505147765,9.767969280675633],[-83.76867497474703,9.768163559991367],[-83.76829015107818,9.768382124221567],[-83.76812906210051,9.768552118622832],[-83.76776213720694,9.768843537596434],[-83.76712673068396,9.76922400125641],[-83.76666136252626,9.769426375543633],[-83.76662556497567,9.768034040447544],[-83.76664346375097,9.742882964031594],[-83.80696940449221,9.742931533860528],[-83.80691570816631,9.742963913746483],[-83.85241439496801,9.74298819866095],[-83.85242334435566,9.74298819866095],[-83.8593322716198,9.74298819866095],[-83.85935017039509,9.74298819866095],[-83.86181125199826,9.74298819866095],[-83.89810996829796,9.743020578546904],[-83.89812786707326,9.743020578546904],[-83.97165603598802,9.743077243347328],[-83.9719692645557,9.743311997520504],[-83.97250622781458,9.743473896950283],[-83.97277470944401,9.74341723214986],[-83.97292684903402,9.743409137178372],[-83.9730163429105,9.743368662320927],[-83.97318638127581,9.743303902549016],[-83.97387548412469,9.743142003119239],[-83.97416186452942,9.743069148375838],[-83.97457353636122,9.743182477976683],[-83.9749046637042,9.74327152266306],[-83.97514629717068,9.743376757292415],[-83.97536108247424,9.743538656722194],[-83.97562956410367,9.743700556151971],[-83.97582645063193,9.743838170667281],[-83.97609493226136,9.743975785182593],[-83.97648870531786,9.74413768461237],[-83.97672138939672,9.744226729298749],[-83.97697197225085,9.744331963928104],[-83.97698987102615,9.744340058899592],[-83.9774283910209,9.744534338215326],[-83.97766107509973,9.744607192958725],[-83.97793850611681,9.744663857759148],[-83.9784217730498,9.744785282331481],[-83.9788692424322,9.744922896846791],[-83.97912877467398,9.745020036504659],[-83.97942410446636,9.74529526553528],[-83.9794509526293,9.74565953925228],[-83.97923616732575,9.745991433083324],[-83.97889609059514,9.746112857655657],[-83.97831438039803,9.746412371600746],[-83.9780279999933,9.746606650916478],[-83.97789375917858,9.746809025203701],[-83.97783111346504,9.747092349205811],[-83.97766107509973,9.747513287723233],[-83.97758947999856,9.747764231839389],[-83.97755368244796,9.748088030698943],[-83.97754473306031,9.748314689900633],[-83.97754473306031,9.748654678703165],[-83.97757158122326,9.74891371779081],[-83.97758053061091,9.749237516650364],[-83.97765212571208,9.749472270823542],[-83.97773267020092,9.74977987974012],[-83.97777741713915,9.75000653894181],[-83.97777741713915,9.750338432772853],[-83.97784901224034,9.750710801461342],[-83.97784901224034,9.751042695292385],[-83.97784901224034,9.751309829351518],[-83.97783111346504,9.751641723182562],[-83.9778042653021,9.75186838238425],[-83.97775056897622,9.752208371186784],[-83.97764317632443,9.752483600217406],[-83.97757158122326,9.752799304105473],[-83.97754473306031,9.753179767765449],[-83.97755368244796,9.753552136453939],[-83.97779531591445,9.75418354423007],[-83.97800115183036,9.757041069165645],[-83.97809959509448,9.75744581774009],[-83.97878869794336,9.758247219917488],[-83.97895873630867,9.758490069062155],[-83.97923616732575,9.758700538320866],[-83.97949569956755,9.758838152836177],[-83.97974628242169,9.758870532722133],[-83.97997896650052,9.758951482437022],[-83.9802921950682,9.759089096952332],[-83.98055172730999,9.759121476838288],[-83.98107974118122,9.759202426553177],[-83.98163460321538,9.75931575615402],[-83.981974679946,9.759348136039977],[-83.98234160483956,9.759590985184643],[-83.98251164320487,9.759914784044199],[-83.98252954198017,9.760173823131842],[-83.98244899749133,9.760497621991398],[-83.98229685790132,9.760716186221597],[-83.98206417382248,9.760926655480308],[-83.98192993300776,9.761460923598573],[-83.98184938851894,9.761946621887907],[-83.98185833790657,9.76227851571895],[-83.98192098362011,9.762553744749573],[-83.98198362933366,9.762982778238483],[-83.98204627504718,9.763338956983993],[-83.98212681953602,9.763646565900572],[-83.98225211096309,9.763978459731616],[-83.9824042505531,9.764253688762238],[-83.98243109871605,9.764577487621793],[-83.98243109871605,9.764925571395814],[-83.98232370606426,9.765273655169837],[-83.98222526280014,9.765500314371526],[-83.9821447183113,9.76583220820257],[-83.9821626170866,9.766107437233192],[-83.9821626170866,9.766463615978703],[-83.9821805158619,9.766811699752724],[-83.98213576892367,9.767167878498235],[-83.98209997137307,9.76749167735779],[-83.98198362933366,9.767726431530967],[-83.98167935015363,9.768163559991367],[-83.98163460321538,9.768463073936456],[-83.98155405872656,9.769029721940678],[-83.98158090688949,9.769572085030433],[-83.9817867428054,9.769831124118076],[-83.98192993300776,9.770292537492942],[-83.98209997137307,9.770478721837186],[-83.98248479504193,9.770681096124408],[-83.98292331503667,9.770859185497164],[-83.98312020156493,9.770996800012474],[-83.98346922768319,9.771231554185652],[-83.98371981053734,9.771409643558407],[-83.98413148236914,9.771587732931163],[-83.98453420481329,9.771701062532008],[-83.98481163583037,9.771717252474986],[-83.98520540888687,9.771660587674562],[-83.98551863745455,9.771660587674562],[-83.98600190438754,9.771555353045208],[-83.98624353785402,9.771450118415853],[-83.9865567664217,9.771417738529896],[-83.98695948886585,9.77131250390054],[-83.98723691988295,9.771344883786497],[-83.98770228804062,9.771587732931163],[-83.98784547824299,9.77189534184774],[-83.9879797190577,9.772300090422185],[-83.9879797190577,9.77255103453834],[-83.98804236477125,9.772858643454917],[-83.98804236477125,9.773109587571073],[-83.98811395987244,9.773352436715738],[-83.98814975742302,9.773700520489761],[-83.98821240313656,9.77392717969145],[-83.98828399823773,9.774202408722072],[-83.98819450436126,9.774493827695672],[-83.98815870681067,9.774825721526716],[-83.98824820068715,9.775125235471803],[-83.98840034027717,9.77536808461647],[-83.98856142925482,9.775748548276447],[-83.98862407496836,9.776007587364091],[-83.9886867206819,9.776258531480247],[-83.98874041700778,9.776533760510869],[-83.98888360721014,9.776800894570002],[-83.9890267974125,9.777011363828713],[-83.98932212720489,9.77732706771678],[-83.98951901373314,9.777488967146557],[-83.98973379903669,9.777650866576334],[-83.99018126841908,9.777869430806534],[-83.99059294025089,9.778031330236312],[-83.99090616881855,9.7781122799512],[-83.99137153697625,9.778257989438],[-83.9915684235045,9.778508933554155],[-83.99172951248217,9.778678927955422],[-83.99191744962276,9.778937967043067],[-83.99206063982513,9.779302240760066],[-83.99213223492632,9.779593659733665],[-83.99226647574103,9.780362682025109],[-83.99226647574103,9.780743145685086],[-83.99212328553867,9.781099324430597],[-83.99217698186456,9.781706447292263],[-83.99215908308926,9.781933106493952],[-83.99209643737572,9.782532134384128],[-83.99207853860042,9.782766888557306],[-83.99207853860042,9.783786854964905],[-83.99231122267928,9.78375447507895],[-83.99260655247166,9.783786854964905],[-83.99248126104459,9.784094463881482],[-83.99245441288164,9.784466832569972],[-83.99236491900515,9.784903961030372],[-83.99230227329163,9.785316804576304],[-83.99214118431397,9.785883452580526],[-83.991962196561,9.786239631326037],[-83.99169371493157,9.786579620128569],[-83.99148787901566,9.786709139672391],[-83.99113885289741,9.786903418988125],[-83.99088827004327,9.787089603332369],[-83.99054819331265,9.787219122876191],[-83.99023496474497,9.787389117277456],[-83.98993963495259,9.78758339659319],[-83.98964430516021,9.78780196082339],[-83.98946531740725,9.787955765281678],[-83.9892863296543,9.788311944027189],[-83.98919683577782,9.788732882544611],[-83.98918788639017,9.789145726090544],[-83.98921473455312,9.78946142997861],[-83.98924158271606,9.789688089180299],[-83.98934002598018,9.79011712266921],[-83.98961745699727,9.790319496956432],[-83.98985909046377,9.790586631015564],[-83.99001123005378,9.790756625416831],[-83.99003807821671,9.791023759475964],[-83.98998438189084,9.791468982907853],[-83.99001123005378,9.791711832052519],[-83.99005597699201,9.791938491254207],[-83.99013652148085,9.792173245427385],[-83.99038710433499,9.792448474458007],[-83.99064663657677,9.792335144857162],[-83.99090616881855,9.792318954914185],[-83.99123729616153,9.792238005199296],[-83.99181900635864,9.792148960512918],[-83.99210538676337,9.792157055484408],[-83.9923738683928,9.792189435370362],[-83.99264235002225,9.792302764971208],[-83.9930092749158,9.792561804058852],[-83.99317036389347,9.792926077775851],[-83.99331355409583,9.793330826350296],[-83.9934209467476,9.793687005095807],[-83.99334040225878,9.793962234126427],[-83.99327775654524,9.794261748071516],[-83.99314351573052,9.794439837444271],[-83.99335830103408,9.794626021788517],[-83.99362678266351,9.794706971503405],[-83.99401160633236,9.79489315584765],[-83.99424429041122,9.794990295505515],[-83.99442327816416,9.795144099963805],[-83.99463806346772,9.795427423965915],[-83.9949333932601,9.795613608310159],[-83.99522872305248,9.795589323395692],[-83.99548825529426,9.795516468652293],[-83.99598942100255,9.795856457454827],[-83.99587307896311,9.796528340088402],[-83.99590887651371,9.796795474147537],[-83.99614156059256,9.796989753463269],[-83.9963921434467,9.79706260820667],[-83.99666957446378,9.797070703178157],[-83.99703649935734,9.79712736797858],[-83.99732287976207,9.797216412664957],[-83.99759136139151,9.79726498249389],[-83.99757346261622,9.79749164169558],[-83.99737657608796,9.79771020592578],[-83.99687541037967,9.7983497086734],[-83.99667852385143,9.798584462846579],[-83.99644583977258,9.798900166734645],[-83.99621315569374,9.799175395765266],[-83.99602521855313,9.799402054966956],[-83.99588202835076,9.799612524225667],[-83.99552405284486,9.800276311887755],[-83.99542560958072,9.80067296549071],[-83.99547930590661,9.801118188922597],[-83.99555985039545,9.801417702867687],[-83.99766295649269,9.804412842318571],[-83.99796723567272,9.804550456833883],[-83.99828941362804,9.804631406548772],[-83.99870108545984,9.804890445636417],[-83.99885322504986,9.80528709923937],[-83.99897851647692,9.805473283583616],[-83.999255947494,9.805627088041904],[-83.99947968218521,9.805724227699772],[-83.99976606258994,9.806007551701882],[-84.00079524216945,9.807148942681813],[-84.00109952134947,9.807278462225636],[-84.00131430665301,9.807529406341791],[-84.00165438338364,9.807707495714546],[-84.00187811807483,9.807917964973257],[-84.0020034095019,9.808233668861323],[-84.0019855107266,9.808492707948968],[-84.00218239725486,9.8087598420081],[-84.002585119699,9.808792221894056],[-84.00305943724435,9.808954121323834],[-84.0032384249973,9.809294110126366],[-84.00357850172793,9.809326490012323],[-84.00383803396971,9.809075545896167],[-84.00419600947562,9.808662702350235],[-84.00439289600388,9.8085412777779],[-84.00462558008272,9.808533182806412],[-84.00484036538627,9.808784126922568],[-84.00524308783042,9.808881266580434],[-84.00547577190927,9.808784126922568],[-84.00562791149927,9.808363188405146],[-84.00579794986459,9.808185099032391],[-84.00600378578049,9.808031294574102],[-84.00630806496052,9.80797462977368],[-84.0066212935282,9.807812730343901],[-84.00670183801702,9.807594166113702],[-84.00684502821939,9.807335127026057],[-84.00715825678706,9.807246082339681],[-84.00743568780415,9.807237987368191],[-84.0076325743324,9.80702751810948],[-84.00814268942833,9.806752289078858],[-84.00827693024304,9.806541819820147],[-84.00861700697367,9.806614674563548],[-84.00883179227722,9.806833238793747],[-84.00914502084488,9.806865618679703],[-84.00940455308668,9.80667133936397],[-84.00942245186197,9.806436585190792],[-84.00941350247433,9.806201831017615],[-84.00981622491848,9.806056121530816],[-84.01012050409851,9.806258495818037],[-84.010362137565,9.806630864506525],[-84.01074696123385,9.80688180862268],[-84.0109796453127,9.806825143822259],[-84.0111854812286,9.806663244392482],[-84.01141816530745,9.806331350561436],[-84.01157925428511,9.80594279192997],[-84.01163295061099,9.805699942785305],[-84.01171349509983,9.805335669068304],[-84.01210726815633,9.805270909296393],[-84.01214306570692,9.805699942785305],[-84.01236680039811,9.80624230587506],[-84.01261738325226,9.806647054449503],[-84.01293956120757,9.806930378451614],[-84.01314539712348,9.807132752738836],[-84.01343177752821,9.807278462225636],[-84.0137092085453,9.807424171712436],[-84.0141029816018,9.807561786227746],[-84.0143625138436,9.807747970571992],[-84.01461309669773,9.807942249887724],[-84.01488157832716,9.808193194003879],[-84.01508741424307,9.808355093433656],[-84.01528430077131,9.808508897891945],[-84.01547223791192,9.80876793697959],[-84.01567807382783,9.808962216295322],[-84.0158212640302,9.809407439727211],[-84.01583916280548,9.809682668757834],[-84.0158033652549,9.810103607275256],[-84.01584811219313,9.810459786020767],[-84.01592865668196,9.810767394937344],[-84.0161613407608,9.811155953568809],[-84.01669830401968,9.811609271972186],[-84.0168504436097,9.81180355128792],[-84.01693098809852,9.812208299862364],[-84.01694888687382,9.812661618265741],[-84.01689519054793,9.813017797011252],[-84.01667145585674,9.81323636124145],[-84.01766483788565,9.814280612563516],[-84.01788857257684,9.814450606964783],[-84.01836289012218,9.814701551080939],[-84.0187387644034,9.815260104113671],[-84.01889985338104,9.81569723257407],[-84.01899829664518,9.81592389177576],[-84.01918623378579,9.816271975549782],[-84.01946366480287,9.81664434423827],[-84.01966950071876,9.81707337772718],[-84.01981269092113,9.817251467099936],[-84.01999167867409,9.817397176586736],[-84.02043019866883,9.817704785503313],[-84.02072552846121,9.817785735218202],[-84.0209492631524,9.817858589961602],[-84.02153097334951,9.81808524916329],[-84.0219784427319,9.818344288250936],[-84.02222902558606,9.818603327338579],[-84.02252435537844,9.819056645741956],[-84.02264069741786,9.8193156848296],[-84.02282863455846,9.819526154088312],[-84.02320450883967,9.81976090826149],[-84.02343719291851,9.819841857976378],[-84.0236967251603,9.819930902662755],[-84.02406365005386,9.820011852377645],[-84.0243321316833,9.820011852377645],[-84.02470800596451,9.820092802092534],[-84.02503018391982,9.820173751807422],[-84.02554029901576,9.820270891465288],[-84.02588037574638,9.82025470152231],[-84.02627414880288,9.8200442322636],[-84.0264262883929,9.820311366322732],[-84.026372592067,9.820764684726111],[-84.02833250796189,9.82205988016433],[-84.03030137324441,9.824132192865484],[-84.03007763855322,9.824431706810573],[-84.02983600508672,9.824901215156927],[-84.029701764272,9.825370723503283],[-84.02962121978318,9.825645952533906],[-84.02959437162023,9.826002131279415],[-84.02960332100788,9.826277360310037],[-84.02968386549672,9.826682108884482],[-84.02972861243495,9.826973527858081],[-84.02966596672142,9.827264946831681],[-84.02954962468199,9.827588745691235],[-84.02933483937845,9.827863974721858],[-84.02899476264783,9.828106823866525],[-84.0287083822431,9.828309198153747],[-84.02836830551249,9.828665376899258],[-84.02809982388304,9.828981080787324],[-84.0278671398042,9.82923202490348],[-84.027491265523,9.829531538848567],[-84.02727648021944,9.82980676787919],[-84.02715118879237,9.830057711995345],[-84.02707959369118,9.83031675108299],[-84.02701694797766,9.830583885142122],[-84.02710644185413,9.830972443773588],[-84.02729437899474,9.831336717490588],[-84.0274375691971,9.831911460466298],[-84.02668582063468,9.833603309507474],[-84.0264083896176,9.834995644603561],[-84.02627414880288,9.835975136153715],[-84.02585352758344,9.837683175137869],[-84.02546870391457,9.838670761659513],[-84.02510177902101,9.83978786772498],[-84.0242963341327,9.840152141441978],[-84.02370567454795,9.840314040871755],[-84.02286443210905,9.840556890016423],[-84.02230062068723,9.840629744759822],[-84.02150412518658,9.841018303391289],[-84.02109245335477,9.841706375967844],[-84.02072552846121,9.842127314485264],[-84.02013486887645,9.842329688772487],[-84.01932942398815,9.842540158031198],[-84.0186850680775,9.84289633677671],[-84.01823759869511,9.843284895408175],[-84.01749479952034,9.84368964398262],[-84.01647456932848,9.844304861815774],[-84.01672515218262,9.844831034962551],[-84.01745005258209,9.845454347767195],[-84.01809440849274,9.846328604687994],[-84.01841658644807,9.847308096238148],[-84.01864927052691,9.847858554299393],[-84.01864032113926,9.84874090619168],[-84.01852397909984,9.850117051344789],[-84.01836289012218,9.851193682552811],[-84.01816600359393,9.85192222998681],[-84.0176737872733,9.85285315170803],[-84.0172084191156,9.85358169914203],[-84.0167967472838,9.854496430920275],[-84.01596445423256,9.854965939266629],[-84.01499792036658,9.855451637555962],[-84.01444305833242,9.855540682242339],[-84.01395084201178,9.85639874922016],[-84.0134675750788,9.857645374829449],[-84.01293956120757,9.858471061921314],[-84.01201777427985,9.859094374725958],[-84.01062166980678,9.859855302045913],[-84.00932400859784,9.860624324337357],[-84.00864385513661,9.861296206970934],[-84.0078563090236,9.861919519775578],[-84.00696137025881,9.862453787893843],[-84.0059500894546,9.862680447095531],[-84.00483141599862,9.863101385612953],[-84.003703793155,9.863773268246531],[-84.00274620867667,9.864712284939241],[-84.00173492787246,9.866193664721706],[-84.00038357033763,9.866978876956127],[-83.99941703647167,9.867666949532682],[-83.99911275729164,9.869002619828347],[-83.99881742749926,9.870103535950834],[-83.99870108545984,9.870945412985678],[-83.9988979719881,9.871617295619256],[-83.99937228953343,9.872167753680499],[-83.9992917450446,9.872718211741743],[-83.99894271892633,9.873414379289787],[-83.99859369280807,9.87418340158123],[-83.99832521117864,9.874936233929697],[-83.99831626179099,9.875510976905407],[-83.99712599323382,9.875745731078585],[-83.99670537201438,9.876126194738562],[-83.99654428303671,9.87707330640276],[-83.9963742446714,9.877818043779738],[-83.99636529528375,9.878676110757558],[-83.9963384471208,9.879194188932848],[-83.99526452060307,9.879663697279202],[-83.99411004959649,9.88004416093918],[-83.99297347736521,9.880465099456602],[-83.99209643737572,9.880788898316156],[-83.99129099248742,9.881039842432312],[-83.99024391413262,9.881355546320378],[-83.98932212720489,9.881833149638222],[-83.98856142925482,9.881970764153532],[-83.9878275794677,9.882343132842022],[-83.98720112233235,9.882772166330932],[-83.98631513295521,9.883427859021532],[-83.98569762520751,9.883703088052153],[-83.98514276317334,9.883808322681508],[-83.98439101461092,9.883694993080665],[-83.98335288564377,9.883775942795554],[-83.98244004810368,9.88380022771002],[-83.98150036240067,9.883792132738531],[-83.98047118282116,9.88388117742491],[-83.98022059996703,9.883792132738531],[-83.97964783915756,9.883565473536843],[-83.97906612896045,9.883015015475598],[-83.97843072243745,9.88271550153051],[-83.97775056897622,9.882310752956066],[-83.97698987102615,9.881995049068],[-83.97613072981196,9.881873624495666],[-83.97519999349657,9.882254088155644],[-83.97423345963061,9.882723596501998],[-83.97352645800643,9.883015015475598],[-83.97281050699459,9.883686898109175],[-83.97208560659512,9.884415445543175],[-83.97146809884742,9.885362557207374],[-83.97100273068973,9.886333953786039],[-83.97077004661088,9.88749153470895],[-83.97034047600378,9.888317221800815],[-83.96980351274492,9.888891964776526],[-83.96896227030602,9.88901338934886],[-83.96851480092363,9.888924344662481],[-83.96769145726003,9.888997199405882],[-83.9669576074729,9.888908154719504],[-83.96621480829813,9.888972914491415],[-83.96552570544924,9.88936147312288],[-83.96489029892625,9.889774316668813],[-83.96416539852677,9.890284299872613],[-83.96361053649261,9.890875232791302],[-83.96330625731258,9.891223316565323],[-83.96271559772782,9.891004752335123],[-83.96200859610364,9.890931897591724],[-83.961999646716,9.891336646166167],[-83.96219653324424,9.891992338856767],[-83.9625813569131,9.892445657260144],[-83.96263505323898,9.8930608750933],[-83.96285878793019,9.89356276332561],[-83.96294828180666,9.893983701843032],[-83.96242921732309,9.894558444818742],[-83.96218758385659,9.894987478307652],[-83.96231287528366,9.895675550884206],[-83.96249186303662,9.896646947462873],[-83.96267980017723,9.897505014440695],[-83.9625813569131,9.89854117079127],[-83.96182065896303,9.898363081418516],[-83.96140898713124,9.897853098214716],[-83.96098836591179,9.89745644461176],[-83.96049614959115,9.896889796607539],[-83.96000393327051,9.896355528489273],[-83.95969965409049,9.897003126208384],[-83.95928798225869,9.89725407032454],[-83.95870627206158,9.897383589868362],[-83.95885841165159,9.898144517188316],[-83.959458020624,9.898751640049982],[-83.95909109573044,9.899253528282292],[-83.95927903287104,9.899723036628647],[-83.95934167858458,9.900192544975003],[-83.9586525757357,9.900589198577958],[-83.95772183942032,9.900807762808157],[-83.95729226881322,9.901115371724735],[-83.95631678555961,9.901382505783868],[-83.95523390965421,9.901609164985556],[-83.9544463635412,9.902491516877845],[-83.95438371782767,9.915079197543053],[-83.95357827293935,9.915354426573675],[-83.95299656274224,9.91539490143112],[-83.95287127131517,9.915961549435341],[-83.95357827293935,9.916058689093207],[-83.95442846476591,9.916657716983385],[-83.95497437741243,9.917289124759517],[-83.95606620270546,9.918349566024562],[-83.95671055861611,9.918843359285383],[-83.95751600350441,9.919272392774293],[-83.95814246063976,9.919871420664471],[-83.95816930880271,9.920608063069958],[-83.95797242227445,9.920996621701425],[-83.9575339022797,9.921798023878823],[-83.95739966146499,9.922057062966468],[-83.95702378718379,9.92348987292],[-83.95751600350441,9.92572408505093],[-83.95764129493148,9.92659834197173],[-83.95772183942032,9.927731637980173],[-83.95771289003267,9.92861398987246],[-83.95742650962794,9.929447771935816],[-83.95656736841374,9.93006298976897],[-83.95576192352543,9.930678207602126],[-83.95455375619298,9.930694397545103],[-83.9531934492705,9.93114771594848],[-83.95200318071333,9.931609129323347],[-83.95099189990913,9.932321486814368],[-83.95037439216142,9.932855754932634],[-83.94983742890255,9.9340457157415],[-83.9492467693178,9.935284246379299],[-83.94862926157009,9.93678991107623],[-83.94858451463186,9.937421318852362],[-83.94811019708652,9.937955586970629],[-83.94848607136773,9.938773179091005],[-83.94935416196957,9.93931554218076],[-83.95024910073435,9.939995519785827],[-83.95061602562792,9.940537882875581],[-83.95059812685263,9.941153100708735],[-83.95041018971202,9.941744033627424],[-83.95097400113383,9.941970692829113],[-83.95150201500506,9.94185736322827],[-83.9517346990839,9.942229731916758],[-83.95243275132043,9.94185736322827],[-83.95308605661873,9.941606419112114],[-83.95385570395644,9.94127452528107],[-83.95439266721532,9.941088340936824],[-83.95436581905237,9.942343061517601],[-83.95441056599061,9.943241603352867],[-83.95458955374356,9.944221094903021],[-83.95475959210887,9.945046781994888],[-83.9550996688395,9.94640673720502],[-83.95543974557012,9.947289089097307],[-83.95555608760954,9.948519524763617],[-83.956128848419,9.94899712808146],[-83.9565584190261,9.94878665882275],[-83.95660316596434,9.949499016313771],[-83.95586036678957,9.950324703405638],[-83.9552876059801,9.950939921238792],[-83.954705895783,9.951984172560858],[-83.953587222327,9.952494155764658],[-83.95295181580401,9.953020328911434],[-83.95263858723634,9.953449362400345],[-83.95203897826393,9.95383792103181],[-83.95133197663975,9.953829826060323],[-83.95039229093672,9.953805541145856],[-83.95002536604316,9.953392697599924],[-83.94981058073961,9.95291509428208],[-83.94921992115485,9.952931284225057],[-83.94895143952542,9.953238893141634],[-83.948199690963,9.953230798170145],[-83.9477522215806,9.95334412777099],[-83.94721525832173,9.95385411097479],[-83.94678568771464,9.954088865147966],[-83.9467230420011,9.95463932320921],[-83.94614133180399,9.954655513152188],[-83.94566701425866,9.954606943323254],[-83.94521059548862,9.954598848351766],[-83.94506740528625,9.954987406983232],[-83.94489736692094,9.955343585728743],[-83.94414561835852,9.955448820358098],[-83.94351021183552,9.955481200244055],[-83.94229309511542,9.956064038191254],[-83.94120126982237,9.956582116366542],[-83.94062850901291,9.95695448505503],[-83.93987676045049,9.95739161351543],[-83.9392234551522,9.957844931918807],[-83.93852540291567,9.958346820151117],[-83.9378005025162,9.957853026890296],[-83.9375588690497,9.957448278315852],[-83.93753202088675,9.956776395682274],[-83.9375409702744,9.956104513048698],[-83.93724564048202,9.955400250529165],[-83.93678922171198,9.955011691897699],[-83.93636860049253,9.954590753380277],[-83.93541101601421,9.953975535547123],[-83.93456082418767,9.953570786972678],[-83.93388067072642,9.953425077485878],[-83.93343320134403,9.953586976915656],[-83.93303047889988,9.953441267428856],[-83.93251141441631,9.952971759082502],[-83.93205499564627,9.952154166962124],[-83.93153593116268,9.951668468672791],[-83.93030091566729,9.95132038489877],[-83.9290301026213,9.951093725697081],[-83.92816201201946,9.950996586039214],[-83.92735656713114,9.951134200554526],[-83.92646162836635,9.951368954727704],[-83.9252534610339,9.951482284328547],[-83.92387525533613,9.951490379300036],[-83.92290872147017,9.951660373701303],[-83.9217363516883,9.951903222845969],[-83.92084141292351,9.95196798261788],[-83.92049238680524,9.952073217247236],[-83.92025075333875,9.952243211648502],[-83.91974958763046,9.95283414456719],[-83.91912313049512,9.953538407086723],[-83.9181476472415,9.95312556354079],[-83.91731535419025,9.953117468569301],[-83.9168947329708,9.953619356801612],[-83.91625037706015,9.954218384691789],[-83.91537333707066,9.954493613722411],[-83.91475582932297,9.955384060586187],[-83.91464843667119,9.95623403259252],[-83.913306028524,9.957577797859674],[-83.91261692567512,9.958298250322184],[-83.91207101302861,9.959002512841717],[-83.91124766936501,9.95984438987656],[-83.91050487019024,9.960661981996937],[-83.9096188808131,9.960985780856493],[-83.90859865062124,9.961010065770958],[-83.90773950940705,9.961196250115204],[-83.90692511513109,9.961520048974759],[-83.9062539110575,9.961026255713938],[-83.90507259188799,9.96223240646578],[-83.90496519923622,9.96324427790189],[-83.90492940168562,9.964361383967356],[-83.90437453965146,9.965527059861754],[-83.90367648741491,9.96620703746682],[-83.902683105386,9.96627989221022],[-83.90164497641885,9.966506551411909],[-83.90057104990112,9.967113674273575],[-83.89945237644513,9.967680322277797],[-83.8987722229839,9.968497914398174],[-83.89764460014027,9.968643623884974],[-83.89668701566194,9.968222685367552],[-83.89577417812187,9.967979836222884],[-83.8949597838459,9.967866506622041],[-83.89369792018756,9.96808507085224],[-83.89220337245037,9.967915076450973],[-83.89092361001673,9.967996026165864],[-83.88995707615076,9.968344109939885],[-83.88904423861068,9.968676003770929],[-83.88805980596942,9.969194081946217],[-83.88763023536232,9.969558355663217],[-83.88702167700227,9.969906439437239],[-83.88637732109162,9.970278808125727],[-83.88536604028741,9.97046499246997],[-83.88388939132551,9.970513562298905],[-83.88275281909424,9.970416422641039],[-83.88141041094705,9.97076450641506],[-83.87995166076045,9.970748316472083],[-83.87830497343325,9.970586417042304],[-83.87689991957254,9.970513562298905],[-83.87570965101537,9.970157383553394],[-83.87459992694704,9.969995484123617],[-83.87353494981694,9.969695970178527],[-83.87242522574861,9.969558355663217],[-83.8712081090285,9.969955009266172],[-83.87025947393784,9.970602606985283],[-83.86863963477357,9.97106402036015],[-83.86812057028999,9.970934500816327],[-83.86695714989577,9.970974975673771],[-83.86502408216384,9.971072115331637],[-83.86365482585371,9.971355439333749],[-83.8624198103583,9.97154971864948],[-83.86139958016645,9.971468768934592],[-83.8603793499746,9.971452578991615],[-83.85970814590101,9.971622573392882],[-83.85969024712571,9.971638763335859],[-83.83778214616376,9.97141210413417],[-83.83775529800081,9.97141210413417],[-83.83772844983788,9.97149305384906],[-83.8372093853543,9.972650634771968],[-83.83652923189307,9.973686791122546],[-83.83586697720712,9.974682472615678],[-83.83520472252118,9.975912908281988],[-83.83450667028465,9.976811450117253],[-83.83399655518872,9.977661422123585],[-83.83358488335692,9.978195690241852],[-83.83255570377742,9.978470919272473],[-83.83126699195613,9.978673293559696],[-83.83005882462366,9.97900518739074],[-83.8288864548418,9.97899709241925],[-83.82863587198766,9.97915089687754],[-83.82757984424521,9.979782304653673],[-83.82731136261577,9.980713226374894],[-83.8269802352728,9.981538913466759],[-83.82663120915454,9.982955533477313],[-83.82625533487332,9.984550242860623],[-83.82630008181157,9.985667348926087],[-83.82663120915454,9.986938259449843],[-83.82586156181682,9.988217264945085],[-83.82480553407437,9.989763404499461],[-83.82465339448436,9.991099074795127],[-83.82420592510196,9.992637119378013],[-83.82347207531484,9.993980884645168],[-83.82291721328068,9.995858918030589],[-83.82291721328068,9.99721887324072],[-83.82298880838187,9.997664096672608],[-83.82223705981944,9.998805487652541],[-83.8217985398247,9.999517845143561],[-83.82154795697056,10.000003543432895],[-83.8214047667682,10.000205917720116],[-83.82128842472876,10.000594476351583],[-83.82113628513875,10.001104459555382],[-83.82113628513875,10.001549682987271],[-83.82106469003757,10.002035381276604],[-83.82091255044756,10.00242393990807],[-83.82067986636872,10.003112012484625],[-83.82067986636872,10.003686755460336],[-83.82065301820577,10.004123883920736],[-83.82065301820577,10.004722911810912],[-83.82054562555399,10.005516219016823],[-83.8201160549469,10.006511900509954],[-83.81980282637923,10.007337587601821],[-83.81969543372745,10.007693766347332],[-83.81958804107568,10.008244224408575],[-83.81964173740157,10.009053721557462],[-83.81945380026096,10.009312760645107],[-83.81911372353034,10.009774174019974],[-83.81878259618738,10.010065592993573],[-83.81859465904677,10.01030844213824],[-83.81840672190616,10.010915564999905],[-83.81850516517028,10.011263648773927],[-83.81855886149617,10.011490307975617],[-83.81844251945675,10.011838391749638],[-83.8180218982373,10.012307900095992],[-83.81788765742259,10.012502179411726],[-83.8174043904896,10.013076922387437],[-83.81717170641076,10.013165967073814],[-83.8163394133595,10.013368341361037],[-83.81601723540419,10.013327866503591],[-83.81583824765123,10.013538335762302],[-83.81585614642653,10.013951179308236],[-83.8159814378536,10.014194028452902],[-83.81641995784834,10.014736391542657],[-83.81631256519655,10.015019715544767],[-83.81600828601654,10.015392084233257],[-83.81548027214531,10.0157968328077],[-83.8148806631729,10.016144916581721],[-83.81436159868933,10.016428240583833],[-83.8138514835934,10.016630614871055],[-83.81332346972218,10.01688155898721],[-83.81279545585096,10.017051553388477],[-83.81313553258157,10.016606329956588],[-83.81326082400864,10.0160882517813],[-83.81319817829511,10.015691598178345],[-83.81311763380627,10.015416369147722],[-83.8130460387051,10.015141140117102],[-83.81313553258157,10.014461162512035],[-83.81328767217158,10.014234503310346],[-83.81349350808749,10.01399165416568],[-83.81354720441337,10.013522145819325],[-83.81329662155923,10.013473575990393],[-83.8130460387051,10.013352151418058]]]}},{"type":"Feature","properties":{"Conurbanos":"Central"},"geometry":{"type":"Polygon","coordinates":[[[-84.15545855949966,9.969339791433017],[-84.15504688766787,9.968570769141573],[-84.15480525420138,9.96736461838973],[-84.15416089829073,9.966522741354886],[-84.15338230156536,9.965883238607265],[-84.15228152688468,9.965535154833244],[-84.15089437179925,9.964968506829022],[-84.14955196365209,9.964571853226067],[-84.14888970896614,9.964369478938844],[-84.14786052938663,9.964280434252467],[-84.14712667959951,9.964175199623112],[-84.1461690951212,9.963228087958912],[-84.14596325920529,9.962701914812135],[-84.14556053676114,9.962361926009603],[-84.14514886492934,9.962426685781514],[-84.14485353513696,9.962790959498513],[-84.14458505350753,9.963058093557645],[-84.14419128045101,9.9633090376738],[-84.14352902576508,9.963155233215513],[-84.1428399229162,9.96309856841509],[-84.14230295965731,9.96310666338658],[-84.14169440129727,9.963381892417202],[-84.14022670172302,9.964385668881823],[-84.13994927070594,9.964337099052889],[-84.13910802826703,9.963948540421423],[-84.13814149440107,9.963721881219733],[-84.13774772134457,9.964118534822688],[-84.13721970747334,9.964660897912443],[-84.13601154014088,9.96592371346471],[-84.13471387893193,9.966797970385509],[-84.13431115648778,9.967089389359108],[-84.1334341164983,9.967405093247175],[-84.13271816548647,9.967202718959953],[-84.13174268223285,9.96670892569913],[-84.13095513611984,9.966077517922999],[-84.1296932724615,9.96606132798002],[-84.12786759738133,9.966409411754043],[-84.12729483657186,9.966012758151088],[-84.126757873313,9.96541373026091],[-84.12633725209355,9.965162786144754],[-84.12580028883468,9.965008981686466],[-84.12506643904756,9.965057551515399],[-84.12437733619866,9.964774227513288],[-84.12365243579919,9.963972825335889],[-84.12273959825912,9.963543791846979],[-84.12000108563886,9.963211898015935],[-84.1194104260541,9.962572395268314],[-84.11791587831692,9.962345736066624],[-84.11750420648511,9.962038127150047],[-84.11691354690035,9.96230526120918],[-84.11628708976501,9.962070507036003],[-84.11563378446671,9.961851942805803],[-84.11492678284253,9.961309579716048],[-84.11380810938655,9.959625825646361],[-84.11319060163885,9.959795820047628],[-84.11257309389114,9.96036246805185],[-84.111687104514,9.960880546227138],[-84.11085481146276,9.960977685885004],[-84.10936921311321,9.96159290371816],[-84.10894859189376,9.962046222121536],[-84.10865326210138,9.961924797549203],[-84.10834003353371,9.961374339487959],[-84.10759723435893,9.960581032282048],[-84.10712291681361,9.960443417766738],[-84.10666649804357,9.960111523935694],[-84.10616533233528,9.959617730674871],[-84.10577155927878,9.959253456957873],[-84.10553887519993,9.958654429067694],[-84.1052524947952,9.958314440265163],[-84.10477817724987,9.957221619114163],[-84.1040532768504,9.957197334199696],[-84.10273771686616,9.957691127460519],[-84.10229919687141,9.957585892831164],[-84.1017353854496,9.957861121861784],[-84.10134161239309,9.95804730620603],[-84.10086729484775,9.957917786662208],[-84.10028558465063,9.957731602317963],[-84.09975757077942,9.957634462660096],[-84.09926535445878,9.957205429171186],[-84.09888053078993,9.957213524142674],[-84.09864784671109,9.957067814655874],[-84.09796769324984,9.956679256024408],[-84.09772605978335,9.956436406879742],[-84.09740388182803,9.95608832310572],[-84.09723384346272,9.955562149958944],[-84.09724279285037,9.955529770072987],[-84.09730543856391,9.955335490757253],[-84.09731438795156,9.955311205842788],[-84.0973412361145,9.95521406618492],[-84.09753812264275,9.954687893038145],[-84.09777975610925,9.954210289720299],[-84.09764551529453,9.953862205946278],[-84.09728753978861,9.953514122172257],[-84.09690271611976,9.953109373597812],[-84.09687586795681,9.952647960222945],[-84.0971175014233,9.95197607758937],[-84.09596303041673,9.951498474271524],[-84.09561400429847,9.951417524556636],[-84.09531867450609,9.951215150269414],[-84.09469221737073,9.95161180387237],[-84.0941821022748,9.951781798273636],[-84.09377937983065,9.951789893245124],[-84.09348405003827,9.951482284328547],[-84.09314397330765,9.950834686609436],[-84.09139884271632,9.950057569346505],[-84.09112141169923,9.950178993918838],[-84.09067394231684,9.95008185426097],[-84.08985954804089,9.949636630829083],[-84.08951947131027,9.949466636427816],[-84.08900935621435,9.949523301228238],[-84.08886616601198,9.94943425654186],[-84.08853503866901,9.949239977226128],[-84.08883036846139,9.948381910248306],[-84.08888406478728,9.94762098292835],[-84.08893776111316,9.946941005323286],[-84.08891986233786,9.94625293274673],[-84.0879533284719,9.945589145084643],[-84.0869062501171,9.94531391605402],[-84.08644983134705,9.945079161880843],[-84.08569808278463,9.94466631833491],[-84.08536695544167,9.944698698220865],[-84.0850358280987,9.945046781994888],[-84.08497318238516,9.945427245654864],[-84.08468680198042,9.945734854571443],[-84.08437357341276,9.945670094799532],[-84.08413193994626,9.945508195369754],[-84.08382766076623,9.945524385312732],[-84.08332649505796,9.94575104451442],[-84.08293272200144,9.945783424400375],[-84.08261054404613,9.94575913948591],[-84.08235101180433,9.945354390911465],[-84.08218097343904,9.944577273648532],[-84.08198408691078,9.9441644301026],[-84.0816887571184,9.944253474788978],[-84.08144712365191,9.944625843477466],[-84.081241287736,9.9441644301026],[-84.08101755304482,9.943476357526045],[-84.08117864202246,9.942780189978],[-84.0816887571184,9.94278828494949],[-84.08226151792786,9.94308779889458],[-84.08261949343378,9.942917804493312],[-84.08261949343378,9.942577815690779],[-84.08218992282669,9.942262111802712],[-84.08192144119724,9.94214068723038],[-84.08201093507373,9.94185736322827],[-84.08225256854021,9.941679273855513],[-84.08221677098962,9.94142023476787],[-84.08196618813548,9.940958821393004],[-84.08156346569133,9.940724067219826],[-84.0812770852866,9.940975011335981],[-84.08089226161773,9.94134738002447],[-84.08059693182535,9.941735938655935],[-84.07970199306058,9.941687368827003],[-84.0791471310264,9.94155784928318],[-84.07885180123402,9.94148499453978],[-84.07831483797516,9.941574039226158],[-84.078395382464,9.94119357556618],[-84.07860121837989,9.940133134301137],[-84.07800160940748,9.940149324244114],[-84.0769187335021,9.93996313989987],[-84.07604169351261,9.939793145498605],[-84.07565686984374,9.939696005840737],[-84.07548683147843,9.939501726525005],[-84.07511095719723,9.93931554218076],[-84.07443080373599,9.939347922066716],[-84.07407282823007,9.93887841372036],[-84.0737417008871,9.938667944461649],[-84.07326738334177,9.93881365394845],[-84.07341952293179,9.939210307551406],[-84.07325843395412,9.939663625954783],[-84.07283781273468,9.93960696115436],[-84.07257828049288,9.939574581268404],[-84.07215765927343,9.939744575669671],[-84.07197867152048,9.940019804700293],[-84.07163859478986,9.939955044928382],[-84.07103898581745,9.939712195783715],[-84.07051097194623,9.93982552538456],[-84.06992031236148,9.940295033730916],[-84.06975027399616,9.940821206877692],[-84.06915066502376,9.940966916364491],[-84.06880163890548,9.940732162191315],[-84.06821992870837,9.940602642647493],[-84.0677545605507,9.940643117504937],[-84.06713705280299,9.94018170413007],[-84.06681487484767,9.94032741361687],[-84.06611682261114,9.940222178987515],[-84.06589308791993,9.939809335441582],[-84.06561565690285,9.939655530983293],[-84.06516818752046,9.93939649189565],[-84.06482811078985,9.939275067323315],[-84.06432694508156,9.939356017038206],[-84.06405846345213,9.938999838292695],[-84.06354834835619,9.939080788007583],[-84.0633604112156,9.939776955555626],[-84.0631008789738,9.94031931864538],[-84.06257286510258,9.940359793502825],[-84.0622417377596,9.94003599464327],[-84.06212539572019,9.939574581268404],[-84.06191061041665,9.939040313150139],[-84.06137364715777,9.93889460366334],[-84.06072929124713,9.938967458406738],[-84.0608366838989,9.937931302056162],[-84.06140944470836,9.932491481215635],[-84.06212539572019,9.93186816841099],[-84.06241177612492,9.931617224294836],[-84.06343200631677,9.930297743942148],[-84.064595426711,9.929059213304349],[-84.0658304422064,9.927456408949551],[-84.06530242833517,9.92724593969084],[-84.06449698344687,9.92717308494744],[-84.06320827162558,9.927148800032974],[-84.06263551081612,9.927375459234662],[-84.06202695245607,9.927213559804885],[-84.06178531898956,9.927472598892528],[-84.0612125581801,9.927594023464861],[-84.06071139247183,9.927634498322305],[-84.05964641534173,9.92767497317975],[-84.05875147657694,9.927472598892528],[-84.05727482761505,9.926493107342374],[-84.05675576313148,9.926217878311752],[-84.05617405293437,9.926395967684508],[-84.05554759579901,9.926768336372996],[-84.05478689784894,9.926395967684508],[-84.05334604643764,9.925845509623263],[-84.05256744971228,9.92586169956624],[-84.0516546121722,9.925238386761597],[-84.0516367133969,9.924445079555687],[-84.05166356155985,9.923821766751043],[-84.0516546121722,9.923295593604266],[-84.05164566278455,9.922704660685579],[-84.05153827013278,9.922364671883045],[-84.05123399095275,9.922308007082624],[-84.05085811667153,9.922607521027711],[-84.05051803994093,9.922793705371955],[-84.0501779632103,9.92255085622729],[-84.04950675913672,9.923125599203],[-84.04922932811964,9.923587012577865],[-84.04890715016431,9.923894621494444],[-84.04821804731542,9.924056520924221],[-84.04734100732593,9.924671738757375],[-84.04781532487127,9.923441303091066],[-84.04821804731542,9.922591331084734],[-84.04923827750727,9.920818532328669],[-84.04969469627731,9.92009807986616],[-84.0502137607609,9.919466672090026],[-84.05041959667679,9.91914287323047],[-84.05072387585682,9.918414325796471],[-84.05074177463212,9.917685778362472],[-84.05084021789624,9.917111035386762],[-84.05087601544683,9.916495817553606],[-84.05075967340741,9.915912979606407],[-84.05067017953094,9.915621560632808],[-84.05125188972805,9.915799650005564],[-84.05154721952043,9.915686320404719],[-84.05155616890808,9.915289666801764],[-84.05184254931281,9.915071102571565],[-84.05221842359401,9.914771588626476],[-84.05254955093699,9.914455884738409],[-84.05223632236931,9.914188750679276],[-84.05224527175696,9.913792097076321],[-84.05223632236931,9.913419728387833],[-84.05220947420636,9.912755940725745],[-84.05211998032989,9.912019298320256],[-84.05196784073988,9.91126646597179],[-84.05156511829573,9.910635058195657],[-84.05150247258219,9.91003603030548],[-84.05084021789624,9.909874130875703],[-84.0508312685086,9.909210343213616],[-84.05082231912095,9.908570840465993],[-84.0505538374915,9.907996097490283],[-84.05015111504736,9.907129935540972],[-84.04947991097377,9.906012829475507],[-84.04920247995669,9.905300471984486],[-84.0491845811814,9.904806678723665],[-84.04879975751253,9.90454763963602],[-84.04826279425366,9.904223840776465],[-84.04758264079243,9.904021466489242],[-84.0476721346689,9.903778617344576],[-84.04798536323658,9.903074354825044],[-84.04842388323132,9.903098639739511],[-84.04898769465314,9.903381963741621],[-84.04895189710254,9.902726271051021],[-84.04882660567547,9.902418662134444],[-84.04871026363605,9.90209486327489],[-84.0486834154731,9.901827729215757],[-84.0487729093496,9.90158488007109],[-84.04910403669255,9.90165773481449],[-84.04955150607495,9.901617259957046],[-84.04971259505261,9.901317746011957],[-84.04994527913146,9.901131561667713],[-84.05033905218797,9.90085633263709],[-84.0505538374915,9.90057300863498],[-84.0510013068739,9.900743003036247],[-84.05130558605393,9.900969662237936],[-84.05151142196983,9.901196321439624],[-84.05175305543632,9.901382505783868],[-84.05205733461635,9.901520120299178],[-84.05283593134172,9.901665829785978],[-84.05298807093173,9.902054388417445],[-84.05329235011176,9.902078673331912],[-84.05353398357825,9.901852014130222],[-84.05381141459533,9.90144726555578],[-84.05409779500006,9.901819634244267],[-84.05419623826418,9.902102958246378],[-84.05433047907891,9.902345807391045],[-84.0545721125454,9.902483421906355],[-84.05489429050073,9.902418662134444],[-84.05516277213016,9.902135338132334],[-84.0553775574337,9.90187629904469],[-84.0556012921249,9.901398695726845],[-84.05577133049022,9.901050611952824],[-84.05605771089495,9.901074896867291],[-84.05643358517615,9.90114775161069],[-84.05729272639034,9.900993947152402],[-84.05738222026683,9.90064586337838],[-84.05780284148628,9.900305874575846],[-84.05806237372806,9.900524438806046],[-84.05794603168864,9.900904902466024],[-84.05801762678982,9.90130155606898],[-84.05859038759928,9.90144726555578],[-84.05966431411703,9.90180344430129],[-84.0602191761512,9.902005818588512],[-84.06055925288182,9.90224057276169],[-84.06095302593832,9.902515801792312],[-84.06135574838247,9.902515801792312],[-84.06191061041665,9.902297237562111],[-84.0622596365349,9.902491516877845],[-84.06301138509733,9.9025238967638],[-84.06331566427735,9.902677701222089],[-84.06351255080561,9.90288007550931],[-84.06406741283978,9.90317149448291],[-84.06456857854805,9.903519578256931],[-84.06506974425633,9.903689572658198],[-84.06577674588051,9.90375433243011],[-84.06632265852703,9.903746237458622],[-84.06633160791468,9.904150986033065],[-84.06590203730758,9.904385740206243],[-84.06616156954937,9.904652874265375],[-84.06652849444293,9.904628589350908],[-84.06694911566238,9.90447478489262],[-84.06726234423006,9.904385740206243],[-84.06745028137067,9.904612399407931],[-84.06765611728656,9.905268092098531],[-84.06766506667421,9.905753790387863],[-84.06786195320247,9.906255678620173],[-84.06841681523663,9.906482337821862],[-84.0689537784955,9.906652332223128],[-84.06961603318145,9.906595667422707],[-84.07004560378854,9.906393293135485],[-84.0704125286821,9.906385198163996],[-84.07068995969918,9.906417578049952],[-84.0710837327557,9.906247583648685],[-84.07153120213809,9.906045209361462],[-84.07203236784636,9.90614234901933],[-84.0718533800934,9.906798041709928],[-84.07169229111575,9.907194695312883],[-84.0714596070369,9.907639918744772],[-84.07114637846922,9.907915147775395],[-84.07120007479512,9.908336086292817],[-84.07186232948105,9.90866798012386],[-84.07227400131286,9.90830370640686],[-84.0724887866164,9.90801228743326],[-84.07279306579643,9.907882767889438],[-84.07347321925766,9.908141806977083],[-84.07389384047711,9.908319896349838],[-84.07421601843244,9.90794752766135],[-84.07443975312364,9.907486114286483],[-84.07456504455071,9.907089460683528],[-84.07471718414072,9.906854706510352],[-84.0752362486243,9.90664423725164],[-84.07573741433258,9.906530907650795],[-84.07618488371497,9.906449957935907],[-84.07656075799618,9.90643376799293],[-84.0769366322774,9.906441862964417],[-84.07775997594099,9.906020924446997],[-84.07809110328397,9.90584283507424],[-84.07851172450341,9.905211427298108],[-84.07852962327871,9.904879533467064],[-84.078395382464,9.904604304436441],[-84.07821639471103,9.904296695519864],[-84.07812690083455,9.904045751403709],[-84.07828798981221,9.90368147768671],[-84.07868176286873,9.903252444197799],[-84.07903973837463,9.903001500081643],[-84.07943351143113,9.902985310138666],[-84.07950510653232,9.903292919055243],[-84.07973779061116,9.903568148085865],[-84.08003312040354,9.903851472087977],[-84.0804358428477,9.904021466489242],[-84.08078486896596,9.90396480168882],[-84.08097280610657,9.90375433243011],[-84.08146502242721,9.903576243057355],[-84.08187669425901,9.903705762601177],[-84.08228836609081,9.903746237458622],[-84.08291482322616,9.90382718717351],[-84.08328174811972,9.903576243057355],[-84.0831833048556,9.90302578499611],[-84.083147507305,9.902742460994],[-84.08353233097385,9.902782935851445],[-84.08409614239567,9.903211969340354],[-84.08434672524982,9.903479103399487],[-84.08493738483457,9.903284824083755],[-84.0850179293234,9.902952930252711],[-84.0850358280987,9.902612941450178],[-84.08520586646401,9.902256762704667],[-84.0854653987058,9.902192002932756],[-84.08617240032997,9.901868204073201],[-84.08661986971237,9.901544405213645],[-84.08686150317887,9.901431075612802],[-84.08718368113418,9.901714399614912],[-84.08726422562302,9.90209486327489],[-84.08759535296598,9.902434852077421],[-84.08790858153365,9.902329617448066],[-84.08820391132603,9.902111053217867],[-84.08849029173076,9.901673924757468],[-84.0887766721355,9.901277271154513],[-84.08917044519201,9.900872522580068],[-84.08962686396205,9.900775382922202],[-84.09007433334443,9.900653958349869],[-84.09028911864799,9.900419204176691],[-84.0904233594627,9.899957790801825],[-84.0908171325192,9.899998265659269],[-84.091076664761,9.900540628749024],[-84.09138989332867,9.901042516981335],[-84.09167627373341,9.901406790698335],[-84.09222218637993,9.901560595156623],[-84.09306342881882,9.901771064415334],[-84.09394046880831,9.901997723617022],[-84.09452217900542,9.902135338132334],[-84.09469221737073,9.902394377219977],[-84.09509493981489,9.902791030822932],[-84.09538132021962,9.90339005871311],[-84.09547081409609,9.903835282144998],[-84.09549766225904,9.904296695519864],[-84.09556925736022,9.90505762283982],[-84.0958466883773,9.905599985929575],[-84.09622256265851,9.905980449589551],[-84.0966700320409,9.905956164675086],[-84.09701905815918,9.905802360216796],[-84.09743072999098,9.905624270844042],[-84.09786924998572,9.905527131186174],[-84.09832566875576,9.905616175872552],[-84.09867469487403,9.906158538962307],[-84.0985941503852,9.906700902052062],[-84.09838831446929,9.907575158972861],[-84.09925640507115,9.907979907547306],[-84.09969492506589,9.908384656121749],[-84.09975757077942,9.908910829268526],[-84.10051826872949,9.90923462812808],[-84.10128791606721,9.909153678413192],[-84.10170853728665,9.908878449382572],[-84.10227234870847,9.908781309724704],[-84.1025945266638,9.908773214753216],[-84.10351631359151,9.908862259439593],[-84.10402642868745,9.909186058299149],[-84.10448284745749,9.909582711902104],[-84.10464393643515,9.909866035904214],[-84.10520774785697,9.90983365601826],[-84.10572681234054,9.91018983476377],[-84.10573576172818,9.910829337511391],[-84.10574471111583,9.911460745287524],[-84.10618323111058,9.912100248035145],[-84.10721241069008,9.912108343006635],[-84.10820579271899,9.912391667008745],[-84.10843847679784,9.91294212506999],[-84.10887699679259,9.913840666905255],[-84.10979878372031,9.914034946220987],[-84.11033574697919,9.914488264624365],[-84.11054158289508,9.915095387486032],[-84.11060422860862,9.91611535389363],[-84.11100695105277,9.916965325899962],[-84.11188399104226,9.917685778362472],[-84.11251939756526,9.918309091167115],[-84.11295791756001,9.919353342489181],[-84.11309215837473,9.920122364780626],[-84.11342328571769,9.920988526729936],[-84.11384390693715,9.92182230879329],[-84.1141929330554,9.922728945600046],[-84.1141929330554,9.923433208119578],[-84.11444351590954,9.924177945496554],[-84.11494468161783,9.925100772246287],[-84.11534740406198,9.926031693967508],[-84.11567853140495,9.926638816829174],[-84.11625129221441,9.927343079348706],[-84.11657347016974,9.92788544243846],[-84.11715518036685,9.92868684461586],[-84.11790692892927,9.92940729707837],[-84.11831860076107,9.930127749540882],[-84.11866762687933,9.930160129426836],[-84.11889136157053,9.930832012060414],[-84.1190345517729,9.931358185207191],[-84.11941937544175,9.931333900292724],[-84.11983104727355,9.93086439194637],[-84.12048435257185,9.930370598685547],[-84.12094077134189,9.930143939483859],[-84.12118240480838,9.92969871605197],[-84.12162092480312,9.930443453428948],[-84.12220263500024,9.930734872402548],[-84.12221158438788,9.931228665663369],[-84.12206839418552,9.93157674943739],[-84.1219520521461,9.932151492413102],[-84.12188045704491,9.932766710246256],[-84.12179991255609,9.933195743735167],[-84.12164777296607,9.933956671055121],[-84.12163882357842,9.934466654258921],[-84.12253376234321,9.934426179401477],[-84.12290963662441,9.934774263175498],[-84.12299018111325,9.93555947540992],[-84.12324971335504,9.935891369240965],[-84.12403725946805,9.936118028442653],[-84.12534387006464,9.936344687644342],[-84.12547811087936,9.936692771418363],[-84.12568394679525,9.93714608982174],[-84.12621196066648,9.937275609365562],[-84.12714269698185,9.937283704337052],[-84.12776020472955,9.937631788111073],[-84.12848510512903,9.937858447312761],[-84.12968432307385,9.937890827198718],[-84.13037342592273,9.937898922170206],[-84.13168003651931,9.93815796125785],[-84.13351466098713,9.938271290858696],[-84.13484811974666,9.93895126846376],[-84.13638741442209,9.939056503093116],[-84.13815044378872,9.939080788007583],[-84.13943020622236,9.939857905270514],[-84.14084420947071,9.940602642647493],[-84.14189128782552,9.941169290651715],[-84.14288466985442,9.94133928505298],[-84.14360062086625,9.941833078313802],[-84.144039140861,9.942440201175469],[-84.14433447065338,9.94278828494949],[-84.14479088942342,9.94322541340989],[-84.14475509187284,9.943670636841778],[-84.14447766085574,9.943800156385599],[-84.14425392616455,9.943970150786866],[-84.14419128045101,9.944350614446844],[-84.14462980044576,9.944747268049799],[-84.14530100451935,9.944731078106821],[-84.14607960124471,9.944941547365532],[-84.14672395715536,9.945046781994888],[-84.14685819797008,9.94546772051231],[-84.14732356612777,9.946244837775241],[-84.14758309836955,9.946641491378196],[-84.14821850489255,9.94698148018073],[-84.14943562161265,9.947110999724552],[-84.15029476282686,9.94756431812793],[-84.15097491628809,9.948381910248306],[-84.15128814485577,9.949183312425705],[-84.15131499301872,9.950251848662237],[-84.1520219946429,9.951069440782614],[-84.15314066809887,9.951490379300036],[-84.15443832930781,9.951733228444702],[-84.15542276194907,9.952445585935724],[-84.1559686745956,9.953400792571411],[-84.15695310723686,9.9539188707467],[-84.157839096614,9.955092641612588],[-84.1588324786429,9.955707859445743],[-84.15995115209888,9.955885948818498],[-84.16108772433017,9.955861663904031],[-84.16200951125789,9.95630688733592],[-84.16311923532623,9.95695448505503],[-84.16366514797275,9.956914010197586],[-84.16416631368102,9.956938295112053],[-84.1647032769399,9.957140669399275],[-84.16546397488997,9.958136350892406],[-84.16588459610942,9.95912393741405],[-84.16641260998064,9.960176283707604],[-84.16716435854306,9.961163870229248],[-84.16787136016724,9.962272881323225],[-84.16783556261665,9.963284752759334],[-84.16830988016198,9.963802830934624],[-84.1694733005562,9.964620423054999],[-84.17069936666397,9.965227545916665],[-84.17188963522113,9.965518964890265],[-84.17320519520537,9.966700830727643],[-84.17410013397014,9.96750223290504],[-84.175120364162,9.968263160224996],[-84.17572892252205,9.968287445139463],[-84.17774253474282,9.968174115538618],[-84.1790491453394,9.968514104341152],[-84.18001567920538,9.968918852915595],[-84.1794966147218,9.970230238296793],[-84.17853008085584,9.970303093040194],[-84.1782437004511,9.970804981272504],[-84.17767093964164,9.971209729846949],[-84.17559468170734,9.972213506311569],[-84.17508456661142,9.972173031454124],[-84.17353632254833,9.971954467223926],[-84.17316044826713,9.971468768934592],[-84.17277562459826,9.970966880702282],[-84.17232815521588,9.970375947783594],[-84.17154060910286,9.969372171318973],[-84.17092310135516,9.968716478628373],[-84.17027874544452,9.967704607192264],[-84.16870365321849,9.965680864320044],[-84.16811299363373,9.965575629690688],[-84.16780871445371,9.965891333578753],[-84.16757603037486,9.966393221811064],[-84.1672091054813,9.966603691069775],[-84.1666094965089,9.966587501126797],[-84.16518654387288,9.96641750672553],[-84.16464063122636,9.966255607295754],[-84.16392468021454,9.96649845644042],[-84.16333402062978,9.96656321621233],[-84.16285970308444,9.96621513243831],[-84.1621974483985,9.966287987181708],[-84.1615620418755,9.966547026269353],[-84.16088188841427,9.966887015071887],[-84.16011224107655,9.96672511564211],[-84.15909201088469,9.967340333475263],[-84.15830446477169,9.967850316679064],[-84.15705155050098,9.968489819426685],[-84.15625505500033,9.968813618286239],[-84.15545855949966,9.969339791433017]]]}},{"type":"Feature","properties":{"Conurbanos":"Este"},"geometry":{"type":"Polygon","coordinates":[[[-83.95660316596434,9.949499016313771],[-83.9565584190261,9.94878665882275],[-83.956128848419,9.94899712808146],[-83.95555608760954,9.948519524763617],[-83.95543974557012,9.947289089097307],[-83.9550996688395,9.94640673720502],[-83.95475959210887,9.945046781994888],[-83.95458955374356,9.944221094903021],[-83.95441056599061,9.943241603352867],[-83.95436581905237,9.942343061517601],[-83.95439266721532,9.941088340936824],[-83.95385570395644,9.94127452528107],[-83.95308605661873,9.941606419112114],[-83.95243275132043,9.94185736322827],[-83.9517346990839,9.942229731916758],[-83.95150201500506,9.94185736322827],[-83.95097400113383,9.941970692829113],[-83.95041018971202,9.941744033627424],[-83.95059812685263,9.941153100708735],[-83.95061602562792,9.940537882875581],[-83.95024910073435,9.939995519785827],[-83.94935416196957,9.93931554218076],[-83.94848607136773,9.938773179091005],[-83.94811019708652,9.937955586970629],[-83.94858451463186,9.937421318852362],[-83.94862926157009,9.93678991107623],[-83.9492467693178,9.935284246379299],[-83.94983742890255,9.9340457157415],[-83.95037439216142,9.932855754932634],[-83.95099189990913,9.932321486814368],[-83.95200318071333,9.931609129323347],[-83.9531934492705,9.93114771594848],[-83.95455375619298,9.930694397545103],[-83.95576192352543,9.930678207602126],[-83.95656736841374,9.93006298976897],[-83.95742650962794,9.929447771935816],[-83.95771289003267,9.92861398987246],[-83.95772183942032,9.927731637980173],[-83.95764129493148,9.92659834197173],[-83.95751600350441,9.92572408505093],[-83.95702378718379,9.92348987292],[-83.95739966146499,9.922057062966468],[-83.9575339022797,9.921798023878823],[-83.95797242227445,9.920996621701425],[-83.95816930880271,9.920608063069958],[-83.95814246063976,9.919871420664471],[-83.95751600350441,9.919272392774293],[-83.95671055861611,9.918843359285383],[-83.95606620270546,9.918349566024562],[-83.95497437741243,9.917289124759517],[-83.95442846476591,9.916657716983385],[-83.95357827293935,9.916058689093207],[-83.95287127131517,9.915961549435341],[-83.95299656274224,9.91539490143112],[-83.95357827293935,9.915354426573675],[-83.95438371782767,9.915079197543053],[-83.9544463635412,9.902491516877845],[-83.95523390965421,9.901609164985556],[-83.95631678555961,9.901382505783868],[-83.95729226881322,9.901115371724735],[-83.95772183942032,9.900807762808157],[-83.9586525757357,9.900589198577958],[-83.95934167858458,9.900192544975003],[-83.95927903287104,9.899723036628647],[-83.95909109573044,9.899253528282292],[-83.959458020624,9.898751640049982],[-83.95885841165159,9.898144517188316],[-83.95870627206158,9.897383589868362],[-83.95928798225869,9.89725407032454],[-83.95969965409049,9.897003126208384],[-83.96000393327051,9.896355528489273],[-83.96049614959115,9.896889796607539],[-83.96098836591179,9.89745644461176],[-83.96140898713124,9.897853098214716],[-83.96182065896303,9.898363081418516],[-83.9625813569131,9.89854117079127],[-83.96267980017723,9.897505014440695],[-83.96249186303662,9.896646947462873],[-83.96231287528366,9.895675550884206],[-83.96218758385659,9.894987478307652],[-83.96242921732309,9.894558444818742],[-83.96294828180666,9.893983701843032],[-83.96285878793019,9.89356276332561],[-83.96263505323898,9.8930608750933],[-83.9625813569131,9.892445657260144],[-83.96219653324424,9.891992338856767],[-83.961999646716,9.891336646166167],[-83.96200859610364,9.890931897591724],[-83.96271559772782,9.891004752335123],[-83.96330625731258,9.891223316565323],[-83.96361053649261,9.890875232791302],[-83.96416539852677,9.890284299872613],[-83.96489029892625,9.889774316668813],[-83.96552570544924,9.88936147312288],[-83.96621480829813,9.888972914491415],[-83.9669576074729,9.888908154719504],[-83.96769145726003,9.888997199405882],[-83.96851480092363,9.888924344662481],[-83.96896227030602,9.88901338934886],[-83.96980351274492,9.888891964776526],[-83.97034047600378,9.888317221800815],[-83.97077004661088,9.88749153470895],[-83.97100273068973,9.886333953786039],[-83.97146809884742,9.885362557207374],[-83.97208560659512,9.884415445543175],[-83.97281050699459,9.883686898109175],[-83.97352645800643,9.883015015475598],[-83.97423345963061,9.882723596501998],[-83.97519999349657,9.882254088155644],[-83.97613072981196,9.881873624495666],[-83.97698987102615,9.881995049068],[-83.97775056897622,9.882310752956066],[-83.97843072243745,9.88271550153051],[-83.97906612896045,9.883015015475598],[-83.97964783915756,9.883565473536843],[-83.98022059996703,9.883792132738531],[-83.98047118282116,9.88388117742491],[-83.98150036240067,9.883792132738531],[-83.98244004810368,9.88380022771002],[-83.98335288564377,9.883775942795554],[-83.98439101461092,9.883694993080665],[-83.98514276317334,9.883808322681508],[-83.98569762520751,9.883703088052153],[-83.98631513295521,9.883427859021532],[-83.98720112233235,9.882772166330932],[-83.9878275794677,9.882343132842022],[-83.98856142925482,9.881970764153532],[-83.98932212720489,9.881833149638222],[-83.99024391413262,9.881355546320378],[-83.99129099248742,9.881039842432312],[-83.99209643737572,9.880788898316156],[-83.99297347736521,9.880465099456602],[-83.99411004959649,9.88004416093918],[-83.99526452060307,9.879663697279202],[-83.9963384471208,9.879194188932848],[-83.99685751160439,9.879906546423868],[-83.99747501935208,9.88004416093918],[-83.99793143812212,9.881072222318268],[-83.99810147648743,9.881282691576978],[-83.9982625654651,9.881493160835689],[-83.9986384397463,9.881638870322488],[-83.99892482015103,9.881614585408023],[-83.99939018830872,9.881646965293978],[-84.00012403809585,9.881679345179933],[-84.00058045686589,9.881800769752267],[-84.00084893849532,9.881800769752267],[-84.00120691400124,9.881784579809288],[-84.00144854746773,9.881727915008867],[-84.00180652297365,9.881719820037377],[-84.00229873929428,9.881946479239067],[-84.00217344786721,9.882173138440756],[-84.00211080215368,9.882456462442866],[-84.00207500460309,9.88286121101731],[-84.00206605521544,9.883160724962398],[-84.00215554909191,9.883516903707909],[-84.00251352459783,9.883549283593865],[-84.00269251235079,9.883306434449198],[-84.00293414581728,9.883241674677288],[-84.00332791887378,9.883371194221109],[-84.00356955234028,9.883452143935997],[-84.00382013519442,9.883605948394287],[-84.00420495886327,9.88380022771002],[-84.00442869355447,9.883962127139798],[-84.0046971751839,9.884213071255953],[-84.00486721354922,9.884391160628708],[-84.00508199885276,9.884844479032086],[-84.00526098660572,9.885257322578019],[-84.00547577190927,9.885330177321418],[-84.00573530415106,9.885265417549508],[-84.00599483639284,9.88516827789164],[-84.00625436863463,9.88516827789164],[-84.00653179965171,9.885346367264397],[-84.00700611719705,9.885500171722684],[-84.00735514331532,9.885597311380552],[-84.00758782739416,9.885621596295017],[-84.00799054983831,9.885670166123951],[-84.00801739800126,9.88590492029713],[-84.00814268942833,9.886099199612863],[-84.00829482901834,9.886495853215818],[-84.0084738167713,9.886932981676217],[-84.00866175391191,9.887151545906416],[-84.0088496910525,9.887434869908528],[-84.00907342574371,9.887677719053194],[-84.0092971604349,9.887839618482971],[-84.00957459145198,9.888074372656149],[-84.00990571879495,9.888317221800815],[-84.01015630164909,9.888543881002503],[-84.01050532776736,9.888535786031015],[-84.01080065755974,9.888608640774414],[-84.01112283551507,9.888681495517815],[-84.01163295061099,9.888730065346747],[-84.01165084938629,9.888972914491415],[-84.01141816530745,9.889199573693103],[-84.01102439225093,9.889410042951814],[-84.01069326490797,9.889596227296058],[-84.01069326490797,9.889822886497747],[-84.01085435388563,9.890219540100702],[-84.01108703796447,9.890527149017279],[-84.01108703796447,9.890923802620234],[-84.0109438477621,9.891255696451278],[-84.01074696123385,9.891814249484012],[-84.01071116368327,9.892146143315056],[-84.01064851796973,9.892656126518855],[-84.01042478327854,9.893433243781788],[-84.0103263400144,9.893837992356232],[-84.0103263400144,9.894299405731097],[-84.01026369430087,9.894720344248519],[-84.0103800363403,9.895278897281251],[-84.01060377103148,9.895343657053163],[-84.01098859470035,9.895546031340386],[-84.01134657020626,9.89558650619783],[-84.01152555795922,9.895424606768053],[-84.01169559632453,9.89522223248083],[-84.01185668530219,9.894979383336164],[-84.01208936938103,9.894728439220009],[-84.01246524366225,9.89450178001832],[-84.01258158570167,9.894712249277031],[-84.01260843386461,9.894955098421697],[-84.01272477590403,9.895270802309764],[-84.01275162406698,9.895546031340386],[-84.0128500673311,9.895845545285473],[-84.01284111794345,9.89616934414503],[-84.01312749834818,9.896120774316095],[-84.01357496773058,9.896201724030984],[-84.01353022079233,9.896436478204162],[-84.01371815793294,9.896744087120739],[-84.01414772854004,9.897116455809227],[-84.01444305833242,9.897237880381562],[-84.01469364118655,9.897294545181984],[-84.01499792036658,9.897375494896872],[-84.01549013668722,9.897440254668783],[-84.01583021341784,9.897529299355162],[-84.01618818892375,9.897642628956005],[-84.01644772116553,9.897691198784939],[-84.01680569667145,9.897731673642383],[-84.01716367217736,9.897658818898982],[-84.01744110319444,9.897496919469205],[-84.01780802808801,9.897213595467095],[-84.0180317627792,9.896873606664562],[-84.01818390236922,9.896574092719472],[-84.01844343461102,9.896258388831408],[-84.0187208656281,9.896007444715252],[-84.01919518317342,9.895796975456541],[-84.01939206970168,9.89557841122634],[-84.01958895622994,9.89544079671103],[-84.01961580439288,9.895173662651898],[-84.01942786725228,9.89479319899192],[-84.01961580439288,9.894477495103853],[-84.0199379823482,9.894372260474498],[-84.02029595785412,9.894323690645564],[-84.02071657907356,9.894590824704697],[-84.02070762968592,9.895189852594875],[-84.02073447784886,9.895465081625497],[-84.02089556682652,9.895748405627607],[-84.02099401009065,9.895966969857806],[-84.02114614968066,9.896323148603317],[-84.02110140274242,9.89659837763394],[-84.020985060703,9.897075980951783],[-84.0213788337595,9.896914081522006],[-84.0215846696754,9.897205500495605],[-84.0216025684507,9.897642628956005],[-84.0216562647766,9.898079757416404],[-84.02175470804072,9.898379271361494],[-84.0224438108896,9.898573550677227],[-84.02260489986726,9.898759735021471],[-84.0226496468055,9.899010679137627],[-84.02303447047436,9.899374952854625],[-84.02344614230616,9.89919686348187],[-84.02349983863205,9.899617801999291],[-84.0238846623009,9.899965885773314],[-84.02428738474507,9.900265399718402],[-84.02446637249801,9.900435394119668],[-84.0245021700486,9.900678243264336],[-84.02426053658212,9.900921092409002],[-84.02404575127856,9.901172036525157],[-84.02417104270563,9.901487740413224],[-84.02426053658212,9.90173058955789],[-84.02426948596977,9.901997723617022],[-84.02434108107094,9.902337712419556],[-84.02460061331273,9.9024510420204],[-84.02485119616688,9.902353902362533],[-84.02507493085807,9.902183907961266],[-84.02533446309985,9.901932963845113],[-84.02562979289223,9.901706304643422],[-84.0260325153364,9.901787254358311],[-84.02613990798817,9.902192002932756],[-84.02617570553876,9.9024510420204],[-84.02622940186464,9.902782935851445],[-84.02625625002759,9.9030338799676],[-84.02630099696583,9.903333393912687],[-84.0264441871682,9.90368147768671],[-84.026855859,9.903479103399487],[-84.02689165655059,9.903252444197799],[-84.02698115042706,9.903009595053133],[-84.02722278389355,9.902766745908467],[-84.0276613038883,9.902580561564221],[-84.0279208361301,9.902515801792312],[-84.02838620428777,9.902345807391045],[-84.0287262810184,9.902418662134444],[-84.02874417979369,9.902742460994],[-84.0289500157096,9.902993405110156],[-84.0293795863167,9.902969120195689],[-84.02985390386202,9.902855790594844],[-84.03027452508147,9.902863885566333],[-84.03073094385151,9.902912455395267],[-84.03120526139685,9.903082449796532],[-84.03150059118923,9.903349583855666],[-84.03182276914455,9.903592433000332],[-84.03163483200395,9.90382718717351],[-84.0314379454757,9.904053846375199],[-84.0314379454757,9.904304790491354],[-84.03153638873982,9.904539544664532],[-84.0318317185322,9.904814773695152],[-84.031607983841,9.90505762283982],[-84.0314021479251,9.90534094684193],[-84.03158113567807,9.905648555758507],[-84.03175117404336,9.90599663953253],[-84.03184066791985,9.906393293135485],[-84.03176012343101,9.906773756795461],[-84.03218969403811,9.907040890854596],[-84.0331025315782,9.906951846168218],[-84.03333521565705,9.90706517576906],[-84.03365739361236,9.907299929942239],[-84.03401536911828,9.907526589143927],[-84.0343375470736,9.907672298630727],[-84.03465077564127,9.90766420365924],[-84.03496400420894,9.907445639429039],[-84.03534882787781,9.907308024913728],[-84.03566205644549,9.907308024913728],[-84.03605582950199,9.90737278468564],[-84.03634220990672,9.907469924343506],[-84.03666438786205,9.907550874058394],[-84.03696866704207,9.907648013716262],[-84.03730874377268,9.907777533260083],[-84.03776516254273,9.907809913146039],[-84.03812313804865,9.90780181817455],[-84.03856165804339,9.907809913146039],[-84.03907177313931,9.908182281834527],[-84.03923286211698,9.908587030408972],[-84.03948344497111,9.908587030408972],[-84.03976982537584,9.908611315323437],[-84.04019939598294,9.908587030408972],[-84.04055737148886,9.908765119781727],[-84.0407900555677,9.908765119781727],[-84.04114803107362,9.908708454981305],[-84.04132701882658,9.908975589040438],[-84.0416312980066,9.909169868356171],[-84.04188188086074,9.909080823669793],[-84.04200717228781,9.908765119781727],[-84.04213246371488,9.908481795779617],[-84.0424546416702,9.90801228743326],[-84.04266047758611,9.907761343317105],[-84.042866313502,9.907502304229462],[-84.0433137828844,9.907121840569484],[-84.04358226451383,9.906806136681418],[-84.04400288573328,9.906733281938017],[-84.04438770940214,9.906895181367796],[-84.04480833062159,9.906968036111195],[-84.04507681225103,9.906854706510352],[-84.04515735673985,9.906628047308661],[-84.04502311592513,9.906417578049952],[-84.04487097633512,9.906231393705706],[-84.04508576163867,9.905883309931685],[-84.04544373714458,9.905802360216796],[-84.0457659150999,9.905535226157664],[-84.04567642122343,9.904887628438553],[-84.04571221877403,9.904231935747953],[-84.04591805468992,9.903980991631798],[-84.04609704244288,9.903770522373087],[-84.04660715753882,9.903940516774353],[-84.04698303182002,9.904037656432221],[-84.04734100732593,9.90425622066242],[-84.04758264079243,9.904021466489242],[-84.04826279425366,9.904223840776465],[-84.04879975751253,9.90454763963602],[-84.0491845811814,9.904806678723665],[-84.04920247995669,9.905300471984486],[-84.04947991097377,9.906012829475507],[-84.05015111504736,9.907129935540972],[-84.0505538374915,9.907996097490283],[-84.05082231912095,9.908570840465993],[-84.0508312685086,9.909210343213616],[-84.05084021789624,9.909874130875703],[-84.05150247258219,9.91003603030548],[-84.05156511829573,9.910635058195657],[-84.05196784073988,9.91126646597179],[-84.05211998032989,9.912019298320256],[-84.05220947420636,9.912755940725745],[-84.05223632236931,9.913419728387833],[-84.05224527175696,9.913792097076321],[-84.05223632236931,9.914188750679276],[-84.05254955093699,9.914455884738409],[-84.05221842359401,9.914771588626476],[-84.05184254931281,9.915071102571565],[-84.05155616890808,9.915289666801764],[-84.05154721952043,9.915686320404719],[-84.05125188972805,9.915799650005564],[-84.05067017953094,9.915621560632808],[-84.05075967340741,9.915912979606407],[-84.05087601544683,9.916495817553606],[-84.05084021789624,9.917111035386762],[-84.05074177463212,9.917685778362472],[-84.05072387585682,9.918414325796471],[-84.05041959667679,9.91914287323047],[-84.0502137607609,9.919466672090026],[-84.04969469627731,9.92009807986616],[-84.04923827750727,9.920818532328669],[-84.04821804731542,9.922591331084734],[-84.04781532487127,9.923441303091066],[-84.04734100732593,9.924671738757375],[-84.04821804731542,9.924056520924221],[-84.04890715016431,9.923894621494444],[-84.04922932811964,9.923587012577865],[-84.04950675913672,9.923125599203],[-84.0501779632103,9.92255085622729],[-84.05051803994093,9.922793705371955],[-84.05085811667153,9.922607521027711],[-84.05123399095275,9.922308007082624],[-84.05153827013278,9.922364671883045],[-84.05164566278455,9.922704660685579],[-84.0516546121722,9.923295593604266],[-84.05166356155985,9.923821766751043],[-84.0516367133969,9.924445079555687],[-84.0516546121722,9.925238386761597],[-84.05256744971228,9.92586169956624],[-84.05334604643764,9.925845509623263],[-84.05478689784894,9.926395967684508],[-84.05554759579901,9.926768336372996],[-84.05617405293437,9.926395967684508],[-84.05675576313148,9.926217878311752],[-84.05727482761505,9.926493107342374],[-84.05875147657694,9.927472598892528],[-84.05964641534173,9.92767497317975],[-84.06071139247183,9.927634498322305],[-84.0612125581801,9.927594023464861],[-84.06178531898956,9.927472598892528],[-84.06202695245607,9.927213559804885],[-84.06263551081612,9.927375459234662],[-84.06320827162558,9.927148800032974],[-84.06449698344687,9.92717308494744],[-84.06530242833517,9.92724593969084],[-84.0658304422064,9.927456408949551],[-84.064595426711,9.929059213304349],[-84.06343200631677,9.930297743942148],[-84.06241177612492,9.931617224294836],[-84.06212539572019,9.93186816841099],[-84.06140944470836,9.932491481215635],[-84.0608366838989,9.937931302056162],[-84.06072929124713,9.938967458406738],[-84.06137364715777,9.93889460366334],[-84.06191061041665,9.939040313150139],[-84.06212539572019,9.939574581268404],[-84.06156158429837,9.939356017038206],[-84.06102462103951,9.939364112009693],[-84.06075613941007,9.939987424814337],[-84.06062189859534,9.940408363331759],[-84.06028182186473,9.94004408961476],[-84.0597538079935,9.939922665042426],[-84.05907365453227,9.939987424814337],[-84.0582771590316,9.93996313989987],[-84.05782074026158,9.940100754415182],[-84.05766860067156,9.94075644710578],[-84.05723008067682,9.940829301849181],[-84.05696159904738,9.940594547676003],[-84.05697054843502,9.941161195680225],[-84.05701529537326,9.94163070402658],[-84.05643358517615,9.94177641351338],[-84.05609350844553,9.941760223570402],[-84.0556191909002,9.941363569967447],[-84.05504643009074,9.940926441507047],[-84.05478689784894,9.941015486193425],[-84.05472425213541,9.941460709625314],[-84.0545363149948,9.94199497774358],[-84.05439312479244,9.94235115648909],[-84.05409779500006,9.942164972144846],[-84.05340869215118,9.942391631346535],[-84.05297912154408,9.94214068723038],[-84.05273748807758,9.941970692829113],[-84.05231686685813,9.942448296146956],[-84.05185149870046,9.942755905063535],[-84.05128768727863,9.942958279350757],[-84.05066123014329,9.942966374322245],[-84.05032115341267,9.9432901731818],[-84.04967679750202,9.94322541340989],[-84.04900559342843,9.9432173184384],[-84.04894294771489,9.943516832383489],[-84.04905928975433,9.943905391014955],[-84.04922037873199,9.944569178677044],[-84.0491129860802,9.94510344679531],[-84.04864761792253,9.945581050113153],[-84.0478779705848,9.946091033316954],[-84.04723361467416,9.946787200864996],[-84.04659820815117,9.947726217557706],[-84.0464550179488,9.94843048007724],[-84.04608809305523,9.94885141859466],[-84.0464371191735,9.94951520625675],[-84.04649976488703,9.950348988320105],[-84.04568537061108,9.950867066495393],[-84.04517525551515,9.950413748092014],[-84.0451663061275,9.949766150372904],[-84.044772533071,9.949555681114195],[-84.04426241797508,9.950138519061394],[-84.0437254547162,9.94972567551546],[-84.04341222614852,9.949458541456327],[-84.0424367428949,9.94957996602866],[-84.04212351432723,9.950219468776282],[-84.04147915841659,9.95024375369075],[-84.04136281637716,9.950867066495393],[-84.040807954343,9.951012775982193],[-84.04044997883709,9.95189512787448],[-84.04013675026941,9.951773703302147],[-84.03985036986468,9.95153894912897],[-84.03924181150462,9.951417524556636],[-84.03881224089753,9.950972301124748],[-84.03808734049805,9.950713262037103],[-84.0380783911104,9.949976619631615],[-84.03740718703682,9.949272357112083],[-84.03674493235087,9.949409971627395],[-84.03648540010909,9.949094267739328],[-84.03610057644023,9.94972567551546],[-84.03569785399607,9.949717580543972],[-84.03530408093957,9.949175217454217],[-84.03463287686598,9.949207597340171],[-84.03440019278713,9.949741865458439],[-84.03386322952827,9.949895669916726],[-84.03343365892117,9.949248072197616],[-84.03299513892642,9.949256167169105],[-84.03232393485283,9.948908083395084],[-84.03184066791985,9.948479049906172],[-84.0316258826163,9.947734312529196],[-84.03139319853746,9.94728099412582],[-84.03079358956505,9.94712718966753],[-84.03029242385676,9.947726217557706],[-84.02974651121025,9.947580508070907],[-84.02875312918134,9.94762907789984],[-84.02803717816951,9.948025731502796],[-84.02716013818002,9.948147156075128],[-84.02699009981471,9.947871927044506],[-84.02635469329171,9.947224329325396],[-84.02562979289223,9.946592921549264],[-84.02459166392508,9.947191949439441],[-84.02400995372797,9.946382452290553],[-84.02400995372797,9.945815804286331],[-84.02336559781733,9.945831994229309],[-84.02239011456372,9.945848184172286],[-84.02119984600655,9.946155793088865],[-84.02037650234294,9.946584826577775],[-84.01889090399341,9.946633396406709],[-84.01740530564386,9.946277217661198],[-84.01593760606961,9.94588865902973],[-84.01474733751245,9.945581050113153],[-84.01396874078708,9.945864374115265],[-84.01337808120232,9.946317692518642],[-84.01282321916815,9.946851960636907],[-84.01198197672926,9.946771010922019],[-84.00827693024304,9.948341435390862],[-84.00723880127589,9.94936140179846],[-83.99828941362804,9.9537731612599],[-83.99778824791976,9.954056485262011],[-83.99709019568323,9.954493613722411],[-83.99622210508139,9.95500359692621],[-83.99524662182777,9.95551358013001],[-83.99460226591712,9.955974993504876],[-83.9930271736911,9.95710828951332],[-83.99219488063986,9.957626367688608],[-83.99214118431397,9.952728909937834],[-83.99171161370687,9.952332256334879],[-83.99135363820095,9.952283686505947],[-83.99149682840331,9.951870842960014],[-83.99145208146508,9.95132038489877],[-83.99070928229031,9.951377049699191],[-83.99008282515496,9.951449904442592],[-83.9895100643455,9.951919412788946],[-83.98901784802486,9.952081312218723],[-83.98858827741776,9.952202736791058],[-83.9882571500748,9.952745099880813],[-83.98802446599595,9.952971759082502],[-83.9882213525242,9.953271273027589],[-83.98794392150712,9.9533360327995],[-83.98730851498412,9.953327937828012],[-83.9871742741694,9.95306080376888],[-83.98683419743878,9.953012233939946],[-83.9867983998882,9.953465552343323],[-83.98644042438228,9.9535545970297],[-83.98577816969635,9.953506027200767],[-83.98545599174102,9.953174133369723],[-83.98497272480803,9.952639865251458],[-83.98460579991448,9.95241320604977],[-83.98442681216152,9.952923189253568],[-83.98394354522853,9.952971759082502],[-83.98340658196966,9.95276128982379],[-83.98310230278963,9.952987949025479],[-83.9827980236096,9.952858429481656],[-83.98256533953077,9.952704625023369],[-83.9822163134125,9.952882714396123],[-83.98196573055836,9.953279367999079],[-83.98158985627714,9.953327937828012],[-83.98117818444534,9.95335222274248],[-83.98076651261354,9.953538407086723],[-83.98024744812996,9.953724591430968],[-83.97990737139935,9.954161719891367],[-83.97975523180934,9.953910775775212],[-83.97915562283693,9.953748876345434],[-83.97876184978043,9.953797446174367],[-83.97818013958332,9.9535545970297],[-83.97777741713915,9.953319842856523],[-83.97732099836912,9.95306080376888],[-83.97683773143613,9.952672245137412],[-83.97630076817727,9.95261558033699],[-83.9759338432837,9.952817954624212],[-83.9754863739013,9.952599390394013],[-83.97494941064244,9.952656055194435],[-83.9744929918724,9.952955569139524],[-83.97349960984349,9.952486060793168],[-83.97335641964112,9.951797988216613],[-83.97284630454519,9.951708943530235],[-83.96764671032179,9.95175751335917],[-83.96701130379878,9.95225940159148],[-83.96656383441639,9.953020328911434],[-83.96597317483163,9.953546502058211],[-83.96524827443216,9.953595071887145],[-83.96416539852677,9.953441267428856],[-83.9637984736332,9.953117468569301],[-83.96307357323373,9.953028423882923],[-83.9623397234466,9.953400792571411],[-83.96162377243478,9.954056485262011],[-83.96117630305238,9.954631228237721],[-83.96078252999588,9.955108831555565],[-83.96016502224818,9.95565119464532],[-83.95956541327577,9.955545960015964],[-83.95866152512333,9.955610719787876],[-83.95660316596434,9.949499016313771]]]}},{"type":"Feature","properties":{"Conurbanos":"Heredia"},"geometry":{"type":"Polygon","coordinates":[[[-84.0282967104113,10.06018156148123],[-84.02049284438237,10.052717997768482],[-84.01923098072402,10.05281513742635],[-84.01910568929695,10.05258847822466],[-84.01889090399341,10.052256584393616],[-84.01865821991456,10.052029925191928],[-84.01814810481864,10.05158470176004],[-84.01734265993032,10.051285187814951],[-84.01693993748617,10.05107471855624],[-84.01675200034556,10.050880439240506],[-84.0164029742273,10.05057283032393],[-84.01625978402494,10.050249031464375],[-84.01605394810903,10.04998189740524],[-84.01577651709195,10.049439534315486],[-84.01561542811429,10.049107640484442],[-84.0155438330131,10.048889076254243],[-84.0153558958725,10.048581467337666],[-84.01520375628249,10.048306238307044],[-84.01501581914188,10.048022914304932],[-84.0147204893495,10.047658640587933],[-84.01455045098419,10.047440076357733],[-84.01435356445594,10.046938188125422],[-84.01426407057946,10.046638674180334],[-84.01419247547828,10.046428204921623],[-84.01418352609063,10.046047741261646],[-84.0142730199671,10.045626802744223],[-84.01428196935476,10.04528681394169],[-84.01438936200653,10.044963015082136],[-84.01448780527066,10.044444936906848],[-84.01442515955712,10.043967333589004],[-84.01437146323124,10.043740674387315],[-84.01417457670298,10.043352115755848],[-84.01398663956238,10.043020221924804],[-84.01379870242177,10.042672138150783],[-84.01351232201704,10.042105490146561],[-84.01317224528643,10.04160360191425],[-84.01311854896053,10.041271708083206],[-84.01293956120757,10.040915529337695],[-84.01266213019049,10.040211266818163],[-84.01263528202755,10.039539384184586],[-84.01255473753872,10.039304630011408],[-84.0124383954993,10.039110350695676],[-84.01226835713399,10.038802741779097],[-84.011785090201,10.03849513286252],[-84.01168664693688,10.038292758575299],[-84.0114450134704,10.038049909430631],[-84.01110493673977,10.03784753514341],[-84.01092594898681,10.037669445770655],[-84.01067536613267,10.037369931825566],[-84.01046953021677,10.0369813731941],[-84.01043373266619,10.036568529648166],[-84.01063061919443,10.03618806598819],[-84.01074696123385,10.035920931929056],[-84.01065746735738,10.035564753183547],[-84.01062166980678,10.035297619124412],[-84.01061272041913,10.03502239009379],[-84.01080065755974,10.034382887346169],[-84.01103334163858,10.03393766391428],[-84.0111675824533,10.033468155567926],[-84.01102439225093,10.033055312021993],[-84.01083645511034,10.032537233846705],[-84.0107380118462,10.032294384702038],[-84.01067536613267,10.03184106629866],[-84.01068431552032,10.031428222752728],[-84.01072011307092,10.031169183665083],[-84.01091699959916,10.030626820575328],[-84.01114968367801,10.030383971430663],[-84.01136446898155,10.029873988226862],[-84.01136446898155,10.029590664224752],[-84.01134657020626,10.029113060906909],[-84.01127497510508,10.028773072104375],[-84.01119443061624,10.02838451347291],[-84.01111388612742,10.027971669926975],[-84.01107808857682,10.027696440896355],[-84.01106913918917,10.027453591751687],[-84.01106913918917,10.027048843177244],[-84.01109598735212,10.026579334830888],[-84.01123917755449,10.026036971741133],[-84.0113913171445,10.025664603052645],[-84.01158820367276,10.025146524877357],[-84.01166874816158,10.024903675732691],[-84.0117671914257,10.024636541673557],[-84.01190143224042,10.024393692528891],[-84.0122325595834,10.023948469097002],[-84.01249209182518,10.02346277080767],[-84.01255473753872,10.023130876976627],[-84.01263528202755,10.02274231834516],[-84.0126442314152,10.022361854685181],[-84.01269792774109,10.021843776509893],[-84.01277847222991,10.021617117308205],[-84.01384344936001,10.022102815597538],[-84.01407613343886,10.022143290454983],[-84.01433566568065,10.022110910569026],[-84.01462204608538,10.021908536281805],[-84.01482788200127,10.021673782108627],[-84.0153737946478,10.021001899475051],[-84.01572282076606,10.020678100615495],[-84.01627768280022,10.020451441413806],[-84.01667145585674,10.020362396727428],[-84.01710102646383,10.020378586670406],[-84.01745900196974,10.020419061527852],[-84.01781697747566,10.020119547582762],[-84.01799596522862,10.019933363238518],[-84.01815705420628,10.019674324150873],[-84.0182554974704,10.019431475006208],[-84.01857767542573,10.018937681745387],[-84.01898039786988,10.018646262771787],[-84.01935627215109,10.01860578791434],[-84.01963370316817,10.018694832600719],[-84.01986638724702,10.018840542087519],[-84.02008117255056,10.018986251574319],[-84.02036755295529,10.018743402429653],[-84.02035860356764,10.018395318655632],[-84.02026016030352,10.017925810309276],[-84.02006327377526,10.01738344721952],[-84.01998272928644,10.017011078531032],[-84.01982164030878,10.016630614871055],[-84.0197679439829,10.01629872104001],[-84.02009907132586,10.016112536695767],[-84.02045704683178,10.016185391439166],[-84.02078817417475,10.016169201496188],[-84.02093136437712,10.015974922180456],[-84.02109245335477,10.0156511233209],[-84.02124459294478,10.015327324461346],[-84.02136988437186,10.015124950174123],[-84.02170101171482,10.014809246286056],[-84.02198739211956,10.014614966970324],[-84.02220217742311,10.014517827312456],[-84.02248855782784,10.014412592683101],[-84.0228375839461,10.014291168110768],[-84.02302552108671,10.013870229593346],[-84.02504808269512,9.99858692342234],[-84.02529866554927,9.994248018704301],[-84.0253434124875,9.993082342809902],[-84.02551345085281,9.992491409891214],[-84.0257908818699,9.992183800974637],[-84.02611305982522,9.992297130575482],[-84.02692745410117,9.992110946231238],[-84.02800138061892,9.992353795375903],[-84.02857414142838,9.99194095182997],[-84.02903056019842,9.992256655718037],[-84.02968386549672,9.99202190154486],[-84.03087413405387,9.991884287029547],[-84.03167062955454,9.991746672514237],[-84.03178697159396,9.991099074795127],[-84.03211809893693,9.990192437988373],[-84.03242237811696,9.989820069299883],[-84.03266401158345,9.989965778786683],[-84.03254766954403,9.990532426790905],[-84.03284299933641,9.990775275935572],[-84.03367529238766,9.99092908039386],[-84.03448968666362,9.991180024510015],[-84.0347313201301,9.990759085992593],[-84.0355546637937,9.990038633530084],[-84.03653014704733,9.989423415696928],[-84.03721924989621,9.988702963234418],[-84.0385079617175,9.987788231456175],[-84.03983247108938,9.986768265048577],[-84.0414075633154,9.986784454991554],[-84.04269627513669,9.987213488480464],[-84.04313479513144,9.98703539910771],[-84.04287526288965,9.986614460590287],[-84.0422667045296,9.986217806987332],[-84.04167604494484,9.985570209268221],[-84.04079900495535,9.984841661834222],[-84.04149705719189,9.984501673031689],[-84.04271417391199,9.984485483088712],[-84.0429379086032,9.983870265255558],[-84.04289316166495,9.983263142393891],[-84.04338537798559,9.982769349133068],[-84.04433401307625,9.982575069817337],[-84.04474568490805,9.982283650843737],[-84.04451300082921,9.98146605872336],[-84.04411922777271,9.980761796203828],[-84.04513050857692,9.980510852087672],[-84.04531844571751,9.98102893026296],[-84.04558692734696,9.981425583865915],[-84.0462133844823,9.981150354835293],[-84.04591805468992,9.980397522486827],[-84.04629392897114,9.979984678940895],[-84.04683089223,9.97958802533794],[-84.0472783616124,9.978276639956741],[-84.04884450445077,9.976430986457276],[-84.04927407505787,9.976714310459387],[-84.05049119177798,9.976196232284098],[-84.05142192809335,9.976511936172164],[-84.05236161379638,9.976738595373853],[-84.05315810929704,9.976754785316832],[-84.05419623826418,9.976592885887053],[-84.05392775663475,9.97588862336752],[-84.05353398357825,9.975127696047567],[-84.05312231174645,9.974965796617788],[-84.05260324726287,9.974731042444612],[-84.05225422114461,9.974561048043345],[-84.052066284004,9.973856785523813],[-84.05262114603816,9.97329013751959],[-84.05262114603816,9.97292586380259],[-84.05324760317352,9.972610159914524],[-84.05364137623002,9.972998718545991],[-84.0541425419383,9.973014908488969],[-84.05456316315775,9.972853009059191],[-84.05509117702897,9.97263444482899],[-84.05655887660322,9.970375947783594],[-84.0601833786006,9.970205953382328],[-84.06051450594357,9.96903218251644],[-84.06066664553359,9.968765048457307],[-84.06159738184897,9.968829808229218],[-84.06226858592255,9.968692193713906],[-84.06520398507105,9.968837903200706],[-84.06580359404346,9.968174115538618],[-84.06645689934174,9.967987931194374],[-84.06691331811179,9.96823887531053],[-84.06731604055595,9.967720797135241],[-84.06734288871888,9.967032724558686],[-84.06799619401718,9.96685463518593],[-84.06838996707368,9.967024629587197],[-84.06906117114728,9.966757495528064],[-84.06925805767553,9.96729985861782],[-84.06946389359143,9.967906981479485],[-84.07005455317619,9.968457439540728],[-84.07034093358092,9.968684098742418],[-84.07118217601982,9.968530294284129],[-84.07205026662166,9.968425059654773],[-84.07279306579643,9.968619338970507],[-84.07339267476884,9.96902408754495],[-84.073947536803,9.968991707658995],[-84.07474403230367,9.968935042858574],[-84.07844907878987,9.967826031764597],[-84.07899499143639,9.967712702163752],[-84.07919187796465,9.967866506622041],[-84.07910238408817,9.968400774740307],[-84.07901289021169,9.96902408754495],[-84.07953195469527,9.969396456233438],[-84.08069537508949,9.969874059551284],[-84.08167980773075,9.97026261818275],[-84.08231521425375,9.970829266186971],[-84.08276268363615,9.970796886301015],[-84.08342493832208,9.970586417042304],[-84.08377396444035,9.970100718752972],[-84.08414983872156,9.969396456233438],[-84.08434672524982,9.968926947887084],[-84.08491053667163,9.968546484227106],[-84.08530430972813,9.968068880909263],[-84.0856533358464,9.967494137933553],[-84.08593971625113,9.966895110043374],[-84.08622609665586,9.966660355870198],[-84.08693309828004,9.966895110043374],[-84.0875595554154,9.966992249701242],[-84.08859768438255,9.96714605415953],[-84.08870507703432,9.966547026269353],[-84.08891986233786,9.966198942495332],[-84.08945682559674,9.966028948094065],[-84.0900653839568,9.965956093350664],[-84.09082608190685,9.9657860989494],[-84.09069184109214,9.965348970488998],[-84.09052180272683,9.964871367171154],[-84.09052180272683,9.964507093454156],[-84.09109456353629,9.964490903511178],[-84.09157783046928,9.964588043169044],[-84.09202529985167,9.964531378368623],[-84.09252646555996,9.964150914708645],[-84.09293813739176,9.96361664659038],[-84.0933587586112,9.96310666338658],[-84.09368988595418,9.962888099156379],[-84.0941821022748,9.962790959498513],[-84.0948354075731,9.962839529327447],[-84.09619571449558,9.962920479042335],[-84.0962583602091,9.962944763956802],[-84.0962762589844,9.962944763956802],[-84.09685796918151,9.963147138244024],[-84.09790504753632,9.963179518129978],[-84.09877313813816,9.963082378472112],[-84.09949803853763,9.963033808643178],[-84.100428774853,9.962847624298934],[-84.10118052341542,9.962831434355957],[-84.10229024748377,9.963033808643178],[-84.10310464175971,9.963033808643178],[-84.10400852991215,9.963017618700201],[-84.10467078459808,9.963009523728713],[-84.10560152091347,9.963090473443602],[-84.10634432008824,9.963139043272534],[-84.10667544743121,9.963187613101468],[-84.10675599192004,9.962750484641068],[-84.1064875102906,9.962110981893447],[-84.10646961151531,9.961204345086692],[-84.10712291681361,9.960443417766738],[-84.10759723435893,9.960581032282048],[-84.10834003353371,9.961374339487959],[-84.10865326210138,9.961924797549203],[-84.10894859189376,9.962046222121536],[-84.10936921311321,9.96159290371816],[-84.11085481146276,9.960977685885004],[-84.111687104514,9.960880546227138],[-84.11257309389114,9.96036246805185],[-84.11319060163885,9.959795820047628],[-84.11380810938655,9.959625825646361],[-84.11492678284253,9.961309579716048],[-84.11563378446671,9.961851942805803],[-84.11628708976501,9.962070507036003],[-84.11691354690035,9.96230526120918],[-84.11750420648511,9.962038127150047],[-84.11791587831692,9.962345736066624],[-84.1194104260541,9.962572395268314],[-84.12000108563886,9.963211898015935],[-84.12273959825912,9.963543791846979],[-84.12365243579919,9.963972825335889],[-84.12437733619866,9.964774227513288],[-84.12506643904756,9.965057551515399],[-84.12580028883468,9.965008981686466],[-84.12633725209355,9.965162786144754],[-84.126757873313,9.96541373026091],[-84.12729483657186,9.966012758151088],[-84.12786759738133,9.966409411754043],[-84.1296932724615,9.96606132798002],[-84.13095513611984,9.966077517922999],[-84.13174268223285,9.96670892569913],[-84.13271816548647,9.967202718959953],[-84.1334341164983,9.967405093247175],[-84.13431115648778,9.967089389359108],[-84.13471387893193,9.966797970385509],[-84.13601154014088,9.96592371346471],[-84.13721970747334,9.964660897912443],[-84.13774772134457,9.964118534822688],[-84.13814149440107,9.963721881219733],[-84.13910802826703,9.963948540421423],[-84.13994927070594,9.964337099052889],[-84.14022670172302,9.964385668881823],[-84.14169440129727,9.963381892417202],[-84.14230295965731,9.96310666338658],[-84.1428399229162,9.96309856841509],[-84.14352902576508,9.963155233215513],[-84.14419128045101,9.9633090376738],[-84.14458505350753,9.963058093557645],[-84.14485353513696,9.962790959498513],[-84.14514886492934,9.962426685781514],[-84.14556053676114,9.962361926009603],[-84.14596325920529,9.962701914812135],[-84.1461690951212,9.963228087958912],[-84.14712667959951,9.964175199623112],[-84.14786052938663,9.964280434252467],[-84.14888970896614,9.964369478938844],[-84.14955196365209,9.964571853226067],[-84.15089437179925,9.964968506829022],[-84.15228152688468,9.965535154833244],[-84.15338230156536,9.965883238607265],[-84.15416089829073,9.966522741354886],[-84.15480525420138,9.96736461838973],[-84.15504688766787,9.968570769141573],[-84.15545855949966,9.969339791433017],[-84.15515428031964,9.970222143325305],[-84.15474260848784,9.971363534305237],[-84.15407140441425,9.972067796824769],[-84.15361498564421,9.972618254886013],[-84.15374922645893,9.972958243688547],[-84.1540624550266,9.973039193403435],[-84.1549036974655,9.973945830210189],[-84.15521692603318,9.974439623471012],[-84.15538696439849,9.975572919479454],[-84.15517217909493,9.97647146131472],[-84.15551225582556,9.976463366343232],[-84.15621030806209,9.976641455715987],[-84.15664882805683,9.976924779718098],[-84.15689941091097,9.97741857297892],[-84.15752586804632,9.977726181895497],[-84.15814337579403,9.978041885783563],[-84.15881457986761,9.97850329915843],[-84.16014803862714,9.979239941563918],[-84.16132040840901,9.979976583969405],[-84.16256437329206,9.981182734721248],[-84.16214375207261,9.982486025130958],[-84.16252857574148,9.983821695426624],[-84.16380833817512,9.987780136484686],[-84.16433635204633,9.989528650326283],[-84.16447059286105,9.990241007817305],[-84.16539237978878,9.99172238759977],[-84.16558926631704,9.992127136174215],[-84.16600093814884,9.992993298123524],[-84.16673478793597,9.994766096879589],[-84.16710171282952,9.996255571633544],[-84.16831882954963,9.997518387185808],[-84.16895423607264,9.998789297709562],[-84.16922271770207,9.99967164960185],[-84.16965228830917,10.000173537834161],[-84.17015345401744,10.000918275211138],[-84.17065461972572,10.002229660592338],[-84.17110208910812,10.00322534208547],[-84.1713616213499,10.004496252609224],[-84.17178224256935,10.004585297295602],[-84.17204177481113,10.004609582210067],[-84.17229235766528,10.004698626896445],[-84.17268613072179,10.0048038615258],[-84.17297251112652,10.004892906212179],[-84.17317834704242,10.00503052072749],[-84.17371531030129,10.005346224615556],[-84.1738853486666,10.005516219016823],[-84.1738674498913,10.005856207819356],[-84.17353632254833,10.01392689439377],[-84.17350947438538,10.016703469614455],[-84.1734557780595,10.027340262150844],[-84.17080675931574,10.04435589222047],[-84.16802349975725,10.060642974856096],[-84.16795190465608,10.061088198287985],[-84.16618887528945,10.071765465681818],[-84.16131145902136,10.083114615709228],[-84.16133830718431,10.122027143656275],[-84.16141885167313,10.158219761183059],[-84.16109667371782,10.15806595672477],[-84.1607923945378,10.157895962323503],[-84.16057760923424,10.15778263272266],[-84.1603628239307,10.15762073329288],[-84.16013013985184,10.15733740929077],[-84.15963792353122,10.156819331115482],[-84.15939629006472,10.156657431685705],[-84.15902936517116,10.156608861856771],[-84.15878773170466,10.15653600711337],[-84.15853714885053,10.156414582541037],[-84.15820602150755,10.156285062997215],[-84.157839096614,10.156066498767016],[-84.15757956437221,10.155726509964483],[-84.15748112110808,10.155507945734284],[-84.15738267784396,10.155135577045796],[-84.15719474070335,10.154965582644529],[-84.15704260111333,10.154577024013062],[-84.15664882805683,10.153638007320351],[-84.15644299214092,10.153532772690996],[-84.15612976357326,10.153459917947597],[-84.15581653500558,10.153459917947597],[-84.15549435705026,10.153492297833552],[-84.15495739379139,10.15342753806164],[-84.15448307624605,10.153200878859952],[-84.1540624550266,10.153038979430175],[-84.15374922645893,10.15292564982933],[-84.15336440279007,10.152755655428065],[-84.15297957912121,10.152618040912753],[-84.15261265422765,10.152585661026798],[-84.15199514647995,10.152439951539998],[-84.15148503138401,10.152261862167242],[-84.15117180281635,10.152140437594909],[-84.1509212199622,10.15205139290853],[-84.1505095481304,10.151897588450243],[-84.15023211711332,10.151824733706842],[-84.14982939466917,10.151711404105999],[-84.14953406487679,10.15162235941962],[-84.14929243141029,10.15154950467622],[-84.14889865835379,10.151492839875798],[-84.1486033285614,10.151476649932821],[-84.14827220121843,10.151500934847288],[-84.14774418734721,10.15148474490431],[-84.14751150326838,10.151444270046865],[-84.14726986980187,10.15141189016091],[-84.14683134980713,10.151363320331976],[-84.14648232368887,10.15133903541751],[-84.14585586655352,10.151152851073265],[-84.14536365023288,10.150877622042644],[-84.14496092778873,10.150602393012022],[-84.14456715473223,10.150448588553733],[-84.1442628755522,10.150351448895867],[-84.14393174820923,10.150084314836734],[-84.14336793678741,10.149857655635046],[-84.14303680944444,10.149809085806112],[-84.14272358087678,10.14967956626229],[-84.14243720047203,10.149582426604423],[-84.14220451639319,10.149558141689957],[-84.14197183231435,10.149566236661446],[-84.14164965435903,10.149622901461868],[-84.14110374171251,10.14960671151889],[-84.14059362661658,10.148546270253846],[-84.14044148702656,10.14829532613769],[-84.14023565111067,10.14801200213558],[-84.13991347315535,10.147680108304536],[-84.13948390254825,10.147534398817736],[-84.13888429357584,10.147162030129248],[-84.13862476133406,10.146959655842025],[-84.13840102664285,10.146805851383737],[-84.13809674746282,10.146514432410138],[-84.13781931644574,10.146117778807183],[-84.13764032869278,10.14584254977656],[-84.13744344216454,10.145607795603382],[-84.13704966910802,10.14526780680085],[-84.13672749115271,10.145227331943406],[-84.13644111074798,10.145065432513627],[-84.13599364136559,10.144717348739606],[-84.13575200789909,10.144523069423872],[-84.1355461719832,10.144231650450273],[-84.13538508300553,10.144004991248584],[-84.13524189280317,10.14381071193285],[-84.1350987026008,10.143624527588607],[-84.13483917035902,10.143187399128207],[-84.134687030769,10.142823125411208],[-84.13461543566781,10.142491231580165],[-84.13451699240369,10.141965058433387],[-84.13445434669015,10.141608879687876],[-84.13431115648778,10.141276985856832],[-84.13415901689777,10.141050326655144],[-84.13392633281893,10.140823667453455],[-84.13351466098713,10.140491773622411],[-84.13324617935768,10.140232734534766],[-84.1330224446665,10.139997980361589],[-84.13277186181236,10.139755131216923],[-84.1325391777335,10.139552756929701],[-84.13217225283995,10.139164198298234],[-84.13183217610933,10.138937539096545],[-84.1315636944799,10.138670405037413],[-84.13116097203574,10.138314226291902],[-84.1309103891816,10.13810375703319],[-84.13064190755216,10.137383304570681],[-84.1300512479674,10.136557617478815],[-84.1298812096021,10.136282388448192],[-84.12972907001209,10.136104299075438],[-84.12913841042733,10.135132902496771],[-84.12888782757318,10.13493862318104],[-84.12858354839315,10.134655299178927],[-84.12843140880314,10.13448530477766],[-84.1281629271737,10.13428293049044],[-84.12776020472955,10.134080556203218],[-84.12754541942601,10.133934846716418],[-84.12741117861128,10.133756757343662],[-84.12717849453244,10.133651522714306],[-84.12683841780182,10.133530098141973],[-84.12652518923416,10.13354628808495],[-84.12628355576766,10.133530098141973],[-84.12583608638526,10.13354628808495],[-84.12553180720523,10.133538193113463],[-84.1249053500699,10.13355438305644],[-84.12458317211457,10.133570572999417],[-84.1242520447716,10.133611047856862],[-84.12389406926569,10.133716282486217],[-84.12356294192271,10.133934846716418],[-84.12324971335504,10.134104841117685],[-84.12272169948382,10.134161505918106],[-84.12248006601732,10.134234360661505],[-84.12222053377553,10.134331500319373],[-84.12175516561784,10.134509589692128],[-84.12145983582546,10.134614824321483],[-84.12120030358368,10.134720058950839],[-84.1209049737913,10.134890053352105],[-84.12056489706067,10.135035762838905],[-84.1202695672683,10.13514909243975],[-84.11994738931298,10.135270517012083],[-84.11940147666645,10.135456701356327],[-84.11898980483465,10.135626695757594],[-84.11864972810405,10.135699550500993],[-84.1183991452499,10.135594315871638],[-84.1179695746428,10.135497176213772],[-84.11764739668747,10.135456701356327],[-84.11733416811981,10.135383846612926],[-84.11702093955213,10.135213852211661],[-84.11672560975975,10.135035762838905],[-84.1164750269056,10.134849578494661],[-84.11600070936028,10.134825293580194],[-84.11558903752848,10.134671489121907],[-84.11524896079786,10.134582444435528],[-84.1148462383537,10.134461019863195],[-84.11447931346014,10.134363880205328],[-84.11384390693715,10.134404355062772],[-84.11349488081888,10.13448530477766],[-84.1132174498018,10.134550064549572],[-84.11287737307117,10.134622919292973],[-84.11255519511585,10.13485767346615],[-84.11232251103701,10.13499528798146],[-84.11173185145225,10.135400036555906],[-84.11125753390691,10.135642885700571],[-84.110899558401,10.135772405244394],[-84.1102283543274,10.135602410843127],[-84.10975403678208,10.135505271185261],[-84.10956609964147,10.135367656669949],[-84.1091812759726,10.135084332667839],[-84.10898438944436,10.134881958380616],[-84.10859956577549,10.13448530477766],[-84.10834003353371,10.13428293049044],[-84.10792836170191,10.133975321573862],[-84.10735560089245,10.133983416545352],[-84.10701552416182,10.133894371858974],[-84.10656805477943,10.133465338370062],[-84.1063174719253,10.133214394253907],[-84.10613848417233,10.132939165223286],[-84.10593264825644,10.13262346133522],[-84.10582525560466,10.132372517219064],[-84.10570891356524,10.13211347813142],[-84.10557467275052,10.13166825469953],[-84.10563731846406,10.131125891609777],[-84.10563731846406,10.130713048063843],[-84.10556572336287,10.130462103947687],[-84.10521669724461,10.130470198919177],[-84.10496611439046,10.130640193320444],[-84.10453654378337,10.130858757550643],[-84.10418751766511,10.13109351172382],[-84.10391008664803,10.131320170925509],[-84.10363265563095,10.131571115041664],[-84.10316728747325,10.131878723958241],[-84.10272876747851,10.131935388758665],[-84.10242448829848,10.131919198815686],[-84.10120737157837,10.131911103844198],[-84.10101048505012,10.131595399956131],[-84.10088519362304,10.13137683572593],[-84.10082254790952,10.13058352852002],[-84.10055406628008,10.13014640005962],[-84.1002408377124,10.129782126342622],[-84.09987391281884,10.129474517426045],[-84.09956068425116,10.12920738336691],[-84.09923850629585,10.129150718566489],[-84.099005822217,10.129158813537979],[-84.09875523936286,10.1292154783384],[-84.09832566875576,10.129434042568601],[-84.09788714876102,10.129482612397533],[-84.09749337570452,10.12920738336691],[-84.09731438795156,10.129037388965646],[-84.0970817038727,10.128632640391201],[-84.09693851367034,10.12842217113249],[-84.09679532346797,10.128082182329956],[-84.09666108265326,10.127653148841047],[-84.09648209490031,10.127272685181069],[-84.09638365163617,10.126973171235981],[-84.0962762589844,10.126657467347915],[-84.09609727123144,10.126204148944536],[-84.09594513164143,10.125847970199025],[-84.09582878960201,10.125572741168405],[-84.0956587512367,10.125337986995227],[-84.09543501654551,10.124973713278226],[-84.0952112818543,10.124674199333139],[-84.09496069900017,10.124415160245494],[-84.09448638145483,10.124488014988895],[-84.09422684921304,10.124293735673161],[-84.09402996268479,10.124148026186361],[-84.09384202554419,10.123978031785095],[-84.09365408840358,10.123824227326807],[-84.09336770799885,10.123605663096606],[-84.09311712514472,10.123459953609807],[-84.09292023861646,10.123322339094496],[-84.09249961739701,10.123111869835785],[-84.09215059127874,10.122974255320473],[-84.09167627373341,10.122731406175808],[-84.0914704378175,10.122480462059652],[-84.09070079047979,10.122132378285631],[-84.0904591570133,10.122043333599253],[-84.09019962477151,10.121946193941387],[-84.08994009252972,10.121808579426075],[-84.08964476273734,10.121695249825231],[-84.08908095131552,10.121500970509498],[-84.08848134234312,10.121322881136742],[-84.08820391132603,10.121225741478876],[-84.08798017663484,10.121080031992076],[-84.08760430235363,10.120861467761877],[-84.08737161827479,10.120602428674232],[-84.08701364276887,10.120464814158922],[-84.08672726236414,10.120440529244455],[-84.08587707053759,10.120343389586587],[-84.08551014564404,10.120213870042766],[-84.08527746156518,10.120489099073387],[-84.085053726874,10.120642903531676],[-84.08435567463746,10.120812897932943],[-84.08399769913154,10.120990987305698],[-84.08374711627741,10.121071937020586],[-84.08338914077149,10.12097479736272],[-84.0831117097544,10.120958607419743],[-84.08272688608555,10.12083718284741],[-84.08236891057963,10.120634808560187],[-84.08210937833785,10.12054576387381],[-84.08193039058489,10.120408149358498],[-84.08174245344429,10.120221965014254],[-84.08156346569133,10.1200438756415],[-84.08138447793837,10.1198981661547],[-84.08095490733128,10.119590557238121],[-84.08040004529711,10.11945294272281],[-84.07996152530237,10.119226283521122],[-84.07956775224586,10.119072479062833],[-84.07944246081878,10.118837724889657],[-84.07936191632996,10.118562495859035],[-84.07927242245349,10.118092987512679],[-84.07933506816701,10.117688238938236],[-84.07954090408292,10.117348250135702],[-84.07972884122351,10.117178255734435],[-84.08006891795414,10.116749222245526],[-84.08014051305533,10.116417328414482],[-84.08014946244298,10.116150194355347],[-84.08014946244298,10.115810205552815],[-84.08014946244298,10.115567356408148],[-84.08005996856649,10.11526784246306],[-84.07996152530237,10.11476595423075],[-84.07989887958882,10.114506915143105],[-84.0798183351,10.114280255941416],[-84.07962144857174,10.114085976625683],[-84.0794066632682,10.113932172167395],[-84.07924557429054,10.113737892851661],[-84.07895024449816,10.113543613535928],[-84.07867281348108,10.113373619134663],[-84.0783595849134,10.113106485075528],[-84.0781179514469,10.112936490674262],[-84.07780472287924,10.112628881757685],[-84.07750044369921,10.112272703012174],[-84.07719616451918,10.111981284038574],[-84.07699927799092,10.111673675121997],[-84.07676659391208,10.111285116490532],[-84.07672184697384,10.111017982431397],[-84.07656970738383,10.110767038315242],[-84.07656075799618,10.110459429398665],[-84.076489162895,10.109730881964666],[-84.0764533653444,10.109471842877022],[-84.07642651718146,10.109237088703845],[-84.07638177024322,10.1089780496162],[-84.07632807391734,10.108727105500044],[-84.07631017514204,10.108451876469422],[-84.07623858004085,10.108160457495822],[-84.07620278249027,10.107860943550735],[-84.07605064290026,10.107593809491602],[-84.07599694657436,10.107213345831624],[-84.07599694657436,10.106938116801002],[-84.07593430086082,10.106452418511669],[-84.07588060453494,10.106063859880203],[-84.075853756372,10.105537686733426],[-84.07586270575965,10.10529483758876],[-84.075853756372,10.10499532364367],[-84.07589850331024,10.104736284556028],[-84.0758895539226,10.104323441010093],[-84.07597009841142,10.103764887977361],[-84.07607749106319,10.103182050030162],[-84.07612223800143,10.102655876883384],[-84.07620278249027,10.102388742824251],[-84.07636387146792,10.102145893679586],[-84.07656970738383,10.101611625561318],[-84.07666815064795,10.101255446815808],[-84.07677554329973,10.100939742927743],[-84.0769366322774,10.10059975412521],[-84.07722301268213,10.100243575379698],[-84.07736620288449,10.099984536292054],[-84.07750939308686,10.099676927375477],[-84.07767048206452,10.099482648059743],[-84.07786736859276,10.099110279371255],[-84.07801950818278,10.098754100625744],[-84.07817164777279,10.0984950615381],[-84.07831483797516,10.0982764973079],[-84.07844012940222,10.097806988961546],[-84.07849382572812,10.097515569987946],[-84.07848487634047,10.097135106327968],[-84.07848487634047,10.096697977867569],[-84.07849382572812,10.096422748836947],[-84.07845802817752,10.095896575690169],[-84.07838643307635,10.095629441631036],[-84.0783416861381,10.095346117628926],[-84.07825219226163,10.094965653968949],[-84.07818954654809,10.094577095337483],[-84.07816269838514,10.094034732247728],[-84.07805530573337,10.093719028359661],[-84.0779658118569,10.093338564699684],[-84.07793896369395,10.092788106638439],[-84.07799266001983,10.092472402750372],[-84.07798371063218,10.092172888805285],[-84.0779479130816,10.091865279888708],[-84.07788526736806,10.091541481029152],[-84.07787631798041,10.091185302283641],[-84.07800160940748,10.090723888908775],[-84.07801055879513,10.090319140334332],[-84.07797476124453,10.089873916902443],[-84.077912115531,10.089396313584599],[-84.07797476124453,10.089129179525466],[-84.07801055879513,10.088505866720823],[-84.07801950818278,10.088117308089355],[-84.07801950818278,10.087882553916177],[-84.07784946981747,10.087550660085133],[-84.07775102655334,10.08707305676729],[-84.07757203880038,10.086692593107314],[-84.07746464614861,10.086474028877113],[-84.07716036696858,10.086101660188625],[-84.07685608778856,10.085866906015447],[-84.07664130248502,10.085729291500137],[-84.0762475294285,10.085583582013337],[-84.07597904779907,10.08555120212738],[-84.07576426249553,10.08540549264058],[-84.07543313515255,10.085154548524425],[-84.07463663965189,10.084709325092538],[-84.07418917026949,10.084693135149559],[-84.07387594170183,10.084506950805315],[-84.07359851068473,10.08446647594787],[-84.07323158579118,10.084377431261494],[-84.07298995232469,10.084312671489583],[-84.07255143232994,10.084296481546604],[-84.07222030498697,10.084247911717672],[-84.07169229111575,10.084207436860227],[-84.07132536622218,10.08411029720236],[-84.07103898581745,10.084077917316405],[-84.07077945357567,10.083996967601516],[-84.07016194582796,10.083835068171739],[-84.06983976787264,10.083559839141117],[-84.06968762828262,10.08338984473985],[-84.06950864052966,10.083163185538162],[-84.06890008216962,10.082726057077762],[-84.06838996707368,10.08244273307565],[-84.0681304348319,10.082199883930985],[-84.06793354830364,10.082037984501207],[-84.06770981361245,10.08186799009994],[-84.06750397769655,10.081681805755697],[-84.06728024300536,10.081430861639541],[-84.06709230586475,10.081252772266785],[-84.06675222913412,10.080920878435741],[-84.06634055730233,10.080742789062986],[-84.06597363240877,10.08071040917703],[-84.06547246670048,10.08071040917703],[-84.06512344058223,10.080597079576187],[-84.06489075650337,10.080678029291075],[-84.064595426711,10.080799453863408],[-84.06425534998039,10.080888498549786],[-84.06384367814857,10.080961353293185],[-84.06344095570442,10.080904688492764],[-84.0631366765244,10.080750884034474],[-84.06286819489496,10.080605174547674],[-84.06259076387788,10.080386610317476],[-84.06230438347315,10.080184236030254],[-84.06179426837721,10.079836152256231],[-84.06159738184897,10.079714727683898],[-84.06133784960718,10.079552828254121],[-84.06106936797774,10.079407118767321],[-84.06055030349417,10.079148079679676],[-84.06008493533648,10.0786947612763],[-84.05989699819587,10.078500481960566],[-84.05953902268996,10.078176683101011],[-84.05926159167288,10.078006688699745],[-84.05901100881873,10.077974308813788],[-84.05876937535224,10.077877169155922],[-84.05850984311046,10.077804314412523],[-84.0581071206663,10.077626225039767],[-84.05775809454803,10.077342901037657],[-84.05738222026683,10.077051482064057],[-84.0570600423115,10.076792442976412],[-84.0568363076203,10.076622448575145],[-84.05659467415381,10.076428169259414],[-84.05627249619849,10.076169130171769],[-84.05585187497904,10.075877711198169],[-84.05554759579901,10.075659146967968],[-84.05506432886604,10.075513437481169],[-84.05484954356248,10.075408202851813],[-84.05449156805656,10.075189638621614],[-84.05427678275302,10.07501154924886],[-84.05402619989889,10.074760605132704],[-84.05367717378061,10.074695845360793],[-84.05330129949941,10.074283001814859],[-84.05315810929704,10.074072532556148],[-84.05296122276879,10.07377301861106],[-84.052701690527,10.07341683986555],[-84.05239741134697,10.072898761690261],[-84.05215577788047,10.07254258294475],[-84.05200363829047,10.072340208657529],[-84.05188729625104,10.072105454484351],[-84.05170830849809,10.071765465681818],[-84.0514487762563,10.071077393105263],[-84.05130558605393,10.07080216407464],[-84.0512071427898,10.070543124986997],[-84.05109975013804,10.070292180870842],[-84.05099235748625,10.070041236754687],[-84.05088496483448,10.069693152980664],[-84.05085811667153,10.069280309434731],[-84.05075072401976,10.069061745204532],[-84.05069702769387,10.068559856972222],[-84.05069702769387,10.068219868169688],[-84.05067912891859,10.067936544167578],[-84.05065228075564,10.067669410108444],[-84.05065228075564,10.06741846599229],[-84.05065228075564,10.067094667132734],[-84.0505538374915,10.066892292845512],[-84.05041064728914,10.066673728615312],[-84.05011531749676,10.066358024727245],[-84.04970364566496,10.066430879470646],[-84.04943516403553,10.066528019128512],[-84.04906823914197,10.06662515878638],[-84.0486834154731,10.066827533073601],[-84.04847757955721,10.066932767702957],[-84.04822699670306,10.066932767702957],[-84.04800326201187,10.066932767702957],[-84.0476363371183,10.067167521876135],[-84.04740365303947,10.067240376619534],[-84.04713517141003,10.067288946448468],[-84.04685774039295,10.067272756505488],[-84.04660715753882,10.067272756505488],[-84.04626708080819,10.0671189520472],[-84.04604334611699,10.066997527474868],[-84.04571221877403,10.066738488387223],[-84.04545268653223,10.066382309641712],[-84.04530949632986,10.066163745411513],[-84.04515735673985,10.06582375660898],[-84.04501416653748,10.065435197977514],[-84.0447367355204,10.064860455001803],[-84.04467408980688,10.064277617054604],[-84.04458459593039,10.063889058423138],[-84.0443966587898,10.063427645048272],[-84.04423556981213,10.062950041730428],[-84.0439491894074,10.062755762414694],[-84.04369860655325,10.06285290207256],[-84.04339432737324,10.062601957956405],[-84.04324218778322,10.06243196355514],[-84.0428484147267,10.062342918868762],[-84.04261573064787,10.062124354638561],[-84.04232935024314,10.061889600465385],[-84.04203402045076,10.061687226178162],[-84.04186398208545,10.061509136805407],[-84.04147020902894,10.061177242974363],[-84.04086165066889,10.060966773715652],[-84.0405842196518,10.06091010891523],[-84.04032468741002,10.060869634057784],[-84.04001145884234,10.060756304456941],[-84.0395908376229,10.06084534914332],[-84.03922391272933,10.060950583772675],[-84.03905387436401,10.061104388230962],[-84.03869589885811,10.061282477603719],[-84.03824842947571,10.06148485189094],[-84.03780990948097,10.061525326748384],[-84.03753247846389,10.061573896577318],[-84.03722819928386,10.061573896577318],[-84.0370134139803,10.06148485189094],[-84.0366375396991,10.061387712233074],[-84.03628851358083,10.061298667546696],[-84.03589474052433,10.061088198287985],[-84.0355904613443,10.060893918972251],[-84.03538462542839,10.060748209485451],[-84.0351966882878,10.06055393016972],[-84.03488345972012,10.060132991652297],[-84.0347492189054,10.059906332450609],[-84.0345612817648,10.059655388334454],[-84.03438229401183,10.059436824104253],[-84.03401536911828,10.05916969004512],[-84.03367529238766,10.05902398055832],[-84.03342470953352,10.058934935871942],[-84.032878796887,10.058756846499188],[-84.03244027689226,10.058489712440055],[-84.03230603607754,10.05830352809581],[-84.03218969403811,10.05808496386561],[-84.03193911118397,10.057777354949033],[-84.03174222465572,10.057647835405211],[-84.03150059118923,10.057518315861389],[-84.03113366629567,10.057494030946922],[-84.0282967104113,10.06018156148123]]]}},{"type":"Feature","properties":{"Conurbanos":"Norte"},"geometry":{"type":"Polygon","coordinates":[[[-83.95660316596434,9.949499016313771],[-83.95866152512333,9.955610719787876],[-83.95956541327577,9.955545960015964],[-83.96016502224818,9.95565119464532],[-83.96078252999588,9.955108831555565],[-83.96117630305238,9.954631228237721],[-83.96162377243478,9.954056485262011],[-83.9623397234466,9.953400792571411],[-83.96307357323373,9.953028423882923],[-83.9637984736332,9.953117468569301],[-83.96416539852677,9.953441267428856],[-83.96524827443216,9.953595071887145],[-83.96597317483163,9.953546502058211],[-83.96656383441639,9.953020328911434],[-83.96701130379878,9.95225940159148],[-83.96764671032179,9.95175751335917],[-83.97284630454519,9.951708943530235],[-83.97335641964112,9.951797988216613],[-83.97349960984349,9.952486060793168],[-83.9744929918724,9.952955569139524],[-83.97494941064244,9.952656055194435],[-83.9754863739013,9.952599390394013],[-83.9759338432837,9.952817954624212],[-83.97630076817727,9.95261558033699],[-83.97683773143613,9.952672245137412],[-83.97732099836912,9.95306080376888],[-83.97777741713915,9.953319842856523],[-83.97818013958332,9.9535545970297],[-83.97876184978043,9.953797446174367],[-83.97915562283693,9.953748876345434],[-83.97975523180934,9.953910775775212],[-83.97990737139935,9.954161719891367],[-83.98024744812996,9.953724591430968],[-83.98076651261354,9.953538407086723],[-83.98117818444534,9.95335222274248],[-83.98158985627714,9.953327937828012],[-83.98196573055836,9.953279367999079],[-83.9822163134125,9.952882714396123],[-83.98256533953077,9.952704625023369],[-83.9827980236096,9.952858429481656],[-83.98310230278963,9.952987949025479],[-83.98340658196966,9.95276128982379],[-83.98394354522853,9.952971759082502],[-83.98442681216152,9.952923189253568],[-83.98460579991448,9.95241320604977],[-83.98497272480803,9.952639865251458],[-83.98545599174102,9.953174133369723],[-83.98577816969635,9.953506027200767],[-83.98644042438228,9.9535545970297],[-83.9867983998882,9.953465552343323],[-83.98683419743878,9.953012233939946],[-83.9871742741694,9.95306080376888],[-83.98730851498412,9.953327937828012],[-83.98794392150712,9.9533360327995],[-83.9882213525242,9.953271273027589],[-83.98802446599595,9.952971759082502],[-83.9882571500748,9.952745099880813],[-83.98858827741776,9.952202736791058],[-83.98901784802486,9.952081312218723],[-83.9895100643455,9.951919412788946],[-83.99008282515496,9.951449904442592],[-83.99070928229031,9.951377049699191],[-83.99145208146508,9.95132038489877],[-83.99149682840331,9.951870842960014],[-83.99135363820095,9.952283686505947],[-83.99171161370687,9.952332256334879],[-83.99214118431397,9.952728909937834],[-83.99219488063986,9.957626367688608],[-83.9930271736911,9.95710828951332],[-83.99460226591712,9.955974993504876],[-83.99524662182777,9.95551358013001],[-83.99622210508139,9.95500359692621],[-83.99709019568323,9.954493613722411],[-83.99778824791976,9.954056485262011],[-83.99828941362804,9.9537731612599],[-84.00723880127589,9.94936140179846],[-84.00827693024304,9.948341435390862],[-84.01198197672926,9.946771010922019],[-84.01282321916815,9.946851960636907],[-84.01337808120232,9.946317692518642],[-84.01396874078708,9.945864374115265],[-84.01474733751245,9.945581050113153],[-84.01593760606961,9.94588865902973],[-84.01740530564386,9.946277217661198],[-84.01889090399341,9.946633396406709],[-84.02037650234294,9.946584826577775],[-84.02119984600655,9.946155793088865],[-84.02239011456372,9.945848184172286],[-84.02336559781733,9.945831994229309],[-84.02400995372797,9.945815804286331],[-84.02400995372797,9.946382452290553],[-84.02459166392508,9.947191949439441],[-84.02562979289223,9.946592921549264],[-84.02635469329171,9.947224329325396],[-84.02699009981471,9.947871927044506],[-84.02716013818002,9.948147156075128],[-84.02803717816951,9.948025731502796],[-84.02875312918134,9.94762907789984],[-84.02974651121025,9.947580508070907],[-84.03029242385676,9.947726217557706],[-84.03079358956505,9.94712718966753],[-84.03139319853746,9.94728099412582],[-84.0316258826163,9.947734312529196],[-84.03184066791985,9.948479049906172],[-84.03232393485283,9.948908083395084],[-84.03299513892642,9.949256167169105],[-84.03343365892117,9.949248072197616],[-84.03386322952827,9.949895669916726],[-84.03440019278713,9.949741865458439],[-84.03463287686598,9.949207597340171],[-84.03530408093957,9.949175217454217],[-84.03569785399607,9.949717580543972],[-84.03610057644023,9.94972567551546],[-84.03648540010909,9.949094267739328],[-84.03674493235087,9.949409971627395],[-84.03740718703682,9.949272357112083],[-84.0380783911104,9.949976619631615],[-84.03808734049805,9.950713262037103],[-84.03881224089753,9.950972301124748],[-84.03924181150462,9.951417524556636],[-84.03985036986468,9.95153894912897],[-84.04013675026941,9.951773703302147],[-84.04044997883709,9.95189512787448],[-84.040807954343,9.951012775982193],[-84.04136281637716,9.950867066495393],[-84.04147915841659,9.95024375369075],[-84.04212351432723,9.950219468776282],[-84.0424367428949,9.94957996602866],[-84.04341222614852,9.949458541456327],[-84.0437254547162,9.94972567551546],[-84.04426241797508,9.950138519061394],[-84.044772533071,9.949555681114195],[-84.0451663061275,9.949766150372904],[-84.04517525551515,9.950413748092014],[-84.04568537061108,9.950867066495393],[-84.04649976488703,9.950348988320105],[-84.0464371191735,9.94951520625675],[-84.04608809305523,9.94885141859466],[-84.0464550179488,9.94843048007724],[-84.04659820815117,9.947726217557706],[-84.04723361467416,9.946787200864996],[-84.0478779705848,9.946091033316954],[-84.04864761792253,9.945581050113153],[-84.0491129860802,9.94510344679531],[-84.04922037873199,9.944569178677044],[-84.04905928975433,9.943905391014955],[-84.04894294771489,9.943516832383489],[-84.04900559342843,9.9432173184384],[-84.04967679750202,9.94322541340989],[-84.05032115341267,9.9432901731818],[-84.05066123014329,9.942966374322245],[-84.05128768727863,9.942958279350757],[-84.05185149870046,9.942755905063535],[-84.05231686685813,9.942448296146956],[-84.05273748807758,9.941970692829113],[-84.05297912154408,9.94214068723038],[-84.05340869215118,9.942391631346535],[-84.05409779500006,9.942164972144846],[-84.05439312479244,9.94235115648909],[-84.0545363149948,9.94199497774358],[-84.05472425213541,9.941460709625314],[-84.05478689784894,9.941015486193425],[-84.05504643009074,9.940926441507047],[-84.0556191909002,9.941363569967447],[-84.05609350844553,9.941760223570402],[-84.05643358517615,9.94177641351338],[-84.05701529537326,9.94163070402658],[-84.05697054843502,9.941161195680225],[-84.05696159904738,9.940594547676003],[-84.05723008067682,9.940829301849181],[-84.05766860067156,9.94075644710578],[-84.05782074026158,9.940100754415182],[-84.0582771590316,9.93996313989987],[-84.05907365453227,9.939987424814337],[-84.0597538079935,9.939922665042426],[-84.06028182186473,9.94004408961476],[-84.06062189859534,9.940408363331759],[-84.06075613941007,9.939987424814337],[-84.06102462103951,9.939364112009693],[-84.06156158429837,9.939356017038206],[-84.06212539572019,9.939574581268404],[-84.0622417377596,9.94003599464327],[-84.06257286510258,9.940359793502825],[-84.0631008789738,9.94031931864538],[-84.0633604112156,9.939776955555626],[-84.06354834835619,9.939080788007583],[-84.06405846345213,9.938999838292695],[-84.06432694508156,9.939356017038206],[-84.06482811078985,9.939275067323315],[-84.06516818752046,9.93939649189565],[-84.06561565690285,9.939655530983293],[-84.06589308791993,9.939809335441582],[-84.06611682261114,9.940222178987515],[-84.06681487484767,9.94032741361687],[-84.06713705280299,9.94018170413007],[-84.0677545605507,9.940643117504937],[-84.06821992870837,9.940602642647493],[-84.06880163890548,9.940732162191315],[-84.06915066502376,9.940966916364491],[-84.06975027399616,9.940821206877692],[-84.06992031236148,9.940295033730916],[-84.07051097194623,9.93982552538456],[-84.07103898581745,9.939712195783715],[-84.07163859478986,9.939955044928382],[-84.07197867152048,9.940019804700293],[-84.07215765927343,9.939744575669671],[-84.07257828049288,9.939574581268404],[-84.07283781273468,9.93960696115436],[-84.07325843395412,9.939663625954783],[-84.07341952293179,9.939210307551406],[-84.07326738334177,9.93881365394845],[-84.0737417008871,9.938667944461649],[-84.07407282823007,9.93887841372036],[-84.07443080373599,9.939347922066716],[-84.07511095719723,9.93931554218076],[-84.07548683147843,9.939501726525005],[-84.07565686984374,9.939696005840737],[-84.07604169351261,9.939793145498605],[-84.0769187335021,9.93996313989987],[-84.07800160940748,9.940149324244114],[-84.07860121837989,9.940133134301137],[-84.078395382464,9.94119357556618],[-84.07831483797516,9.941574039226158],[-84.07885180123402,9.94148499453978],[-84.0791471310264,9.94155784928318],[-84.07970199306058,9.941687368827003],[-84.08059693182535,9.941735938655935],[-84.08089226161773,9.94134738002447],[-84.0812770852866,9.940975011335981],[-84.08156346569133,9.940724067219826],[-84.08196618813548,9.940958821393004],[-84.08221677098962,9.94142023476787],[-84.08225256854021,9.941679273855513],[-84.08201093507373,9.94185736322827],[-84.08192144119724,9.94214068723038],[-84.08218992282669,9.942262111802712],[-84.08261949343378,9.942577815690779],[-84.08261949343378,9.942917804493312],[-84.08226151792786,9.94308779889458],[-84.0816887571184,9.94278828494949],[-84.08117864202246,9.942780189978],[-84.08101755304482,9.943476357526045],[-84.081241287736,9.9441644301026],[-84.08144712365191,9.944625843477466],[-84.0816887571184,9.944253474788978],[-84.08198408691078,9.9441644301026],[-84.08218097343904,9.944577273648532],[-84.08235101180433,9.945354390911465],[-84.08261054404613,9.94575913948591],[-84.08293272200144,9.945783424400375],[-84.08332649505796,9.94575104451442],[-84.08382766076623,9.945524385312732],[-84.08413193994626,9.945508195369754],[-84.08437357341276,9.945670094799532],[-84.08468680198042,9.945734854571443],[-84.08497318238516,9.945427245654864],[-84.0850358280987,9.945046781994888],[-84.08536695544167,9.944698698220865],[-84.08569808278463,9.94466631833491],[-84.08644983134705,9.945079161880843],[-84.0869062501171,9.94531391605402],[-84.0879533284719,9.945589145084643],[-84.08891986233786,9.94625293274673],[-84.08893776111316,9.946941005323286],[-84.08888406478728,9.94762098292835],[-84.08883036846139,9.948381910248306],[-84.08853503866901,9.949239977226128],[-84.08886616601198,9.94943425654186],[-84.08900935621435,9.949523301228238],[-84.08951947131027,9.949466636427816],[-84.08985954804089,9.949636630829083],[-84.09067394231684,9.95008185426097],[-84.09112141169923,9.950178993918838],[-84.09139884271632,9.950057569346505],[-84.09314397330765,9.950834686609436],[-84.09348405003827,9.951482284328547],[-84.09377937983065,9.951789893245124],[-84.0941821022748,9.951781798273636],[-84.09469221737073,9.95161180387237],[-84.09531867450609,9.951215150269414],[-84.09561400429847,9.951417524556636],[-84.09596303041673,9.951498474271524],[-84.0971175014233,9.95197607758937],[-84.09687586795681,9.952647960222945],[-84.09690271611976,9.953109373597812],[-84.09728753978861,9.953514122172257],[-84.09764551529453,9.953862205946278],[-84.09777975610925,9.954210289720299],[-84.09753812264275,9.954687893038145],[-84.0973412361145,9.95521406618492],[-84.09731438795156,9.955311205842788],[-84.09730543856391,9.955335490757253],[-84.09724279285037,9.955529770072987],[-84.09723384346272,9.955562149958944],[-84.09740388182803,9.95608832310572],[-84.09772605978335,9.956436406879742],[-84.09796769324984,9.956679256024408],[-84.09864784671109,9.957067814655874],[-84.09888053078993,9.957213524142674],[-84.09926535445878,9.957205429171186],[-84.09975757077942,9.957634462660096],[-84.10028558465063,9.957731602317963],[-84.10086729484775,9.957917786662208],[-84.10134161239309,9.95804730620603],[-84.1017353854496,9.957861121861784],[-84.10229919687141,9.957585892831164],[-84.10273771686616,9.957691127460519],[-84.1040532768504,9.957197334199696],[-84.10477817724987,9.957221619114163],[-84.1052524947952,9.958314440265163],[-84.10553887519993,9.958654429067694],[-84.10577155927878,9.959253456957873],[-84.10616533233528,9.959617730674871],[-84.10666649804357,9.960111523935694],[-84.10712291681361,9.960443417766738],[-84.10646961151531,9.961204345086692],[-84.1064875102906,9.962110981893447],[-84.10675599192004,9.962750484641068],[-84.10667544743121,9.963187613101468],[-84.10634432008824,9.963139043272534],[-84.10560152091347,9.963090473443602],[-84.10467078459808,9.963009523728713],[-84.10400852991215,9.963017618700201],[-84.10310464175971,9.963033808643178],[-84.10229024748377,9.963033808643178],[-84.10118052341542,9.962831434355957],[-84.100428774853,9.962847624298934],[-84.09949803853763,9.963033808643178],[-84.09877313813816,9.963082378472112],[-84.09790504753632,9.963179518129978],[-84.09685796918151,9.963147138244024],[-84.0962762589844,9.962944763956802],[-84.0962583602091,9.962944763956802],[-84.09619571449558,9.962920479042335],[-84.0948354075731,9.962839529327447],[-84.0941821022748,9.962790959498513],[-84.09368988595418,9.962888099156379],[-84.0933587586112,9.96310666338658],[-84.09293813739176,9.96361664659038],[-84.09252646555996,9.964150914708645],[-84.09202529985167,9.964531378368623],[-84.09157783046928,9.964588043169044],[-84.09109456353629,9.964490903511178],[-84.09052180272683,9.964507093454156],[-84.09052180272683,9.964871367171154],[-84.09069184109214,9.965348970488998],[-84.09082608190685,9.9657860989494],[-84.0900653839568,9.965956093350664],[-84.08945682559674,9.966028948094065],[-84.08891986233786,9.966198942495332],[-84.08870507703432,9.966547026269353],[-84.08859768438255,9.96714605415953],[-84.0875595554154,9.966992249701242],[-84.08693309828004,9.966895110043374],[-84.08622609665586,9.966660355870198],[-84.08593971625113,9.966895110043374],[-84.0856533358464,9.967494137933553],[-84.08530430972813,9.968068880909263],[-84.08491053667163,9.968546484227106],[-84.08434672524982,9.968926947887084],[-84.08414983872156,9.969396456233438],[-84.08377396444035,9.970100718752972],[-84.08342493832208,9.970586417042304],[-84.08276268363615,9.970796886301015],[-84.08231521425375,9.970829266186971],[-84.08167980773075,9.97026261818275],[-84.08069537508949,9.969874059551284],[-84.07953195469527,9.969396456233438],[-84.07901289021169,9.96902408754495],[-84.07910238408817,9.968400774740307],[-84.07919187796465,9.967866506622041],[-84.07899499143639,9.967712702163752],[-84.07844907878987,9.967826031764597],[-84.07474403230367,9.968935042858574],[-84.073947536803,9.968991707658995],[-84.07339267476884,9.96902408754495],[-84.07279306579643,9.968619338970507],[-84.07205026662166,9.968425059654773],[-84.07118217601982,9.968530294284129],[-84.07034093358092,9.968684098742418],[-84.07005455317619,9.968457439540728],[-84.06946389359143,9.967906981479485],[-84.06925805767553,9.96729985861782],[-84.06906117114728,9.966757495528064],[-84.06838996707368,9.967024629587197],[-84.06799619401718,9.96685463518593],[-84.06734288871888,9.967032724558686],[-84.06731604055595,9.967720797135241],[-84.06691331811179,9.96823887531053],[-84.06645689934174,9.967987931194374],[-84.06580359404346,9.968174115538618],[-84.06520398507105,9.968837903200706],[-84.06226858592255,9.968692193713906],[-84.06159738184897,9.968829808229218],[-84.06066664553359,9.968765048457307],[-84.06051450594357,9.96903218251644],[-84.0601833786006,9.970205953382328],[-84.05655887660322,9.970375947783594],[-84.05509117702897,9.97263444482899],[-84.05456316315775,9.972853009059191],[-84.0541425419383,9.973014908488969],[-84.05364137623002,9.972998718545991],[-84.05324760317352,9.972610159914524],[-84.05262114603816,9.97292586380259],[-84.05262114603816,9.97329013751959],[-84.052066284004,9.973856785523813],[-84.05225422114461,9.974561048043345],[-84.05260324726287,9.974731042444612],[-84.05312231174645,9.974965796617788],[-84.05353398357825,9.975127696047567],[-84.05392775663475,9.97588862336752],[-84.05419623826418,9.976592885887053],[-84.05315810929704,9.976754785316832],[-84.05236161379638,9.976738595373853],[-84.05142192809335,9.976511936172164],[-84.05049119177798,9.976196232284098],[-84.04927407505787,9.976714310459387],[-84.04884450445077,9.976430986457276],[-84.0472783616124,9.978276639956741],[-84.04683089223,9.97958802533794],[-84.04629392897114,9.979984678940895],[-84.04591805468992,9.980397522486827],[-84.0462133844823,9.981150354835293],[-84.04558692734696,9.981425583865915],[-84.04531844571751,9.98102893026296],[-84.04513050857692,9.980510852087672],[-84.04411922777271,9.980761796203828],[-84.04451300082921,9.98146605872336],[-84.04474568490805,9.982283650843737],[-84.04433401307625,9.982575069817337],[-84.04338537798559,9.982769349133068],[-84.04289316166495,9.983263142393891],[-84.0429379086032,9.983870265255558],[-84.04271417391199,9.984485483088712],[-84.04149705719189,9.984501673031689],[-84.04079900495535,9.984841661834222],[-84.04167604494484,9.985570209268221],[-84.0422667045296,9.986217806987332],[-84.04287526288965,9.986614460590287],[-84.04313479513144,9.98703539910771],[-84.04269627513669,9.987213488480464],[-84.0414075633154,9.986784454991554],[-84.03983247108938,9.986768265048577],[-84.0385079617175,9.987788231456175],[-84.03721924989621,9.988702963234418],[-84.03653014704733,9.989423415696928],[-84.0355546637937,9.990038633530084],[-84.0347313201301,9.990759085992593],[-84.03448968666362,9.991180024510015],[-84.03367529238766,9.99092908039386],[-84.03284299933641,9.990775275935572],[-84.03254766954403,9.990532426790905],[-84.03266401158345,9.989965778786683],[-84.03242237811696,9.989820069299883],[-84.03211809893693,9.990192437988373],[-84.03178697159396,9.991099074795127],[-84.03167062955454,9.991746672514237],[-84.03087413405387,9.991884287029547],[-84.02968386549672,9.99202190154486],[-84.02903056019842,9.992256655718037],[-84.02857414142838,9.99194095182997],[-84.02800138061892,9.992353795375903],[-84.02692745410117,9.992110946231238],[-84.02611305982522,9.992297130575482],[-84.0257908818699,9.992183800974637],[-84.02551345085281,9.992491409891214],[-84.0253434124875,9.993082342809902],[-84.02529866554927,9.994248018704301],[-84.02504808269512,9.99858692342234],[-84.02302552108671,10.013870229593346],[-84.0228375839461,10.014291168110768],[-84.02248855782784,10.014412592683101],[-84.02220217742311,10.014517827312456],[-84.02198739211956,10.014614966970324],[-84.02170101171482,10.014809246286056],[-84.02136988437186,10.015124950174123],[-84.02124459294478,10.015327324461346],[-84.02109245335477,10.0156511233209],[-84.02093136437712,10.015974922180456],[-84.02078817417475,10.016169201496188],[-84.02045704683178,10.016185391439166],[-84.02009907132586,10.016112536695767],[-84.0197679439829,10.01629872104001],[-84.01982164030878,10.016630614871055],[-84.01998272928644,10.017011078531032],[-84.02006327377526,10.01738344721952],[-84.02026016030352,10.017925810309276],[-84.02035860356764,10.018395318655632],[-84.02036755295529,10.018743402429653],[-84.02008117255056,10.018986251574319],[-84.01986638724702,10.018840542087519],[-84.01963370316817,10.018694832600719],[-84.01935627215109,10.01860578791434],[-84.01898039786988,10.018646262771787],[-84.01857767542573,10.018937681745387],[-84.0182554974704,10.019431475006208],[-84.01815705420628,10.019674324150873],[-84.01799596522862,10.019933363238518],[-84.01781697747566,10.020119547582762],[-84.01745900196974,10.020419061527852],[-84.01710102646383,10.020378586670406],[-84.01667145585674,10.020362396727428],[-84.01627768280022,10.020451441413806],[-84.01572282076606,10.020678100615495],[-84.0153737946478,10.021001899475051],[-84.01482788200127,10.021673782108627],[-84.01462204608538,10.021908536281805],[-84.01433566568065,10.022110910569026],[-84.01407613343886,10.022143290454983],[-84.01384344936001,10.022102815597538],[-84.01277847222991,10.021617117308205],[-84.01269792774109,10.021843776509893],[-84.0126442314152,10.022361854685181],[-84.01263528202755,10.02274231834516],[-84.01255473753872,10.023130876976627],[-84.01249209182518,10.02346277080767],[-84.0122325595834,10.023948469097002],[-84.01190143224042,10.024393692528891],[-84.0117671914257,10.024636541673557],[-84.01166874816158,10.024903675732691],[-84.01158820367276,10.025146524877357],[-84.0113913171445,10.025664603052645],[-84.01123917755449,10.026036971741133],[-84.01109598735212,10.026579334830888],[-84.01106913918917,10.027048843177244],[-84.01106913918917,10.027453591751687],[-84.01107808857682,10.027696440896355],[-84.01111388612742,10.027971669926975],[-84.01119443061624,10.02838451347291],[-84.01127497510508,10.028773072104375],[-84.01134657020626,10.029113060906909],[-84.01136446898155,10.029590664224752],[-84.01136446898155,10.029873988226862],[-84.01114968367801,10.030383971430663],[-84.01091699959916,10.030626820575328],[-84.01072011307092,10.031169183665083],[-84.01068431552032,10.031428222752728],[-84.01067536613267,10.03184106629866],[-84.0107380118462,10.032294384702038],[-84.01083645511034,10.032537233846705],[-84.01102439225093,10.033055312021993],[-84.0111675824533,10.033468155567926],[-84.01103334163858,10.03393766391428],[-84.01080065755974,10.034382887346169],[-84.01061272041913,10.03502239009379],[-84.01062166980678,10.035297619124412],[-84.01065746735738,10.035564753183547],[-84.01074696123385,10.035920931929056],[-84.01063061919443,10.03618806598819],[-84.01043373266619,10.036568529648166],[-84.01046953021677,10.0369813731941],[-84.01067536613267,10.037369931825566],[-84.01092594898681,10.037669445770655],[-84.01110493673977,10.03784753514341],[-84.0114450134704,10.038049909430631],[-84.01168664693688,10.038292758575299],[-84.011785090201,10.03849513286252],[-84.01226835713399,10.038802741779097],[-84.0124383954993,10.039110350695676],[-84.01255473753872,10.039304630011408],[-84.01263528202755,10.039539384184586],[-84.01266213019049,10.040211266818163],[-84.01293956120757,10.040915529337695],[-84.01311854896053,10.041271708083206],[-84.01317224528643,10.04160360191425],[-84.01351232201704,10.042105490146561],[-84.01379870242177,10.042672138150783],[-84.01398663956238,10.043020221924804],[-84.01417457670298,10.043352115755848],[-84.01437146323124,10.043740674387315],[-84.01442515955712,10.043967333589004],[-84.01448780527066,10.044444936906848],[-84.01438936200653,10.044963015082136],[-84.01428196935476,10.04528681394169],[-84.0142730199671,10.045626802744223],[-84.01418352609063,10.046047741261646],[-84.01419247547828,10.046428204921623],[-84.01426407057946,10.046638674180334],[-84.01435356445594,10.046938188125422],[-84.01455045098419,10.047440076357733],[-84.0147204893495,10.047658640587933],[-84.01501581914188,10.048022914304932],[-84.01520375628249,10.048306238307044],[-84.0153558958725,10.048581467337666],[-84.0155438330131,10.048889076254243],[-84.01561542811429,10.049107640484442],[-84.01577651709195,10.049439534315486],[-84.01605394810903,10.04998189740524],[-84.01625978402494,10.050249031464375],[-84.0164029742273,10.05057283032393],[-84.01675200034556,10.050880439240506],[-84.01693993748617,10.05107471855624],[-84.01734265993032,10.051285187814951],[-84.01814810481864,10.05158470176004],[-84.01865821991456,10.052029925191928],[-84.01889090399341,10.052256584393616],[-84.01910568929695,10.05258847822466],[-84.01923098072402,10.05281513742635],[-84.02049284438237,10.052717997768482],[-84.0282967104113,10.06018156148123],[-84.0241441945427,10.063880963451648],[-84.02395625740209,10.063727158993359],[-84.02377726964913,10.06358144950656],[-84.02357143373322,10.063411455105294],[-84.02323135700262,10.063160510989139],[-84.02297182476083,10.062982421616383],[-84.0226496468055,10.062618147899384],[-84.02239906395135,10.06228625406834],[-84.02222007619841,10.062083879781117],[-84.0220321390578,10.06176817589305],[-84.02190684763073,10.061395807204562],[-84.02186210069249,10.061063913373518],[-84.02176365742837,10.060497265369296],[-84.0216383660013,10.060278701139097],[-84.02113720029301,10.059841572678698],[-84.02085976927593,10.059809192792741],[-84.02043019866883,10.059801097821254],[-84.01990218479762,10.059647293362964],[-84.01962475378053,10.059509678847654],[-84.01917728439814,10.059274924674476],[-84.01858662481338,10.059193974959587],[-84.01828234563335,10.05903207552981],[-84.01801386400392,10.058886366043009],[-84.01776328114977,10.058700181698764],[-84.01752164768328,10.058505902383033],[-84.0172442166662,10.058335907981766],[-84.01677884850851,10.057931159407321],[-84.01653721504202,10.057631645462234],[-84.0161792395361,10.057348321460122],[-84.01583021341784,10.057251181802256],[-84.01559752933899,10.057129757229923],[-84.01523060444543,10.05700833265759],[-84.01500686975423,10.056846433227811],[-84.01464889424832,10.05664405894059],[-84.01439831139417,10.056368829909967],[-84.01423722241651,10.0561988355087],[-84.01397769017473,10.056125980765302],[-84.01353022079233,10.05606931596488],[-84.0132796379382,10.056085505907857],[-84.01293956120757,10.056125980765302],[-84.01258158570167,10.056150265679769],[-84.01225940774634,10.056457874596346],[-84.01208936938103,10.056627868997612],[-84.01188353346514,10.0567816734559],[-84.01147186163332,10.0569273829427],[-84.01113178490272,10.056725008655478],[-84.01109598735212,10.056474064539323],[-84.01086330327328,10.056109790822324],[-84.01046058082912,10.056239310366145],[-84.01012050409851,10.05650644442528],[-84.00986992124436,10.056822148313344],[-84.0095566926767,10.057089282372479],[-84.00923451472137,10.057332131517144],[-84.00883179227722,10.057453556089477],[-84.00848276615895,10.05757498066181],[-84.0082679808554,10.057647835405211],[-84.00803529677655,10.057753070034567],[-84.00769522004593,10.057963539293278],[-84.00749833351769,10.0580930588371],[-84.00731039637708,10.058246863295388],[-84.00690767393293,10.058206388437943],[-84.00675553434291,10.057955444321788],[-84.00653179965171,10.057817829806478],[-84.00631701434817,10.05773688009159],[-84.00608433026932,10.057623550490744],[-84.00577110170164,10.057461651060967],[-84.00561896211164,10.057275466716723],[-84.00565475966222,10.056870718142278],[-84.00529678415631,10.056741198598456],[-84.00501935313923,10.0566359639691],[-84.00460768130742,10.056368829909967],[-84.00431235151504,10.056247405337635],[-84.00394542662148,10.05621502545168],[-84.0036500968291,10.056401209795924],[-84.00337266581202,10.056579299168678],[-84.0030504878567,10.056700723741011],[-84.00272830990137,10.056903098028235],[-84.00228978990663,10.05686262317079],[-84.0020213082772,10.056579299168678],[-84.00177072542306,10.056312165109546],[-84.00135905359126,10.056012651164457],[-84.00113531890005,10.055931701449568],[-84.0008041915571,10.055899321563613],[-84.00053570992765,10.055939796421058],[-84.00028512707351,10.056036936078923],[-84.00000769605643,10.05606122099339],[-83.99980186014052,10.056190740537213],[-83.99944388463462,10.056538824311234],[-83.99915750422988,10.056773578484412],[-83.99888902260045,10.056984047743123],[-83.99856684464513,10.057121662258433],[-83.99809252709979,10.057129757229923],[-83.99748396873973,10.057453556089477],[-83.9961684087555,10.05830352809581],[-83.99526452060307,10.05874065655621],[-83.9934567442982,10.060869634057784],[-83.99314351573052,10.061314857489673],[-83.99296452797756,10.06148485189094],[-83.99264235002225,10.061541516691362],[-83.9924096659434,10.061517231776895],[-83.991962196561,10.061444377033496],[-83.99170266431922,10.06141199714754],[-83.99146103085273,10.06141199714754],[-83.99090616881855,10.061460566976473],[-83.99060188963853,10.061760080921562],[-83.99017231903143,10.062172924467495],[-83.98976959658728,10.06257767304194],[-83.98932212720489,10.062804332243628],[-83.98907154435075,10.06300670653085],[-83.98861512558071,10.063265745618494],[-83.9880513141589,10.063532879677627],[-83.98746065457414,10.063492404820183],[-83.98641357621933,10.064050957852915],[-83.98608244887636,10.064318091912048],[-83.98556338439279,10.064803790201381],[-83.98524120643746,10.065103304146469],[-83.98455210358858,10.065661857179203],[-83.98357662033497,10.065896611352379],[-83.98274432728371,10.065589002435802],[-83.9824221493284,10.065580907464314],[-83.98190308484482,10.06560519237878],[-83.98151826117596,10.06560519237878],[-83.98126767832181,10.06560519237878],[-83.98062332241118,10.065564717521335],[-83.98018480241643,10.065491862777936],[-83.9788692424322,10.06545948289198],[-83.9784038742745,10.06554043260687],[-83.97783111346504,10.065702332036647],[-83.97724940326793,10.065904706323868],[-83.97688247837438,10.066050415810668],[-83.97645290776728,10.066301359926824],[-83.97621127430078,10.066349929755757],[-83.97592489389605,10.066519924157024],[-83.9755579690025,10.066795153187645],[-83.97494941064244,10.066787058216157],[-83.97535213308659,10.066171840383001],[-83.97579960246898,10.065848041523447],[-83.97614862858725,10.065621382321758],[-83.97659609796965,10.065499957749424],[-83.97718675755439,10.065087114203491],[-83.97741944163324,10.064617605857137],[-83.97791165795388,10.064204762311205],[-83.97853811508922,10.06443951648438],[-83.9794688514046,10.06473093545798],[-83.98122293138358,10.064811885172869],[-83.98267273218254,10.064504276256292],[-83.98312020156493,10.06422904722567],[-83.98334393625612,10.06401048299547],[-83.98294121381197,10.06379191876527],[-83.9825921876937,10.063905248366115],[-83.98211787014837,10.063889058423138],[-83.98161670444009,10.063889058423138],[-83.98128557709711,10.063524784706138],[-83.9834513289079,10.05916159507363],[-83.98398829216677,10.058886366043009],[-83.98451630603799,10.058870176100031],[-83.98496377542038,10.05902398055832],[-83.98533070031395,10.059501583876164],[-83.98581396724693,10.060124896680808],[-83.98635093050581,10.060578215084185],[-83.98673575417466,10.06054583519823],[-83.986574665197,10.060060136908897],[-83.98640462683169,10.059266829702986],[-83.98595715744929,10.0583844778107],[-83.98536649786453,10.057631645462234],[-83.98501747174627,10.057081187400989],[-83.98481163583037,10.056522634368257],[-83.98539334602748,10.056805958370367],[-83.98602875255048,10.056911192999722],[-83.98627038601697,10.0568545281993],[-83.98621668969109,10.0563445449955],[-83.98609139826401,10.055518857903635],[-83.98604665132578,10.05491173504197],[-83.98617194275285,10.054239852408392],[-83.98690579253997,10.05353558988886],[-83.98743380641119,10.052321344165527],[-83.98754119906296,10.050969483926885],[-83.9875680472259,10.04998189740524],[-83.98746065457414,10.04920478014231],[-83.98730851498412,10.04861384722362],[-83.9872279704953,10.048281953392577],[-83.98731746437177,10.047731495331332],[-83.98744275579884,10.047367221614333],[-83.98742485702354,10.047002947897333],[-83.98725481865823,10.04667105406629],[-83.98704003335469,10.046258210520357],[-83.98670890601171,10.04594250663229],[-83.98649412070817,10.045205864226801],[-83.98670890601171,10.04470397599449],[-83.98701318519174,10.044185897819203],[-83.98746065457414,10.043716389472849],[-83.98811395987244,10.043149741468627],[-83.98880306272132,10.043068791753738],[-83.98907154435075,10.042655948207805],[-83.98893730353603,10.042275484547828],[-83.98882096149661,10.041781691287005],[-83.98887465782249,10.041287898026184],[-83.98923263332841,10.040486495848786],[-83.98946531740725,10.038592272520386],[-83.98965325454786,10.037288982110677],[-83.98963535577256,10.036301395589033],[-83.98953691250844,10.035807602328212],[-83.98891045537309,10.035346188953346],[-83.98874041700778,10.035087149865701],[-83.98873146762013,10.035079054894213],[-83.98849878354129,10.034868585635502],[-83.98829294762538,10.034755256034657],[-83.97754473306031,10.021900441310317],[-83.97226459434808,10.015618743434946],[-83.9721572016963,10.015618743434946],[-83.97213930292101,10.015618743434946],[-83.97179027680274,10.015618743434946],[-83.9707521478356,10.015108760231145],[-83.9702867796779,10.015246374746457],[-83.96984825968316,10.015319229489856],[-83.96953503111548,10.015262564689435],[-83.96849690214833,10.014874006057967],[-83.96813892664242,10.014849721143502],[-83.96772725481061,10.014817341257546],[-83.96699340502349,10.014987335658812],[-83.96617901074754,10.015060190402211],[-83.9657046932022,10.01507638034519],[-83.96523932504451,10.014954955772856],[-83.96487240015095,10.014825436229035],[-83.96427279117854,10.01456639714139],[-83.96332415608788,10.014113078738013],[-83.96267085078958,10.013805469821436],[-83.96207124181717,10.013538335762302],[-83.96056774469233,10.013141682159347],[-83.95968175531519,10.013101207301903],[-83.95901950062925,10.012955497815103],[-83.95787397901033,10.012356469924926],[-83.95710433167261,10.012137905694727],[-83.95602145576723,10.01204076603686],[-83.95482223782241,10.01161173254795],[-83.95371251375407,10.01102889460075],[-83.95249539703397,10.010243682366328],[-83.95186893989862,10.009644654476151],[-83.95125143215091,10.008980866814063],[-83.9500701129814,10.008074230007308],[-83.94947945339663,10.007693766347332],[-83.94880824932305,10.007321397658842],[-83.94800280443475,10.00705426359971],[-83.94727790403527,10.006940933998866],[-83.94646350975931,10.00676284462611],[-83.94608763547811,10.006633325082287],[-83.94534483630333,10.0063338111372],[-83.94465573345445,10.005953347477222],[-83.94348336367258,10.005483839130868],[-83.94284795714958,10.005451459244911],[-83.94231099389071,10.005670023475112],[-83.94183667634537,10.005961442448712],[-83.94131761186179,10.00588858770531],[-83.94055691391173,10.005491934102356],[-83.93996625432698,10.005321939701089],[-83.93929505025338,10.004998140841534],[-83.9387938845451,10.004609582210067],[-83.93820322496035,10.003767705175225],[-83.93721879231909,10.003176772256536],[-83.93633280294195,10.002237755563826],[-83.93575109274484,10.001687297502581],[-83.93507988867124,10.000934465154117],[-83.93446238092353,10.000133062976717],[-83.93436393765941,9.99982545406014],[-83.93388962011407,9.998967387082319],[-83.93368378419818,9.998392644106607],[-83.9331647197146,9.99635271129141],[-83.93292308624811,9.99562416385741],[-83.93248456625336,9.995308459969344],[-83.93140169034797,9.994668957221723],[-83.93057834668437,9.99425611367579],[-83.92979080057135,9.993827080186879],[-83.92908379894718,9.993041867952458],[-83.92873477282892,9.992637119378013],[-83.92829625283417,9.99216761103166],[-83.92793827732825,9.991042409994705],[-83.92861843078948,9.988962002322063],[-83.92827835405888,9.988783912949307],[-83.9274997573335,9.98832249957444],[-83.92677485693403,9.987869181171064],[-83.92676590754638,9.987844896256597],[-83.9261305010234,9.98673588516262],[-83.92600520959631,9.985764488583955],[-83.92567408225335,9.985027846178467],[-83.9250297263427,9.984088829485756],[-83.92447486430854,9.983020293249224],[-83.9236067737067,9.981126069920826],[-83.92322195003783,9.980170863285139],[-83.9225238978013,9.979175181792007],[-83.92199588393008,9.979199466706474],[-83.92129783169355,9.979353271164761],[-83.9206892733335,9.979426125908162],[-83.91963324559104,9.97957993036645],[-83.91912313049512,9.979482790708584],[-83.91859511662389,9.979401840993695],[-83.91788811499971,9.97914280190605],[-83.91720796153848,9.978916142704362],[-83.91621457950957,9.978616628759273],[-83.91542703339655,9.978689483502674],[-83.91452314524412,9.978487109215452],[-83.91361925709168,9.978414254472051],[-83.91288540730456,9.978187595270363],[-83.91217840568038,9.977815226581875],[-83.91137296079208,9.977588567380186],[-83.91033483182493,9.977175723834254],[-83.90945779183544,9.976665740630454],[-83.90839281470534,9.976487651257699],[-83.90739943267643,9.97618813731261],[-83.90658503840048,9.97618813731261],[-83.9055827069839,9.975912908281988],[-83.90470566699442,9.975427209992654],[-83.90387337394317,9.974480098328456],[-83.90324691680782,9.973848690552323],[-83.90229828171715,9.972853009059191],[-83.88702167700227,9.969906439437239],[-83.88763023536232,9.969558355663217],[-83.88805980596942,9.969194081946217],[-83.88904423861068,9.968676003770929],[-83.88995707615076,9.968344109939885],[-83.89092361001673,9.967996026165864],[-83.89220337245037,9.967915076450973],[-83.89369792018756,9.96808507085224],[-83.8949597838459,9.967866506622041],[-83.89577417812187,9.967979836222884],[-83.89668701566194,9.968222685367552],[-83.89764460014027,9.968643623884974],[-83.8987722229839,9.968497914398174],[-83.89945237644513,9.967680322277797],[-83.90057104990112,9.967113674273575],[-83.90164497641885,9.966506551411909],[-83.902683105386,9.96627989221022],[-83.90367648741491,9.96620703746682],[-83.90437453965146,9.965527059861754],[-83.90492940168562,9.964361383967356],[-83.90496519923622,9.96324427790189],[-83.90507259188799,9.96223240646578],[-83.9062539110575,9.961026255713938],[-83.90692511513109,9.961520048974759],[-83.90773950940705,9.961196250115204],[-83.90859865062124,9.961010065770958],[-83.9096188808131,9.960985780856493],[-83.91050487019024,9.960661981996937],[-83.91124766936501,9.95984438987656],[-83.91207101302861,9.959002512841717],[-83.91261692567512,9.958298250322184],[-83.913306028524,9.957577797859674],[-83.91464843667119,9.95623403259252],[-83.91475582932297,9.955384060586187],[-83.91537333707066,9.954493613722411],[-83.91625037706015,9.954218384691789],[-83.9168947329708,9.953619356801612],[-83.91731535419025,9.953117468569301],[-83.9181476472415,9.95312556354079],[-83.91912313049512,9.953538407086723],[-83.91974958763046,9.95283414456719],[-83.92025075333875,9.952243211648502],[-83.92049238680524,9.952073217247236],[-83.92084141292351,9.95196798261788],[-83.9217363516883,9.951903222845969],[-83.92290872147017,9.951660373701303],[-83.92387525533613,9.951490379300036],[-83.9252534610339,9.951482284328547],[-83.92646162836635,9.951368954727704],[-83.92735656713114,9.951134200554526],[-83.92816201201946,9.950996586039214],[-83.9290301026213,9.951093725697081],[-83.93030091566729,9.95132038489877],[-83.93153593116268,9.951668468672791],[-83.93205499564627,9.952154166962124],[-83.93251141441631,9.952971759082502],[-83.93303047889988,9.953441267428856],[-83.93343320134403,9.953586976915656],[-83.93388067072642,9.953425077485878],[-83.93456082418767,9.953570786972678],[-83.93541101601421,9.953975535547123],[-83.93636860049253,9.954590753380277],[-83.93678922171198,9.955011691897699],[-83.93724564048202,9.955400250529165],[-83.9375409702744,9.956104513048698],[-83.93753202088675,9.956776395682274],[-83.9375588690497,9.957448278315852],[-83.9378005025162,9.957853026890296],[-83.93852540291567,9.958346820151117],[-83.9392234551522,9.957844931918807],[-83.93987676045049,9.95739161351543],[-83.94062850901291,9.95695448505503],[-83.94120126982237,9.956582116366542],[-83.94229309511542,9.956064038191254],[-83.94351021183552,9.955481200244055],[-83.94414561835852,9.955448820358098],[-83.94489736692094,9.955343585728743],[-83.94506740528625,9.954987406983232],[-83.94521059548862,9.954598848351766],[-83.94566701425866,9.954606943323254],[-83.94614133180399,9.954655513152188],[-83.9467230420011,9.95463932320921],[-83.94678568771464,9.954088865147966],[-83.94721525832173,9.95385411097479],[-83.9477522215806,9.95334412777099],[-83.948199690963,9.953230798170145],[-83.94895143952542,9.953238893141634],[-83.94921992115485,9.952931284225057],[-83.94981058073961,9.95291509428208],[-83.95002536604316,9.953392697599924],[-83.95039229093672,9.953805541145856],[-83.95133197663975,9.953829826060323],[-83.95203897826393,9.95383792103181],[-83.95263858723634,9.953449362400345],[-83.95295181580401,9.953020328911434],[-83.953587222327,9.952494155764658],[-83.954705895783,9.951984172560858],[-83.9552876059801,9.950939921238792],[-83.95586036678957,9.950324703405638],[-83.95660316596434,9.949499016313771]]]}},{"type":"Feature","properties":{"Conurbanos":"Oeste"},"geometry":{"type":"Polygon","coordinates":[[[-84.17371531030129,10.005346224615556],[-84.17317834704242,10.00503052072749],[-84.17297251112652,10.004892906212179],[-84.17268613072179,10.0048038615258],[-84.17229235766528,10.004698626896445],[-84.17204177481113,10.004609582210067],[-84.17178224256935,10.004585297295602],[-84.1713616213499,10.004496252609224],[-84.17110208910812,10.00322534208547],[-84.17065461972572,10.002229660592338],[-84.17015345401744,10.000918275211138],[-84.16965228830917,10.000173537834161],[-84.16922271770207,9.99967164960185],[-84.16895423607264,9.998789297709562],[-84.16831882954963,9.997518387185808],[-84.16710171282952,9.996255571633544],[-84.16673478793597,9.994766096879589],[-84.16600093814884,9.992993298123524],[-84.16558926631704,9.992127136174215],[-84.16539237978878,9.99172238759977],[-84.16447059286105,9.990241007817305],[-84.16433635204633,9.989528650326283],[-84.16380833817512,9.987780136484686],[-84.16252857574148,9.983821695426624],[-84.16214375207261,9.982486025130958],[-84.16256437329206,9.981182734721248],[-84.16132040840901,9.979976583969405],[-84.16014803862714,9.979239941563918],[-84.15881457986761,9.97850329915843],[-84.15814337579403,9.978041885783563],[-84.15752586804632,9.977726181895497],[-84.15689941091097,9.97741857297892],[-84.15664882805683,9.976924779718098],[-84.15621030806209,9.976641455715987],[-84.15551225582556,9.976463366343232],[-84.15517217909493,9.97647146131472],[-84.15538696439849,9.975572919479454],[-84.15521692603318,9.974439623471012],[-84.1549036974655,9.973945830210189],[-84.1540624550266,9.973039193403435],[-84.15374922645893,9.972958243688547],[-84.15361498564421,9.972618254886013],[-84.15407140441425,9.972067796824769],[-84.15474260848784,9.971363534305237],[-84.15515428031964,9.970222143325305],[-84.15545855949966,9.969339791433017],[-84.15625505500033,9.968813618286239],[-84.15705155050098,9.968489819426685],[-84.15830446477169,9.967850316679064],[-84.15909201088469,9.967340333475263],[-84.16011224107655,9.96672511564211],[-84.16088188841427,9.966887015071887],[-84.1615620418755,9.966547026269353],[-84.1621974483985,9.966287987181708],[-84.16285970308444,9.96621513243831],[-84.16333402062978,9.96656321621233],[-84.16392468021454,9.96649845644042],[-84.16464063122636,9.966255607295754],[-84.16518654387288,9.96641750672553],[-84.1666094965089,9.966587501126797],[-84.1672091054813,9.966603691069775],[-84.16757603037486,9.966393221811064],[-84.16780871445371,9.965891333578753],[-84.16811299363373,9.965575629690688],[-84.16870365321849,9.965680864320044],[-84.17027874544452,9.967704607192264],[-84.17092310135516,9.968716478628373],[-84.17154060910286,9.969372171318973],[-84.17232815521588,9.970375947783594],[-84.17277562459826,9.970966880702282],[-84.17316044826713,9.971468768934592],[-84.17353632254833,9.971954467223926],[-84.17508456661142,9.972173031454124],[-84.17559468170734,9.972213506311569],[-84.17767093964164,9.971209729846949],[-84.1782437004511,9.970804981272504],[-84.17853008085584,9.970303093040194],[-84.1794966147218,9.970230238296793],[-84.18001567920538,9.968918852915595],[-84.1790491453394,9.968514104341152],[-84.17774253474282,9.968174115538618],[-84.17572892252205,9.968287445139463],[-84.175120364162,9.968263160224996],[-84.17410013397014,9.96750223290504],[-84.17320519520537,9.966700830727643],[-84.17188963522113,9.965518964890265],[-84.17069936666397,9.965227545916665],[-84.1694733005562,9.964620423054999],[-84.16830988016198,9.963802830934624],[-84.16783556261665,9.963284752759334],[-84.16787136016724,9.962272881323225],[-84.16716435854306,9.961163870229248],[-84.16641260998064,9.960176283707604],[-84.16588459610942,9.95912393741405],[-84.16546397488997,9.958136350892406],[-84.1647032769399,9.957140669399275],[-84.16416631368102,9.956938295112053],[-84.16366514797275,9.956914010197586],[-84.16311923532623,9.95695448505503],[-84.16200951125789,9.95630688733592],[-84.16108772433017,9.955861663904031],[-84.15995115209888,9.955885948818498],[-84.1588324786429,9.955707859445743],[-84.157839096614,9.955092641612588],[-84.15695310723686,9.9539188707467],[-84.1559686745956,9.953400792571411],[-84.15542276194907,9.952445585935724],[-84.15443832930781,9.951733228444702],[-84.15314066809887,9.951490379300036],[-84.1520219946429,9.951069440782614],[-84.15131499301872,9.950251848662237],[-84.15128814485577,9.949183312425705],[-84.15097491628809,9.948381910248306],[-84.15029476282686,9.94756431812793],[-84.14943562161265,9.947110999724552],[-84.14821850489255,9.94698148018073],[-84.14758309836955,9.946641491378196],[-84.14732356612777,9.946244837775241],[-84.14685819797008,9.94546772051231],[-84.14672395715536,9.945046781994888],[-84.14607960124471,9.944941547365532],[-84.14530100451935,9.944731078106821],[-84.14462980044576,9.944747268049799],[-84.14419128045101,9.944350614446844],[-84.14425392616455,9.943970150786866],[-84.14447766085574,9.943800156385599],[-84.14475509187284,9.943670636841778],[-84.14479088942342,9.94322541340989],[-84.14433447065338,9.94278828494949],[-84.144039140861,9.942440201175469],[-84.14360062086625,9.941833078313802],[-84.14288466985442,9.94133928505298],[-84.14189128782552,9.941169290651715],[-84.14084420947071,9.940602642647493],[-84.13943020622236,9.939857905270514],[-84.13815044378872,9.939080788007583],[-84.13638741442209,9.939056503093116],[-84.13484811974666,9.93895126846376],[-84.13351466098713,9.938271290858696],[-84.13168003651931,9.93815796125785],[-84.13037342592273,9.937898922170206],[-84.12968432307385,9.937890827198718],[-84.12848510512903,9.937858447312761],[-84.12776020472955,9.937631788111073],[-84.12714269698185,9.937283704337052],[-84.12621196066648,9.937275609365562],[-84.12568394679525,9.93714608982174],[-84.12547811087936,9.936692771418363],[-84.12534387006464,9.936344687644342],[-84.12403725946805,9.936118028442653],[-84.12324971335504,9.935891369240965],[-84.12299018111325,9.93555947540992],[-84.12290963662441,9.934774263175498],[-84.12253376234321,9.934426179401477],[-84.12163882357842,9.934466654258921],[-84.12164777296607,9.933956671055121],[-84.12179991255609,9.933195743735167],[-84.12188045704491,9.932766710246256],[-84.1219520521461,9.932151492413102],[-84.12206839418552,9.93157674943739],[-84.12221158438788,9.931228665663369],[-84.12220263500024,9.930734872402548],[-84.12162092480312,9.930443453428948],[-84.12118240480838,9.92969871605197],[-84.1215045827637,9.923449398062555],[-84.12159407664018,9.920049510037225],[-84.12157617786488,9.918414325796471],[-84.12157617786488,9.9124969016381],[-84.12142403827488,9.903228159283332],[-84.12143298766252,9.895052238079563],[-84.12219368561259,9.894258930873653],[-84.12312442192797,9.893392768924343],[-84.12440418436161,9.892275662858877],[-84.12543336394111,9.891506640567433],[-84.1261045680147,9.890794283076412],[-84.12648939168356,9.890211445129212],[-84.12705320310538,9.889142908892682],[-84.12770650840366,9.88857626088846],[-84.12839561125256,9.888381981572726],[-84.1292816006297,9.887362015165127],[-84.13014969123154,9.885540646580129],[-84.13074930020395,9.883832607595975],[-84.13163528958108,9.882877400960288],[-84.13304034344179,9.881841244609712],[-84.13379209200421,9.880659378772334],[-84.13397107975717,9.879485607906448],[-84.13437380220132,9.87801232309547],[-84.1340337254707,9.876417613712162],[-84.13381894016716,9.87504956353054],[-84.13346096466124,9.873487234033187],[-84.13315668548121,9.872410602825166],[-84.13270921609882,9.8712206420163],[-84.13267341854822,9.87035448006699],[-84.1327987099753,9.869674502461924],[-84.13321933119475,9.869091664514725],[-84.13340726833535,9.868282167365837],[-84.13438275158897,9.866946497070172],[-84.13505395566256,9.865805106090239],[-84.13602048952852,9.864696094996264],[-84.13663799727622,9.863328044814642],[-84.13714811237216,9.862364743207465],[-84.13834733031698,9.861474296343689],[-84.13977923234063,9.86089145839649],[-84.14083526008307,9.860478614850557],[-84.14213292129202,9.860284335534823],[-84.14347532943918,9.86009005621909],[-84.14439711636692,9.859839112102934],[-84.14547999227231,9.859555788100824],[-84.14599010736823,9.860251955648868],[-84.14644652613828,9.860818603653088],[-84.14687609674537,9.861870949946644],[-84.14828115060608,9.864550385509464],[-84.14904184855615,9.863943262647798],[-84.15087647302397,9.863360424700598],[-84.15316751626182,9.863862312932909],[-84.15557490153908,9.864469435794573],[-84.15651458724211,9.865343692715374],[-84.1571857913157,9.866031765291929],[-84.1588503774182,9.866339374208506],[-84.16084609086367,9.866420323923395],[-84.1628149561462,9.867205536157815],[-84.16448849163635,9.867496955131415],[-84.16539237978878,9.867440290330993],[-84.16720015609366,9.867302675815683],[-84.16796085404371,9.86731077078717],[-84.1707441136022,9.867043636728038],[-84.17223866133939,9.867181251243348],[-84.17430596988605,9.867399815473549],[-84.17609584741562,9.867424100388016],[-84.17703553311864,9.867594094789283],[-84.17802891514755,9.868533111481993],[-84.17866432167055,9.869585457775546],[-84.17921023431707,9.870314005209545],[-84.17961295676123,9.871131597329923],[-84.18014097063245,9.871843954820944],[-84.18041840164953,9.87288820614301],[-84.18069583266661,9.873859602721675],[-84.18167131592023,9.874450535640364],[-84.18272734366268,9.874944328901185],[-84.18312111671919,9.87534098250414],[-84.18358648487687,9.875883345593895],[-84.18397130854574,9.87613428971005],[-84.18420399262457,9.876822362286605],[-84.18443667670343,9.877162351089138],[-84.18484834853523,9.877559004692094],[-84.18515262771525,9.877963753266538],[-84.1855374513841,9.878546591213738],[-84.18586857872708,9.879234663790292],[-84.1860386170924,9.87989035648089],[-84.18651293463772,9.881306976491445],[-84.18655768157596,9.882197423355223],[-84.18647713708714,9.882901685874755],[-84.18640554198595,9.883524998679398],[-84.18655768157596,9.883856892510442],[-84.18613706035651,9.88452068017253],[-84.18608336403062,9.885119708062707],[-84.18726468320014,9.884755434345708],[-84.18799853298727,9.884933523718463],[-84.18833860971789,9.885127803034196],[-84.19002109459568,9.886309668871572],[-84.19113081866402,9.887119166020462],[-84.19324287414891,9.888106752542104],[-84.19412886352605,9.88799342294126],[-84.19502380229083,9.887880093340415],[-84.19594558921857,9.887540104537882],[-84.19667048961804,9.88698155150515],[-84.1966257426798,9.886228719156684],[-84.19644675492684,9.885540646580129],[-84.19693002185983,9.884868763946553],[-84.19784285939991,9.884771624288685],[-84.19866620306351,9.884107836626598],[-84.19947164795181,9.883241674677288],[-84.20015180141306,9.882480747357333],[-84.20083195487429,9.8815579206076],[-84.20135101935787,9.880950797745934],[-84.2018074381279,9.880643188829357],[-84.20231755322384,9.880230345283424],[-84.20230860383619,9.879631317393248],[-84.20224595812265,9.878943244816693],[-84.2022549075103,9.878481831441826],[-84.2024965409768,9.87816612755376],[-84.20362416382042,9.878489926413314],[-84.20421482340518,9.878174222525248],[-84.20490392625406,9.877688524235916],[-84.20561987726589,9.877559004692094],[-84.20656851235657,9.877024736573828],[-84.20820625029613,9.87657141817045],[-84.20841208621202,9.876385233826205],[-84.20946811395447,9.875591926620295],[-84.20988873517392,9.87505765850203],[-84.20982608946038,9.874304826153564],[-84.2102019637416,9.873932457465076],[-84.21104320618049,9.87426435129612],[-84.21204553759705,9.873981027294008],[-84.21277938738417,9.874086261923363],[-84.2137369718625,9.874191496552719],[-84.21532101347617,9.874167211638254],[-84.21695875141573,9.874337206039518],[-84.21869493261941,9.875017183644585],[-84.21980465668774,9.875438122162008],[-84.22069064606488,9.875090038387984],[-84.22213149747618,9.874790524442897],[-84.2226774101227,9.874580055184186],[-84.22350075378631,9.873883887636142],[-84.2241361603093,9.873212005002564],[-84.22508479539998,9.873074390487254],[-84.22637350722127,9.872685831855788],[-84.22706261007015,9.872329653110278],[-84.2277427635314,9.871763005106056],[-84.22844976515557,9.871188262130344],[-84.22919256433035,9.870734943726967],[-84.23016804758396,9.8707106588125],[-84.23133146797818,9.870734943726967],[-84.2331481936707,9.870483999610812],[-84.23410577814902,9.870532569439746],[-84.23512600834087,9.870403049895923],[-84.23605674465625,9.870435429781878],[-84.23821354707938,9.870087346007857],[-84.23883105482709,9.87071875378399],[-84.23927852420947,9.871172072187367],[-84.23961860094009,9.871406826360545],[-84.24033455195192,9.8719491894503],[-84.24093416092433,9.872710116770254],[-84.24141742785731,9.873001535743853],[-84.24264349396506,9.873624848548499],[-84.24364582538163,9.874159116666764],[-84.24533725964707,9.874863379186296],[-84.24589212168124,9.874685289813542],[-84.24651857881659,9.874321016096541],[-84.24704659268781,9.874240066381653],[-84.24805787349202,9.874790524442897],[-84.24841584899794,9.874944328901185],[-84.24869328001502,9.875065753473518],[-84.24905125552092,9.875146703188408],[-84.24935553470095,9.875146703188408],[-84.24988354857219,9.875025278616073],[-84.25020572652751,9.87505765850203],[-84.25059949958401,9.875276222732229],[-84.25114541223053,9.875381457361584],[-84.25142284324761,9.875430027190518],[-84.25165552732646,9.875567641705828],[-84.25187031263,9.87569716124965],[-84.25213879425944,9.875899535536872],[-84.25241622527652,9.876085719881118],[-84.25261311180478,9.876255714282383],[-84.25289949220951,9.876360948911739],[-84.2533290628166,9.876547133255983],[-84.25407186199138,9.876660462856828],[-84.25462672402554,9.876733317600229],[-84.2552710799362,9.876587608113429],[-84.25571854931859,9.876409518740672],[-84.25611232237509,9.876344758968761],[-84.25653294359454,9.876336663997273],[-84.25685512154986,9.876369043883228],[-84.257105704404,9.87635285394025],[-84.25741893297167,9.876199049481961],[-84.25758002194934,9.875907630508362],[-84.25792904806761,9.875640496449229],[-84.25833177051176,9.875527166848384],[-84.25887768315827,9.875737636107095],[-84.25911931662476,9.876045245023672],[-84.25943254519244,9.87627999919685],[-84.2598173688613,9.876263809253873],[-84.26014849620427,9.876369043883228],[-84.26019324314251,9.87663617794236],[-84.2604527753843,9.876854742172561],[-84.26090919415434,9.877008546630849],[-84.26137456231203,9.87722711086105],[-84.26147300557615,9.877478054977205],[-84.26186677863267,9.877696619207404],[-84.26216210842504,9.877664239321449],[-84.26236794434094,9.877850423665693],[-84.26262747658272,9.877631859435493],[-84.2629586039257,9.877931373380582],[-84.2631823386169,9.878068987895892],[-84.26365665616223,9.878230887325671],[-84.26405937860639,9.878125652696315],[-84.26434575901112,9.878077082867382],[-84.2646052912529,9.878238982297159],[-84.2648111271688,9.878441356584382],[-84.26510645696118,9.878643730871604],[-84.26539283736591,9.87865992081458],[-84.26564342022006,9.878878485044781],[-84.2658761042989,9.878781345386914],[-84.26613563654068,9.878716585615003],[-84.26642201694541,9.878562781156715],[-84.26685158755251,9.878473736470337],[-84.2672990569349,9.878425166641403],[-84.267728627542,9.878489926413314],[-84.2680060585591,9.878708490643515],[-84.26823874263793,9.878975624702647],[-84.26872200957092,9.878773250415426],[-84.26911578262742,9.87845754652736],[-84.26890994671152,9.878117557724826],[-84.26890994671152,9.87786661360867],[-84.26866831324503,9.877542814749116],[-84.26851617365502,9.877235205832537],[-84.26822979325028,9.877016641602339],[-84.26807765366027,9.876700937714272],[-84.26783602019378,9.876336663997273],[-84.26740644958669,9.876053339995162],[-84.26709322101901,9.875770015993051],[-84.26696792959194,9.87534098250414],[-84.26677999245133,9.87505765850203],[-84.26642201694541,9.874733859642474],[-84.26622513041717,9.874337206039518],[-84.26640411817013,9.874142926723787],[-84.26660100469837,9.873705798263387],[-84.26667259979956,9.87346294911872],[-84.26643991572071,9.873187720088097],[-84.26701267653017,9.87266964191281],[-84.26740644958669,9.8720948989371],[-84.26765703244082,9.871447301217989],[-84.26788076713201,9.871333971617144],[-84.26830138835147,9.871212547044811],[-84.26862356630679,9.870977792871633],[-84.26878465528445,9.87064589904059],[-84.26878465528445,9.870314005209545],[-84.26868621202033,9.869990206349991],[-84.26873095895857,9.869423558345769],[-84.27242705605713,9.869366893545347],[-84.2825577628745,9.86233236332151],[-84.28802583872734,9.863983737505242],[-84.2931985847878,9.863255190071243],[-84.29296590070895,9.863595178873775],[-84.29286745744483,9.863829933046953],[-84.29268846969187,9.864113257049063],[-84.29259002642775,9.864509910652018],[-84.29255422887715,9.86479323465413],[-84.29257212765245,9.865060368713262],[-84.29279586234365,9.865570351917063],[-84.29327017988898,9.865570351917063],[-84.29352971213078,9.865675586546418],[-84.29380714314786,9.865813201061728],[-84.29406667538964,9.865926530662573],[-84.29429935946848,9.866396039008928],[-84.2944336002832,9.866606508267639],[-84.29480052517677,9.867011256842083],[-84.29501531048031,9.867229821072282],[-84.29497951292973,9.867618379703748],[-84.2948631708903,9.868136457879038],[-84.29488106966559,9.868452161767102],[-84.29511375374445,9.86884072039857],[-84.29536433659858,9.868889290227504],[-84.29575810965508,9.868954049999413],[-84.2961518827116,9.868897385198991],[-84.29660830148163,9.868937860056436],[-84.29650090882986,9.869358798573858],[-84.29642036434103,9.869739262233836],[-84.29657250393105,9.87021686555168],[-84.29667094719517,9.870524474468256],[-84.29679623862224,9.870823988413346],[-84.29677833984694,9.871228736987788],[-84.29704682147637,9.871560630818832],[-84.29723475861698,9.871779195049033],[-84.29722580922933,9.872102993908587],[-84.29710946718991,9.872434887739633],[-84.29702892270109,9.872750591627698],[-84.29702892270109,9.873009630715343],[-84.29710051780226,9.873649133462964],[-84.29729740433052,9.873843412778697],[-84.2975569365723,9.874029597122941],[-84.29794176024116,9.87426435129612],[-84.2979865071794,9.874555770269719],[-84.29801335534235,9.874830999300341],[-84.29804915289294,9.875122418273941],[-84.29812969738177,9.875672876335184],[-84.2980402035053,9.875964295308783],[-84.29805810228058,9.876223334396428],[-84.29826393819648,9.876563323198962],[-84.29859506553946,9.876903312001494],[-84.27836050006766,9.884196881312976],[-84.27817256292705,9.884488300286575],[-84.27813676537646,9.884795909203152],[-84.27840524700589,9.885224942692062],[-84.27870057679827,9.88531398737844],[-84.27893326087712,9.885540646580129],[-84.27901380536595,9.885929205211596],[-84.27878112128711,9.886333953786039],[-84.27903170414125,9.88669822750304],[-84.27932703393363,9.886997741448127],[-84.27972975637778,9.887256780535772],[-84.28014142820957,9.887394395051082],[-84.28052625187844,9.887596769338305],[-84.28083948044612,9.887621054252772],[-84.28115270901378,9.88778295368255],[-84.28140329186793,9.887888188311905],[-84.28174336859854,9.887823428539994],[-84.28211029349211,9.887855808425948],[-84.28234297757095,9.88806627768466],[-84.28267410491392,9.888301031857837],[-84.28296048531865,9.888454836316127],[-84.28283519389159,9.88872197037526],[-84.28262040858803,9.888924344662481],[-84.28246826899802,9.889134813921192],[-84.28250406654861,9.889385758037347],[-84.28292468776806,9.889620512210525],[-84.2833453089875,9.889701461925414],[-84.28367643633048,9.889920026155613],[-84.28390912040932,9.890138590385813],[-84.28414180448817,9.890389534501969],[-84.28427604530289,9.890689048447058],[-84.28445503305585,9.891004752335123],[-84.28443713428055,9.891304266280212],[-84.28435658979171,9.89168472994019],[-84.28439238734231,9.891943769027833],[-84.28459822325821,9.892235188001433],[-84.2848756542753,9.892421372345677],[-84.28538576937122,9.892648031547367],[-84.28574374487714,9.892947545492454],[-84.2859406314054,9.893101349950744],[-84.28608382160776,9.893676092926453],[-84.28624491058541,9.894056556586431],[-84.28634335384955,9.89449368504683],[-84.28663868364193,9.89463939453363],[-84.28655813915309,9.895116997851474],[-84.28632545507425,9.895562221283363],[-84.28625385997306,9.895886020142918],[-84.28654024037779,9.89623410391694],[-84.28696086159725,9.896282673745873],[-84.28731883710316,9.895934589971851],[-84.28768576199673,9.895748405627607],[-84.28792739546321,9.89587792517143],[-84.28817797831735,9.896201724030984],[-84.28863439708739,9.89630695866034],[-84.28906396769449,9.896703612263295],[-84.28948458891394,9.897019316151361],[-84.28984256441986,9.89666313740585],[-84.29018264115047,9.896493143004584],[-84.29043322400462,9.896468858090117],[-84.29043322400462,9.896857416721584],[-84.29036162890343,9.897148835695184],[-84.29027213502695,9.897545489298139],[-84.29047797094285,9.898031187587472],[-84.2906569586958,9.898354986447027],[-84.29081804767347,9.898597835591692],[-84.2910686305276,9.89884068473636],[-84.29123866889292,9.899164483595914],[-84.29145345419647,9.899528757312915],[-84.2915339986853,9.899957790801825],[-84.29167718888766,9.900176355032025],[-84.2919456705171,9.899957790801825],[-84.29237524112419,9.900014455602246],[-84.29244683622538,9.900305874575846],[-84.29290325499542,9.900548723720513],[-84.29335967376547,9.900653958349869],[-84.29377134559726,9.900815857779646],[-84.294057726002,9.900993947152402],[-84.29454994232263,9.901212511382601],[-84.29488106966559,9.901414885669823],[-84.29531958966034,9.901633449900023],[-84.29574916026743,9.901827729215757],[-84.29603554067216,9.901916773902133],[-84.29637561740279,9.902013913560001],[-84.29677833984694,9.902038198474466],[-84.29701997331344,9.901900583959156],[-84.29744954392054,9.901843919158734],[-84.29773592432527,9.902022008531489],[-84.29777172187585,9.902289142590622],[-84.29801335534235,9.902556276649756],[-84.29834448268532,9.902831505680377],[-84.29865771125299,9.902912455395267],[-84.29895304104537,9.902985310138666],[-84.29923047206245,9.90302578499611],[-84.29979428348427,9.903066259853555],[-84.30020595531607,9.903309108998222],[-84.30055498143433,9.90360862294331],[-84.30042969000726,9.903948611745843],[-84.30046548755786,9.904385740206243],[-84.30060867776022,9.90476620386622],[-84.30074291857494,9.905065717811308],[-84.3009040075526,9.905438086499796],[-84.30110984346851,9.906061399304441],[-84.30136042632265,9.90649852776484],[-84.30162890795208,9.906522812679306],[-84.30187054141857,9.906417578049952],[-84.30213007366036,9.906037114389974],[-84.30225536508743,9.905689030615951],[-84.3024164540651,9.905454276442775],[-84.30272968263276,9.905227617241087],[-84.30300711364985,9.905251902155552],[-84.30308765813868,9.905599985929575],[-84.30308765813868,9.90585093004573],[-84.30310555691398,9.906352818278041],[-84.30324874711634,9.906611857365684],[-84.30338298793106,9.906846611538862],[-84.30362462139755,9.907097555655017],[-84.30427792669585,9.907550874058394],[-84.30451956016233,9.907890862860928],[-84.30479699117942,9.90815799692006],[-84.30524446056181,9.908392751093238],[-84.30561138545538,9.908392751093238],[-84.30596936096129,9.908117522062616],[-84.30621994381544,9.90802038240475],[-84.30646157728192,9.90815799692006],[-84.30668531197311,9.908538460580038],[-84.30702538870374,9.908918924240016],[-84.30741021237259,9.909291292928504],[-84.30779503604145,9.909485572244236],[-84.3082156572609,9.90975270630337],[-84.30861837970505,9.910003650419526],[-84.30910164663804,9.91018173979228],[-84.30959386295866,9.910295069393126],[-84.31019347193107,9.910238404592702],[-84.31088257477997,9.91004412527697],[-84.31130319599941,9.91004412527697],[-84.31167012089297,9.909882225847191],[-84.31185805803358,9.909720326417414],[-84.31226078047773,9.909364147671903],[-84.31252926210716,9.909315577842971],[-84.3128156425119,9.909517952130193],[-84.31296778210191,9.909817466075282],[-84.31321836495606,9.909955080590592],[-84.31352264413607,9.910019840362503],[-84.31385377147905,9.909963175562082],[-84.31433703841203,9.91004412527697],[-84.31465921636736,9.910659343110124],[-84.31500824248562,9.910756482767992],[-84.31542886370507,9.910958857055213],[-84.31616271349219,9.910821242539901],[-84.31651173961046,9.91069172299608],[-84.31689656327931,9.910716007910546],[-84.31721874123464,9.910796957625436],[-84.31769305877998,9.910869812368835],[-84.3180152367353,9.91091028722628],[-84.31828371836474,9.910950762083724],[-84.31854325060652,9.911145041399458],[-84.31862379509535,9.911501220144968],[-84.31872223835948,9.911962633519835],[-84.31878488407301,9.91248880666661],[-84.31897282121362,9.9128611753551],[-84.31941134120837,9.913209259129122],[-84.31983196242781,9.913460203245277],[-84.32013624160784,9.913492583131232],[-84.32040472323727,9.913460203245277],[-84.32111172486145,9.913460203245277],[-84.32147864975502,9.913492583131232],[-84.32193506852506,9.913476393188255],[-84.3222214489298,9.913533057988676],[-84.3226152219863,9.91380019204781],[-84.3228210579022,9.913978281420565],[-84.3230447925934,9.914277795365654],[-84.3232685272846,9.914577309310742],[-84.32354595830168,9.914755398683498],[-84.32385918686936,9.914844443369876],[-84.32428875747645,9.915087292514542],[-84.32449459339234,9.915443471260053],[-84.32453934033059,9.915702510347696],[-84.32422611176291,9.915848219834496],[-84.32393078197053,9.916034404178742],[-84.32368914850404,9.916099163950651],[-84.32317008402046,9.915993929321296],[-84.32287475422808,9.915848219834496],[-84.32251677872217,9.91574298520514],[-84.32219460076685,9.915653940518764],[-84.32181872648565,9.915637750575787],[-84.32130861138971,9.915694415376208],[-84.32083429384437,9.91605059412172],[-84.32070005302965,9.916390582924251],[-84.32064635670378,9.916625337097429],[-84.32056581221494,9.916941040985495],[-84.32064635670378,9.917386264417384],[-84.32055686282729,9.917718158248428],[-84.3203331281361,9.918171476651805],[-84.32032417874845,9.918738124656027],[-84.32026153303491,9.919231917916848],[-84.32028838119786,9.919588096662359],[-84.32022573548431,9.920073794951692],[-84.31996620324253,9.920276169238914],[-84.31950083508484,9.920405688782736],[-84.31921445468011,9.920373308896782],[-84.31894597305067,9.92024378935296],[-84.31862379509535,9.920073794951692],[-84.31838216162886,9.919847135750004],[-84.31815842693767,9.919628571519803],[-84.31795259102176,9.919272392774293],[-84.31753196980232,9.91907811345856],[-84.31716504490875,9.918908119057294],[-84.31673547430165,9.918754314599004],[-84.3162969543069,9.918551940311783],[-84.31600162451453,9.918317186138605],[-84.31561680084567,9.918050052079472],[-84.31540201554213,9.917888152649695],[-84.31515143268798,9.91762101859056],[-84.31179541232004,9.919110493344515],[-84.31150008252766,9.919393817346625],[-84.31125844906117,9.919555716776404],[-84.31097206865644,9.919863325692981],[-84.31081097967878,9.920373308896782],[-84.31078413151583,9.920672822841869],[-84.3107393845776,9.921053286501847],[-84.31074833396524,9.921425655190335],[-84.31083782784172,9.921741359078402],[-84.31085572661702,9.922065157937956],[-84.31087362539232,9.922494191426868],[-84.31087362539232,9.922745135543023],[-84.31083782784172,9.923077029374067],[-84.3107393845776,9.923319878518733],[-84.31052459927405,9.923497967891489],[-84.31030086458286,9.923595107549355],[-84.30996973723988,9.923587012577865],[-84.30962966050926,9.924032236009754],[-84.309280634391,9.9242912750974],[-84.30894055766038,9.924590789042487],[-84.3086810254186,9.924817448244175],[-84.30846624011504,9.925327431447975],[-84.30844834133974,9.92558647053562],[-84.30826935358678,9.925885984480708],[-84.30809931522148,9.926104548710908],[-84.30792927685617,9.926363587798551],[-84.30770554216497,9.926614531914707],[-84.30750865563672,9.92680881123044],[-84.30736546543436,9.927132610089995],[-84.3071685789061,9.92753735866444],[-84.30688219850137,9.927764017866128],[-84.30658686870899,9.92803115192526],[-84.30641683034368,9.928233526212484],[-84.30623784259072,9.928589704957995],[-84.3061215005513,9.92890540884606],[-84.30597831034893,9.929229207705616],[-84.30587986708481,9.929536816622193],[-84.30561138545538,9.930022514911526],[-84.30552189157889,9.93035440874257],[-84.3052981568877,9.930945341661259],[-84.3052981568877,9.93136628017868],[-84.30548609402831,9.931544369551435],[-84.30592461402306,9.931738648867169],[-84.3063273364672,9.931957213097368],[-84.30649737483252,9.932183872299056],[-84.30662266625959,9.93253195607308],[-84.30664951442253,9.932799090132212],[-84.30657791932134,9.933106699048789],[-84.30630048830426,9.933365738136434],[-84.30605885483777,9.9336814420245],[-84.30582617075892,9.933810961568321],[-84.30549504341595,9.934013335855544],[-84.3052802581124,9.934312849800632],[-84.30517286546063,9.934758073232521],[-84.30502967525827,9.935179011749943],[-84.30497597893238,9.935470430723543],[-84.30498492832002,9.935721374839698],[-84.30499387770767,9.935972318955853],[-84.3049043838312,9.936263737929453],[-84.30459115526352,9.936401352444763],[-84.30432267363409,9.936368972558808],[-84.30400944506641,9.936296117815408],[-84.30364252017284,9.936247547986476],[-84.30332929160517,9.936190883186052],[-84.30306080997573,9.93613421838563],[-84.30273863202041,9.93606136364223],[-84.30245225161568,9.93599660387032],[-84.30210322549742,9.93591565415543],[-84.30178999692974,9.935867084326498],[-84.30152151530031,9.936028983756275],[-84.30116353979439,9.93643373233072],[-84.30085926061436,9.936684676446875],[-84.30066237408612,9.936895145705584],[-84.30041179123197,9.937097519992808],[-84.2998927267484,9.93750226856725],[-84.29937366226481,9.937971776913606],[-84.29910518063538,9.938133676343384],[-84.29889934471949,9.938344145602095],[-84.29865771125299,9.93845747520294],[-84.29835343207296,9.93873270423356],[-84.29795070962881,9.939064598064604],[-84.29750324024641,9.93925078240885],[-84.29724370800463,9.939307447209272],[-84.29708261902697,9.93953410641096],[-84.29679623862224,9.940125039329649],[-84.29665304841987,9.94032741361687],[-84.29625927536337,9.940724067219826],[-84.29584760353157,9.941072150993847],[-84.29557912190212,9.94134738002447],[-84.29576705904273,9.941598324140624],[-84.29598184434629,9.941768318541891],[-84.29622347781277,9.94184117328529],[-84.2965277569928,9.942027357629534],[-84.29693047943695,9.942270206774202],[-84.2971631635158,9.942472581061423],[-84.29744059453289,9.942691145291624],[-84.29803125411765,9.943201128495422],[-84.29823709003354,9.943395407811156],[-84.29831763452238,9.9437273016422],[-84.29824603942119,9.94401062564431],[-84.2979686084041,9.944318234560889],[-84.29767327861173,9.944779647935755],[-84.29745849330818,9.945273441196576],[-84.29752113902171,9.945516290341242],[-84.29753008840936,9.946001988630575],[-84.29742269575759,9.946341977433109],[-84.29734215126875,9.946738631036064],[-84.29737794881935,9.947078619838596],[-84.2975748353476,9.947540033213462],[-84.29766432922408,9.947977161673862],[-84.29760168351055,9.948381910248306],[-84.2973332018811,9.948794753794239],[-84.29714526474051,9.949078077796349],[-84.2969931251505,9.94936949676995],[-84.29675149168399,9.949741865458439],[-84.29678728923459,9.95001709448906],[-84.29707366963932,9.950316608434148],[-84.29727055616758,9.950583742493281],[-84.29743164514524,9.950850876552414],[-84.29743164514524,9.951377049699191],[-84.29722580922933,9.951887032902992],[-84.29701997331344,9.952170356905102],[-84.29682308678518,9.952388921135302],[-84.29663514964457,9.952607485365501],[-84.29633087046454,9.952793669709745],[-84.29608028761041,9.95290699931059],[-84.29588340108215,9.95306080376888],[-84.29531958966034,9.953676021602034],[-84.29521219700857,9.953910775775212],[-84.29484527211501,9.954355999207099],[-84.29457679048556,9.954671703095165],[-84.29404877661435,9.954817412581965],[-84.29350286396783,9.954849792467922],[-84.29290325499542,9.954882172353877],[-84.29246473500068,9.954963122068765],[-84.2921873039836,9.955060261726633],[-84.29190987296651,9.95514930641301],[-84.29156979623589,9.95522216115641],[-84.29116707379174,9.955238351099387],[-84.29064800930816,9.955254541042365],[-84.290245286864,9.955254541042365],[-84.28996785584692,9.955278825956832],[-84.28965462727925,9.955270730985344],[-84.2892161072845,9.955335490757253],[-84.288822334228,9.955327395785766],[-84.2883927636209,9.955343585728743],[-84.2881690289297,9.95551358013001],[-84.28760521750789,9.955707859445743],[-84.28724724200198,9.955813094075099],[-84.28688926649606,9.955902138761475],[-84.28648654405191,9.955974993504876],[-84.28587798569185,9.956120702991676],[-84.28555580773653,9.956420216936763],[-84.28531417427004,9.956582116366542],[-84.28483090733705,9.956857345397164],[-84.2844639824435,9.956938295112053],[-84.28400756367346,9.95695448505503],[-84.28373908204402,9.95688972528312],[-84.28330056204928,9.95688972528312],[-84.28304997919513,9.957156859342252],[-84.28272780123982,9.957488753173296],[-84.28253091471156,9.957723507346474],[-84.282316129408,9.957901596719228],[-84.28201185022799,9.95811206597794],[-84.28142119064323,9.958095876034962],[-84.28115270901378,9.958095876034962],[-84.28092002493494,9.958201110664318],[-84.28052625187844,9.958306345293673],[-84.28027566902429,9.958492529637917],[-84.27968500943953,9.958719188839606],[-84.2793986290348,9.958694903925139],[-84.27909434985479,9.958994417870228],[-84.27909434985479,9.95984438987656],[-84.27913014740537,9.96013580885016],[-84.278986957203,9.960564842339071],[-84.27882586822534,9.96100197079947],[-84.27879007067476,9.961333864630515],[-84.27875427312416,9.961779088062404],[-84.27866477924768,9.962264786351735],[-84.27848579149473,9.962693819840647],[-84.27828890496647,9.963001428757224],[-84.27798462578644,9.963357607502735],[-84.2775282070164,9.963681406362289],[-84.27739396620169,9.963891875621],[-84.27700019314518,9.964199484537579],[-84.2767227621281,9.964345194024379],[-84.27549669602034,9.964345194024379],[-84.27512082173914,9.964175199623112],[-84.27479864378381,9.964175199623112],[-84.27455701031732,9.964126629794178],[-84.27409164215963,9.964126629794178],[-84.27386790746843,9.964377573910333],[-84.27372471726606,9.964652802940956],[-84.27363522338959,9.965017076657954],[-84.27349203318722,9.965429920203889],[-84.27335779237251,9.96563229449111],[-84.27333989359721,9.9659318084362],[-84.27333989359721,9.966312272096175],[-84.27328619727132,9.966555121240843],[-84.27306246258013,9.966830350271463],[-84.27261499319773,9.966951774843798],[-84.27235546095595,9.967040819530174],[-84.27199748545003,9.96715414913102],[-84.27162161116883,9.967542707762485],[-84.27137997770232,9.967898886507996],[-84.27112939484819,9.968101260795219],[-84.27078931811756,9.968020311080329],[-84.27056558342638,9.968166020567129],[-84.27031500057224,9.96823887531053],[-84.26960799894806,9.968692193713906],[-84.26915158017802,9.969121227202818],[-84.26893679487446,9.969364076347484],[-84.26870411079562,9.969453121033862],[-84.26845352794147,9.969615020463639],[-84.26819399569969,9.969744540007461],[-84.26797921039615,9.969865964579794],[-84.26766598182847,9.970076433838505],[-84.26744224713727,9.970222143325305],[-84.26712006918196,9.970319282983171],[-84.26687843571545,9.970497372355927],[-84.26669049857486,9.970732126529104],[-84.26653835898485,9.970950690759304],[-84.26625197858012,9.971234014761414],[-84.2660819402148,9.971654953278836],[-84.2658940030742,9.972027321967325],[-84.26568816715829,9.972391595684325],[-84.2654644324671,9.972618254886013],[-84.26522279900061,9.972812534201747],[-84.26496326675881,9.972812534201747],[-84.26436365778642,9.972812534201747],[-84.26406832799404,9.972812534201747],[-84.26372825126342,9.97286110403068],[-84.263611909224,9.973168712947258],[-84.26360295983635,9.973468226892345],[-84.2635582128981,9.973816310666368],[-84.26352241534751,9.974123919582945],[-84.26340607330809,9.974358673756123],[-84.26306599657747,9.974528668157388],[-84.26290490759982,9.974196774326344],[-84.26282436311098,9.973832500609346],[-84.26272591984686,9.9735734615217],[-84.26212631087445,9.974042969868057],[-84.26158039822793,9.974326293870167],[-84.26112397945789,9.974585332957812],[-84.26082864966551,9.974650092729723],[-84.26060491497431,9.974350578784634],[-84.2606228137496,9.974083444725501],[-84.26052437048548,9.973711076037013],[-84.26028273701898,9.973476321863835],[-84.25993371090073,9.973346802320012],[-84.25948624151833,9.97329013751959],[-84.25924460805184,9.973452036949368],[-84.25928040560242,9.973962020153168],[-84.25936095009126,9.974196774326344],[-84.2592177598889,9.974480098328456],[-84.25885978438298,9.9745934279293],[-84.25860920152884,9.974682472615678],[-84.25820647908469,9.975038651361189],[-84.25825122602292,9.975281500505854],[-84.25838546683764,9.975491969764565],[-84.25851075826472,9.975718628966254],[-84.2585644545906,9.97604242782581],[-84.25836756806235,9.976252897084521],[-84.25803644071938,9.976455271371742],[-84.25778585786524,9.976487651257699],[-84.25730259093226,9.97654431605812],[-84.25687302032516,9.976536221086631],[-84.25630920890335,9.976374321656854],[-84.25579909380741,9.97654431605812],[-84.25592438523448,9.977005729432987],[-84.25623761380216,9.97727286349212],[-84.25589753707155,9.977353813207008],[-84.25560220727917,9.977361908178498],[-84.25519053544735,9.977661422123585],[-84.25517263667207,9.977952841097185],[-84.25529792809914,9.978284734928229],[-84.25554851095328,9.978592343844808],[-84.25580804319506,9.979053757219674],[-84.2558885876839,9.979482790708584],[-84.25553061217798,9.979563740423472],[-84.25481466116615,9.979709449910272],[-84.25430454607022,9.979749924767717],[-84.25370493709782,9.980057533684294],[-84.25345435424367,9.980421807401294],[-84.25307847996247,9.980745606260848],[-84.25272050445655,9.981077500091892],[-84.25237147833829,9.981393203979959],[-84.25189716079295,9.981652243067604],[-84.25161078038822,9.981806047525893],[-84.25150338773645,9.982210796100336],[-84.2514586407982,9.982469835187981],[-84.25130650120819,9.98268839941818],[-84.25092167753934,9.982736969247114],[-84.25059949958401,9.982591259760314],[-84.25029522040398,9.982445550273514],[-84.25004463754985,9.982364600558626],[-84.24948977551567,9.982445550273514],[-84.24907810368387,9.982502215073936],[-84.24884541960503,9.982680304446692],[-84.24856798858795,9.982801729019025],[-84.24810262043026,9.98297981839178],[-84.24768199921081,9.982915058619868],[-84.24724347921607,9.983068863078158],[-84.24693025064839,9.982785539076048],[-84.24614270453537,9.982745064218603],[-84.24515827189411,9.983222667536447],[-84.24433492823051,9.983651701025357],[-84.2442364849664,9.982866488790936],[-84.24403064905049,9.98261554467478],[-84.24326995110042,9.982081276556514],[-84.2425003037627,9.982299840786714],[-84.24258084825154,9.983060768106668],[-84.2421065307062,9.983433136795158],[-84.241882796015,9.983886455198535],[-84.24181120091382,9.984509768003178],[-84.24136373153142,9.984898326634644],[-84.2408536164355,9.985278790294622],[-84.24034350133957,9.985286885266111],[-84.2402003111372,9.98501165623549],[-84.23986023440659,9.985100700921867],[-84.2397707405301,9.985554019325244],[-84.23987813318188,9.986104477386487],[-84.23968124665363,9.986460656131998],[-84.23923377727124,9.986703505276665],[-84.23902794135533,9.986290661730733],[-84.23901004258003,9.985910198070755],[-84.23827619279291,9.98637970641711],[-84.23765868504522,9.98637970641711],[-84.23656685975217,9.986363516474132],[-84.2358061618021,9.986654935447731],[-84.23469643773377,9.987197298537486],[-84.23408787937372,9.987772041513198],[-84.23406998059842,9.988597728605063],[-84.23407892998607,9.989164376609285],[-84.23372095448016,9.988670583348462],[-84.23336297897424,9.98883248277824],[-84.23304975040656,9.989099616837374],[-84.23255753408594,9.989107711808863],[-84.23177893736057,9.98926961123864],[-84.23104508757345,9.989148186666307],[-84.23047232676399,9.989593410098195],[-84.23048127615164,9.990103393301995],[-84.2310003406352,9.990313862560706],[-84.23119722716346,9.990702421192172],[-84.23024859207278,9.991212404395972],[-84.22965793248802,9.992094756288258],[-84.22922836188093,9.992758543950348],[-84.2280649414867,9.992977108180547],[-84.2276711684302,9.993211862353725],[-84.22763537087961,9.993908029901768],[-84.22718790149722,9.993697560643056],[-84.22693731864308,9.993495186355835],[-84.22634665905832,9.99375422544348],[-84.22622136763125,9.993414236640946],[-84.22619451946831,9.993017583037991],[-84.2258544427377,9.992604739492059],[-84.22549646723178,9.992944728294592],[-84.22517428927645,9.99346280646988],[-84.22478051621995,9.99389993493028],[-84.22451203459052,9.994021359502613],[-84.22407351459577,9.993648990814124],[-84.22363499460103,9.993827080186879],[-84.2233128166457,9.993972789673679],[-84.22270425828565,9.993786605329435],[-84.2222836370662,9.993341381897547],[-84.22182721829616,9.993325191954568],[-84.22169297748144,9.993689465671569],[-84.22127235626199,9.994061834360057],[-84.2208427856549,9.994442298020035],[-84.22069959545253,9.994725622022145],[-84.22019842974424,9.994482772877479],[-84.21976885913715,9.994798476765546],[-84.2195540738336,9.995292270026367],[-84.21944668118182,9.995891297916543],[-84.21944668118182,9.996579370493098],[-84.21888286976001,9.996676510150966],[-84.21800582977052,9.997081258725409],[-84.21730777753399,9.99779361621643],[-84.2166544722357,9.997955515646208],[-84.21623385101624,9.998700253023186],[-84.21592957183623,9.998902627310407],[-84.21552684939206,9.999145476455073],[-84.21530311470087,9.999072621711674],[-84.21501673429614,9.998870247424453],[-84.21464086001492,9.998570733479363],[-84.21429183389667,9.998505973707452],[-84.21341479390718,9.99830359942023],[-84.21266304534475,9.997987895532164],[-84.2126540959571,9.99714601849732],[-84.21251985514239,9.996045102374833],[-84.21254670330534,9.994911806366389],[-84.21188444861939,9.993373761783502],[-84.210801572714,9.992361890347393],[-84.20996927966274,9.991568583141483],[-84.20911013844855,9.990840035707482],[-84.20832259233555,9.98984435421435],[-84.20815255397024,9.989512460383306],[-84.20781247723961,9.989212946438217],[-84.20771403397549,9.98883248277824],[-84.20703388051426,9.989366750896506],[-84.20656851235657,9.989949588843706],[-84.20634477766536,9.990079108387528],[-84.20607629603593,9.989941493872218],[-84.20553038338942,9.990508141876438],[-84.2051545091082,9.990613376505793],[-84.20459964707403,9.990524331819417],[-84.20357046749453,9.990653851363238],[-84.20310509933685,9.990880510564928],[-84.20210276792028,9.990856225650461],[-84.2020669703697,9.990054823473061],[-84.20181638751555,9.989731024613507],[-84.20153000711082,9.989949588843706],[-84.20127047486903,9.99034624244666],[-84.20102884140255,9.991066694909172],[-84.20065296712133,9.990823845764504],[-84.20005335814892,9.99108288485215],[-84.1997490789689,9.99128525913937],[-84.19946269856416,9.99129335411086],[-84.19921211571003,9.991447158569148],[-84.1988899377547,9.991447158569148],[-84.19843351898467,9.992029996516347],[-84.1974669851187,9.992442840062282],[-84.19692107247218,9.992774733893325],[-84.19633041288742,9.993058057895436],[-84.19567710758912,9.993300907040103],[-84.19172147824878,9.994223733789834],[-84.19083548887164,9.994758001908101],[-84.1901553354104,9.994345158362167],[-84.18925144725796,9.994377538248123],[-84.1882312170661,9.994903711394901],[-84.18773005135783,9.995397504655722],[-84.18690670769423,9.995899392888033],[-84.18638764321065,9.996741269922877],[-84.1859491232159,9.996878884438187],[-84.18562694526058,9.997575051986232],[-84.18519737465348,9.998012180446631],[-84.18457986690579,9.998125510047474],[-84.18378337140513,9.998344074277675],[-84.18362228242746,9.99859501839383],[-84.18327325630919,9.998789297709562],[-84.18270049549973,9.999072621711674],[-84.18233357060618,9.999283090970385],[-84.18185030367319,9.999274995998896],[-84.18161761959435,9.999283090970385],[-84.18118804898725,9.99903214685423],[-84.18092851674547,9.999096906626141],[-84.18069583266661,9.99931547085634],[-84.18048104736307,9.999218331198474],[-84.18030205961011,9.999412610514208],[-84.1799261853289,9.999809264117163],[-84.17968455186241,10.000246392577562],[-84.17958610859829,10.00047305177925],[-84.17940712084533,10.000732090866894],[-84.17914758860354,10.000934465154117],[-84.17887015758646,10.001282548928138],[-84.17852113146819,10.001541588015781],[-84.17816315596228,10.002051571219582],[-84.17789467433283,10.002213470649359],[-84.17753669882693,10.002593934309337],[-84.17722347025925,10.003087727570158],[-84.17691919107922,10.003411526429714],[-84.17682969720275,10.003646280602892],[-84.17674020332626,10.003897224719047],[-84.17669545638803,10.004212928607112],[-84.17671335516332,10.004682436953468],[-84.17673125393861,10.005257179929178],[-84.17648962047213,10.005362414558533],[-84.17624798700564,10.005370509530023],[-84.17602425231443,10.005216705071733],[-84.17556783354439,10.005200515128756],[-84.17507561722377,10.005176230214289],[-84.17484293314492,10.005151945299822],[-84.17446705886371,10.00503052072749],[-84.17403748825662,10.005168135242801],[-84.17371531030129,10.005346224615556]]]}},{"type":"Feature","properties":{"Conurbanos":"Sur"},"geometry":{"type":"Polygon","coordinates":[[[-84.04758264079243,9.904021466489242],[-84.04734100732593,9.90425622066242],[-84.04698303182002,9.904037656432221],[-84.04660715753882,9.903940516774353],[-84.04609704244288,9.903770522373087],[-84.04591805468992,9.903980991631798],[-84.04571221877403,9.904231935747953],[-84.04567642122343,9.904887628438553],[-84.0457659150999,9.905535226157664],[-84.04544373714458,9.905802360216796],[-84.04508576163867,9.905883309931685],[-84.04487097633512,9.906231393705706],[-84.04502311592513,9.906417578049952],[-84.04515735673985,9.906628047308661],[-84.04507681225103,9.906854706510352],[-84.04480833062159,9.906968036111195],[-84.04438770940214,9.906895181367796],[-84.04400288573328,9.906733281938017],[-84.04358226451383,9.906806136681418],[-84.0433137828844,9.907121840569484],[-84.042866313502,9.907502304229462],[-84.04266047758611,9.907761343317105],[-84.0424546416702,9.90801228743326],[-84.04213246371488,9.908481795779617],[-84.04200717228781,9.908765119781727],[-84.04188188086074,9.909080823669793],[-84.0416312980066,9.909169868356171],[-84.04132701882658,9.908975589040438],[-84.04114803107362,9.908708454981305],[-84.0407900555677,9.908765119781727],[-84.04055737148886,9.908765119781727],[-84.04019939598294,9.908587030408972],[-84.03976982537584,9.908611315323437],[-84.03948344497111,9.908587030408972],[-84.03923286211698,9.908587030408972],[-84.03907177313931,9.908182281834527],[-84.03856165804339,9.907809913146039],[-84.03812313804865,9.90780181817455],[-84.03776516254273,9.907809913146039],[-84.03730874377268,9.907777533260083],[-84.03696866704207,9.907648013716262],[-84.03666438786205,9.907550874058394],[-84.03634220990672,9.907469924343506],[-84.03605582950199,9.90737278468564],[-84.03566205644549,9.907308024913728],[-84.03534882787781,9.907308024913728],[-84.03496400420894,9.907445639429039],[-84.03465077564127,9.90766420365924],[-84.0343375470736,9.907672298630727],[-84.03401536911828,9.907526589143927],[-84.03365739361236,9.907299929942239],[-84.03333521565705,9.90706517576906],[-84.0331025315782,9.906951846168218],[-84.03218969403811,9.907040890854596],[-84.03176012343101,9.906773756795461],[-84.03184066791985,9.906393293135485],[-84.03175117404336,9.90599663953253],[-84.03158113567807,9.905648555758507],[-84.0314021479251,9.90534094684193],[-84.031607983841,9.90505762283982],[-84.0318317185322,9.904814773695152],[-84.03153638873982,9.904539544664532],[-84.0314379454757,9.904304790491354],[-84.0314379454757,9.904053846375199],[-84.03163483200395,9.90382718717351],[-84.03182276914455,9.903592433000332],[-84.03150059118923,9.903349583855666],[-84.03120526139685,9.903082449796532],[-84.03073094385151,9.902912455395267],[-84.03027452508147,9.902863885566333],[-84.02985390386202,9.902855790594844],[-84.0293795863167,9.902969120195689],[-84.0289500157096,9.902993405110156],[-84.02874417979369,9.902742460994],[-84.0287262810184,9.902418662134444],[-84.02838620428777,9.902345807391045],[-84.0279208361301,9.902515801792312],[-84.0276613038883,9.902580561564221],[-84.02722278389355,9.902766745908467],[-84.02698115042706,9.903009595053133],[-84.02689165655059,9.903252444197799],[-84.026855859,9.903479103399487],[-84.0264441871682,9.90368147768671],[-84.02630099696583,9.903333393912687],[-84.02625625002759,9.9030338799676],[-84.02622940186464,9.902782935851445],[-84.02617570553876,9.9024510420204],[-84.02613990798817,9.902192002932756],[-84.0260325153364,9.901787254358311],[-84.02562979289223,9.901706304643422],[-84.02533446309985,9.901932963845113],[-84.02507493085807,9.902183907961266],[-84.02485119616688,9.902353902362533],[-84.02460061331273,9.9024510420204],[-84.02434108107094,9.902337712419556],[-84.02426948596977,9.901997723617022],[-84.02426053658212,9.90173058955789],[-84.02417104270563,9.901487740413224],[-84.02404575127856,9.901172036525157],[-84.02426053658212,9.900921092409002],[-84.0245021700486,9.900678243264336],[-84.02446637249801,9.900435394119668],[-84.02428738474507,9.900265399718402],[-84.0238846623009,9.899965885773314],[-84.02349983863205,9.899617801999291],[-84.02344614230616,9.89919686348187],[-84.02303447047436,9.899374952854625],[-84.0226496468055,9.899010679137627],[-84.02260489986726,9.898759735021471],[-84.0224438108896,9.898573550677227],[-84.02175470804072,9.898379271361494],[-84.0216562647766,9.898079757416404],[-84.0216025684507,9.897642628956005],[-84.0215846696754,9.897205500495605],[-84.0213788337595,9.896914081522006],[-84.020985060703,9.897075980951783],[-84.02110140274242,9.89659837763394],[-84.02114614968066,9.896323148603317],[-84.02099401009065,9.895966969857806],[-84.02089556682652,9.895748405627607],[-84.02073447784886,9.895465081625497],[-84.02070762968592,9.895189852594875],[-84.02071657907356,9.894590824704697],[-84.02029595785412,9.894323690645564],[-84.0199379823482,9.894372260474498],[-84.01961580439288,9.894477495103853],[-84.01942786725228,9.89479319899192],[-84.01961580439288,9.895173662651898],[-84.01958895622994,9.89544079671103],[-84.01939206970168,9.89557841122634],[-84.01919518317342,9.895796975456541],[-84.0187208656281,9.896007444715252],[-84.01844343461102,9.896258388831408],[-84.01818390236922,9.896574092719472],[-84.0180317627792,9.896873606664562],[-84.01780802808801,9.897213595467095],[-84.01744110319444,9.897496919469205],[-84.01716367217736,9.897658818898982],[-84.01680569667145,9.897731673642383],[-84.01644772116553,9.897691198784939],[-84.01618818892375,9.897642628956005],[-84.01583021341784,9.897529299355162],[-84.01549013668722,9.897440254668783],[-84.01499792036658,9.897375494896872],[-84.01469364118655,9.897294545181984],[-84.01444305833242,9.897237880381562],[-84.01414772854004,9.897116455809227],[-84.01371815793294,9.896744087120739],[-84.01353022079233,9.896436478204162],[-84.01357496773058,9.896201724030984],[-84.01312749834818,9.896120774316095],[-84.01284111794345,9.89616934414503],[-84.0128500673311,9.895845545285473],[-84.01275162406698,9.895546031340386],[-84.01272477590403,9.895270802309764],[-84.01260843386461,9.894955098421697],[-84.01258158570167,9.894712249277031],[-84.01246524366225,9.89450178001832],[-84.01208936938103,9.894728439220009],[-84.01185668530219,9.894979383336164],[-84.01169559632453,9.89522223248083],[-84.01152555795922,9.895424606768053],[-84.01134657020626,9.89558650619783],[-84.01098859470035,9.895546031340386],[-84.01060377103148,9.895343657053163],[-84.0103800363403,9.895278897281251],[-84.01026369430087,9.894720344248519],[-84.0103263400144,9.894299405731097],[-84.0103263400144,9.893837992356232],[-84.01042478327854,9.893433243781788],[-84.01064851796973,9.892656126518855],[-84.01071116368327,9.892146143315056],[-84.01074696123385,9.891814249484012],[-84.0109438477621,9.891255696451278],[-84.01108703796447,9.890923802620234],[-84.01108703796447,9.890527149017279],[-84.01085435388563,9.890219540100702],[-84.01069326490797,9.889822886497747],[-84.01069326490797,9.889596227296058],[-84.01102439225093,9.889410042951814],[-84.01141816530745,9.889199573693103],[-84.01165084938629,9.888972914491415],[-84.01163295061099,9.888730065346747],[-84.01112283551507,9.888681495517815],[-84.01080065755974,9.888608640774414],[-84.01050532776736,9.888535786031015],[-84.01015630164909,9.888543881002503],[-84.00990571879495,9.888317221800815],[-84.00957459145198,9.888074372656149],[-84.0092971604349,9.887839618482971],[-84.00907342574371,9.887677719053194],[-84.0088496910525,9.887434869908528],[-84.00866175391191,9.887151545906416],[-84.0084738167713,9.886932981676217],[-84.00829482901834,9.886495853215818],[-84.00814268942833,9.886099199612863],[-84.00801739800126,9.88590492029713],[-84.00799054983831,9.885670166123951],[-84.00758782739416,9.885621596295017],[-84.00735514331532,9.885597311380552],[-84.00700611719705,9.885500171722684],[-84.00653179965171,9.885346367264397],[-84.00625436863463,9.88516827789164],[-84.00599483639284,9.88516827789164],[-84.00573530415106,9.885265417549508],[-84.00547577190927,9.885330177321418],[-84.00526098660572,9.885257322578019],[-84.00508199885276,9.884844479032086],[-84.00486721354922,9.884391160628708],[-84.0046971751839,9.884213071255953],[-84.00442869355447,9.883962127139798],[-84.00420495886327,9.88380022771002],[-84.00382013519442,9.883605948394287],[-84.00356955234028,9.883452143935997],[-84.00332791887378,9.883371194221109],[-84.00293414581728,9.883241674677288],[-84.00269251235079,9.883306434449198],[-84.00251352459783,9.883549283593865],[-84.00215554909191,9.883516903707909],[-84.00206605521544,9.883160724962398],[-84.00207500460309,9.88286121101731],[-84.00211080215368,9.882456462442866],[-84.00217344786721,9.882173138440756],[-84.00229873929428,9.881946479239067],[-84.00180652297365,9.881719820037377],[-84.00144854746773,9.881727915008867],[-84.00120691400124,9.881784579809288],[-84.00084893849532,9.881800769752267],[-84.00058045686589,9.881800769752267],[-84.00012403809585,9.881679345179933],[-83.99939018830872,9.881646965293978],[-83.99892482015103,9.881614585408023],[-83.9986384397463,9.881638870322488],[-83.9982625654651,9.881493160835689],[-83.99810147648743,9.881282691576978],[-83.99793143812212,9.881072222318268],[-83.99747501935208,9.88004416093918],[-83.99685751160439,9.879906546423868],[-83.9963384471208,9.879194188932848],[-83.99636529528375,9.878676110757558],[-83.9963742446714,9.877818043779738],[-83.99654428303671,9.87707330640276],[-83.99670537201438,9.876126194738562],[-83.99712599323382,9.875745731078585],[-83.99831626179099,9.875510976905407],[-83.99832521117864,9.874936233929697],[-83.99859369280807,9.87418340158123],[-83.99894271892633,9.873414379289787],[-83.9992917450446,9.872718211741743],[-83.99937228953343,9.872167753680499],[-83.9988979719881,9.871617295619256],[-83.99870108545984,9.870945412985678],[-83.99881742749926,9.870103535950834],[-83.99911275729164,9.869002619828347],[-83.99941703647167,9.867666949532682],[-84.00038357033763,9.866978876956127],[-84.00173492787246,9.866193664721706],[-84.00274620867667,9.864712284939241],[-84.003703793155,9.863773268246531],[-84.00483141599862,9.863101385612953],[-84.0059500894546,9.862680447095531],[-84.00696137025881,9.862453787893843],[-84.0078563090236,9.861919519775578],[-84.00864385513661,9.861296206970934],[-84.00932400859784,9.860624324337357],[-84.01062166980678,9.859855302045913],[-84.01201777427985,9.859094374725958],[-84.01293956120757,9.858471061921314],[-84.0134675750788,9.857645374829449],[-84.01395084201178,9.85639874922016],[-84.01444305833242,9.855540682242339],[-84.01499792036658,9.855451637555962],[-84.01596445423256,9.854965939266629],[-84.0167967472838,9.854496430920275],[-84.0172084191156,9.85358169914203],[-84.0176737872733,9.85285315170803],[-84.01816600359393,9.85192222998681],[-84.01836289012218,9.851193682552811],[-84.01852397909984,9.850117051344789],[-84.01864032113926,9.84874090619168],[-84.01864927052691,9.847858554299393],[-84.01841658644807,9.847308096238148],[-84.01809440849274,9.846328604687994],[-84.01745005258209,9.845454347767195],[-84.01672515218262,9.844831034962551],[-84.01647456932848,9.844304861815774],[-84.01749479952034,9.84368964398262],[-84.01823759869511,9.843284895408175],[-84.0186850680775,9.84289633677671],[-84.01932942398815,9.842540158031198],[-84.02013486887645,9.842329688772487],[-84.02072552846121,9.842127314485264],[-84.02109245335477,9.841706375967844],[-84.02150412518658,9.841018303391289],[-84.02230062068723,9.840629744759822],[-84.02286443210905,9.840556890016423],[-84.02370567454795,9.840314040871755],[-84.0242963341327,9.840152141441978],[-84.02510177902101,9.83978786772498],[-84.02546870391457,9.838670761659513],[-84.02585352758344,9.837683175137869],[-84.02627414880288,9.835975136153715],[-84.0264083896176,9.834995644603561],[-84.02668582063468,9.833603309507474],[-84.0274375691971,9.831911460466298],[-84.02729437899474,9.831336717490588],[-84.02710644185413,9.830972443773588],[-84.02701694797766,9.830583885142122],[-84.02707959369118,9.83031675108299],[-84.02715118879237,9.830057711995345],[-84.02727648021944,9.82980676787919],[-84.027491265523,9.829531538848567],[-84.0278671398042,9.82923202490348],[-84.02809982388304,9.828981080787324],[-84.02836830551249,9.828665376899258],[-84.0287083822431,9.828309198153747],[-84.02899476264783,9.828106823866525],[-84.02933483937845,9.827863974721858],[-84.02954962468199,9.827588745691235],[-84.02966596672142,9.827264946831681],[-84.02972861243495,9.826973527858081],[-84.02968386549672,9.826682108884482],[-84.02960332100788,9.826277360310037],[-84.02959437162023,9.826002131279415],[-84.02962121978318,9.825645952533906],[-84.029701764272,9.825370723503283],[-84.02983600508672,9.824901215156927],[-84.03007763855322,9.824431706810573],[-84.03030137324441,9.824132192865484],[-84.03091888099212,9.82394600852124],[-84.03131265404862,9.823897438692306],[-84.03161693322865,9.823970293435707],[-84.03187646547045,9.823962198464217],[-84.03237763117872,9.823962198464217],[-84.0330667340276,9.823816488977418],[-84.03348735524705,9.82366268451913],[-84.03395272340474,9.82343602531744],[-84.0343375470736,9.823274125887663],[-84.03493715604601,9.822901757199174],[-84.03532197971487,9.822650813083019],[-84.03565310705784,9.822237969537086],[-84.0359663356255,9.821906075706043],[-84.0362258678673,9.821719891361798],[-84.03668228663734,9.821509422103087],[-84.03688812255324,9.821290857872887],[-84.0370492115309,9.821031818785244],[-84.0372550474468,9.820732304840154],[-84.03743403519975,9.82054612049591],[-84.0376488205033,9.820351841180177],[-84.03803364417216,9.8201899417504],[-84.03832897396454,9.819963282548711],[-84.03862430375692,9.819785193175955],[-84.0389196335493,9.819590913860223],[-84.0393492041564,9.819218545171735],[-84.0400025094547,9.818724751910912],[-84.04044102944944,9.818829986540267],[-84.04092429638241,9.8189514111126],[-84.04135386698952,9.818975696027067],[-84.04170289310778,9.818862366426224],[-84.0422667045296,9.818538567566668],[-84.04274997146258,9.818133818992225],[-84.04303635186731,9.817826210075646],[-84.04317059268203,9.817607645845447],[-84.04344802369911,9.817283846985891],[-84.04377020165444,9.816806243668047],[-84.04409237960976,9.816369115207648],[-84.04450405144156,9.815883416918316],[-84.04463829225628,9.815600092916204],[-84.04481728000924,9.815227724227716],[-84.0449783689869,9.815017254969005],[-84.04511260980162,9.814636791309027],[-84.04543478775695,9.814062048333318],[-84.04566747183578,9.813778724331206],[-84.04600754856641,9.813584445015474],[-84.0464371191735,9.81354397015803],[-84.04674139835353,9.813649204787385],[-84.04702777875826,9.813633014844406],[-84.04743050120241,9.81354397015803],[-84.04772583099479,9.813446830500162],[-84.04818224976484,9.813284931070385],[-84.04843283261897,9.813171601469541],[-84.04913983424315,9.813009702039762],[-84.04951570852437,9.812904467410407],[-84.04992738035617,9.812799232781051],[-84.05024955831149,9.812702093123185],[-84.05058068565445,9.812702093123185],[-84.05119819340216,9.812677808208718],[-84.05146667503159,9.812515908778941],[-84.05172620727338,9.812289249577253],[-84.05198573951517,9.811997830603653],[-84.05220052481872,9.811763076430475],[-84.05257639909993,9.811350232884543],[-84.0530775648082,9.810945484310098],[-84.05333709704999,9.810751204994366],[-84.05357873051649,9.810629780422031],[-84.0539546047977,9.810532640764166],[-84.05432152969126,9.8104355011063],[-84.05470635336012,9.810305981562477],[-84.05518067090546,9.810160272075677],[-84.05569078600138,9.810055037446322],[-84.05603981211965,9.810006467617388],[-84.05637988885027,9.809941707845477],[-84.05663047170441,9.809868853102078],[-84.05690790272149,9.809787903387189],[-84.05737327087918,9.809747428529745],[-84.05791023413805,9.809804093330166],[-84.05816976637983,9.809860758130588],[-84.05860828637458,9.809885043045055],[-84.0589841606558,9.809812188301656],[-84.05970906105527,9.80962600395741],[-84.06008493533648,9.809536959271034],[-84.06037131574121,9.809472199499123],[-84.0608366838989,9.809018881095746],[-84.06108726675303,9.808816506808522],[-84.0614720904219,9.808646512407256],[-84.06176742021428,9.808516992863435],[-84.06210749694489,9.808508897891945],[-84.06247442183846,9.808646512407256],[-84.0629129418332,9.80870317720768],[-84.06318142346264,9.808646512407256],[-84.06353939896854,9.80847651800599],[-84.06397791896329,9.808533182806412],[-84.06425534998039,9.808597942578324],[-84.06471176875041,9.80869508223619],[-84.06506079486869,9.808727462122146],[-84.0655709099646,9.808492707948968],[-84.06582149281876,9.808241763832813],[-84.06617051893701,9.80790177503028],[-84.06656429199353,9.807691305771568],[-84.06680592546002,9.807569881199235],[-84.06715495157829,9.807553691256258],[-84.0675129270842,9.807488931484347],[-84.06799619401718,9.807561786227746],[-84.06770981361245,9.808047484517079],[-84.06738763565713,9.808298428633234],[-84.06713705280299,9.808670797321723],[-84.06700281198827,9.808954121323834],[-84.06697596382533,9.809261730240411],[-84.06700281198827,9.809674573786344],[-84.06701176137592,9.810079322360789],[-84.0668775205612,9.81056502065012],[-84.06690436872414,9.811576892086231],[-84.06719969851652,9.811965450717697],[-84.06746818014595,9.81215973003343],[-84.06787090259012,9.812111160204497],[-84.06808568789366,9.81201402054663],[-84.0683362707478,9.811892595974298],[-84.06868529686606,9.811860216088341],[-84.06901642420904,9.811844026145364],[-84.06937439971495,9.812103065233009],[-84.06968762828262,9.812378294263631],[-84.06972342583322,9.812629238379786],[-84.06973237522087,9.812896372438919],[-84.06971447644557,9.813276836098895],[-84.06976817277146,9.813633014844406],[-84.06983976787264,9.81397300364694],[-84.07013509766502,9.81432918239245],[-84.07049307317094,9.814458701936273],[-84.07069890908683,9.814588221480095],[-84.07105688459275,9.814547746622651],[-84.07103898581745,9.815017254969005],[-84.07074365602507,9.815316768914094],[-84.0706541621486,9.815608187887694],[-84.07066311153625,9.815883416918316],[-84.0704304274574,9.816328640350203],[-84.07007245195149,9.816620059323803],[-84.0696249825691,9.81679814869656],[-84.06910591808551,9.817000522983781],[-84.06869424625371,9.817130042527603],[-84.06825572625897,9.817040997841225],[-84.06788880136541,9.817049092812715],[-84.06753977524714,9.816976238069314],[-84.06674327974648,9.816336735321693],[-84.06648374750469,9.816539109608915],[-84.06631370913938,9.816773863782092],[-84.0662421140382,9.816992428012291],[-84.0662242152629,9.817316226871847],[-84.06632265852703,9.817777640246714],[-84.06640320301587,9.818255243564558],[-84.06638530424057,9.818627612253046],[-84.06639425362822,9.818927126198135],[-84.06651954505529,9.819380444601512],[-84.06664483648235,9.819582818888733],[-84.06680592546002,9.8198985227768],[-84.06701176137592,9.820230416607844],[-84.0671012552524,9.820562310438888],[-84.06715495157829,9.821064198671198],[-84.06718179974122,9.821647036618398],[-84.06736078749418,9.82205988016433],[-84.06752187647184,9.82250510359622],[-84.06770981361245,9.823071751600441],[-84.06783510503952,9.823411740402975],[-84.06799619401718,9.823686969433595],[-84.06822887809602,9.824358852067173],[-84.06823782748367,9.824715030812683],[-84.06819308054544,9.825046924643727],[-84.06820202993308,9.825354533560304],[-84.06821097932072,9.825621667619439],[-84.06817518177014,9.825994036307927],[-84.06815728299485,9.826244980424082],[-84.0681304348319,9.82662544408406],[-84.06806778911836,9.826973527858081],[-84.06799619401718,9.827321611632103],[-84.067924598916,9.827596840662725],[-84.06779035810128,9.827969209351213],[-84.06753082585949,9.82835776798268],[-84.06736078749418,9.828511572440968],[-84.0671012552524,9.828705851756702],[-84.06657324138118,9.828972985815835],[-84.06632265852703,9.829118695302634],[-84.06607207567289,9.829264404789434],[-84.06575884710522,9.829458684105168],[-84.06554406180167,9.829572013706011],[-84.06516818752046,9.829976762280456],[-84.06515028874516,9.830365320911922],[-84.06505184548104,9.830608170056589],[-84.0651950356834,9.83110196331741],[-84.06563355567815,9.831935745380765],[-84.06598258179642,9.832130024696498],[-84.06633160791468,9.832210974411387],[-84.06677012790942,9.832065264924587],[-84.0670833564771,9.83204907498161],[-84.06745028137067,9.832210974411387],[-84.06782615565187,9.832656197843274],[-84.06788880136541,9.832963806759853],[-84.0685779042143,9.833538549735563],[-84.06906117114728,9.833765208937251],[-84.06978607154676,9.834048532939363],[-84.07009035072679,9.833651879336408],[-84.07012614827737,9.833311890533874],[-84.0704125286821,9.833012376588785],[-84.07076155480037,9.83312570618963],[-84.07133431560983,9.833441410077697],[-84.07163859478986,9.83357092962152],[-84.07170124050339,9.83313380116112],[-84.07167439234046,9.832720957615185],[-84.0716654429528,9.832421443670098],[-84.07112847969393,9.831927650409275],[-84.07124482173336,9.831579566635254],[-84.07171018989104,9.831312432576121],[-84.07194287396989,9.83117481806081],[-84.0724708878411,9.831150533146344],[-84.07273042008289,9.831199102975276],[-84.07304364865057,9.830980538745077],[-84.07323158579118,9.830778164457854],[-84.07356271313415,9.830608170056589],[-84.0740191319042,9.830632454971054],[-84.07429656292128,9.830761974514877],[-84.07461874087659,9.830875304115722],[-84.07498566577016,9.831004823659544],[-84.07536154005136,9.831021013602522],[-84.07569266739434,9.831045298516988],[-84.07598799718672,9.831004823659544],[-84.07653390983323,9.8309643488021],[-84.07680239146266,9.83102910857401],[-84.07712456941799,9.831118153260388],[-84.07755414002509,9.8312557677757],[-84.07793896369395,9.831450047091431],[-84.078395382464,9.83168480126461],[-84.07861911715518,9.832000505152676],[-84.07868176286873,9.83161194652121],[-84.07845802817752,9.831344812462076],[-84.0783237873628,9.831012918631032],[-84.07860121837989,9.8306729298285],[-84.07904868776228,9.830195326510655],[-84.07919187796465,9.829928192451522],[-84.07973779061116,9.829677248335367],[-84.07994362652707,9.829912002508545],[-84.08020315876885,9.830041522052367],[-84.0804358428477,9.83017104159619],[-84.08057008366242,9.830413890740855],[-84.08102650243247,9.830486745484254],[-84.0813128828372,9.830470555541277],[-84.08162611140486,9.83051912537021],[-84.08204673262432,9.830535315313188],[-84.08238680935493,9.83051912537021],[-84.08258369588319,9.83031675108299],[-84.08274478486085,9.830057711995345],[-84.08284322812497,9.82973391313579],[-84.08280743057438,9.829418209247724],[-84.0827000379226,9.829094410388167],[-84.0827358354732,9.828479192555013],[-84.0827179366979,9.828066349009081],[-84.08262844282143,9.827669695406126],[-84.08246735384377,9.82741065631848],[-84.08200198568608,9.827321611632103],[-84.08135762977543,9.827443036204436],[-84.08104440120775,9.827394466375504],[-84.08076697019067,9.827370181461037],[-84.08047164039829,9.82734589654657],[-84.07990782897647,9.827281136774658],[-84.07948720775703,9.827167807173815],[-84.07922767551524,9.827022097687015],[-84.07896814327346,9.82677115357086],[-84.07860121837989,9.826657823970015],[-84.0783416861381,9.827216377002747],[-84.07817164777279,9.826941147972125],[-84.07808215389632,9.826601159169593],[-84.07782262165452,9.82676305859937],[-84.07758098818803,9.82691686305766],[-84.07741989921037,9.826504019511725],[-84.07744674737332,9.826204505566638],[-84.07749149431156,9.825921181564526],[-84.0777062796151,9.82561357264795],[-84.07782262165452,9.825378818474771],[-84.07790316614336,9.824998354814795],[-84.07786736859276,9.824585511268861],[-84.0777062796151,9.824107907951017],[-84.078395382464,9.824439801782061],[-84.07878020613285,9.82466646098375],[-84.07922767551524,9.824617891154817],[-84.0797825375494,9.824358852067173],[-84.08013156366768,9.824180762694418],[-84.08065062815125,9.824010768293151],[-84.08099965426952,9.824059338122085],[-84.08136657916307,9.82409171800804],[-84.08166190895545,9.82430218726675],[-84.08207358078725,9.82444789675355],[-84.08247630323142,9.824472181668018],[-84.08284322812497,9.82452075149695],[-84.083147507305,9.824431706810573],[-84.08341598893443,9.82437504201015],[-84.08401559790684,9.824285997323774],[-84.08429302892392,9.824326472181218],[-84.08459730810395,9.824439801782061],[-84.08487473912103,9.824561226354396],[-84.08533115789108,9.82473122075566],[-84.0856354370711,9.824795980527572],[-84.08653932522354,9.824957879957351],[-84.08698679460593,9.825063114586705],[-84.08729107378596,9.825192634130527],[-84.08765799867952,9.82545976818966],[-84.0879354296966,9.82575118716326],[-84.08833815214075,9.825994036307927],[-84.08861558315783,9.82612355585175],[-84.08908990070317,9.826147840766215],[-84.08994904191736,9.825338343617327],[-84.09027121987269,9.825378818474771],[-84.0908350312945,9.825565002819015],[-84.09166732434576,9.825702617334327],[-84.09217743944168,9.825718807277305],[-84.09260701004878,9.825848326821127],[-84.09299183371763,9.825913086593038],[-84.09342140432474,9.825945466478993],[-84.09369883534183,9.825937371507505],[-84.0942178998254,9.825791662020706],[-84.09460272349425,9.825508338018594],[-84.09479066063486,9.82533024864584],[-84.09499649655076,9.825160254244572],[-84.09522023124195,9.825006449786283],[-84.09546186470845,9.824868835270973],[-84.0960525242932,9.824480276639505],[-84.09651789245089,9.824350757095685],[-84.09709065326035,9.82438313698164],[-84.09761866713158,9.824480276639505],[-84.09794979447454,9.82459360624035],[-84.098370415694,9.824617891154817],[-84.09866574548639,9.824642176069284],[-84.0992295569082,9.82474741069864],[-84.0996591275153,9.824933595042884],[-84.1000350017965,9.825127874358616],[-84.1006346107689,9.82538691344626],[-84.10097468749953,9.825581192761994],[-84.10138635933133,9.82582404190666],[-84.10195017075314,9.82611546088026],[-84.10232604503435,9.826196410595148],[-84.10262137482673,9.82611546088026],[-84.10296145155735,9.82610736590877],[-84.10330152828797,9.825896896650061],[-84.10384744093449,9.82604260613686],[-84.10417856827746,9.826172125680682],[-84.10460813888456,9.82640687985386],[-84.1048408229634,9.826601159169593],[-84.10533303928403,9.826892578143193],[-84.10560152091347,9.82712733231637],[-84.10580735682937,9.82733780157508],[-84.10604899029586,9.827588745691235],[-84.10627272498705,9.827888259636325],[-84.10617428172293,9.82829300821077],[-84.10610268662175,9.828560142269902],[-84.1061116360094,9.828948700901368],[-84.10621902866117,9.829329164561345],[-84.10641591518942,9.829750103078768],[-84.10633537070059,9.830081996909811],[-84.10614743355998,9.83044627062681],[-84.10597739519467,9.830834829258277],[-84.10582525560466,9.83132052754761],[-84.10570891356524,9.831700991207587],[-84.10571786295289,9.831943840352254],[-84.10597739519467,9.83247810847052],[-84.1058700025429,9.83327141567643],[-84.10539568499756,9.834032342996384],[-84.10490346867694,9.834558516143161],[-84.10500191194106,9.834760890430385],[-84.10513615275578,9.835052309403984],[-84.10601319274527,9.834380426770407],[-84.10697972661124,9.833255225733453],[-84.10812524823017,9.832348588926697],[-84.10982563188325,9.83211383475352],[-84.1117050032893,9.832518583327964],[-84.11375441306066,9.83276143247263],[-84.11549059426434,9.833506169849608],[-84.11680615424858,9.833870443566607],[-84.11794272647985,9.834307572027006],[-84.11842599341284,9.834874220031228],[-84.1190166529976,9.83544086803545],[-84.11909719748643,9.836193700383916],[-84.11954466686882,9.837480800850647],[-84.1208512774654,9.839901197325823],[-84.12284699091089,9.841965415055487],[-84.12403725946805,9.843106806035419],[-84.12542441455346,9.844215817129395],[-84.12605087168882,9.844976744449351],[-84.12679367086359,9.84476627519064],[-84.12790339493192,9.844353431644707],[-84.12979171572562,9.844709610390218],[-84.13108937693455,9.845373398052306],[-84.1326107728347,9.846255749944595],[-84.13447224546545,9.846846682863282],[-84.13483022097137,9.846911442635193],[-84.13534928545494,9.846838587891794],[-84.13597574259029,9.846814302977327],[-84.13636951564679,9.84678192309137],[-84.13666484543917,9.846822397948815],[-84.13814149440107,9.847915219099814],[-84.13971658662709,9.849938961972034],[-84.14143486905547,9.852254123817854],[-84.14289361924207,9.854156442117741],[-84.14386015310805,9.856131615161027],[-84.1446566486087,9.857313480998403],[-84.14545314410937,9.858511536778758],[-84.14547999227231,9.859555788100824],[-84.14439711636692,9.859839112102934],[-84.14347532943918,9.86009005621909],[-84.14213292129202,9.860284335534823],[-84.14083526008307,9.860478614850557],[-84.13977923234063,9.86089145839649],[-84.13834733031698,9.861474296343689],[-84.13714811237216,9.862364743207465],[-84.13663799727622,9.863328044814642],[-84.13602048952852,9.864696094996264],[-84.13505395566256,9.865805106090239],[-84.13438275158897,9.866946497070172],[-84.13340726833535,9.868282167365837],[-84.13321933119475,9.869091664514725],[-84.1327987099753,9.869674502461924],[-84.13267341854822,9.87035448006699],[-84.13270921609882,9.8712206420163],[-84.13315668548121,9.872410602825166],[-84.13346096466124,9.873487234033187],[-84.13381894016716,9.87504956353054],[-84.1340337254707,9.876417613712162],[-84.13437380220132,9.87801232309547],[-84.13397107975717,9.879485607906448],[-84.13379209200421,9.880659378772334],[-84.13304034344179,9.881841244609712],[-84.13163528958108,9.882877400960288],[-84.13074930020395,9.883832607595975],[-84.13014969123154,9.885540646580129],[-84.1292816006297,9.887362015165127],[-84.12839561125256,9.888381981572726],[-84.12770650840366,9.88857626088846],[-84.12705320310538,9.889142908892682],[-84.12648939168356,9.890211445129212],[-84.1261045680147,9.890794283076412],[-84.12543336394111,9.891506640567433],[-84.12440418436161,9.892275662858877],[-84.12312442192797,9.893392768924343],[-84.12219368561259,9.894258930873653],[-84.12143298766252,9.895052238079563],[-84.12142403827488,9.903228159283332],[-84.12157617786488,9.9124969016381],[-84.12157617786488,9.918414325796471],[-84.12159407664018,9.920049510037225],[-84.1215045827637,9.923449398062555],[-84.12118240480838,9.92969871605197],[-84.12094077134189,9.930143939483859],[-84.12048435257185,9.930370598685547],[-84.11983104727355,9.93086439194637],[-84.11941937544175,9.931333900292724],[-84.1190345517729,9.931358185207191],[-84.11889136157053,9.930832012060414],[-84.11866762687933,9.930160129426836],[-84.11831860076107,9.930127749540882],[-84.11790692892927,9.92940729707837],[-84.11715518036685,9.92868684461586],[-84.11657347016974,9.92788544243846],[-84.11625129221441,9.927343079348706],[-84.11567853140495,9.926638816829174],[-84.11534740406198,9.926031693967508],[-84.11494468161783,9.925100772246287],[-84.11444351590954,9.924177945496554],[-84.1141929330554,9.923433208119578],[-84.1141929330554,9.922728945600046],[-84.11384390693715,9.92182230879329],[-84.11342328571769,9.920988526729936],[-84.11309215837473,9.920122364780626],[-84.11295791756001,9.919353342489181],[-84.11251939756526,9.918309091167115],[-84.11188399104226,9.917685778362472],[-84.11100695105277,9.916965325899962],[-84.11060422860862,9.91611535389363],[-84.11054158289508,9.915095387486032],[-84.11033574697919,9.914488264624365],[-84.10979878372031,9.914034946220987],[-84.10887699679259,9.913840666905255],[-84.10843847679784,9.91294212506999],[-84.10820579271899,9.912391667008745],[-84.10721241069008,9.912108343006635],[-84.10618323111058,9.912100248035145],[-84.10574471111583,9.911460745287524],[-84.10573576172818,9.910829337511391],[-84.10572681234054,9.91018983476377],[-84.10520774785697,9.90983365601826],[-84.10464393643515,9.909866035904214],[-84.10448284745749,9.909582711902104],[-84.10402642868745,9.909186058299149],[-84.10351631359151,9.908862259439593],[-84.1025945266638,9.908773214753216],[-84.10227234870847,9.908781309724704],[-84.10170853728665,9.908878449382572],[-84.10128791606721,9.909153678413192],[-84.10051826872949,9.90923462812808],[-84.09975757077942,9.908910829268526],[-84.09969492506589,9.908384656121749],[-84.09925640507115,9.907979907547306],[-84.09838831446929,9.907575158972861],[-84.0985941503852,9.906700902052062],[-84.09867469487403,9.906158538962307],[-84.09832566875576,9.905616175872552],[-84.09786924998572,9.905527131186174],[-84.09743072999098,9.905624270844042],[-84.09701905815918,9.905802360216796],[-84.0966700320409,9.905956164675086],[-84.09622256265851,9.905980449589551],[-84.0958466883773,9.905599985929575],[-84.09556925736022,9.90505762283982],[-84.09549766225904,9.904296695519864],[-84.09547081409609,9.903835282144998],[-84.09538132021962,9.90339005871311],[-84.09509493981489,9.902791030822932],[-84.09469221737073,9.902394377219977],[-84.09452217900542,9.902135338132334],[-84.09394046880831,9.901997723617022],[-84.09306342881882,9.901771064415334],[-84.09222218637993,9.901560595156623],[-84.09167627373341,9.901406790698335],[-84.09138989332867,9.901042516981335],[-84.091076664761,9.900540628749024],[-84.0908171325192,9.899998265659269],[-84.0904233594627,9.899957790801825],[-84.09028911864799,9.900419204176691],[-84.09007433334443,9.900653958349869],[-84.08962686396205,9.900775382922202],[-84.08917044519201,9.900872522580068],[-84.0887766721355,9.901277271154513],[-84.08849029173076,9.901673924757468],[-84.08820391132603,9.902111053217867],[-84.08790858153365,9.902329617448066],[-84.08759535296598,9.902434852077421],[-84.08726422562302,9.90209486327489],[-84.08718368113418,9.901714399614912],[-84.08686150317887,9.901431075612802],[-84.08661986971237,9.901544405213645],[-84.08617240032997,9.901868204073201],[-84.0854653987058,9.902192002932756],[-84.08520586646401,9.902256762704667],[-84.0850358280987,9.902612941450178],[-84.0850179293234,9.902952930252711],[-84.08493738483457,9.903284824083755],[-84.08434672524982,9.903479103399487],[-84.08409614239567,9.903211969340354],[-84.08353233097385,9.902782935851445],[-84.083147507305,9.902742460994],[-84.0831833048556,9.90302578499611],[-84.08328174811972,9.903576243057355],[-84.08291482322616,9.90382718717351],[-84.08228836609081,9.903746237458622],[-84.08187669425901,9.903705762601177],[-84.08146502242721,9.903576243057355],[-84.08097280610657,9.90375433243011],[-84.08078486896596,9.90396480168882],[-84.0804358428477,9.904021466489242],[-84.08003312040354,9.903851472087977],[-84.07973779061116,9.903568148085865],[-84.07950510653232,9.903292919055243],[-84.07943351143113,9.902985310138666],[-84.07903973837463,9.903001500081643],[-84.07868176286873,9.903252444197799],[-84.07828798981221,9.90368147768671],[-84.07812690083455,9.904045751403709],[-84.07821639471103,9.904296695519864],[-84.078395382464,9.904604304436441],[-84.07852962327871,9.904879533467064],[-84.07851172450341,9.905211427298108],[-84.07809110328397,9.90584283507424],[-84.07775997594099,9.906020924446997],[-84.0769366322774,9.906441862964417],[-84.07656075799618,9.90643376799293],[-84.07618488371497,9.906449957935907],[-84.07573741433258,9.906530907650795],[-84.0752362486243,9.90664423725164],[-84.07471718414072,9.906854706510352],[-84.07456504455071,9.907089460683528],[-84.07443975312364,9.907486114286483],[-84.07421601843244,9.90794752766135],[-84.07389384047711,9.908319896349838],[-84.07347321925766,9.908141806977083],[-84.07279306579643,9.907882767889438],[-84.0724887866164,9.90801228743326],[-84.07227400131286,9.90830370640686],[-84.07186232948105,9.90866798012386],[-84.07120007479512,9.908336086292817],[-84.07114637846922,9.907915147775395],[-84.0714596070369,9.907639918744772],[-84.07169229111575,9.907194695312883],[-84.0718533800934,9.906798041709928],[-84.07203236784636,9.90614234901933],[-84.07153120213809,9.906045209361462],[-84.0710837327557,9.906247583648685],[-84.07068995969918,9.906417578049952],[-84.0704125286821,9.906385198163996],[-84.07004560378854,9.906393293135485],[-84.06961603318145,9.906595667422707],[-84.0689537784955,9.906652332223128],[-84.06841681523663,9.906482337821862],[-84.06786195320247,9.906255678620173],[-84.06766506667421,9.905753790387863],[-84.06765611728656,9.905268092098531],[-84.06745028137067,9.904612399407931],[-84.06726234423006,9.904385740206243],[-84.06694911566238,9.90447478489262],[-84.06652849444293,9.904628589350908],[-84.06616156954937,9.904652874265375],[-84.06590203730758,9.904385740206243],[-84.06633160791468,9.904150986033065],[-84.06632265852703,9.903746237458622],[-84.06577674588051,9.90375433243011],[-84.06506974425633,9.903689572658198],[-84.06456857854805,9.903519578256931],[-84.06406741283978,9.90317149448291],[-84.06351255080561,9.90288007550931],[-84.06331566427735,9.902677701222089],[-84.06301138509733,9.9025238967638],[-84.0622596365349,9.902491516877845],[-84.06191061041665,9.902297237562111],[-84.06135574838247,9.902515801792312],[-84.06095302593832,9.902515801792312],[-84.06055925288182,9.90224057276169],[-84.0602191761512,9.902005818588512],[-84.05966431411703,9.90180344430129],[-84.05859038759928,9.90144726555578],[-84.05801762678982,9.90130155606898],[-84.05794603168864,9.900904902466024],[-84.05806237372806,9.900524438806046],[-84.05780284148628,9.900305874575846],[-84.05738222026683,9.90064586337838],[-84.05729272639034,9.900993947152402],[-84.05643358517615,9.90114775161069],[-84.05605771089495,9.901074896867291],[-84.05577133049022,9.901050611952824],[-84.0556012921249,9.901398695726845],[-84.0553775574337,9.90187629904469],[-84.05516277213016,9.902135338132334],[-84.05489429050073,9.902418662134444],[-84.0545721125454,9.902483421906355],[-84.05433047907891,9.902345807391045],[-84.05419623826418,9.902102958246378],[-84.05409779500006,9.901819634244267],[-84.05381141459533,9.90144726555578],[-84.05353398357825,9.901852014130222],[-84.05329235011176,9.902078673331912],[-84.05298807093173,9.902054388417445],[-84.05283593134172,9.901665829785978],[-84.05205733461635,9.901520120299178],[-84.05175305543632,9.901382505783868],[-84.05151142196983,9.901196321439624],[-84.05130558605393,9.900969662237936],[-84.0510013068739,9.900743003036247],[-84.0505538374915,9.90057300863498],[-84.05033905218797,9.90085633263709],[-84.04994527913146,9.901131561667713],[-84.04971259505261,9.901317746011957],[-84.04955150607495,9.901617259957046],[-84.04910403669255,9.90165773481449],[-84.0487729093496,9.90158488007109],[-84.0486834154731,9.901827729215757],[-84.04871026363605,9.90209486327489],[-84.04882660567547,9.902418662134444],[-84.04895189710254,9.902726271051021],[-84.04898769465314,9.903381963741621],[-84.04842388323132,9.903098639739511],[-84.04798536323658,9.903074354825044],[-84.0476721346689,9.903778617344576],[-84.04758264079243,9.904021466489242]]]}}]}