{
"type": "FeatureCollection",
"name": "area",
"crs": { "type": "name", "properties": { "name": "urn:ogc:def:crs:OGC:1.3:CRS84" } },
"features": [
{ "type": "Feature", "properties": { "fid": 1, "Nombre": "Curubandé" }, "geometry": { "type": "Polygon", "coordinates": [ [ [ -85.481336820479754, 10.668875573743753 ], [ -85.48130378, 10.66892036 ], [ -85.48114204, 10.66918586 ], [ -85.48100908, 10.66943054 ], [ -85.48096373, 10.6695365 ], [ -85.48094623, 10.66959671 ], [ -85.48095238, 10.66966699 ], [ -85.48096854, 10.66975775 ], [ -85.48101943, 10.66994443 ], [ -85.48103832, 10.67003518 ], [ -85.48103876, 10.67012601 ], [ -85.48102025, 10.67018591 ], [ -85.48099194, 10.67023271 ], [ -85.48092395, 10.67032649 ], [ -85.48085343, 10.67042544 ], [ -85.48074344, 10.67052719 ], [ -85.48062027, 10.67062385 ], [ -85.48051819, 10.67071771 ], [ -85.48045802, 10.67078551 ], [ -85.48042933, 10.67084277 ], [ -85.4804323, 10.67090765 ], [ -85.48049588, 10.67099819 ], [ -85.48067062, 10.67124656 ], [ -85.48072895, 10.67132935 ], [ -85.48084528, 10.67146112 ], [ -85.48096167, 10.67158784 ], [ -85.48108325, 10.67170919 ], [ -85.48116002, 10.67182308 ], [ -85.48126872, 10.67200334 ], [ -85.481338, 10.67217438 ], [ -85.48138071, 10.67231428 ], [ -85.48144745, 10.67250865 ], [ -85.48151702, 10.67276014 ], [ -85.48156518, 10.67293119 ], [ -85.4816029, 10.67311531 ], [ -85.48159832, 10.67324513 ], [ -85.48161517, 10.67346053 ], [ -85.4815927, 10.67372538 ], [ -85.48150187, 10.67397239 ], [ -85.48137936, 10.67420661 ], [ -85.48122248, 10.67439943 ], [ -85.48108661, 10.67459215 ], [ -85.48088794, 10.67483713 ], [ -85.48079387, 10.67496213 ], [ -85.48071786, 10.67502223 ], [ -85.4805431, 10.67505352 ], [ -85.48033266, 10.67505578 ], [ -85.48013018, 10.67506189 ], [ -85.48000676, 10.67512656 ], [ -85.47996269, 10.67514051 ], [ -85.47991715, 10.67515338 ], [ -85.47987374, 10.67517202 ], [ -85.47982896, 10.67518968 ], [ -85.4797838, 10.6752049 ], [ -85.47973797, 10.67521551 ], [ -85.47969106, 10.67522739 ], [ -85.4796459, 10.6752427 ], [ -85.47960349, 10.67525989 ], [ -85.47955933, 10.67527384 ], [ -85.47951426, 10.67528906 ], [ -85.47946934, 10.67529831 ], [ -85.47942314, 10.67530648 ], [ -85.47937723, 10.67531709 ], [ -85.47933206, 10.67533231 ], [ -85.47928799, 10.67534626 ], [ -85.47924283, 10.67536148 ], [ -85.47919829, 10.67537308 ], [ -85.47915526, 10.67539407 ], [ -85.47906569, 10.67542929 ], [ -85.47902228, 10.67544794 ], [ -85.47897812, 10.67546179 ], [ -85.47893076, 10.67549428 ], [ -85.47888835, 10.67551157 ], [ -85.47884632, 10.6755312 ], [ -85.47880328, 10.67555219 ], [ -85.478763, 10.67557516 ], [ -85.47872135, 10.67559714 ], [ -85.47867931, 10.67561668 ], [ -85.47863515, 10.67563063 ], [ -85.47860275, 10.67565727 ], [ -85.47856533, 10.67566766 ], [ -85.47851951, 10.67567827 ], [ -85.47847747, 10.6756979 ], [ -85.47843406, 10.67571645 ], [ -85.47839028, 10.67573275 ], [ -85.47834725, 10.67575374 ], [ -85.47830384, 10.67577239 ], [ -85.47825768, 10.67578896 ], [ -85.47821365, 10.67581132 ], [ -85.47817365, 10.67583663 ], [ -85.478132, 10.67585861 ], [ -85.47809109, 10.67588529 ], [ -85.4780521, 10.67590925 ], [ -85.47801357, 10.67593555 ], [ -85.47798496, 10.67597121 ], [ -85.47791957, 10.6760366 ], [ -85.4778882, 10.67607019 ], [ -85.47785555, 10.67610288 ], [ -85.47782006, 10.6761336 ], [ -85.47778329, 10.67616324 ], [ -85.47774467, 10.67618954 ], [ -85.47771055, 10.67622125 ], [ -85.4776779, 10.67625385 ], [ -85.47764554, 10.67628889 ], [ -85.47761142, 10.6763206 ], [ -85.47757427, 10.67634789 ], [ -85.47753849, 10.67637617 ], [ -85.47750125, 10.67640355 ], [ -85.47746851, 10.67643616 ], [ -85.47743486, 10.67647021 ], [ -85.47740487, 10.67650488 ], [ -85.47737351, 10.67653856 ], [ -85.47734086, 10.67657117 ], [ -85.47723447, 10.67666323 ], [ -85.47720036, 10.67669485 ], [ -85.47716496, 10.67672556 ], [ -85.47712596, 10.67674952 ], [ -85.47709331, 10.67678212 ], [ -85.47702517, 10.67684554 ], [ -85.47699143, 10.6768795 ], [ -85.47695631, 10.67691257 ], [ -85.47692357, 10.67694517 ], [ -85.47688855, 10.67697824 ], [ -85.47685031, 10.67700689 ], [ -85.47681178, 10.67703319 ], [ -85.47677591, 10.67706156 ], [ -85.47673951, 10.67709355 ], [ -85.47670089, 10.67711985 ], [ -85.47666549, 10.67715057 ], [ -85.47662962, 10.67717885 ], [ -85.4765956, 10.67721056 ], [ -85.47653012, 10.67727585 ], [ -85.47649372, 10.67730793 ], [ -85.4764596, 10.67733955 ], [ -85.47639321, 10.67740621 ], [ -85.47636222, 10.67744224 ], [ -85.47632811, 10.67747394 ], [ -85.47629674, 10.67750762 ], [ -85.47626547, 10.67754121 ], [ -85.4762341, 10.6775749 ], [ -85.47620824, 10.67761253 ], [ -85.47617825, 10.6776472 ], [ -85.47614835, 10.67768187 ], [ -85.47611424, 10.67771357 ], [ -85.47608425, 10.67774824 ], [ -85.47605572, 10.6777839 ], [ -85.47602161, 10.67781551 ], [ -85.47599299, 10.67785117 ], [ -85.47596438, 10.67788683 ], [ -85.47593173, 10.67791952 ], [ -85.47590174, 10.67795419 ], [ -85.47586596, 10.67798247 ], [ -85.47582559, 10.67800544 ], [ -85.47578844, 10.67803273 ], [ -85.47575845, 10.6780674 ], [ -85.4757203, 10.67809605 ], [ -85.47568618, 10.67812776 ], [ -85.4756504, 10.67815604 ], [ -85.47561012, 10.678179 ], [ -85.47556633, 10.6781953 ], [ -85.47547459, 10.67821643 ], [ -85.4754293, 10.67822324 ], [ -85.47538485, 10.67823484 ], [ -85.47533931, 10.67824771 ], [ -85.4753281, 10.67825427 ], [ -85.47530323, 10.67825077 ], [ -85.47525652, 10.67824819 ], [ -85.4752109, 10.67824425 ], [ -85.47516523, 10.6782488 ], [ -85.4751189, 10.67824857 ], [ -85.47507232, 10.67825439 ], [ -85.47502674, 10.67825895 ], [ -85.47500033, 10.67827733 ], [ -85.47499996, 10.6782776 ], [ -85.47499993, 10.67827763 ], [ -85.47496493, 10.67830805 ], [ -85.47495385, 10.67832292 ], [ -85.47493252, 10.6783345 ], [ -85.47478892, 10.67855392 ], [ -85.47477496, 10.6785783 ], [ -85.47475145, 10.67862939 ], [ -85.47473412, 10.67867394 ], [ -85.47471257, 10.67871571 ], [ -85.4746401, 10.67884774 ], [ -85.47458606, 10.67893586 ], [ -85.47455717, 10.6789726 ], [ -85.47452344, 10.67900747 ], [ -85.47445693, 10.67908705 ], [ -85.47441361, 10.67912458 ], [ -85.4743238, 10.67918665 ], [ -85.47428339, 10.67922001 ], [ -85.47425387, 10.67925784 ], [ -85.47419299, 10.67934897 ], [ -85.47416535, 10.67939718 ], [ -85.4741053, 10.67952699 ], [ -85.47407911, 10.67957321 ], [ -85.47402577, 10.67965581 ], [ -85.47396456, 10.67973437 ], [ -85.47389498, 10.67980276 ], [ -85.47381809, 10.67987064 ], [ -85.47373974, 10.67992081 ], [ -85.47370361, 10.67995253 ], [ -85.47363954, 10.68002623 ], [ -85.47361286, 10.68006431 ], [ -85.47354567, 10.68013595 ], [ -85.47350591, 10.68017283 ], [ -85.4734259, 10.68023856 ], [ -85.47334464, 10.68029281 ], [ -85.47329096, 10.68032316 ], [ -85.47319621, 10.68038336 ], [ -85.47312091, 10.6804402 ], [ -85.47302471, 10.68050248 ], [ -85.4728894, 10.68060516 ], [ -85.47284878, 10.68063229 ], [ -85.47279655, 10.68066065 ], [ -85.4727058, 10.68069759 ], [ -85.47262047, 10.68073993 ], [ -85.47257759, 10.68077466 ], [ -85.47254205, 10.68081442 ], [ -85.47248105, 10.68089931 ], [ -85.47244331, 10.68093763 ], [ -85.47239261, 10.68097918 ], [ -85.47230591, 10.6810236 ], [ -85.47221298, 10.68106363 ], [ -85.47206802, 10.68113382 ], [ -85.47182768, 10.68123013 ], [ -85.47178283, 10.68125438 ], [ -85.47173792, 10.68128316 ], [ -85.47169375, 10.68131536 ], [ -85.4714875, 10.68144884 ], [ -85.47145449, 10.68148271 ], [ -85.47132839, 10.68158101 ], [ -85.47125527, 10.68165457 ], [ -85.47113811, 10.68178654 ], [ -85.47105258, 10.68190192 ], [ -85.47098612, 10.68197246 ], [ -85.47094999, 10.68200418 ], [ -85.47091248, 10.68203346 ], [ -85.47079726, 10.68207657 ], [ -85.47068467, 10.68211389 ], [ -85.47063601, 10.6821416 ], [ -85.4705892, 10.68217517 ], [ -85.47051064, 10.6822389 ], [ -85.47047517, 10.68227414 ], [ -85.47037171, 10.68240632 ], [ -85.47024315, 10.68258083 ], [ -85.47021312, 10.68262589 ], [ -85.47019122, 10.68267038 ], [ -85.47017445, 10.68271845 ], [ -85.47014006, 10.68288429 ], [ -85.47012194, 10.68293436 ], [ -85.47009435, 10.6830331 ], [ -85.47004118, 10.68324558 ], [ -85.47002196, 10.68333344 ], [ -85.47002195, 10.68333347 ], [ -85.47002194, 10.68333351 ], [ -85.47002079, 10.6833385 ], [ -85.47000557, 10.68338449 ], [ -85.46996125, 10.68355571 ], [ -85.46993107, 10.68364498 ], [ -85.46992998, 10.68370382 ], [ -85.46992317, 10.68375104 ], [ -85.46987819, 10.68389885 ], [ -85.46983951, 10.68404645 ], [ -85.46981862, 10.68409165 ], [ -85.46976132, 10.68418674 ], [ -85.46964357, 10.68435035 ], [ -85.46954671, 10.68448395 ], [ -85.46945965, 10.68460602 ], [ -85.46936346, 10.68472786 ], [ -85.4692679, 10.68484871 ], [ -85.46916547, 10.68502119 ], [ -85.46911564, 10.68511227 ], [ -85.46905579, 10.68520863 ], [ -85.46899926, 10.68529359 ], [ -85.46892919, 10.68539361 ], [ -85.46888885, 10.68544234 ], [ -85.4688192, 10.68551525 ], [ -85.46878539, 10.68555464 ], [ -85.4686974, 10.68567147 ], [ -85.46856667, 10.6858139 ], [ -85.4685237, 10.68584863 ], [ -85.46847989, 10.68587812 ], [ -85.46843331, 10.68590275 ], [ -85.4683266, 10.68594708 ], [ -85.46822176, 10.6859821 ], [ -85.46816147, 10.68600643 ], [ -85.46805453, 10.68605981 ], [ -85.46799975, 10.68608953 ], [ -85.46785276, 10.6861582 ], [ -85.46772393, 10.68620119 ], [ -85.46760827, 10.68624711 ], [ -85.4674369, 10.68628235 ], [ -85.46733853, 10.68631255 ], [ -85.46729385, 10.68633229 ], [ -85.46723689, 10.686365 ], [ -85.46715303, 10.68642966 ], [ -85.4670624, 10.68649282 ], [ -85.4669657, 10.68652726 ], [ -85.46691738, 10.68655216 ], [ -85.46678614, 10.68660719 ], [ -85.46663385, 10.68665707 ], [ -85.46654338, 10.68669582 ], [ -85.46650081, 10.68671699 ], [ -85.46639799, 10.68675336 ], [ -85.46634091, 10.68677984 ], [ -85.4662981, 10.68681005 ], [ -85.46626464, 10.68684672 ], [ -85.4662079, 10.68692544 ], [ -85.46617599, 10.68696003 ], [ -85.46604765, 10.68706593 ], [ -85.46595964, 10.68714309 ], [ -85.46591655, 10.68717149 ], [ -85.46587571, 10.68719238 ], [ -85.46558143, 10.68732356 ], [ -85.46539775, 10.68740061 ], [ -85.46525177, 10.68747008 ], [ -85.46520715, 10.6874853 ], [ -85.46515448, 10.68749648 ], [ -85.46510355, 10.68751191 ], [ -85.4649911, 10.68754018 ], [ -85.46494836, 10.68756587 ], [ -85.46491507, 10.68759802 ], [ -85.46481088, 10.68771132 ], [ -85.46472941, 10.68777913 ], [ -85.46468204, 10.68780927 ], [ -85.46464009, 10.68782944 ], [ -85.46459592, 10.68784185 ], [ -85.46454629, 10.6878598 ], [ -85.46450116, 10.68788224 ], [ -85.46446199, 10.68790728 ], [ -85.46441939, 10.68792393 ], [ -85.46432877, 10.68795193 ], [ -85.46428191, 10.68797474 ], [ -85.46424086, 10.68800919 ], [ -85.46421249, 10.68805841 ], [ -85.46417265, 10.68815486 ], [ -85.46414182, 10.68820544 ], [ -85.46410954, 10.68823831 ], [ -85.46406521, 10.68827512 ], [ -85.46398568, 10.688329 ], [ -85.46392996, 10.6883534 ], [ -85.46388333, 10.68836718 ], [ -85.46378226, 10.68838799 ], [ -85.46373024, 10.68840269 ], [ -85.46358418, 10.688437 ], [ -85.463535, 10.68845214 ], [ -85.46348813, 10.68847496 ], [ -85.46344322, 10.68850373 ], [ -85.46336479, 10.68855833 ], [ -85.46324647, 10.68865895 ], [ -85.46316986, 10.68872854 ], [ -85.46305624, 10.68883998 ], [ -85.46298165, 10.6889111 ], [ -85.46294205, 10.68894347 ], [ -85.4628441, 10.68900602 ], [ -85.46275523, 10.68905353 ], [ -85.46270124, 10.68907764 ], [ -85.46260025, 10.68911373 ], [ -85.46244913, 10.68915972 ], [ -85.46240458, 10.68917041 ], [ -85.46230236, 10.68917975 ], [ -85.46209958, 10.68916289 ], [ -85.46198574, 10.68914897 ], [ -85.46187285, 10.68914488 ], [ -85.46175416, 10.68912908 ], [ -85.461628, 10.6891021 ], [ -85.46151481, 10.6890719 ], [ -85.46146679, 10.68906336 ], [ -85.46130216, 10.6890559 ], [ -85.46125086, 10.68904973 ], [ -85.4611422, 10.68904843 ], [ -85.46109308, 10.68905905 ], [ -85.4610034, 10.68909228 ], [ -85.46095973, 10.68911273 ], [ -85.46091872, 10.68913805 ], [ -85.46088252, 10.68917429 ], [ -85.46082644, 10.68925653 ], [ -85.46076616, 10.68934033 ], [ -85.46069744, 10.68941847 ], [ -85.46062969, 10.68950638 ], [ -85.46057911, 10.68959393 ], [ -85.46053877, 10.68968233 ], [ -85.46050076, 10.68977841 ], [ -85.46044808, 10.68988432 ], [ -85.46033207, 10.69006745 ], [ -85.46017979, 10.690331 ], [ -85.46009866, 10.69045106 ], [ -85.46003686, 10.69054146 ], [ -85.45992839, 10.69071596 ], [ -85.45984184, 10.69090555 ], [ -85.45977747, 10.69103248 ], [ -85.45969216, 10.69123354 ], [ -85.45965602, 10.69134019 ], [ -85.45963478, 10.69138819 ], [ -85.4596162, 10.69144106 ], [ -85.4595847, 10.69154317 ], [ -85.45956149, 10.69160058 ], [ -85.45951839, 10.69168403 ], [ -85.45943916, 10.69181908 ], [ -85.45932802, 10.69198871 ], [ -85.45927083, 10.69207015 ], [ -85.45919038, 10.69219824 ], [ -85.45912849, 10.69228864 ], [ -85.45909852, 10.69232919 ], [ -85.45902561, 10.69240898 ], [ -85.45899883, 10.69244716 ], [ -85.45893013, 10.69252982 ], [ -85.45885272, 10.69260502 ], [ -85.45881476, 10.69263702 ], [ -85.45876703, 10.69266996 ], [ -85.45867663, 10.69272398 ], [ -85.45863338, 10.692757 ], [ -85.45859319, 10.69278132 ], [ -85.45851983, 10.69284412 ], [ -85.45843721, 10.69290036 ], [ -85.4583997, 10.69292964 ], [ -85.4583635, 10.69296588 ], [ -85.45829797, 10.69304165 ], [ -85.4582651, 10.69308628 ], [ -85.45821026, 10.69318 ], [ -85.45819053, 10.69322139 ], [ -85.45809054, 10.69346744 ], [ -85.45801916, 10.69360019 ], [ -85.45797336, 10.69369405 ], [ -85.45783645, 10.6940171 ], [ -85.45782013, 10.69412194 ], [ -85.45782013, 10.69423646 ], [ -85.45784052, 10.69435278 ], [ -85.45789319, 10.69455075 ], [ -85.45790675, 10.69459525 ], [ -85.45792939, 10.69464893 ], [ -85.45794534, 10.69469649 ], [ -85.45798351, 10.69480513 ], [ -85.45800173, 10.6948497 ], [ -85.45805687, 10.69495167 ], [ -85.45809677, 10.69504006 ], [ -85.45814733, 10.69512208 ], [ -85.4582867, 10.69533067 ], [ -85.45831166, 10.69537223 ], [ -85.45841997, 10.69556569 ], [ -85.45850131, 10.6957008 ], [ -85.45855129, 10.69579466 ], [ -85.4585753, 10.69584625 ], [ -85.45862739, 10.69594155 ], [ -85.45865787, 10.69598841 ], [ -85.4587495, 10.69613522 ], [ -85.45880574, 10.69623791 ], [ -85.45882387, 10.69628247 ], [ -85.45884687, 10.69637302 ], [ -85.45884949, 10.69642218 ], [ -85.45886973, 10.69652766 ], [ -85.45890854, 10.6966749 ], [ -85.45891856, 10.69672457 ], [ -85.45895003, 10.6968271 ], [ -85.45897166, 10.69693501 ], [ -85.45900104, 10.69704072 ], [ -85.45902274, 10.6971442 ], [ -85.45903354, 10.69724321 ], [ -85.45903513, 10.69734661 ], [ -85.45904247, 10.69739132 ], [ -85.45906909, 10.69749206 ], [ -85.45909005, 10.69753698 ], [ -85.45912103, 10.69763156 ], [ -85.45913229, 10.6976927 ], [ -85.45913316, 10.69779718 ], [ -85.45911103, 10.69789038 ], [ -85.45900197, 10.69819125 ], [ -85.45896112, 10.69828698 ], [ -85.45888334, 10.69841994 ], [ -85.45876385, 10.69865867 ], [ -85.45869573, 10.69880442 ], [ -85.45864581, 10.69889541 ], [ -85.45856163, 10.69902858 ], [ -85.45847349, 10.69915436 ], [ -85.45844308, 10.6991977 ], [ -85.45839644, 10.69928632 ], [ -85.45835666, 10.69937825 ], [ -85.45830836, 10.69946263 ], [ -85.45820532, 10.69962716 ], [ -85.45817049, 10.6996812 ], [ -85.45807225, 10.69979717 ], [ -85.45800785, 10.69988189 ], [ -85.45796961, 10.69991154 ], [ -85.45788815, 10.70000014 ], [ -85.45788807, 10.70000022 ], [ -85.45782732, 10.70006631 ], [ -85.45778983, 10.7000993 ], [ -85.45761282, 10.70021889 ], [ -85.45756595, 10.70023972 ], [ -85.4574789, 10.70028885 ], [ -85.45738979, 10.7003453 ], [ -85.4571691, 10.70050252 ], [ -85.45712541, 10.70054015 ], [ -85.45707642, 10.70057698 ], [ -85.45702738, 10.70060514 ], [ -85.4569423, 10.70066438 ], [ -85.45689003, 10.70068451 ], [ -85.45680969, 10.70074102 ], [ -85.45676685, 10.70076463 ], [ -85.45673137, 10.70079896 ], [ -85.45667571, 10.70087514 ], [ -85.45662282, 10.70095611 ], [ -85.45658043, 10.70105582 ], [ -85.45652674, 10.70114203 ], [ -85.45648717, 10.70123784 ], [ -85.45642699, 10.7013634 ], [ -85.45641094, 10.70140804 ], [ -85.45638747, 10.70145054 ], [ -85.4563694, 10.70149374 ], [ -85.45635874, 10.70153907 ], [ -85.4563131, 10.70168616 ], [ -85.45630512, 10.70173619 ], [ -85.45629037, 10.7017875 ], [ -85.45626769, 10.70188008 ], [ -85.45626036, 10.70193344 ], [ -85.45626588, 10.70203646 ], [ -85.45628084, 10.70208736 ], [ -85.45631685, 10.70218463 ], [ -85.45636445, 10.70233346 ], [ -85.45638494, 10.70237648 ], [ -85.45642429, 10.70248178 ], [ -85.45643788, 10.70253477 ], [ -85.45642651, 10.70264085 ], [ -85.45642931, 10.70269236 ], [ -85.45644102, 10.70279064 ], [ -85.45647783, 10.70293807 ], [ -85.45649616, 10.70298842 ], [ -85.45653908, 10.70307572 ], [ -85.45656422, 10.70311609 ], [ -85.45662755, 10.70319091 ], [ -85.45670383, 10.70325997 ], [ -85.45673436, 10.70330105 ], [ -85.45677221, 10.70341711 ], [ -85.45684881, 10.70361199 ], [ -85.45682022, 10.7036349 ], [ -85.4568037, 10.70365875 ], [ -85.45680247, 10.70370747 ], [ -85.45679045, 10.7037548 ], [ -85.45677238, 10.703798 ], [ -85.4567469, 10.70383915 ], [ -85.45668931, 10.70391399 ], [ -85.45657907, 10.70404367 ], [ -85.45647306, 10.70415878 ], [ -85.45632743, 10.70430543 ], [ -85.45628468, 10.70432904 ], [ -85.45618619, 10.70437334 ], [ -85.4560892, 10.70440696 ], [ -85.45590179, 10.70449045 ], [ -85.45582079, 10.70454362 ], [ -85.45573173, 10.7045914 ], [ -85.45569559, 10.70462239 ], [ -85.45566335, 10.70466484 ], [ -85.45562642, 10.70470117 ], [ -85.45556798, 10.70479002 ], [ -85.45554653, 10.70483387 ], [ -85.45549545, 10.70498894 ], [ -85.45546992, 10.70503877 ], [ -85.45544171, 10.70508391 ], [ -85.4554235, 10.70513579 ], [ -85.45539185, 10.70524567 ], [ -85.45537443, 10.70529221 ], [ -85.45536645, 10.70534223 ], [ -85.45536658, 10.70538905 ], [ -85.45537477, 10.70549666 ], [ -85.45538095, 10.70554752 ], [ -85.45539469, 10.70559175 ], [ -85.45541439, 10.70564011 ], [ -85.45541934, 10.70573969 ], [ -85.45543443, 10.70583742 ], [ -85.45543039, 10.70589013 ], [ -85.45541836, 10.70593746 ], [ -85.4554124, 10.70598883 ], [ -85.45541586, 10.70604368 ], [ -85.45540979, 10.70609505 ], [ -85.45539374, 10.70613959 ], [ -85.4553764, 10.70624163 ], [ -85.45532134, 10.70638533 ], [ -85.4553073, 10.70643131 ], [ -85.45529866, 10.70647799 ], [ -85.45527988, 10.70652653 ], [ -85.45525843, 10.70657038 ], [ -85.45524237, 10.70661492 ], [ -85.45517042, 10.70676178 ], [ -85.4551415, 10.70681226 ], [ -85.45505557, 10.70694092 ], [ -85.45502398, 10.70698662 ], [ -85.45496165, 10.7070641 ], [ -85.45481325, 10.70727892 ], [ -85.45475364, 10.70735241 ], [ -85.45469662, 10.70743059 ], [ -85.4546014, 10.70754709 ], [ -85.45454245, 10.70762402 ], [ -85.45451021, 10.70766638 ], [ -85.4544283, 10.70779773 ], [ -85.45440821, 10.70783959 ], [ -85.45439216, 10.70788422 ], [ -85.45434719, 10.70797925 ], [ -85.45429428, 10.70811562 ], [ -85.45425658, 10.70822137 ], [ -85.45422837, 10.70826651 ], [ -85.45417144, 10.70834469 ], [ -85.45408349, 10.708472 ], [ -85.45402445, 10.70854884 ], [ -85.45395541, 10.70861885 ], [ -85.45392519, 10.70866265 ], [ -85.45385761, 10.70873066 ], [ -85.45382471, 10.70876977 ], [ -85.45377308, 10.70884865 ], [ -85.45374417, 10.70889913 ], [ -85.45372604, 10.70895101 ], [ -85.45369998, 10.70904432 ], [ -85.45369054, 10.70909624 ], [ -85.45368861, 10.7091504 ], [ -85.45367659, 10.70919772 ], [ -85.4536511, 10.70923879 ], [ -85.4534981, 10.70944757 ], [ -85.45345985, 10.70947722 ], [ -85.45341508, 10.70949939 ], [ -85.45337275, 10.70953502 ], [ -85.45333446, 10.70957334 ], [ -85.45317682, 10.70971183 ], [ -85.45309831, 10.70978713 ], [ -85.4530153, 10.70983903 ], [ -85.45298915, 10.70987676 ], [ -85.45295222, 10.70991308 ], [ -85.45292279, 10.70995154 ], [ -85.45285038, 10.7100222 ], [ -85.45280552, 10.71004438 ], [ -85.45275864, 10.71006529 ], [ -85.45270782, 10.71008343 ], [ -85.45265625, 10.71009822 ], [ -85.45260599, 10.7101197 ], [ -85.45255907, 10.7101492 ], [ -85.45251955, 10.71018084 ], [ -85.45247535, 10.71020644 ], [ -85.45243438, 10.71023999 ], [ -85.45233648, 10.7103518 ], [ -85.45228489, 10.71043945 ], [ -85.4522648, 10.7104813 ], [ -85.45218834, 10.71060476 ], [ -85.45214891, 10.71069181 ], [ -85.45211797, 10.71079635 ], [ -85.4520837, 10.71089286 ], [ -85.45206102, 10.71098544 ], [ -85.45204504, 10.71108548 ], [ -85.45203217, 10.71114682 ], [ -85.45201123, 10.71120269 ], [ -85.45198719, 10.71129725 ], [ -85.45193625, 10.71144374 ], [ -85.451894, 10.71153477 ], [ -85.451865, 10.71158526 ], [ -85.45184349, 10.71163778 ], [ -85.45183405, 10.7116898 ], [ -85.45182615, 10.71179523 ], [ -85.45183031, 10.71184474 ], [ -85.45187243, 10.71193737 ], [ -85.45189344, 10.71199241 ], [ -85.45191717, 10.71204346 ], [ -85.45193082, 10.71208768 ], [ -85.45193902, 10.71213989 ], [ -85.45193981, 10.71219005 ], [ -85.45192713, 10.71223395 ], [ -85.45187337, 10.71238433 ], [ -85.45185862, 10.71249115 ], [ -85.45185935, 10.7125499 ], [ -85.45186554, 10.71260076 ], [ -85.45185866, 10.71273031 ], [ -85.45183604, 10.7127588 ], [ -85.45182458, 10.71280938 ], [ -85.45182673, 10.71285755 ], [ -85.45183371, 10.71290307 ], [ -85.45185261, 10.71295667 ], [ -85.45186555, 10.71300632 ], [ -85.45187253, 10.71305185 ], [ -85.45186107, 10.71310243 ], [ -85.45182883, 10.71314488 ], [ -85.45175102, 10.71321484 ], [ -85.45172028, 10.71324653 ], [ -85.45157772, 10.71330775 ], [ -85.45148663, 10.71335409 ], [ -85.45143976, 10.71337501 ], [ -85.45134089, 10.71339861 ], [ -85.45128674, 10.71340871 ], [ -85.45123531, 10.71341483 ], [ -85.45118337, 10.71340883 ], [ -85.4511287, 10.71340692 ], [ -85.45103158, 10.71339381 ], [ -85.45098522, 10.71337125 ], [ -85.45093202, 10.7133499 ], [ -85.45082828, 10.71332941 ], [ -85.45077437, 10.71331339 ], [ -85.45073205, 10.71329352 ], [ -85.45063784, 10.71325907 ], [ -85.4504172, 10.71312162 ], [ -85.45032871, 10.71306184 ], [ -85.45028236, 10.71303928 ], [ -85.4501905, 10.71298014 ], [ -85.45009915, 10.71293302 ], [ -85.4500474, 10.71290967 ], [ -85.45000007, 10.71289235 ], [ -85.45000001, 10.71289233 ], [ -85.44999092, 10.71288905 ], [ -85.44990937, 10.71286611 ], [ -85.44981089, 10.71285491 ], [ -85.44970953, 10.71285647 ], [ -85.44965609, 10.71286123 ], [ -85.44945315, 10.71289038 ], [ -85.44934359, 10.71289514 ], [ -85.44929225, 10.71290125 ], [ -85.44924068, 10.71291604 ], [ -85.44920051, 10.71294425 ], [ -85.4491188, 10.71305825 ], [ -85.44910677, 10.71310558 ], [ -85.44911173, 10.71320516 ], [ -85.44913573, 10.71329435 ], [ -85.44916569, 10.71338749 ], [ -85.4492194, 10.71347636 ], [ -85.4492398, 10.71351929 ], [ -85.44932662, 10.71367128 ], [ -85.44938291, 10.71376475 ], [ -85.44948897, 10.7138889 ], [ -85.44956581, 10.71396122 ], [ -85.44963036, 10.71404281 ], [ -85.44971307, 10.71413661 ], [ -85.44986872, 10.71429135 ], [ -85.44990812, 10.71433256 ], [ -85.44994012, 10.71437164 ], [ -85.44996728, 10.71441337 ], [ -85.44999999, 10.71445719 ], [ -85.45000002, 10.71445723 ], [ -85.45000004, 10.71445726 ], [ -85.45002854, 10.71449561 ], [ -85.45005903, 10.71454536 ], [ -85.45016025, 10.71472756 ], [ -85.45017736, 10.71477123 ], [ -85.4501903, 10.71482079 ], [ -85.4501985, 10.71487299 ], [ -85.45020285, 10.71496056 ], [ -85.45018543, 10.7150071 ], [ -85.45016398, 10.71505095 ], [ -85.45011366, 10.7151366 ], [ -85.45008564, 10.71516439 ], [ -85.45000432, 10.71518818 ], [ -85.45000005, 10.71519263 ], [ -85.45000002, 10.71519266 ], [ -85.44997222, 10.71522186 ], [ -85.44994425, 10.71524097 ], [ -85.44989362, 10.71524166 ], [ -85.44984421, 10.71524912 ], [ -85.44979128, 10.71526591 ], [ -85.44974928, 10.7152755 ], [ -85.44969814, 10.71526426 ], [ -85.44965315, 10.7152397 ], [ -85.44954412, 10.71514558 ], [ -85.44950523, 10.71511638 ], [ -85.4494555, 10.71509447 ], [ -85.4493438, 10.71499565 ], [ -85.44928601, 10.71491285 ], [ -85.44921118, 10.71484189 ], [ -85.4491812, 10.71480406 ], [ -85.44915733, 10.71476178 ], [ -85.44914505, 10.71471547 ], [ -85.44913957, 10.71465927 ], [ -85.44912053, 10.71461435 ], [ -85.44909271, 10.71456929 ], [ -85.44906935, 10.71453893 ], [ -85.44904953, 10.71444385 ], [ -85.44901623, 10.71434259 ], [ -85.44899452, 10.71429289 ], [ -85.44895849, 10.71425111 ], [ -85.44890961, 10.7142151 ], [ -85.4488405, 10.71417429 ], [ -85.44874629, 10.71413975 ], [ -85.44864598, 10.71410994 ], [ -85.44855425, 10.71409753 ], [ -85.44844684, 10.71409504 ], [ -85.44840081, 10.71410186 ], [ -85.44834615, 10.71409985 ], [ -85.44824569, 10.71407871 ], [ -85.44819032, 10.71408214 ], [ -85.44814091, 10.7140896 ], [ -85.44804163, 10.71408373 ], [ -85.44793989, 10.71412 ], [ -85.44789128, 10.71412212 ], [ -85.44785065, 10.71412972 ], [ -85.44771925, 10.71421313 ], [ -85.44765692, 10.71429061 ], [ -85.44763547, 10.71433445 ], [ -85.44760063, 10.71442754 ], [ -85.44758795, 10.71447152 ], [ -85.44758269, 10.71451755 ], [ -85.44757203, 10.71456289 ], [ -85.44756943, 10.71461361 ], [ -85.44757933, 10.71486827 ], [ -85.44760319, 10.71496605 ], [ -85.44761691, 10.71506578 ], [ -85.44762915, 10.71512068 ], [ -85.44765016, 10.71517571 ], [ -85.44766633, 10.7152334 ], [ -85.44770164, 10.715336 ], [ -85.44774014, 10.7156859 ], [ -85.44776466, 10.71578711 ], [ -85.44776746, 10.71583852 ], [ -85.4477568, 10.71588386 ], [ -85.44773066, 10.71592167 ], [ -85.44765435, 10.71598096 ], [ -85.4476176, 10.71599984 ], [ -85.44751353, 10.71600538 ], [ -85.44746764, 10.71600352 ], [ -85.4474225, 10.71598764 ], [ -85.44738098, 10.71596252 ], [ -85.44729569, 10.71591944 ], [ -85.44720068, 10.71589033 ], [ -85.44706227, 10.71582598 ], [ -85.4469621, 10.7157874 ], [ -85.44692912, 10.71577101 ], [ -85.44688454, 10.71577583 ], [ -85.4468417, 10.71579944 ], [ -85.44680354, 10.71582908 ], [ -85.44676797, 10.71586341 ], [ -85.4467285, 10.71588637 ], [ -85.44670269, 10.71589806 ], [ -85.44665831, 10.71588553 ], [ -85.44661242, 10.71588366 ], [ -85.44651867, 10.7158699 ], [ -85.44648751, 10.71587231 ], [ -85.44645072, 10.71589987 ], [ -85.44642321, 10.71593967 ], [ -85.44639974, 10.71598218 ], [ -85.44638176, 10.71602537 ], [ -85.44636068, 10.71609001 ], [ -85.44632195, 10.71617172 ], [ -85.4462676, 10.71625458 ], [ -85.44618244, 10.7164334 ], [ -85.44615695, 10.71647456 ], [ -85.44610067, 10.71655608 ], [ -85.44604088, 10.71664692 ], [ -85.44602086, 10.71666672 ], [ -85.44602078, 10.7166668 ], [ -85.44601286, 10.71667471 ], [ -85.44596467, 10.71668886 ], [ -85.44591807, 10.71669233 ], [ -85.44586528, 10.71670044 ], [ -85.44573492, 10.71675238 ], [ -85.44564242, 10.71680948 ], [ -85.44560094, 10.7168311 ], [ -85.4455481, 10.71684779 ], [ -85.44544792, 10.71686471 ], [ -85.44539635, 10.7168795 ], [ -85.4452948, 10.71689841 ], [ -85.44524807, 10.71691056 ], [ -85.44520593, 10.71692883 ], [ -85.44509204, 10.71696561 ], [ -85.4450384, 10.71698773 ], [ -85.44486218, 10.71710198 ], [ -85.44464307, 10.71723117 ], [ -85.4445821, 10.71730665 ], [ -85.44453653, 10.71733416 ], [ -85.44448628, 10.71735573 ], [ -85.44439312, 10.7174094 ], [ -85.44434962, 10.71742966 ], [ -85.44430223, 10.71743847 ], [ -85.44425408, 10.71746129 ], [ -85.44421785, 10.71749228 ], [ -85.44418438, 10.71752796 ], [ -85.44414815, 10.71755904 ], [ -85.44406054, 10.71760482 ], [ -85.44400761, 10.71762152 ], [ -85.44396082, 10.71764243 ], [ -85.44391718, 10.71767129 ], [ -85.44388831, 10.71771309 ], [ -85.44387033, 10.71775629 ], [ -85.44381714, 10.71785461 ], [ -85.44377217, 10.71794963 ], [ -85.44370209, 10.71805101 ], [ -85.44362844, 10.71817048 ], [ -85.44355992, 10.7182526 ], [ -85.44351758, 10.71828814 ], [ -85.4434821, 10.71832247 ], [ -85.44339686, 10.71844579 ], [ -85.44335462, 10.71848142 ], [ -85.44331248, 10.71849969 ], [ -85.44326237, 10.71851249 ], [ -85.44321478, 10.71853865 ], [ -85.44317648, 10.71857697 ], [ -85.44313697, 10.71860861 ], [ -85.4430906, 10.71864145 ], [ -85.44304301, 10.71866762 ], [ -85.44298736, 10.71868839 ], [ -85.44288693, 10.71873134 ], [ -85.44282603, 10.71874274 ], [ -85.44276634, 10.71876073 ], [ -85.44271472, 10.7187842 ], [ -85.44265503, 10.71880228 ], [ -85.44253724, 10.71882769 ], [ -85.44243166, 10.71884381 ], [ -85.4423747, 10.7188579 ], [ -85.44231632, 10.71888267 ], [ -85.44226874, 10.71890883 ], [ -85.44221711, 10.7189323 ], [ -85.44211641, 10.7189926 ], [ -85.44207417, 10.71902823 ], [ -85.44203587, 10.71906655 ], [ -85.44189206, 10.71923199 ], [ -85.44185911, 10.71927969 ], [ -85.44183967, 10.71932488 ], [ -85.44179273, 10.71940988 ], [ -85.44175856, 10.7194509 ], [ -85.44163822, 10.71957384 ], [ -85.44159861, 10.71960548 ], [ -85.44155787, 10.71963043 ], [ -85.44152211, 10.71968212 ], [ -85.44145874, 10.71979097 ], [ -85.4413702, 10.71997035 ], [ -85.44134391, 10.72001684 ], [ -85.4412994, 10.72013256 ], [ -85.44127385, 10.72023789 ], [ -85.44124538, 10.72036447 ], [ -85.44122134, 10.72045904 ], [ -85.44120235, 10.72058043 ], [ -85.4411783, 10.72067508 ], [ -85.44116009, 10.72072696 ], [ -85.44113642, 10.72078682 ], [ -85.44109867, 10.72090133 ], [ -85.44104609, 10.72101167 ], [ -85.44099361, 10.72110456 ], [ -85.44096066, 10.72115235 ], [ -85.44093446, 10.72119874 ], [ -85.44089748, 10.72124384 ], [ -85.44085111, 10.72127668 ], [ -85.44064866, 10.72137325 ], [ -85.44050994, 10.72145461 ], [ -85.44043343, 10.72153125 ], [ -85.44039664, 10.7215589 ], [ -85.44035581, 10.72158376 ], [ -85.44031367, 10.72160204 ], [ -85.44026083, 10.72161882 ], [ -85.44020264, 10.72162614 ], [ -85.44014568, 10.72164023 ], [ -85.44009021, 10.72164356 ], [ -85.44003625, 10.72163631 ], [ -85.43997976, 10.7216156 ], [ -85.43989381, 10.72156927 ], [ -85.43984539, 10.72155395 ], [ -85.43977932, 10.72153852 ], [ -85.43965424, 10.72148903 ], [ -85.43959624, 10.72147899 ], [ -85.43953149, 10.72147025 ], [ -85.43948288, 10.72147237 ], [ -85.43943267, 10.72148517 ], [ -85.43939043, 10.7215208 ], [ -85.43926593, 10.72161402 ], [ -85.43923749, 10.72163042 ], [ -85.43920144, 10.7216606 ], [ -85.43917597, 10.72168657 ], [ -85.43913263, 10.72170249 ], [ -85.43908475, 10.72170579 ], [ -85.43903772, 10.72171351 ], [ -85.43899187, 10.72172204 ], [ -85.43894349, 10.72173437 ], [ -85.43890757, 10.72175334 ], [ -85.43887759, 10.72179135 ], [ -85.43885099, 10.7218298 ], [ -85.43882705, 10.72186995 ], [ -85.4388053, 10.72190973 ], [ -85.43877826, 10.72195161 ], [ -85.43871473, 10.72202711 ], [ -85.43868475, 10.72206503 ], [ -85.43865952, 10.72210438 ], [ -85.43863778, 10.72214416 ], [ -85.43861722, 10.72218483 ], [ -85.4385976, 10.72222976 ], [ -85.4385797, 10.72227214 ], [ -85.43856832, 10.72231893 ], [ -85.43855912, 10.72236534 ], [ -85.43855422, 10.72241091 ], [ -85.43854978, 10.72245866 ], [ -85.4385414, 10.72250371 ], [ -85.43853092, 10.72254923 ], [ -85.43851907, 10.72259384 ], [ -85.43850383, 10.72263802 ], [ -85.43843031, 10.72278569 ], [ -85.43840877, 10.72282891 ], [ -85.43835742, 10.72290986 ], [ -85.43833037, 10.7229494 ], [ -85.43829919, 10.72298624 ], [ -85.43826792, 10.72302299 ], [ -85.43824187, 10.72306116 ], [ -85.4382152, 10.72310305 ], [ -85.43819602, 10.7231458 ], [ -85.43818326, 10.72319096 ], [ -85.43817462, 10.7232389 ], [ -85.43817658, 10.7232859 ], [ -85.43818091, 10.72333252 ], [ -85.43819072, 10.72337694 ], [ -85.43820793, 10.72342224 ], [ -85.43822477, 10.72346528 ], [ -85.43823595, 10.7235106 ], [ -85.43824813, 10.72355447 ], [ -85.43826031, 10.72359843 ], [ -85.43827249, 10.72364231 ], [ -85.43828742, 10.72368815 ], [ -85.43830326, 10.72373255 ], [ -85.43832238, 10.72377513 ], [ -85.43833266, 10.72382181 ], [ -85.43834302, 10.7238684 ], [ -85.43834636, 10.72391638 ], [ -85.43833963, 10.72396161 ], [ -85.43833793, 10.72400816 ], [ -85.43832279, 10.7240537 ], [ -85.4383059, 10.72409608 ], [ -85.43828113, 10.72413524 ], [ -85.43826434, 10.72415981 ], [ -85.43822128, 10.72417863 ], [ -85.43812975, 10.724189 ], [ -85.43808314, 10.72418957 ], [ -85.43803734, 10.72418888 ], [ -85.43799251, 10.72419858 ], [ -85.43789857, 10.72422125 ], [ -85.43785467, 10.72423555 ], [ -85.43781153, 10.72425446 ], [ -85.43777586, 10.72426837 ], [ -85.43772878, 10.72426669 ], [ -85.43768273, 10.7242518 ], [ -85.43763988, 10.7242351 ], [ -85.43759474, 10.72421877 ], [ -85.43754726, 10.72420886 ], [ -85.43750153, 10.7242022 ], [ -85.43745733, 10.72419048 ], [ -85.43742363, 10.72417789 ], [ -85.43739066, 10.72414387 ], [ -85.43735997, 10.7241094 ], [ -85.43732781, 10.72407402 ], [ -85.43729484, 10.72404001 ], [ -85.43725996, 10.72400871 ], [ -85.43722227, 10.7239815 ], [ -85.4371851, 10.72395067 ], [ -85.43714647, 10.72391894 ], [ -85.4371135, 10.72388493 ], [ -85.43707671, 10.72385635 ], [ -85.43703993, 10.72382778 ], [ -85.43696179, 10.72377156 ], [ -85.43688418, 10.72371163 ], [ -85.43680604, 10.7236554 ], [ -85.43678166, 10.72364105 ], [ -85.43676754, 10.72361174 ], [ -85.43677062, 10.72356608 ], [ -85.43678247, 10.72352228 ], [ -85.43679014, 10.72348175 ], [ -85.43678118, 10.72344193 ], [ -85.43675468, 10.72340427 ], [ -85.43672162, 10.72337026 ], [ -85.43665048, 10.72330677 ], [ -85.43661379, 10.7232782 ], [ -85.43657516, 10.72324647 ], [ -85.43653609, 10.72321827 ], [ -85.43649564, 10.72318926 ], [ -85.43645658, 10.72316115 ], [ -85.43641888, 10.72313393 ], [ -85.43637944, 10.72310357 ], [ -85.43634128, 10.723074 ], [ -85.43629802, 10.72304908 ], [ -85.43625516, 10.72303237 ], [ -85.43621096, 10.72302064 ], [ -85.43616667, 10.72300892 ], [ -85.43612106, 10.72299033 ], [ -85.43607546, 10.72297183 ], [ -85.43602948, 10.72295089 ], [ -85.43598434, 10.72293465 ], [ -85.43593542, 10.72292972 ], [ -85.43588965, 10.7229349 ], [ -85.43584198, 10.7229428 ], [ -85.43579437, 10.72294483 ], [ -85.43574592, 10.72294216 ], [ -85.4356984, 10.7229441 ], [ -85.43565263, 10.72294928 ], [ -85.43560496, 10.72295718 ], [ -85.43556328, 10.72297708 ], [ -85.43552704, 10.72300644 ], [ -85.43549218, 10.72303688 ], [ -85.43545869, 10.72306813 ], [ -85.43541795, 10.72309254 ], [ -85.43537665, 10.72311461 ], [ -85.43533407, 10.72313577 ], [ -85.43529002, 10.72315604 ], [ -85.4352524, 10.7231846 ], [ -85.43521892, 10.72321585 ], [ -85.43518727, 10.72325034 ], [ -85.43515885, 10.72328898 ], [ -85.43513042, 10.72332761 ], [ -85.43510887, 10.72337092 ], [ -85.43509145, 10.72341691 ], [ -85.43507593, 10.72346019 ], [ -85.43505851, 10.72350619 ], [ -85.43504255, 10.72355317 ], [ -85.43502978, 10.72359825 ], [ -85.43502015, 10.72364755 ], [ -85.43501341, 10.72369269 ], [ -85.43500843, 10.72374107 ], [ -85.43500307, 10.72378719 ], [ -85.434999, 10.72383421 ], [ -85.43499364, 10.72388033 ], [ -85.43498591, 10.72392683 ], [ -85.43498192, 10.72397385 ], [ -85.43497191, 10.72402081 ], [ -85.43495777, 10.72406498 ], [ -85.43493622, 10.72410829 ], [ -85.43491192, 10.72414971 ], [ -85.43483993, 10.72427251 ], [ -85.43481378, 10.72431069 ], [ -85.43478811, 10.72435121 ], [ -85.43475831, 10.72438886 ], [ -85.43472666, 10.72442335 ], [ -85.43469273, 10.72445831 ], [ -85.43465374, 10.72448596 ], [ -85.43461107, 10.72450713 ], [ -85.43456533, 10.72451819 ], [ -85.43451963, 10.7245174 ], [ -85.43447299, 10.7245121 ], [ -85.43442922, 10.72449676 ], [ -85.43438781, 10.72447499 ], [ -85.43434821, 10.72445049 ], [ -85.43431805, 10.7244124 ], [ -85.43429565, 10.72437165 ], [ -85.43427981, 10.72432725 ], [ -85.43426854, 10.72428192 ], [ -85.4342527, 10.72423753 ], [ -85.43422945, 10.72419217 ], [ -85.43420805, 10.72414997 ], [ -85.43418108, 10.72411005 ], [ -85.43415777, 10.72407066 ], [ -85.4341308, 10.72403074 ], [ -85.4341043, 10.72399308 ], [ -85.43407405, 10.72395498 ], [ -85.43404108, 10.72392097 ], [ -85.43397823, 10.72385112 ], [ -85.43394479, 10.72381484 ], [ -85.43390716, 10.72378167 ], [ -85.43386762, 10.7237513 ], [ -85.43382946, 10.72372173 ], [ -85.43379277, 10.72369325 ], [ -85.43375135, 10.72367148 ], [ -85.43370615, 10.72366111 ], [ -85.43366048, 10.72364848 ], [ -85.43361484, 10.72364173 ], [ -85.43357055, 10.7236301 ], [ -85.43352444, 10.72362109 ], [ -85.43347552, 10.72361616 ], [ -85.43342844, 10.72361448 ], [ -85.43338227, 10.72361144 ], [ -85.4333361, 10.7236084 ], [ -85.43328811, 10.72360808 ], [ -85.4332401, 10.72360179 ], [ -85.43319208, 10.72359559 ], [ -85.43314447, 10.72359753 ], [ -85.43309827, 10.72360633 ], [ -85.43305062, 10.7236202 ], [ -85.43300657, 10.72364047 ], [ -85.43296621, 10.72366714 ], [ -85.43293456, 10.72370163 ], [ -85.43286946, 10.72377334 ], [ -85.43283178, 10.72380777 ], [ -85.43276758, 10.7238782 ], [ -85.43273365, 10.72391307 ], [ -85.43270154, 10.7239453 ], [ -85.4326644, 10.72397612 ], [ -85.43263228, 10.72400835 ], [ -85.43260017, 10.72404059 ], [ -85.43256396, 10.72407592 ], [ -85.43252903, 10.72411223 ], [ -85.43249739, 10.72414673 ], [ -85.43246712, 10.72418212 ], [ -85.43243503, 10.72422032 ], [ -85.43237259, 10.72429391 ], [ -85.43234141, 10.72433066 ], [ -85.43230886, 10.72436651 ], [ -85.43227393, 10.72440283 ], [ -85.43224138, 10.72443868 ], [ -85.43220645, 10.724475 ], [ -85.4321386, 10.72454491 ], [ -85.43210833, 10.7245803 ], [ -85.43204319, 10.72464613 ], [ -85.43201064, 10.72468198 ], [ -85.43197709, 10.7247192 ], [ -85.43194691, 10.72475459 ], [ -85.43191427, 10.72479044 ], [ -85.43188125, 10.72482404 ], [ -85.43184869, 10.72485989 ], [ -85.4318198, 10.72489627 ], [ -85.43178862, 10.72493302 ], [ -85.43175469, 10.72496797 ], [ -85.43172305, 10.72500247 ], [ -85.43169553, 10.72503974 ], [ -85.43166526, 10.72507513 ], [ -85.43163308, 10.72511333 ], [ -85.43160328, 10.72515098 ], [ -85.43156704, 10.72518044 ], [ -85.43152446, 10.72520169 ], [ -85.43147956, 10.72521735 ], [ -85.43143551, 10.72523762 ], [ -85.4313943, 10.72525969 ], [ -85.43135394, 10.72528636 ], [ -85.4313167, 10.72531717 ], [ -85.43128055, 10.72534662 ], [ -85.43123972, 10.72537103 ], [ -85.43120164, 10.72539724 ], [ -85.43116043, 10.72541939 ], [ -85.43111913, 10.72544146 ], [ -85.43107517, 10.72546172 ], [ -85.43103524, 10.72548478 ], [ -85.43099863, 10.72551188 ], [ -85.43096414, 10.72554458 ], [ -85.43093671, 10.72558185 ], [ -85.43090644, 10.72561724 ], [ -85.43086698, 10.72564255 ], [ -85.43082484, 10.7256601 ], [ -85.43077679, 10.72566566 ], [ -85.43073068, 10.72565674 ], [ -85.43068592, 10.72564266 ], [ -85.43064078, 10.72562642 ], [ -85.43054954, 10.72560117 ], [ -85.43050622, 10.72558212 ], [ -85.43046336, 10.72556541 ], [ -85.43042195, 10.72554364 ], [ -85.43038244, 10.72551914 ], [ -85.43034565, 10.72549066 ], [ -85.43031077, 10.72545936 ], [ -85.43028427, 10.7254217 ], [ -85.43026187, 10.72538086 ], [ -85.43024284, 10.72533828 ], [ -85.43022691, 10.72529389 ], [ -85.43022267, 10.72524727 ], [ -85.43022062, 10.72520018 ], [ -85.43021401, 10.72515402 ], [ -85.43019398, 10.72511281 ], [ -85.43016459, 10.72502355 ], [ -85.43013762, 10.72498363 ], [ -85.43011112, 10.72494597 ], [ -85.43008134, 10.72491013 ], [ -85.43005803, 10.72487074 ], [ -85.43002596, 10.72483537 ], [ -85.42998599, 10.72480861 ], [ -85.42994357, 10.7247882 ], [ -85.42990041, 10.72476327 ], [ -85.42985899, 10.7247415 ], [ -85.42982255, 10.72472711 ], [ -85.42977503, 10.72472905 ], [ -85.42972879, 10.72473197 ], [ -85.42968071, 10.72473165 ], [ -85.42963226, 10.72472907 ], [ -85.42958387, 10.72472043 ], [ -85.42953585, 10.72471424 ], [ -85.42948928, 10.72470297 ], [ -85.42944173, 10.72469894 ], [ -85.42939596, 10.72470412 ], [ -85.42934929, 10.72471067 ], [ -85.42930799, 10.72473282 ], [ -85.42927321, 10.72476317 ], [ -85.42924157, 10.72479766 ], [ -85.42915298, 10.72490943 ], [ -85.42911952, 10.72494664 ], [ -85.42908328, 10.72497609 ], [ -85.42904429, 10.72500366 ], [ -85.42900483, 10.72502897 ], [ -85.42897181, 10.72506256 ], [ -85.42893926, 10.72509842 ], [ -85.42891036, 10.72513479 ], [ -85.42887918, 10.72517154 ], [ -85.4287925, 10.72528059 ], [ -85.42876232, 10.72531598 ], [ -85.4286981, 10.72538045 ], [ -85.42866323, 10.7254108 ], [ -85.42862662, 10.72543799 ], [ -85.42858625, 10.72546466 ], [ -85.42854404, 10.72548808 ], [ -85.42850099, 10.72550699 ], [ -85.42845878, 10.72553051 ], [ -85.42841526, 10.72554707 ], [ -85.42837121, 10.72556734 ], [ -85.42832722, 10.72558164 ], [ -85.42828148, 10.72559279 ], [ -85.42823243, 10.72559979 ], [ -85.42818438, 10.72560534 ], [ -85.42813955, 10.72561513 ], [ -85.42809366, 10.72563215 ], [ -85.42804738, 10.72564692 ], [ -85.42800155, 10.72565806 ], [ -85.42795672, 10.72566776 ], [ -85.42791002, 10.72566834 ], [ -85.42786112, 10.72566937 ], [ -85.42781351, 10.7256714 ], [ -85.42776362, 10.7256738 ], [ -85.42771792, 10.72567301 ], [ -85.42735516, 10.72569483 ], [ -85.4271977, 10.72569971 ], [ -85.42704522, 10.72569553 ], [ -85.42689767, 10.72570968 ], [ -85.42679969, 10.72571013 ], [ -85.42675292, 10.72571441 ], [ -85.42665091, 10.72573331 ], [ -85.42655048, 10.72573712 ], [ -85.42644763, 10.7257319 ], [ -85.42630048, 10.72571287 ], [ -85.42620988, 10.72568996 ], [ -85.4261631, 10.72567436 ], [ -85.426115, 10.7256678 ], [ -85.42606829, 10.72566837 ], [ -85.42597474, 10.72567685 ], [ -85.4259292, 10.72569188 ], [ -85.42588729, 10.72572172 ], [ -85.42585336, 10.7257545 ], [ -85.42581455, 10.72578153 ], [ -85.42577125, 10.72580794 ], [ -85.42568388, 10.7258491 ], [ -85.42560324, 10.72590226 ], [ -85.4255334, 10.72595781 ], [ -85.42548567, 10.72597258 ], [ -85.42543945, 10.72597966 ], [ -85.42539162, 10.72597455 ], [ -85.42534588, 10.72596463 ], [ -85.42516613, 10.72589495 ], [ -85.42511309, 10.72589004 ], [ -85.42507548, 10.72589925 ], [ -85.4250305, 10.72591709 ], [ -85.425, 10.72592129 ], [ -85.42499997, 10.7259213 ], [ -85.42499993, 10.7259213 ], [ -85.424982, 10.72592391 ], [ -85.42492898, 10.7259227 ], [ -85.42487456, 10.72591436 ], [ -85.42482639, 10.72589533 ], [ -85.42478479, 10.72587211 ], [ -85.42475199, 10.72583629 ], [ -85.42470907, 10.72580602 ], [ -85.42466797, 10.72579301 ], [ -85.42461974, 10.72579757 ], [ -85.4245697, 10.72580829 ], [ -85.42451897, 10.72580735 ], [ -85.42447239, 10.72579689 ], [ -85.42442305, 10.72577958 ], [ -85.42439323, 10.72577547 ], [ -85.42432479, 10.72581836 ], [ -85.42427884, 10.72582318 ], [ -85.42422957, 10.72582196 ], [ -85.42418244, 10.7258285 ], [ -85.42414094, 10.72584867 ], [ -85.42410929, 10.7258818 ], [ -85.42407978, 10.72592252 ], [ -85.424052, 10.72596441 ], [ -85.42393319, 10.72618125 ], [ -85.42390751, 10.72622204 ], [ -85.42387717, 10.72626222 ], [ -85.42385343, 10.72630563 ], [ -85.42378372, 10.72644795 ], [ -85.42374759, 10.72653995 ], [ -85.42370653, 10.72663351 ], [ -85.42365987, 10.72672085 ], [ -85.42362758, 10.72675481 ], [ -85.42358622, 10.72678374 ], [ -85.42354272, 10.72680509 ], [ -85.42349692, 10.72682238 ], [ -85.4234486, 10.72683056 ], [ -85.42330197, 10.72684524 ], [ -85.42324721, 10.72684287 ], [ -85.42320203, 10.72683575 ], [ -85.42310714, 10.72681368 ], [ -85.42305231, 10.72681493 ], [ -85.42291212, 10.72686004 ], [ -85.42286891, 10.72688274 ], [ -85.42282837, 10.7269123 ], [ -85.42278305, 10.7269361 ], [ -85.42273393, 10.72694744 ], [ -85.42268465, 10.72694261 ], [ -85.42259175, 10.72689585 ], [ -85.42254427, 10.72688838 ], [ -85.42249506, 10.72689973 ], [ -85.42245329, 10.72691854 ], [ -85.42240366, 10.72691958 ], [ -85.42230947, 10.72688928 ], [ -85.42226378, 10.72687195 ], [ -85.42221651, 10.72684984 ], [ -85.42217221, 10.72683594 ], [ -85.42208161, 10.72681304 ], [ -85.42203096, 10.72680848 ], [ -85.42198305, 10.72680698 ], [ -85.42193373, 10.72681326 ], [ -85.42179486, 10.72686542 ], [ -85.42169647, 10.72689542 ], [ -85.42164962, 10.72690332 ], [ -85.42160153, 10.72692026 ], [ -85.42156281, 10.72694737 ], [ -85.42147409, 10.72697408 ], [ -85.4213828, 10.72703795 ], [ -85.42126442, 10.72705413 ], [ -85.42121742, 10.72704964 ], [ -85.42111781, 10.72703419 ], [ -85.4210034, 10.72701862 ], [ -85.42089701, 10.72699868 ], [ -85.42084328, 10.72698211 ], [ -85.42075204, 10.72694014 ], [ -85.42065105, 10.72690155 ], [ -85.42049328, 10.7268616 ], [ -85.42029304, 10.72682509 ], [ -85.4202073, 10.72680424 ], [ -85.41995152, 10.72671773 ], [ -85.41986029, 10.72667584 ], [ -85.41969456, 10.72663294 ], [ -85.41963959, 10.72662551 ], [ -85.4195766, 10.72662245 ], [ -85.41941713, 10.72662842 ], [ -85.4193113, 10.72665096 ], [ -85.41925263, 10.72667066 ], [ -85.419203, 10.72669159 ], [ -85.41904815, 10.72678503 ], [ -85.41894887, 10.72684162 ], [ -85.41884272, 10.72689362 ], [ -85.41873761, 10.72695132 ], [ -85.41869383, 10.72697122 ], [ -85.41865211, 10.72700241 ], [ -85.41860936, 10.72702801 ], [ -85.41855172, 10.7270534 ], [ -85.41849767, 10.7270663 ], [ -85.4184391, 10.72707127 ], [ -85.41838186, 10.72706719 ], [ -85.4183269, 10.72705967 ], [ -85.4182745, 10.72703414 ], [ -85.41822097, 10.72700284 ], [ -85.41812204, 10.72693586 ], [ -85.41806512, 10.72690223 ], [ -85.41801036, 10.72688006 ], [ -85.41790526, 10.72684357 ], [ -85.41778299, 10.72681032 ], [ -85.41766536, 10.72677036 ], [ -85.41760021, 10.72675593 ], [ -85.41754185, 10.72674616 ], [ -85.41748792, 10.72674442 ], [ -85.41743623, 10.72675396 ], [ -85.41727101, 10.72676104 ], [ -85.41722179, 10.7267525 ], [ -85.41717494, 10.7267406 ], [ -85.41712254, 10.72671499 ], [ -85.41703254, 10.72666397 ], [ -85.41693361, 10.72659699 ], [ -85.41688009, 10.72656568 ], [ -85.41681618, 10.72654229 ], [ -85.41670984, 10.72651485 ], [ -85.4166113, 10.72651249 ], [ -85.41654934, 10.72651522 ], [ -85.41647927, 10.72652222 ], [ -85.41642985, 10.7265285 ], [ -85.41630798, 10.72655988 ], [ -85.41606687, 10.7265824 ], [ -85.41601982, 10.72658524 ], [ -85.41597491, 10.72659945 ], [ -85.41591989, 10.72659934 ], [ -85.41586755, 10.72660609 ], [ -85.41576576, 10.72663376 ], [ -85.41571567, 10.72665188 ], [ -85.41567236, 10.72667458 ], [ -85.41562683, 10.72669332 ], [ -85.41554021, 10.72673873 ], [ -85.41548451, 10.72675055 ], [ -85.41543114, 10.72675161 ], [ -85.41537617, 10.72674408 ], [ -85.41527733, 10.72671678 ], [ -85.41522319, 10.7266901 ], [ -85.4151373, 10.72663689 ], [ -85.41509127, 10.72660564 ], [ -85.41505722, 10.72657524 ], [ -85.41502907, 10.72653632 ], [ -85.41500493, 10.72649522 ], [ -85.41498368, 10.72644614 ], [ -85.41495848, 10.72635225 ], [ -85.41494301, 10.72630957 ], [ -85.41493902, 10.72625734 ], [ -85.41493908, 10.72621025 ], [ -85.41494314, 10.72616097 ], [ -85.41492369, 10.72606606 ], [ -85.41489024, 10.72600755 ], [ -85.4148745, 10.72596342 ], [ -85.4148667, 10.72591853 ], [ -85.41487362, 10.7258724 ], [ -85.41486728, 10.72582724 ], [ -85.41484461, 10.72578585 ], [ -85.41480561, 10.72569383 ], [ -85.41478057, 10.7256558 ], [ -85.41471747, 10.72558956 ], [ -85.41467913, 10.72555982 ], [ -85.41463171, 10.72554512 ], [ -85.41448639, 10.72554705 ], [ -85.41438963, 10.72555463 ], [ -85.41433926, 10.72555142 ], [ -85.41423564, 10.72555813 ], [ -85.41413966, 10.72557736 ], [ -85.41409399, 10.72558363 ], [ -85.41399191, 10.72558635 ], [ -85.41394521, 10.72558692 ], [ -85.41384941, 10.72558402 ], [ -85.41375392, 10.72558996 ], [ -85.41370617, 10.72560094 ], [ -85.41366606, 10.72562462 ], [ -85.41361754, 10.72564753 ], [ -85.41347168, 10.72568995 ], [ -85.41342256, 10.72570129 ], [ -85.41329741, 10.72573548 ], [ -85.4132487, 10.72575695 ], [ -85.41316577, 10.72580984 ], [ -85.41312182, 10.72583336 ], [ -85.41308136, 10.7258593 ], [ -85.41299906, 10.72591129 ], [ -85.41291329, 10.72596094 ], [ -85.41287704, 10.72598976 ], [ -85.41284366, 10.72602534 ], [ -85.41282475, 10.7260671 ], [ -85.41280878, 10.72611191 ], [ -85.41280104, 10.7261575 ], [ -85.41280445, 10.72620322 ], [ -85.41281364, 10.72625154 ], [ -85.41282576, 10.72628457 ], [ -85.41284945, 10.72638606 ], [ -85.41287042, 10.7264336 ], [ -85.41289964, 10.7265253 ], [ -85.41291858, 10.72657032 ], [ -85.41293315, 10.72661617 ], [ -85.41294351, 10.72666276 ], [ -85.41295031, 10.72671073 ], [ -85.4129532, 10.72676097 ], [ -85.41294191, 10.72681155 ], [ -85.41291699, 10.72685668 ], [ -85.41283035, 10.72697638 ], [ -85.41279286, 10.72701415 ], [ -85.41275324, 10.72704434 ], [ -85.41262069, 10.72711807 ], [ -85.41258169, 10.72714374 ], [ -85.41250548, 10.72720853 ], [ -85.41243226, 10.72726554 ], [ -85.41238466, 10.72728898 ], [ -85.41229034, 10.72730938 ], [ -85.41223788, 10.72731107 ], [ -85.41220696, 10.72730497 ], [ -85.41216046, 10.7273107 ], [ -85.41211209, 10.72732619 ], [ -85.41202279, 10.72736483 ], [ -85.41197886, 10.72739206 ], [ -85.41188684, 10.72743631 ], [ -85.41178539, 10.72745802 ], [ -85.41169774, 10.72749782 ], [ -85.41154714, 10.72752345 ], [ -85.41145442, 10.72753617 ], [ -85.41140603, 10.72754805 ], [ -85.41130341, 10.72757147 ], [ -85.41125213, 10.72759132 ], [ -85.41120745, 10.7276143 ], [ -85.41116553, 10.72764043 ], [ -85.41108683, 10.72769981 ], [ -85.41102234, 10.72776762 ], [ -85.41098915, 10.72780465 ], [ -85.41087218, 10.72796824 ], [ -85.41083935, 10.72800301 ], [ -85.41079855, 10.72803483 ], [ -85.41072849, 10.72810511 ], [ -85.41068908, 10.72814036 ], [ -85.41065653, 10.72817657 ], [ -85.4106325, 10.72821853 ], [ -85.41061361, 10.7282639 ], [ -85.4105895, 10.72830957 ], [ -85.41052177, 10.72838752 ], [ -85.41043477, 10.72850949 ], [ -85.41037605, 10.72859978 ], [ -85.4103162, 10.72868068 ], [ -85.41028684, 10.72871778 ], [ -85.410252, 10.72875364 ], [ -85.41022513, 10.72879245 ], [ -85.41019368, 10.72883065 ], [ -85.4100992, 10.72893638 ], [ -85.41006809, 10.7289884 ], [ -85.41003003, 10.72907779 ], [ -85.40998795, 10.72922902 ], [ -85.40995086, 10.72931162 ], [ -85.40992419, 10.72935549 ], [ -85.40980492, 10.72951512 ], [ -85.40977971, 10.72955871 ], [ -85.40976025, 10.72960128 ], [ -85.40971756, 10.72973714 ], [ -85.40969811, 10.72977972 ], [ -85.4096729, 10.72982331 ], [ -85.40958826, 10.72994192 ], [ -85.40956847, 10.72999046 ], [ -85.409557, 10.73003968 ], [ -85.4095555, 10.73009067 ], [ -85.40954652, 10.73018498 ], [ -85.40951047, 10.73027698 ], [ -85.40948553, 10.73031831 ], [ -85.40944923, 10.73035445 ], [ -85.40942784, 10.7303945 ], [ -85.40939877, 10.73049252 ], [ -85.40939707, 10.73053836 ], [ -85.40937924, 10.73063651 ], [ -85.40937142, 10.73068581 ], [ -85.40935011, 10.73078163 ], [ -85.40933581, 10.7308314 ], [ -85.40930453, 10.73092537 ], [ -85.40924486, 10.73110551 ], [ -85.40920231, 10.73125385 ], [ -85.4091822, 10.73135175 ], [ -85.40916898, 10.73139971 ], [ -85.40914679, 10.7315024 ], [ -85.40913783, 10.73160043 ], [ -85.40913009, 10.73164593 ], [ -85.40911714, 10.73169172 ], [ -85.40911078, 10.73174065 ], [ -85.40910928, 10.73179173 ], [ -85.40910413, 10.73184264 ], [ -85.40909464, 10.73188706 ], [ -85.40907332, 10.7319197 ], [ -85.40899093, 10.73197169 ], [ -85.40884534, 10.73201555 ], [ -85.40876726, 10.73207041 ], [ -85.40872847, 10.73210114 ], [ -85.40759336, 10.73297744 ], [ -85.40734471, 10.73317377 ], [ -85.40716069, 10.7332417 ], [ -85.40699738, 10.73324334 ], [ -85.40634706, 10.73305739 ], [ -85.40611117, 10.7330777 ], [ -85.40555357, 10.73333349 ], [ -85.40495076, 10.73352542 ], [ -85.40459774, 10.73373807 ], [ -85.40443585, 10.73403398 ], [ -85.4041937, 10.73471533 ], [ -85.40407126, 10.73497753 ], [ -85.40370198, 10.73533164 ], [ -85.40315893, 10.73570571 ], [ -85.40216989, 10.7359253 ], [ -85.40187378, 10.73600253 ], [ -85.40167627, 10.73617547 ], [ -85.40144945, 10.73652404 ], [ -85.40119967, 10.73669324 ], [ -85.40067557, 10.73681098 ], [ -85.40044043, 10.73698677 ], [ -85.40025684, 10.73723114 ], [ -85.39999997, 10.73728839 ], [ -85.39995959, 10.73728785 ], [ -85.39992306, 10.73729434 ], [ -85.39980452, 10.73739701 ], [ -85.39976458, 10.73743579 ], [ -85.39971975, 10.73746663 ], [ -85.39959726, 10.73754456 ], [ -85.39955936, 10.73757239 ], [ -85.39951506, 10.73759862 ], [ -85.39947651, 10.73762356 ], [ -85.3993842, 10.73766637 ], [ -85.39930213, 10.73772793 ], [ -85.39925783, 10.73775416 ], [ -85.39917292, 10.73781628 ], [ -85.39913198, 10.73783725 ], [ -85.39908454, 10.73785663 ], [ -85.39899341, 10.73789762 ], [ -85.39889862, 10.73793646 ], [ -85.39885397, 10.73794769 ], [ -85.39880389, 10.7379481 ], [ -85.3986899, 10.73792791 ], [ -85.39863157, 10.73792564 ], [ -85.39860014, 10.73792795 ], [ -85.39856983, 10.73795566 ], [ -85.3985481, 10.73800104 ], [ -85.39852986, 10.73804867 ], [ -85.39850611, 10.7381125 ], [ -85.39848685, 10.73819638 ], [ -85.39850057, 10.73829864 ], [ -85.39850857, 10.73834804 ], [ -85.39850724, 10.7383965 ], [ -85.39849832, 10.73844508 ], [ -85.39849816, 10.73844987 ], [ -85.39849699, 10.73849344 ], [ -85.39849221, 10.73854715 ], [ -85.39847754, 10.73859693 ], [ -85.39846038, 10.73864284 ], [ -85.39843682, 10.73868705 ], [ -85.39841204, 10.73872558 ], [ -85.39838316, 10.73876648 ], [ -85.39834897, 10.73880405 ], [ -85.39822259, 10.73889185 ], [ -85.39817297, 10.73891467 ], [ -85.39812488, 10.73893124 ], [ -85.39808045, 10.73894997 ], [ -85.39804709, 10.73897082 ], [ -85.39802645, 10.73901439 ], [ -85.39801352, 10.73906534 ], [ -85.39801154, 10.7391109 ], [ -85.39801369, 10.7391616 ], [ -85.3980206, 10.73921273 ], [ -85.3980277, 10.73930589 ], [ -85.39802811, 10.73935542 ], [ -85.39793842, 10.73943475 ], [ -85.39750867, 10.73959452 ], [ -85.39698166, 10.73963994 ], [ -85.39668186, 10.73966042 ], [ -85.39605458, 10.73999168 ], [ -85.39557608, 10.74006797 ], [ -85.39483727, 10.74033834 ], [ -85.39438887, 10.74065125 ], [ -85.3942433, 10.74079958 ], [ -85.39421476, 10.74085539 ], [ -85.39417746, 10.74091322 ], [ -85.39414557, 10.74097429 ], [ -85.39408019, 10.74111044 ], [ -85.39406369, 10.74115914 ], [ -85.3940152, 10.741269 ], [ -85.39393052, 10.74140026 ], [ -85.39388267, 10.74145137 ], [ -85.39381394, 10.74151151 ], [ -85.39370995, 10.74163798 ], [ -85.39367945, 10.7416853 ], [ -85.39360783, 10.74177312 ], [ -85.39343847, 10.74203574 ], [ -85.39335267, 10.74220334 ], [ -85.39323078, 10.74239244 ], [ -85.39320551, 10.74244308 ], [ -85.39315132, 10.74252712 ], [ -85.39310777, 10.74261788 ], [ -85.39308063, 10.74265985 ], [ -85.39305546, 10.74271049 ], [ -85.39302832, 10.74275256 ], [ -85.39298141, 10.74284849 ], [ -85.39295474, 10.74291297 ], [ -85.39291735, 10.74305197 ], [ -85.39284181, 10.74320389 ], [ -85.39281663, 10.74325444 ], [ -85.39280209, 10.74331182 ], [ -85.39278558, 10.74336052 ], [ -85.3927744, 10.74341263 ], [ -85.39277198, 10.74346272 ], [ -85.3927496, 10.74356686 ], [ -85.39271329, 10.7436704 ], [ -85.39270503, 10.74369396 ], [ -85.39243309, 10.74421212 ], [ -85.39237306, 10.74429745 ], [ -85.39230945, 10.74438044 ], [ -85.3922479, 10.74447219 ], [ -85.39219655, 10.74455558 ], [ -85.39214463, 10.74463607 ], [ -85.39211283, 10.74467761 ], [ -85.39207667, 10.74470661 ], [ -85.39204191, 10.7447413 ], [ -85.39201347, 10.74477758 ], [ -85.39197234, 10.74481808 ], [ -85.39193662, 10.74486208 ], [ -85.39180157, 10.74501336 ], [ -85.39163559, 10.74521658 ], [ -85.39151867, 10.74539399 ], [ -85.3914209, 10.74554176 ], [ -85.39134293, 10.74566251 ], [ -85.39126291, 10.7457943 ], [ -85.39119318, 10.74591781 ], [ -85.39115961, 10.74601242 ], [ -85.39114616, 10.74606798 ], [ -85.39111811, 10.74609206 ], [ -85.39106815, 10.74609996 ], [ -85.39102307, 10.7461158 ], [ -85.39098038, 10.7461357 ], [ -85.39095622, 10.74615 ], [ -85.39091475, 10.74617558 ], [ -85.39081902, 10.74625067 ], [ -85.39079673, 10.74627355 ], [ -85.39071248, 10.74640029 ], [ -85.39068186, 10.74644002 ], [ -85.39060358, 10.74657297 ], [ -85.3905226, 10.74671398 ], [ -85.39049916, 10.7467657 ], [ -85.39041992, 10.74690787 ], [ -85.3903856, 10.74693795 ], [ -85.39034422, 10.74696353 ], [ -85.39030327, 10.7469845 ], [ -85.39025779, 10.74701255 ], [ -85.39016631, 10.74703854 ], [ -85.39006644, 10.74702723 ], [ -85.3900157, 10.74702484 ], [ -85.38981964, 10.74706621 ], [ -85.38971312, 10.74710004 ], [ -85.38959876, 10.74711899 ], [ -85.38944097, 10.74715495 ], [ -85.3893458, 10.74717128 ], [ -85.3892991, 10.74719355 ], [ -85.38925134, 10.74722503 ], [ -85.38921528, 10.74725394 ], [ -85.38914091, 10.74732288 ], [ -85.38902451, 10.74741442 ], [ -85.38898403, 10.7474579 ], [ -85.38895179, 10.74750405 ], [ -85.38889391, 10.74757834 ], [ -85.38881967, 10.74765478 ], [ -85.38878612, 10.74769515 ], [ -85.38869254, 10.74782085 ], [ -85.38863208, 10.74791079 ], [ -85.3885257, 10.74809493 ], [ -85.38847412, 10.74819043 ], [ -85.38844894, 10.74824107 ], [ -85.38843471, 10.74828633 ], [ -85.38841581, 10.74833107 ], [ -85.38838668, 10.74841861 ], [ -85.38836616, 10.74846977 ], [ -85.38833685, 10.74851528 ], [ -85.38828674, 10.74863147 ], [ -85.38823797, 10.74878047 ], [ -85.38823197, 10.7488284 ], [ -85.38823704, 10.74887846 ], [ -85.38824613, 10.74892605 ], [ -85.38826302, 10.74898102 ], [ -85.38830273, 10.74907015 ], [ -85.38834689, 10.74915221 ], [ -85.38837699, 10.74919826 ], [ -85.38841089, 10.74923445 ], [ -85.3884426, 10.74927417 ], [ -85.38846913, 10.74931798 ], [ -85.3885367, 10.74940246 ], [ -85.38856257, 10.74944338 ], [ -85.38862633, 10.74957235 ], [ -85.38864147, 10.74962616 ], [ -85.38864785, 10.74968199 ], [ -85.38863893, 10.74973048 ], [ -85.38856855, 10.74985119 ], [ -85.38853675, 10.74989273 ], [ -85.38850665, 10.74992785 ], [ -85.38847062, 10.74996435 ], [ -85.38842871, 10.74999454 ], [ -85.38841951, 10.75000019 ], [ -85.38841944, 10.75000023 ], [ -85.38837931, 10.75002486 ], [ -85.38833622, 10.75005687 ], [ -85.38830136, 10.75009156 ], [ -85.38826356, 10.75018103 ], [ -85.3882349, 10.75022943 ], [ -85.38815783, 10.75030642 ], [ -85.3881143, 10.75034295 ], [ -85.38802352, 10.75037933 ], [ -85.38794538, 10.750404 ], [ -85.38789803, 10.75042337 ], [ -85.38784841, 10.75044619 ], [ -85.38780693, 10.75047187 ], [ -85.38775025, 10.7504902 ], [ -85.38770029, 10.75049819 ], [ -85.38765281, 10.75051007 ], [ -85.38756158, 10.75055106 ], [ -85.38750851, 10.75057914 ], [ -85.38746194, 10.7506089 ], [ -85.38735825, 10.75072335 ], [ -85.38723666, 10.75081907 ], [ -85.38720722, 10.75085707 ], [ -85.38709083, 10.75109161 ], [ -85.3870501, 10.75118164 ], [ -85.38698858, 10.7512808 ], [ -85.38694646, 10.75138476 ], [ -85.38692342, 10.75142445 ], [ -85.38688163, 10.75146215 ], [ -85.38679865, 10.75150582 ], [ -85.38674688, 10.75153967 ], [ -85.38669381, 10.75156784 ], [ -85.38644769, 10.75163673 ], [ -85.38639371, 10.75164701 ], [ -85.38629313, 10.75165993 ], [ -85.38619102, 10.75167928 ], [ -85.38610321, 10.75168789 ], [ -85.38606198, 10.75166684 ], [ -85.38600819, 10.75165758 ], [ -85.3859428, 10.75165083 ], [ -85.385785, 10.75162514 ], [ -85.38573836, 10.75162028 ], [ -85.38566616, 10.75162404 ], [ -85.38559623, 10.75162426 ], [ -85.38547967, 10.75161972 ], [ -85.38541776, 10.75161521 ], [ -85.38517784, 10.7515624 ], [ -85.38506224, 10.75154855 ], [ -85.38500845, 10.75153921 ], [ -85.38490313, 10.75151717 ], [ -85.38485509, 10.75150663 ], [ -85.38475789, 10.75147976 ], [ -85.3847028, 10.75146464 ], [ -85.38449506, 10.7513928 ], [ -85.38444354, 10.75138002 ], [ -85.38434503, 10.75134737 ], [ -85.38420495, 10.75127876 ], [ -85.38414637, 10.75126149 ], [ -85.38408229, 10.75126042 ], [ -85.38403005, 10.75127186 ], [ -85.38395018, 10.75129535 ], [ -85.38368176, 10.75144741 ], [ -85.38366215, 10.7514569 ], [ -85.3836224, 10.75148058 ], [ -85.38358891, 10.75151372 ], [ -85.38355891, 10.75154919 ], [ -85.38353239, 10.75158709 ], [ -85.38350761, 10.75162607 ], [ -85.38348283, 10.75166514 ], [ -85.38346154, 10.75170663 ], [ -85.38344025, 10.75174804 ], [ -85.38341603, 10.75178999 ], [ -85.38339648, 10.75183265 ], [ -85.38337575, 10.75187704 ], [ -85.38335319, 10.75192016 ], [ -85.38334005, 10.75196469 ], [ -85.38332525, 10.75200797 ], [ -85.38330617, 10.75205352 ], [ -85.38328931, 10.7521438 ], [ -85.38327847, 10.75219239 ], [ -85.38326763, 10.75224098 ], [ -85.38325505, 10.7522884 ], [ -85.38323842, 10.7523305 ], [ -85.38322528, 10.75237503 ], [ -85.38320977, 10.75242292 ], [ -85.38319545, 10.75246917 ], [ -85.38318405, 10.75251478 ], [ -85.38317321, 10.75256337 ], [ -85.38316063, 10.75261079 ], [ -85.383144, 10.75265289 ], [ -85.38312445, 10.75269555 ], [ -85.38310141, 10.75273579 ], [ -85.38307664, 10.75277486 ], [ -85.38305012, 10.75281276 ], [ -85.38302416, 10.75285346 ], [ -85.38301101, 10.75289799 ], [ -85.38299321, 10.75294182 ], [ -85.38297658, 10.75298392 ], [ -85.38296344, 10.75302845 ], [ -85.38294793, 10.75307634 ], [ -85.38293361, 10.75312259 ], [ -85.38292277, 10.75317118 ], [ -85.38291485, 10.75321921 ], [ -85.38290076, 10.75331653 ], [ -85.38289704, 10.75336238 ], [ -85.38288912, 10.75341041 ], [ -85.38288064, 10.75345555 ], [ -85.38288159, 10.75350201 ], [ -85.38287961, 10.75354902 ], [ -85.38287881, 10.75359431 ], [ -85.38287848, 10.75364249 ], [ -85.38288465, 10.75369253 ], [ -85.38289445, 10.75373741 ], [ -85.38290124, 10.75378285 ], [ -85.38291689, 10.75382671 ], [ -85.38292377, 10.75387215 ], [ -85.3829323, 10.75391875 ], [ -85.38293847, 10.7539688 ], [ -85.38294289, 10.75401759 ], [ -85.38294431, 10.75406702 ], [ -85.38293813, 10.75411631 ], [ -85.38293615, 10.75416333 ], [ -85.38293243, 10.75420908 ], [ -85.38292744, 10.75425665 ], [ -85.38292372, 10.7543024 ], [ -85.38291698, 10.7543488 ], [ -85.38290859, 10.75439394 ], [ -85.38289719, 10.75443964 ], [ -85.38287938, 10.75448347 ], [ -85.38285461, 10.75452254 ], [ -85.38282682, 10.75456207 ], [ -85.38280945, 10.7545833 ], [ -85.38276463, 10.75459588 ], [ -85.38271883, 10.75459509 ], [ -85.38267303, 10.75459421 ], [ -85.38262436, 10.75458647 ], [ -85.38258131, 10.75456714 ], [ -85.38253524, 10.75454827 ], [ -85.38249573, 10.75452377 ], [ -85.38245203, 10.75450155 ], [ -85.38240771, 10.75448394 ], [ -85.38236262, 10.75447854 ], [ -85.38232189, 10.75448884 ], [ -85.38228445, 10.75451658 ], [ -85.38225445, 10.75455214 ], [ -85.38222618, 10.75458879 ], [ -85.38219848, 10.75462832 ], [ -85.38216895, 10.75466678 ], [ -85.38214299, 10.75470757 ], [ -85.38213159, 10.75475327 ], [ -85.38212495, 10.75479957 ], [ -85.38212113, 10.75484542 ], [ -85.38211274, 10.75489056 ], [ -85.38210601, 10.75493687 ], [ -85.38210403, 10.75498388 ], [ -85.38209903, 10.75503145 ], [ -85.38209531, 10.7550772 ], [ -85.38209032, 10.75512477 ], [ -85.38208952, 10.75517006 ], [ -85.38209102, 10.75521941 ], [ -85.38209371, 10.75526712 ], [ -85.38209932, 10.75531428 ], [ -85.38210365, 10.75536307 ], [ -85.38211638, 10.75540748 ], [ -85.38213084, 10.75545298 ], [ -85.38213645, 10.75550013 ], [ -85.38214041, 10.75554613 ], [ -85.38214428, 10.75559203 ], [ -85.38213928, 10.75563959 ], [ -85.38212788, 10.75568529 ], [ -85.38211125, 10.7557274 ], [ -85.3820917, 10.75576997 ], [ -85.38207389, 10.75581379 ], [ -85.38205783, 10.75585879 ], [ -85.38203535, 10.75590201 ], [ -85.38201462, 10.75594639 ], [ -85.38199159, 10.75598662 ], [ -85.38197029, 10.75602803 ], [ -85.38194377, 10.75606593 ], [ -85.38191551, 10.75610257 ], [ -85.38188607, 10.75614094 ], [ -85.38185432, 10.75617525 ], [ -85.38182083, 10.75620839 ], [ -85.38178038, 10.75623668 ], [ -85.38174458, 10.75626567 ], [ -85.38170366, 10.75629107 ], [ -85.38166786, 10.75632007 ], [ -85.38163216, 10.75634906 ], [ -85.38159811, 10.75637931 ], [ -85.38156058, 10.75640705 ], [ -85.38152795, 10.75642798 ], [ -85.381482, 10.75643479 ], [ -85.38143661, 10.75644439 ], [ -85.38139456, 10.75646401 ], [ -85.38135537, 10.75649058 ], [ -85.38132188, 10.75652372 ], [ -85.38129536, 10.75656162 ], [ -85.38126884, 10.75659943 ], [ -85.38124406, 10.7566385 ], [ -85.38121627, 10.75667812 ], [ -85.3811915, 10.75671719 ], [ -85.38116814, 10.75674694 ], [ -85.38112482, 10.75676829 ], [ -85.38108507, 10.75679196 ], [ -85.38104358, 10.75681448 ], [ -85.38099922, 10.75682995 ], [ -85.38095327, 10.75683666 ], [ -85.38090788, 10.75684635 ], [ -85.38086188, 10.75686066 ], [ -85.38081696, 10.75687324 ], [ -85.38077054, 10.75687706 ], [ -85.38072459, 10.75688378 ], [ -85.3806769, 10.75688941 ], [ -85.38062747, 10.7568937 ], [ -85.38058001, 10.75689174 ], [ -85.38053294, 10.75689267 ], [ -85.38048667, 10.75688899 ], [ -85.38044016, 10.75689282 ], [ -85.38039025, 10.75689421 ], [ -85.38034534, 10.7569068 ], [ -85.38029948, 10.7569136 ], [ -85.38025353, 10.75692031 ], [ -85.38020702, 10.75692413 ], [ -85.38015593, 10.75692734 ], [ -85.38010594, 10.75692874 ], [ -85.38005839, 10.75692678 ], [ -85.38001085, 10.75692482 ], [ -85.37996213, 10.7569245 ], [ -85.37991284, 10.75692137 ], [ -85.37986356, 10.75691816 ], [ -85.37981483, 10.75691792 ], [ -85.37976555, 10.75691471 ], [ -85.37971785, 10.75692025 ], [ -85.3796758, 10.75693987 ], [ -85.3796486, 10.75694921 ], [ -85.37962218, 10.75698711 ], [ -85.37958694, 10.757019 ], [ -85.37954536, 10.75704151 ], [ -85.37949997, 10.7570512 ], [ -85.37945284, 10.75705964 ], [ -85.37940571, 10.75706816 ], [ -85.37935929, 10.75707198 ], [ -85.37930874, 10.75707049 ], [ -85.37926072, 10.75706564 ], [ -85.37921507, 10.75705726 ], [ -85.37916593, 10.75704654 ], [ -85.37911798, 10.7570341 ], [ -85.37907058, 10.75702455 ], [ -85.37902827, 10.75702609 ], [ -85.37898621, 10.75704571 ], [ -85.37894242, 10.75706407 ], [ -85.37889981, 10.7570808 ], [ -85.37885761, 10.75710793 ], [ -85.37881494, 10.75713216 ], [ -85.37877519, 10.75715584 ], [ -85.37873006, 10.75718352 ], [ -85.37869022, 10.7572072 ], [ -85.37864643, 10.75722565 ], [ -85.37860146, 10.75724573 ], [ -85.37855766, 10.75726419 ], [ -85.37851165, 10.7572784 ], [ -85.37846151, 10.75728748 ], [ -85.37841509, 10.75729131 ], [ -85.37836858, 10.75729513 ], [ -85.37831882, 10.75728902 ], [ -85.37827261, 10.75727775 ], [ -85.3782245, 10.75727281 ], [ -85.37817855, 10.75727961 ], [ -85.37813603, 10.75729625 ], [ -85.37809168, 10.75731172 ], [ -85.37804511, 10.75732314 ], [ -85.37799901, 10.75733744 ], [ -85.3779564, 10.75735408 ], [ -85.37791372, 10.75737832 ], [ -85.37787445, 10.75740498 ], [ -85.37783234, 10.7574321 ], [ -85.3777925, 10.75745578 ], [ -85.37775045, 10.7574754 ], [ -85.37770332, 10.75748383 ], [ -85.37765577, 10.75748187 ], [ -85.37760838, 10.75747232 ], [ -85.37756651, 10.75745127 ], [ -85.37752644, 10.75742388 ], [ -85.37749174, 10.75739248 ], [ -85.37745468, 10.75736454 ], [ -85.37741762, 10.75733659 ], [ -85.37738175, 10.75730692 ], [ -85.37734649, 10.75727264 ], [ -85.37731307, 10.75723952 ], [ -85.37728073, 10.75720469 ], [ -85.37725094, 10.7571664 ], [ -85.3772145, 10.75713384 ], [ -85.37717735, 10.7571059 ], [ -85.37713911, 10.75707967 ], [ -85.37709668, 10.75705573 ], [ -85.37705109, 10.75703984 ], [ -85.37700496, 10.75702856 ], [ -85.37695686, 10.75702363 ], [ -85.37691106, 10.75702283 ], [ -85.37686115, 10.75702432 ], [ -85.37681464, 10.75702814 ], [ -85.37676807, 10.75703956 ], [ -85.37672198, 10.75705386 ], [ -85.3766793, 10.75707801 ], [ -85.37663654, 10.75710224 ], [ -85.37659213, 10.75712531 ], [ -85.37654993, 10.75715243 ], [ -85.37651295, 10.75718314 ], [ -85.37647946, 10.75721629 ], [ -85.37641018, 10.75727833 ], [ -85.37638027, 10.7573138 ], [ -85.37634504, 10.75734578 ], [ -85.37631155, 10.75737883 ], [ -85.37627806, 10.75741197 ], [ -85.376244, 10.75744213 ], [ -85.37621374, 10.75745962 ], [ -85.37616501, 10.75745929 ], [ -85.37612125, 10.75744466 ], [ -85.37608056, 10.75742188 ], [ -85.3760386, 10.75740083 ], [ -85.3759938, 10.75738024 ], [ -85.37594632, 10.75737068 ], [ -85.37589759, 10.75737045 ], [ -85.37585179, 10.75736966 ], [ -85.37580189, 10.75737114 ], [ -85.37575322, 10.75736331 ], [ -85.37570772, 10.75734743 ], [ -85.37565976, 10.75733498 ], [ -85.37561104, 10.75733466 ], [ -85.37556231, 10.75733442 ], [ -85.37551533, 10.75733535 ], [ -85.37546994, 10.75734496 ], [ -85.37542615, 10.75736341 ], [ -85.3753864, 10.75738709 ], [ -85.37534261, 10.75740545 ], [ -85.37530409, 10.7574199 ], [ -85.37525839, 10.75741911 ], [ -85.37521084, 10.75741715 ], [ -85.37516141, 10.75742144 ], [ -85.37511761, 10.75743989 ], [ -85.37507659, 10.75746529 ], [ -85.37504089, 10.75749428 ], [ -85.37500448, 10.75752789 ], [ -85.37500002, 10.75753279 ], [ -85.37499999, 10.75753282 ], [ -85.37490442, 10.7576377 ], [ -85.37487324, 10.7576749 ], [ -85.37484196, 10.7577121 ], [ -85.37480785, 10.75774985 ], [ -85.37477421, 10.7577905 ], [ -85.37474359, 10.75783059 ], [ -85.37471057, 10.75786662 ], [ -85.37464716, 10.75793514 ], [ -85.37461716, 10.75797062 ], [ -85.37458715, 10.75800609 ], [ -85.37455422, 10.75804212 ], [ -85.37451884, 10.7580816 ], [ -85.3744871, 10.75811591 ], [ -85.37445591, 10.75815311 ], [ -85.37442171, 10.75819086 ], [ -85.37438822, 10.75822391 ], [ -85.37435299, 10.75825579 ], [ -85.37431611, 10.75828651 ], [ -85.37427447, 10.75831661 ], [ -85.3742317, 10.75834084 ], [ -85.37418965, 10.75836037 ], [ -85.37414482, 10.75837296 ], [ -85.37409873, 10.75838726 ], [ -85.3740539, 10.75839984 ], [ -85.37400375, 10.75840883 ], [ -85.37395949, 10.7584243 ], [ -85.37391744, 10.75844392 ], [ -85.37387482, 10.75846065 ], [ -85.37383221, 10.75847729 ], [ -85.37378487, 10.75850082 ], [ -85.37374282, 10.75852044 ], [ -85.37369846, 10.75853592 ], [ -85.37365585, 10.75855265 ], [ -85.37360969, 10.75857445 ], [ -85.37356519, 10.75859752 ], [ -85.37348569, 10.75864487 ], [ -85.37344594, 10.75866855 ], [ -85.37340666, 10.75869521 ], [ -85.37336691, 10.75871889 ], [ -85.37333112, 10.75874788 ], [ -85.37329066, 10.75877617 ], [ -85.37324917, 10.75879868 ], [ -85.37320594, 10.75882002 ], [ -85.3731684, 10.75884785 ], [ -85.37312794, 10.75887614 ], [ -85.37308527, 10.75890037 ], [ -85.37304266, 10.7589171 ], [ -85.37299671, 10.75892381 ], [ -85.37294896, 10.75893695 ], [ -85.37290055, 10.75894711 ], [ -85.37285168, 10.75895437 ], [ -85.37280281, 10.75896164 ], [ -85.37275464, 10.75896429 ], [ -85.3727071, 10.75896233 ], [ -85.37265782, 10.75895912 ], [ -85.37260797, 10.75895301 ], [ -85.37255821, 10.7589469 ], [ -85.37250836, 10.7589408 ], [ -85.37246215, 10.75892961 ], [ -85.37236736, 10.75891051 ], [ -85.37232115, 10.75889923 ], [ -85.37227272, 10.7588839 ], [ -85.37222358, 10.75887318 ], [ -85.37217737, 10.7588619 ], [ -85.37212879, 10.75885407 ], [ -85.37207838, 10.75884508 ], [ -85.37203084, 10.75884303 ], [ -85.37197975, 10.75884624 ], [ -85.37193395, 10.75884544 ], [ -85.37188174, 10.75884278 ], [ -85.37183231, 10.75884716 ], [ -85.37178231, 10.75884855 ], [ -85.37173359, 10.75884832 ], [ -85.37168194, 10.75884855 ], [ -85.37163133, 10.75885465 ], [ -85.37158189, 10.75885902 ], [ -85.37153594, 10.75886573 ], [ -85.37149158, 10.75888129 ], [ -85.37144788, 10.75889966 ], [ -85.37140409, 10.75891802 ], [ -85.37136147, 10.75893475 ], [ -85.37131245, 10.75894952 ], [ -85.37126747, 10.75896969 ], [ -85.37122598, 10.7589922 ], [ -85.37118219, 10.75901056 ], [ -85.37113957, 10.75902729 ], [ -85.37109347, 10.7590416 ], [ -85.37104865, 10.75905409 ], [ -85.37100081, 10.75906723 ], [ -85.37095542, 10.75907692 ], [ -85.37091059, 10.7590895 ], [ -85.37086275, 10.75910255 ], [ -85.37081848, 10.75911802 ], [ -85.37076834, 10.75912701 ], [ -85.37072295, 10.7591367 ], [ -85.37067408, 10.75914396 ], [ -85.37062638, 10.75914951 ], [ -85.37057648, 10.75915099 ], [ -85.37052648, 10.75915248 ], [ -85.37047894, 10.75915043 ], [ -85.37043282, 10.75913915 ], [ -85.37039331, 10.75911465 ], [ -85.37036224, 10.75907818 ], [ -85.37033236, 10.7590399 ], [ -85.37030422, 10.75900278 ], [ -85.37027316, 10.75896622 ], [ -85.37024455, 10.75892621 ], [ -85.37021508, 10.75889841 ], [ -85.37019054, 10.7588893 ], [ -85.37014453, 10.75890361 ], [ -85.37010407, 10.7589319 ], [ -85.3700671, 10.75896261 ], [ -85.37002838, 10.75899216 ], [ -85.36999094, 10.75901998 ], [ -85.36994992, 10.75904538 ], [ -85.36990786, 10.759065 ], [ -85.36986304, 10.75907758 ], [ -85.36984399, 10.75908996 ], [ -85.36984047, 10.75912071 ], [ -85.36986205, 10.75916346 ], [ -85.3698777, 10.75920732 ], [ -85.36988186, 10.75923812 ], [ -85.36986476, 10.75927734 ], [ -85.36984019, 10.75930131 ], [ -85.36979418, 10.75931561 ], [ -85.36974649, 10.75932116 ], [ -85.36969894, 10.7593192 ], [ -85.36965037, 10.75931137 ], [ -85.36960297, 10.75930181 ], [ -85.36955605, 10.75929515 ], [ -85.36950629, 10.75928913 ], [ -85.36945701, 10.75928592 ], [ -85.36940961, 10.75927636 ], [ -85.36936165, 10.75926392 ], [ -85.36931544, 10.75925265 ], [ -85.3692723, 10.75923331 ], [ -85.36922561, 10.75921915 ], [ -85.36918185, 10.75920442 ], [ -85.36913389, 10.75919198 ], [ -85.36908579, 10.75918704 ], [ -85.36903635, 10.75919142 ], [ -85.36899096, 10.75920111 ], [ -85.36894454, 10.75920493 ], [ -85.36889859, 10.75921173 ], [ -85.36884854, 10.75922072 ], [ -85.36880085, 10.75922626 ], [ -85.36875254, 10.75923642 ], [ -85.36870413, 10.75924658 ], [ -85.36865813, 10.75926088 ], [ -85.36861146, 10.75927229 ], [ -85.36856419, 10.75928832 ], [ -85.36851865, 10.75930551 ], [ -85.36847438, 10.75932099 ], [ -85.36843177, 10.75933771 ], [ -85.3683891, 10.75936195 ], [ -85.36826131, 10.75944504 ], [ -85.36822608, 10.75947692 ], [ -85.3681914, 10.75951178 ], [ -85.36815499, 10.75954539 ], [ -85.36811453, 10.75957377 ], [ -85.36807525, 10.75960033 ], [ -85.36803305, 10.75962746 ], [ -85.36791412, 10.75970906 ], [ -85.36787438, 10.75973274 ], [ -85.36783448, 10.75976392 ], [ -85.36779632, 10.75979635 ], [ -85.3677512, 10.75982403 ], [ -85.3677113, 10.7598553 ], [ -85.36767606, 10.75988718 ], [ -85.36764535, 10.75992736 ], [ -85.36761708, 10.759964 ], [ -85.36758415, 10.76000003 ], [ -85.36755763, 10.76003784 ], [ -85.36752645, 10.76007504 ], [ -85.3674947, 10.76010935 ], [ -85.36747063, 10.7601438 ], [ -85.36746419, 10.76017502 ], [ -85.36747865, 10.7602206 ], [ -85.36748718, 10.7602672 ], [ -85.36749104, 10.7603131 ], [ -85.36748732, 10.76035895 ], [ -85.36747766, 10.76040581 ], [ -85.3674744, 10.76045455 ], [ -85.36746658, 10.76050258 ], [ -85.3674581, 10.76054781 ], [ -85.36742484, 10.76063202 ], [ -85.3674018, 10.76067226 ], [ -85.36737466, 10.76071477 ], [ -85.36734173, 10.76075071 ], [ -85.36730706, 10.76078557 ], [ -85.36727229, 10.76082034 ], [ -85.36723254, 10.76084411 ], [ -85.36718526, 10.76086005 ], [ -85.36714044, 10.76087263 ], [ -85.36709377, 10.76088404 ], [ -85.36704632, 10.76088208 ], [ -85.36699647, 10.76087597 ], [ -85.36694796, 10.76086055 ], [ -85.36690189, 10.76084177 ], [ -85.36686073, 10.7608161 ], [ -85.36682358, 10.76078815 ], [ -85.36678596, 10.76075732 ], [ -85.36674778, 10.7607235 ], [ -85.36670969, 10.76068977 ], [ -85.36667151, 10.76065595 ], [ -85.366638, 10.76062283 ], [ -85.36660038, 10.760592 ], [ -85.36656214, 10.76056577 ], [ -85.36651551, 10.7605441 ], [ -85.36646945, 10.76052523 ], [ -85.36642149, 10.76051279 ], [ -85.36637481, 10.76049862 ], [ -85.36632567, 10.7604879 ], [ -85.366277, 10.76048007 ], [ -85.36622828, 10.76047983 ], [ -85.36618191, 10.76047606 ], [ -85.36613564, 10.76047238 ], [ -85.36608866, 10.76047331 ], [ -85.36604159, 10.76047424 ], [ -85.36599286, 10.76047391 ], [ -85.36594588, 10.76047484 ], [ -85.3658989, 10.76047577 ], [ -85.36585017, 10.76047553 ], [ -85.36580295, 10.76048396 ], [ -85.36575756, 10.76049365 ], [ -85.36571607, 10.76051616 ], [ -85.36567965, 10.76054977 ], [ -85.36566087, 10.76058022 ], [ -85.36565714, 10.76062607 ], [ -85.36565634, 10.76067136 ], [ -85.36565554, 10.76071665 ], [ -85.3656594, 10.76076255 ], [ -85.36566209, 10.76081026 ], [ -85.36566887, 10.76085561 ], [ -85.36567575, 10.76090104 ], [ -85.36567194, 10.76094689 ], [ -85.36566877, 10.76099562 ], [ -85.36567264, 10.76104152 ], [ -85.36567183, 10.76108681 ], [ -85.36566802, 10.76113266 ], [ -85.36565845, 10.76117952 ], [ -85.36564577, 10.76122694 ], [ -85.36563098, 10.76127021 ], [ -85.36561434, 10.76131232 ], [ -85.36559305, 10.76135372 ], [ -85.36557175, 10.76139521 ], [ -85.36554405, 10.76143474 ], [ -85.36551404, 10.76147022 ], [ -85.36548244, 10.76149702 ], [ -85.36543752, 10.7615096 ], [ -85.36539172, 10.76150881 ], [ -85.36534229, 10.7615131 ], [ -85.36529483, 10.76151114 ], [ -85.36524381, 10.76150675 ], [ -85.36519381, 10.76150824 ], [ -85.36514683, 10.76150917 ], [ -85.36509984, 10.7615101 ], [ -85.36505333, 10.76151392 ], [ -85.36500691, 10.76151774 ], [ -85.36496096, 10.76152445 ], [ -85.36491194, 10.76153931 ], [ -85.36486752, 10.76156237 ], [ -85.36482706, 10.76159066 ], [ -85.36479127, 10.76161965 ], [ -85.36475952, 10.76165396 ], [ -85.36473125, 10.7616906 ], [ -85.36470355, 10.76173022 ], [ -85.36465281, 10.76181008 ], [ -85.36462859, 10.76185204 ], [ -85.36460776, 10.76189633 ], [ -85.36459169, 10.76194141 ], [ -85.36458029, 10.76198702 ], [ -85.36456771, 10.76203444 ], [ -85.36455932, 10.76207958 ], [ -85.36455432, 10.76212715 ], [ -85.36454814, 10.76217644 ], [ -85.36454964, 10.76222579 ], [ -85.36455058, 10.76227224 ], [ -85.36454978, 10.76231753 ], [ -85.36455539, 10.76236469 ], [ -85.36456217, 10.76241013 ], [ -85.3645707, 10.76245673 ], [ -85.36458691, 10.76250348 ], [ -85.3646043, 10.76254851 ], [ -85.36461876, 10.762594 ], [ -85.36461796, 10.76263929 ], [ -85.36460656, 10.76268499 ], [ -85.36459176, 10.76272826 ], [ -85.36457513, 10.76277037 ], [ -85.36454187, 10.76285458 ], [ -85.36454151, 10.76287727 ], [ -85.36455049, 10.76296373 ], [ -85.36450328, 10.76305532 ], [ -85.36443934, 10.7631281 ], [ -85.36436522, 10.7631926 ], [ -85.36429342, 10.76324471 ], [ -85.36421255, 10.76329189 ], [ -85.3641227, 10.76333513 ], [ -85.3640309, 10.76337015 ], [ -85.36392984, 10.76340214 ], [ -85.36382822, 10.76342934 ], [ -85.36373273, 10.76345769 ], [ -85.36364149, 10.7634966 ], [ -85.36353845, 10.763554 ], [ -85.36345945, 10.76361012 ], [ -85.36338226, 10.76368449 ], [ -85.3633213, 10.76376773 ], [ -85.36328477, 10.76385883 ], [ -85.36326483, 10.76395681 ], [ -85.36325328, 10.76405285 ], [ -85.36323919, 10.76415153 ], [ -85.3632228, 10.76424615 ], [ -85.36320789, 10.764347 ], [ -85.36319569, 10.76443735 ], [ -85.36318372, 10.76454063 ], [ -85.36317604, 10.76464226 ], [ -85.36316941, 10.76473395 ], [ -85.36315853, 10.76483424 ], [ -85.36314284, 10.76492416 ], [ -85.36311591, 10.76501421 ], [ -85.36307928, 10.76510097 ], [ -85.36302018, 10.76517128 ], [ -85.36294697, 10.76521562 ], [ -85.36285525, 10.76524947 ], [ -85.36276416, 10.76526099 ], [ -85.36267211, 10.76526203 ], [ -85.36257885, 10.765259 ], [ -85.36247865, 10.76525718 ], [ -85.36237647, 10.76526179 ], [ -85.36227427, 10.7652626 ], [ -85.36217938, 10.76526193 ], [ -85.36208302, 10.76525883 ], [ -85.36198198, 10.76525331 ], [ -85.36188972, 10.76524892 ], [ -85.36171901, 10.76523991 ], [ -85.36161083, 10.76523342 ], [ -85.36151384, 10.76523376 ], [ -85.36140812, 10.76524218 ], [ -85.36130967, 10.76524315 ], [ -85.36120312, 10.76523322 ], [ -85.36110655, 10.76520536 ], [ -85.36102121, 10.76517192 ], [ -85.36092888, 10.76513174 ], [ -85.36085396, 10.76508001 ], [ -85.36079749, 10.76500351 ], [ -85.36076449, 10.76492321 ], [ -85.36073938, 10.76482778 ], [ -85.36072074, 10.76472662 ], [ -85.36069262, 10.76463373 ], [ -85.36064306, 10.76456977 ], [ -85.36057335, 10.76453664 ], [ -85.3604627, 10.76454887 ], [ -85.36036597, 10.76458735 ], [ -85.36028404, 10.76464285 ], [ -85.3602067, 10.76470447 ], [ -85.36012702, 10.76477198 ], [ -85.36004715, 10.76483904 ], [ -85.35997685, 10.76490118 ], [ -85.35990457, 10.76496829 ], [ -85.35983252, 10.76504688 ], [ -85.35976434, 10.76513179 ], [ -85.35970745, 10.76520544 ], [ -85.35964227, 10.76528789 ], [ -85.35957592, 10.76537332 ], [ -85.35952114, 10.76545004 ], [ -85.35946867, 10.76553125 ], [ -85.35941976, 10.76561237 ], [ -85.35937173, 10.76570532 ], [ -85.35935583, 10.76580871 ], [ -85.35938517, 10.76591045 ], [ -85.35943311, 10.7660018 ], [ -85.3594769, 10.76608369 ], [ -85.35949603, 10.76615049 ], [ -85.35948016, 10.76623887 ], [ -85.35943835, 10.76631281 ], [ -85.35937724, 10.76638422 ], [ -85.35930936, 10.76643541 ], [ -85.35922865, 10.76645727 ], [ -85.35912935, 10.76645174 ], [ -85.35903189, 10.76642975 ], [ -85.35894483, 10.76640175 ], [ -85.35885775, 10.7663705 ], [ -85.35876772, 10.76633284 ], [ -85.35867837, 10.76630295 ], [ -85.35854333, 10.76631927 ], [ -85.3584499, 10.76636044 ], [ -85.35837237, 10.76641944 ], [ -85.35830624, 10.76649223 ], [ -85.35823266, 10.76655519 ], [ -85.35814345, 10.76660023 ], [ -85.3580597, 10.76661642 ], [ -85.35796028, 10.76660438 ], [ -85.3578662, 10.76658165 ], [ -85.35779234, 10.76658261 ], [ -85.3577058, 10.7666515 ], [ -85.35769693, 10.76666688 ], [ -85.35769691, 10.76666691 ], [ -85.35769689, 10.76666695 ], [ -85.3576573, 10.76674129 ], [ -85.35761321, 10.76683784 ], [ -85.35756933, 10.76694009 ], [ -85.35753005, 10.76702812 ], [ -85.35748258, 10.76710299 ], [ -85.35741408, 10.76715752 ], [ -85.35733062, 10.76720019 ], [ -85.35723414, 10.7672336 ], [ -85.35714756, 10.76725007 ], [ -85.3570495, 10.76723794 ], [ -85.35696961, 10.76719707 ], [ -85.35689649, 10.76713963 ], [ -85.35681402, 10.76707563 ], [ -85.35672436, 10.76701899 ], [ -85.35663331, 10.76697826 ], [ -85.35653893, 10.76694821 ], [ -85.35644155, 10.76692233 ], [ -85.35635012, 10.76689923 ], [ -85.35624434, 10.76687682 ], [ -85.35615148, 10.7668587 ], [ -85.35604196, 10.7668383 ], [ -85.35594893, 10.76682596 ], [ -85.35585381, 10.76681463 ], [ -85.35573413, 10.76681072 ], [ -85.35563627, 10.76682118 ], [ -85.35554387, 10.7668468 ], [ -85.35545027, 10.76688915 ], [ -85.35535806, 10.7669362 ], [ -85.35527134, 10.76698503 ], [ -85.3551761, 10.76704881 ], [ -85.35509811, 10.76710763 ], [ -85.35501339, 10.76717462 ], [ -85.35494191, 10.76723893 ], [ -85.35487028, 10.76730857 ], [ -85.35480347, 10.76737322 ], [ -85.35471733, 10.76744817 ], [ -85.3546402, 10.76751503 ], [ -85.35457065, 10.7675806 ], [ -85.35449568, 10.76766083 ], [ -85.35442628, 10.76773923 ], [ -85.35436066, 10.7678253 ], [ -85.35431096, 10.76791383 ], [ -85.35426392, 10.76800433 ], [ -85.35422242, 10.76808704 ], [ -85.35418175, 10.7681721 ], [ -85.3541401, 10.76826195 ], [ -85.3540952, 10.76835904 ], [ -85.35405673, 10.76844562 ], [ -85.35401619, 10.76853791 ], [ -85.35398229, 10.76862356 ], [ -85.3539503, 10.76872847 ], [ -85.35392942, 10.76882067 ], [ -85.35391771, 10.76892141 ], [ -85.35391428, 10.76901363 ], [ -85.35391624, 10.76910554 ], [ -85.35392474, 10.76920575 ], [ -85.3539317, 10.76931139 ], [ -85.35394307, 10.76942189 ], [ -85.35396242, 10.76951752 ], [ -85.35398799, 10.76961296 ], [ -85.35401568, 10.7697138 ], [ -85.35403934, 10.76983175 ], [ -85.35405634, 10.76993354 ], [ -85.35407699, 10.77003352 ], [ -85.35409283, 10.77012104 ], [ -85.35409642, 10.77023021 ], [ -85.35408622, 10.77031965 ], [ -85.35406218, 10.77040247 ], [ -85.35400913, 10.77047881 ], [ -85.3539314, 10.77053456 ], [ -85.35384864, 10.77056908 ], [ -85.3537504, 10.77061778 ], [ -85.35366562, 10.77069092 ], [ -85.35360277, 10.77076152 ], [ -85.35354514, 10.77083634 ], [ -85.35349324, 10.77092325 ], [ -85.35346357, 10.77101359 ], [ -85.35344068, 10.77110788 ], [ -85.35341804, 10.77119819 ], [ -85.35338875, 10.77129214 ], [ -85.35335314, 10.77138278 ], [ -85.35331067, 10.77147299 ], [ -85.35326162, 10.77156567 ], [ -85.35320251, 10.77165551 ], [ -85.35313857, 10.77172891 ], [ -85.35307269, 10.771796 ], [ -85.35300688, 10.77185938 ], [ -85.3529374, 10.77192187 ], [ -85.35286008, 10.77198603 ], [ -85.3527819, 10.77204449 ], [ -85.35269349, 10.77210354 ], [ -85.35261335, 10.7721527 ], [ -85.35252154, 10.77220652 ], [ -85.35242999, 10.7722598 ], [ -85.35233283, 10.77232422 ], [ -85.35225776, 10.77238375 ], [ -85.35218043, 10.77246689 ], [ -85.35211079, 10.77255433 ], [ -85.35204838, 10.77264047 ], [ -85.35200013, 10.77272782 ], [ -85.35196469, 10.77281619 ], [ -85.35193547, 10.77290653 ], [ -85.35190839, 10.77300391 ], [ -85.35187902, 10.77310103 ], [ -85.35185053, 10.77319073 ], [ -85.35182598, 10.77328059 ], [ -85.3518004, 10.77338737 ], [ -85.35177366, 10.77348049 ], [ -85.35173357, 10.77359203 ], [ -85.35169628, 10.77367445 ], [ -85.351651818727987, 10.773757957216672 ], [ -85.346792564385524, 10.771640392250918 ], [ -85.34686093, 10.77160485 ], [ -85.34693303, 10.77153602 ], [ -85.34697766, 10.7714363 ], [ -85.34698522, 10.77132844 ], [ -85.34698056, 10.77122559 ], [ -85.34697311, 10.77113415 ], [ -85.34697435, 10.77104249 ], [ -85.34699987, 10.7709622 ], [ -85.34704284, 10.77088093 ], [ -85.34708471, 10.77080057 ], [ -85.34714109, 10.77073262 ], [ -85.34723098, 10.77067773 ], [ -85.34729243, 10.77059891 ], [ -85.34734994, 10.77051776 ], [ -85.34740303, 10.77043076 ], [ -85.34744512, 10.77033611 ], [ -85.34746352, 10.77023932 ], [ -85.34746976, 10.77014121 ], [ -85.34746227, 10.77004019 ], [ -85.34745775, 10.7699491 ], [ -85.34746528, 10.76985388 ], [ -85.34747911, 10.76973622 ], [ -85.34749002, 10.76964027 ], [ -85.34749731, 10.76955166 ], [ -85.34751961, 10.76946921 ], [ -85.34755316, 10.76938609 ], [ -85.34761052, 10.76925161 ], [ -85.34764699, 10.76916865 ], [ -85.3476896, 10.7690882 ], [ -85.34774152, 10.76900536 ], [ -85.34779527, 10.76892296 ], [ -85.34785148, 10.76883874 ], [ -85.34790303, 10.76875463 ], [ -85.34794898, 10.76866368 ], [ -85.34798461, 10.76857603 ], [ -85.34801986, 10.76848639 ], [ -85.34805451, 10.76838509 ], [ -85.34808004, 10.76828636 ], [ -85.34810001, 10.76819245 ], [ -85.34811659, 10.76809864 ], [ -85.34812395, 10.76800524 ], [ -85.34812708, 10.76790751 ], [ -85.3481306, 10.76781512 ], [ -85.34813291, 10.76771821 ], [ -85.34812683, 10.76760443 ], [ -85.34811855, 10.76751055 ], [ -85.34810908, 10.76741749 ], [ -85.34811004, 10.76732312 ], [ -85.34810468, 10.76722895 ], [ -85.34809979, 10.76713614 ], [ -85.34810221, 10.76704457 ], [ -85.34809746, 10.76694218 ], [ -85.34809099, 10.76684268 ], [ -85.34807164, 10.76674623 ], [ -85.34804761, 10.76666681 ], [ -85.3480476, 10.76666677 ], [ -85.34804759, 10.76666673 ], [ -85.34800478, 10.76645257 ], [ -85.34797636, 10.76629035 ], [ -85.34797237, 10.76621372 ], [ -85.34800832, 10.76599472 ], [ -85.34799508, 10.76591451 ], [ -85.34794291, 10.76583809 ], [ -85.34786118, 10.76575456 ], [ -85.34779391, 10.76559432 ], [ -85.34773178, 10.76537566 ], [ -85.34770865, 10.76516958 ], [ -85.34769471, 10.76493255 ], [ -85.34780295, 10.76433749 ], [ -85.34783398, 10.76424244 ], [ -85.34779118, 10.76376627 ], [ -85.34779246, 10.76364225 ], [ -85.34775821, 10.76342347 ], [ -85.34779284, 10.76331756 ], [ -85.34784436, 10.7632462 ], [ -85.34791613, 10.76318578 ], [ -85.34800833, 10.76313792 ], [ -85.34813768, 10.76311548 ], [ -85.34832813, 10.76312379 ], [ -85.34843336, 10.763085 ], [ -85.34851626, 10.76301902 ], [ -85.34877277, 10.76248523 ], [ -85.34882242, 10.76242671 ], [ -85.34888877, 10.76238078 ], [ -85.3490513, 10.76233994 ], [ -85.34924879, 10.76226432 ], [ -85.34935943, 10.76220907 ], [ -85.34944977, 10.76215218 ], [ -85.34952342, 10.76208434 ], [ -85.34957439, 10.76201497 ], [ -85.34967268, 10.76187407 ], [ -85.34976458, 10.76175788 ], [ -85.34986955, 10.7616598 ], [ -85.34992602, 10.76161414 ], [ -85.34999996, 10.76156818 ], [ -85.35008311, 10.76154046 ], [ -85.35034807, 10.76144702 ], [ -85.35045223, 10.76139441 ], [ -85.3505376, 10.7613511 ], [ -85.35059322, 10.76127846 ], [ -85.35063495, 10.76118472 ], [ -85.35065252, 10.76108756 ], [ -85.35065794, 10.76099155 ], [ -85.35066173, 10.76089761 ], [ -85.35065876, 10.76080407 ], [ -85.35064938, 10.76071038 ], [ -85.3506322, 10.76060804 ], [ -85.35063429, 10.76052451 ], [ -85.3506601, 10.76044991 ], [ -85.35071174, 10.76038461 ], [ -85.35077784, 10.76032584 ], [ -85.35085722, 10.76027234 ], [ -85.35093759, 10.76021387 ], [ -85.35101179, 10.76014494 ], [ -85.35107214, 10.7600673 ], [ -85.35112763, 10.75998535 ], [ -85.35117948, 10.75990684 ], [ -85.35122168, 10.75981844 ], [ -85.35124428, 10.75971973 ], [ -85.35124784, 10.75961567 ], [ -85.35123929, 10.75952288 ], [ -85.35122124, 10.75930873 ], [ -85.35123228, 10.75922136 ], [ -85.35124629, 10.75912513 ], [ -85.35127046, 10.75902975 ], [ -85.35130609, 10.75894309 ], [ -85.35134821, 10.75885595 ], [ -85.3513896, 10.75876963 ], [ -85.35142761, 10.75868359 ], [ -85.35145664, 10.75859307 ], [ -85.35148368, 10.75850717 ], [ -85.35152232, 10.75841851 ], [ -85.35155879, 10.75833465 ], [ -85.35159223, 10.75824791 ], [ -85.35162738, 10.75815737 ], [ -85.35166624, 10.75807684 ], [ -85.35171287, 10.75799683 ], [ -85.35176436, 10.75791941 ], [ -85.35181848, 10.75783981 ], [ -85.35186933, 10.75776321 ], [ -85.35191964, 10.75768688 ], [ -85.35197398, 10.7576137 ], [ -85.35203228, 10.75754719 ], [ -85.35210073, 10.75748325 ], [ -85.35216741, 10.75741038 ], [ -85.35235842, 10.7571137 ], [ -85.35239254, 10.75701584 ], [ -85.35240571, 10.75691373 ], [ -85.35239173, 10.75681183 ], [ -85.35237203, 10.75672143 ], [ -85.35235994, 10.75663372 ], [ -85.35240285, 10.75625172 ], [ -85.35241989, 10.75615818 ], [ -85.35242442, 10.75606605 ], [ -85.3524433, 10.75599519 ], [ -85.3524679, 10.75597674 ], [ -85.35254338, 10.75595029 ], [ -85.35262746, 10.75594522 ], [ -85.35271181, 10.75596022 ], [ -85.35279678, 10.7559932 ], [ -85.3528839, 10.75603458 ], [ -85.35296711, 10.75608023 ], [ -85.35305362, 10.75612839 ], [ -85.35314747, 10.75616432 ], [ -85.3532509, 10.75617372 ], [ -85.353355, 10.75614714 ], [ -85.35343555, 10.75609075 ], [ -85.35350268, 10.75601589 ], [ -85.35356458, 10.75593571 ], [ -85.3536204, 10.75584797 ], [ -85.35364069, 10.75574357 ], [ -85.35362459, 10.75563987 ], [ -85.35358597, 10.75554721 ], [ -85.35353526, 10.75547005 ], [ -85.35350182, 10.75539219 ], [ -85.35349037, 10.75530574 ], [ -85.35353479, 10.75524227 ], [ -85.35358657, 10.75518853 ], [ -85.35362725, 10.75516847 ], [ -85.35366957, 10.75514885 ], [ -85.35371578, 10.7551369 ], [ -85.35376284, 10.75513453 ], [ -85.35380906, 10.75512736 ], [ -85.35385577, 10.75512499 ], [ -85.35390226, 10.75511756 ], [ -85.35394782, 10.7551057 ], [ -85.35399533, 10.75509962 ], [ -85.35404266, 10.75509362 ], [ -85.35408892, 10.75509514 ], [ -85.35413313, 10.75510896 ], [ -85.35417879, 10.75511997 ], [ -85.35422355, 10.75513215 ], [ -85.3542674, 10.75514597 ], [ -85.35430999, 10.75516486 ], [ -85.35435131, 10.75518502 ], [ -85.35439181, 10.75520654 ], [ -85.35443131, 10.7552295 ], [ -85.35447081, 10.75525247 ], [ -85.35450878, 10.75528051 ], [ -85.35454737, 10.75530474 ], [ -85.35458606, 10.75532907 ], [ -85.35462721, 10.75535294 ], [ -85.35467317, 10.75536991 ], [ -85.35471644, 10.75537722 ], [ -85.35476947, 10.75537853 ], [ -85.35481635, 10.75537588 ], [ -85.35486525, 10.75537449 ], [ -85.35491308, 10.75538061 ], [ -85.35496156, 10.75538736 ], [ -85.35500923, 10.75539565 ], [ -85.35505541, 10.75540024 ], [ -85.35510249, 10.75539976 ], [ -85.35514712, 10.75538547 ], [ -85.35518853, 10.75536441 ], [ -85.35523157, 10.75534072 ], [ -85.35526911, 10.75531344 ], [ -85.35530821, 10.75528705 ], [ -85.35534419, 10.75525887 ], [ -85.35541265, 10.75519593 ], [ -85.35544522, 10.75516108 ], [ -85.35547762, 10.75512921 ], [ -85.3555047, 10.75509348 ], [ -85.35553315, 10.75505575 ], [ -85.35555784, 10.7550175 ], [ -85.35557987, 10.75497745 ], [ -85.35559485, 10.75493273 ], [ -85.35560855, 10.75488947 ], [ -85.35562115, 10.75484539 ], [ -85.3556593, 10.75464673 ], [ -85.35565426, 10.75460418 ], [ -85.35564437, 10.75455893 ], [ -85.35564773, 10.75451246 ], [ -85.35565712, 10.75446623 ], [ -85.3556751, 10.75441942 ], [ -85.35569795, 10.75437774 ], [ -85.35572621, 10.75434028 ], [ -85.35575632, 10.75430598 ], [ -85.3557888, 10.75427122 ], [ -85.35581825, 10.75423485 ], [ -85.35587505, 10.75415957 ], [ -85.35590202, 10.75412086 ], [ -85.35592616, 10.75408053 ], [ -85.35595276, 10.75403956 ], [ -85.35597883, 10.7540022 ], [ -85.35600206, 10.75396305 ], [ -85.35602785, 10.75392588 ], [ -85.35604914, 10.75388394 ], [ -85.35607071, 10.75384127 ], [ -85.3560899, 10.75379897 ], [ -85.35611642, 10.75376071 ], [ -85.35614703, 10.75373726 ], [ -85.35619361, 10.75372792 ], [ -85.35624024, 10.75372944 ], [ -85.35628607, 10.75373674 ], [ -85.35632938, 10.75375418 ], [ -85.35637016, 10.75377587 ], [ -85.35640966, 10.75379893 ], [ -85.35644544, 10.75382734 ], [ -85.35648403, 10.75385176 ], [ -85.35656197, 10.75390493 ], [ -85.35660328, 10.75392499 ], [ -85.35665016, 10.7539407 ], [ -85.35669646, 10.7539517 ], [ -85.35674031, 10.75396534 ], [ -85.35678682, 10.75398105 ], [ -85.35683169, 10.75399938 ], [ -85.35687591, 10.75401546 ], [ -85.3569175, 10.75403561 ], [ -85.35695982, 10.7540545 ], [ -85.35700079, 10.75407837 ], [ -85.35704329, 10.75409707 ], [ -85.35708897, 10.7541117 ], [ -85.35713643, 10.754117 ], [ -85.35718191, 10.75410722 ], [ -85.35722839, 10.75409644 ], [ -85.35727596, 10.75408412 ], [ -85.35732106, 10.75406992 ], [ -85.35736662, 10.75405797 ], [ -85.35740952, 10.75404295 ], [ -85.35745038, 10.75402226 ], [ -85.35748653, 10.75399119 ], [ -85.35751479, 10.75395364 ], [ -85.35753105, 10.75390982 ], [ -85.35754171, 10.75386232 ], [ -85.35755047, 10.75381754 ], [ -85.35756379, 10.75377174 ], [ -85.35758597, 10.75368107 ], [ -85.35760213, 10.75363716 ], [ -85.35761711, 10.75359226 ], [ -85.3576384, 10.75354969 ], [ -85.35766291, 10.75351161 ], [ -85.35769126, 10.75347398 ], [ -85.35772283, 10.75344058 ], [ -85.35775853, 10.75341014 ], [ -85.35779919, 10.75338474 ], [ -85.35784004, 10.75336188 ], [ -85.35788448, 10.75334559 ], [ -85.35792995, 10.75333382 ], [ -85.35797431, 10.75331971 ], [ -85.35801776, 10.75330461 ], [ -85.35806138, 10.7532895 ], [ -85.35810456, 10.75327449 ], [ -85.35814993, 10.75326281 ], [ -85.35817579, 10.75325953 ], [ -85.35824612, 10.75324657 ], [ -85.35829269, 10.7532357 ], [ -85.35833779, 10.75322375 ], [ -85.35838224, 10.75320738 ], [ -85.35842743, 10.7531957 ], [ -85.35847391, 10.75318492 ], [ -85.35852021, 10.75317405 ], [ -85.3585644, 10.75316111 ], [ -85.35860865, 10.75314212 ], [ -85.35865382, 10.75312439 ], [ -85.35869744, 10.75310928 ], [ -85.35874307, 10.75309136 ], [ -85.35878686, 10.75307255 ], [ -85.35882901, 10.75305293 ], [ -85.35887263, 10.75303783 ], [ -85.35891496, 10.75301812 ], [ -85.35895607, 10.75299136 ], [ -85.35899379, 10.75296399 ], [ -85.3590337, 10.75293625 ], [ -85.35906923, 10.75290861 ], [ -85.35910677, 10.75288142 ], [ -85.35914191, 10.75284909 ], [ -85.35917779, 10.75281838 ], [ -85.35921018, 10.7527838 ], [ -85.35924743, 10.75275426 ], [ -85.35928404, 10.75272219 ], [ -85.35931515, 10.75268933 ], [ -85.35935095, 10.75266134 ], [ -85.35939161, 10.75263585 ], [ -85.3594332, 10.75261506 ], [ -85.35947876, 10.75260347 ], [ -85.35952511, 10.75260508 ], [ -85.35957102, 10.75261012 ], [ -85.35961496, 10.75262375 ], [ -85.35966233, 10.75262734 ], [ -85.3597108, 10.75263174 ], [ -85.35975705, 10.75263271 ], [ -85.35980274, 10.75262926 ], [ -85.35985037, 10.75262914 ], [ -85.35989597, 10.75262569 ], [ -85.35994279, 10.75262928 ], [ -85.35999389, 10.75262987 ], [ -85.36003973, 10.75264088 ], [ -85.36008655, 10.75264402 ], [ -85.3601335, 10.75263531 ], [ -85.36017989, 10.75262426 ], [ -85.36021881, 10.75260023 ], [ -85.36025507, 10.75257196 ], [ -85.36028928, 10.75253782 ], [ -85.36032469, 10.75250495 ], [ -85.36041519, 10.75240169 ], [ -85.36044382, 10.75236658 ], [ -85.36047639, 10.75233182 ], [ -85.36051025, 10.75229795 ], [ -85.36053997, 10.7522613 ], [ -85.36060686, 10.75219512 ], [ -85.36064128, 10.7521636 ], [ -85.36068092, 10.75213613 ], [ -85.36071836, 10.75210894 ], [ -85.36076277, 10.75208407 ], [ -85.36080168, 10.7520575 ], [ -85.36083564, 10.75202635 ], [ -85.36087096, 10.75199347 ], [ -85.36090555, 10.75196168 ], [ -85.36093868, 10.75192918 ], [ -85.36097145, 10.75189677 ], [ -85.36100365, 10.75186246 ], [ -85.36103385, 10.75182807 ], [ -85.36106484, 10.75178943 ], [ -85.36109457, 10.75175278 ], [ -85.36112676, 10.75171567 ], [ -85.36115537, 10.75167459 ], [ -85.36117732, 10.75163445 ], [ -85.36120201, 10.75159611 ], [ -85.36122643, 10.75155822 ], [ -85.36125606, 10.75152157 ], [ -85.36128635, 10.75148709 ], [ -85.36131607, 10.75145017 ], [ -85.36134452, 10.75141254 ], [ -85.36136572, 10.75137041 ], [ -85.36138619, 10.75132965 ], [ -85.36140611, 10.75128617 ], [ -85.36142494, 10.75124442 ], [ -85.36144257, 10.75120168 ], [ -85.36145883, 10.75115813 ], [ -85.36147499, 10.75111404 ], [ -85.361494, 10.75107183 ], [ -85.3615142, 10.75103116 ], [ -85.36153808, 10.7509939 ], [ -85.36156496, 10.75095501 ], [ -85.36159973, 10.75092295 ], [ -85.36162579, 10.75090295 ], [ -85.36167237, 10.75089434 ], [ -85.3617191, 10.75089919 ], [ -85.36176676, 10.75090739 ], [ -85.36181296, 10.7509146 ], [ -85.36185717, 10.75092833 ], [ -85.36189732, 10.75095346 ], [ -85.36193419, 10.75098069 ], [ -85.36196253, 10.75100153 ], [ -85.36201449, 10.7510314 ], [ -85.36206183, 10.75104928 ], [ -85.36210862, 10.75106498 ], [ -85.36215481, 10.7510721 ], [ -85.36220231, 10.75108427 ], [ -85.36224608, 10.75110162 ], [ -85.36229301, 10.75110864 ], [ -85.3623406, 10.75110184 ], [ -85.36238608, 10.75109196 ], [ -85.36242692, 10.75106846 ], [ -85.36246272, 10.75104047 ], [ -85.36249971, 10.75101364 ], [ -85.36254046, 10.75098806 ], [ -85.36258066, 10.75096285 ], [ -85.36262563, 10.75094267 ], [ -85.36266308, 10.75091539 ], [ -85.36270503, 10.7508936 ], [ -85.36274901, 10.75087479 ], [ -85.36279014, 10.75085409 ], [ -85.36283364, 10.75083049 ], [ -85.36287449, 10.75080735 ], [ -85.36291718, 10.75078755 ], [ -85.36295949, 10.7507654 ], [ -85.36300229, 10.7507484 ], [ -85.36304692, 10.7507341 ], [ -85.36309099, 10.75071511 ], [ -85.36312806, 10.7506853 ], [ -85.36316092, 10.75065306 ], [ -85.36319569, 10.75062064 ], [ -85.36322504, 10.75058155 ], [ -85.36325679, 10.75054797 ], [ -85.36329551, 10.75051924 ], [ -85.36333526, 10.7504952 ], [ -85.36337721, 10.75047323 ], [ -85.36341878, 10.75044891 ], [ -85.36346201, 10.75042549 ], [ -85.36350432, 10.75040334 ], [ -85.36353496, 10.75038594 ], [ -85.36357215, 10.75038343 ], [ -85.36361528, 10.75040114 ], [ -85.36364906, 10.75043208 ], [ -85.36367483, 10.75047138 ], [ -85.36369047, 10.75051398 ], [ -85.36370165, 10.75056039 ], [ -85.36371109, 10.75060554 ], [ -85.36372656, 10.75065103 ], [ -85.36374749, 10.7506918 ], [ -85.36376771, 10.75073627 ], [ -85.36379011, 10.75077811 ], [ -85.3638147, 10.75081958 ], [ -85.36384302, 10.75085553 ], [ -85.36387598, 10.75088828 ], [ -85.36391486, 10.75091487 ], [ -85.36395345, 10.75093919 ], [ -85.36399922, 10.75095382 ], [ -85.3640456, 10.75096084 ], [ -85.36409222, 10.75096181 ], [ -85.36413888, 10.75095058 ], [ -85.3641816, 10.75093566 ], [ -85.36422383, 10.75091613 ], [ -85.3642653, 10.75088919 ], [ -85.36430147, 10.75086101 ], [ -85.3643413, 10.7508367 ], [ -85.36442025, 10.75078863 ], [ -85.36445916, 10.75076234 ], [ -85.36449963, 10.75073676 ], [ -85.36453699, 10.75070975 ], [ -85.36457424, 10.75067994 ], [ -85.36461352, 10.75065337 ], [ -85.36465113, 10.75062003 ], [ -85.36468773, 10.75058815 ], [ -85.36472636, 10.75055959 ], [ -85.36476656, 10.75053465 ], [ -85.3648111, 10.75051836 ], [ -85.36485967, 10.75050586 ], [ -85.36490736, 10.75049968 ], [ -85.36495054, 10.75048684 ], [ -85.36499433, 10.75046794 ], [ -85.36503664, 10.75044578 ], [ -85.36507962, 10.75042842 ], [ -85.36512075, 10.75040772 ], [ -85.36516381, 10.75038774 ], [ -85.36520641, 10.75036803 ], [ -85.36524718, 10.7503476 ], [ -85.36529244, 10.75032995 ], [ -85.36533718, 10.75031828 ], [ -85.36537793, 10.75029505 ], [ -85.36541206, 10.75026091 ], [ -85.36544739, 10.75023075 ], [ -85.36548806, 10.75020797 ], [ -85.36553258, 10.75018897 ], [ -85.36557649, 10.7501764 ], [ -85.36562149, 10.75016201 ], [ -85.36566521, 10.7501469 ], [ -85.36570847, 10.75013189 ], [ -85.3657529, 10.75011172 ], [ -85.36579181, 10.75008533 ], [ -85.36582869, 10.75005317 ], [ -85.3658944, 10.75000023 ], [ -85.36589443, 10.7500002 ], [ -85.36589445, 10.75000018 ], [ -85.36594916, 10.74997066 ], [ -85.3659926, 10.74995546 ], [ -85.36603605, 10.74994045 ], [ -85.3662091, 10.74992233 ], [ -85.366259, 10.74992085 ], [ -85.36630758, 10.74992868 ], [ -85.36635323, 10.74993706 ], [ -85.36639888, 10.74994545 ], [ -85.36644745, 10.74995319 ], [ -85.36649438, 10.74995985 ], [ -85.36654027, 10.74996065 ], [ -85.36659023, 10.74995166 ], [ -85.36663863, 10.7499415 ], [ -85.36668662, 10.74992086 ], [ -85.36673277, 10.74989897 ], [ -85.36677554, 10.74987473 ], [ -85.36682447, 10.74985997 ], [ -85.36687009, 10.74984268 ], [ -85.36691262, 10.74982604 ], [ -85.36695974, 10.74981761 ], [ -85.36700871, 10.74981034 ], [ -85.3670597, 10.74980714 ], [ -85.36710795, 10.74980448 ], [ -85.36715493, 10.74980355 ], [ -85.36720785, 10.7498016 ], [ -85.36725681, 10.74979434 ], [ -85.3673056, 10.74978707 ], [ -85.36735621, 10.74978097 ], [ -85.36740753, 10.74977026 ], [ -85.36745513, 10.74976472 ], [ -85.36750211, 10.74976379 ], [ -85.3675537, 10.74977107 ], [ -85.36760473, 10.74977545 ], [ -85.36765227, 10.74977741 ], [ -85.36770099, 10.74977774 ], [ -85.36774863, 10.7497797 ], [ -85.36779956, 10.74978417 ], [ -85.36784757, 10.74978893 ], [ -85.36789884, 10.74978582 ], [ -85.36794946, 10.74977972 ], [ -85.36799611, 10.7497683 ], [ -85.36804386, 10.74975526 ], [ -85.3680894, 10.74973806 ], [ -85.3681339, 10.749715 ], [ -85.3681795, 10.74969012 ], [ -85.36821934, 10.74966645 ], [ -85.36826493, 10.74964166 ], [ -85.36830492, 10.74961057 ], [ -85.36834476, 10.74958689 ], [ -85.36838979, 10.74955921 ], [ -85.36843072, 10.74953372 ], [ -85.36847419, 10.74950488 ], [ -85.36851512, 10.74947948 ], [ -85.36855614, 10.74945408 ], [ -85.36859754, 10.74943166 ], [ -85.36864491, 10.74941554 ], [ -85.36868932, 10.74939239 ], [ -85.36873604, 10.74937356 ], [ -85.36877809, 10.74935403 ], [ -85.36882711, 10.74933918 ], [ -85.36887551, 10.74932902 ], [ -85.36892556, 10.74932003 ], [ -85.36897363, 10.74931738 ], [ -85.36901943, 10.74931817 ], [ -85.36906645, 10.74932474 ], [ -85.36911493, 10.74933266 ], [ -85.36916161, 10.74934674 ], [ -85.36920523, 10.74936906 ], [ -85.36925067, 10.74939245 ], [ -85.36934147, 10.74943932 ], [ -85.36947792, 10.74949458 ], [ -85.36952106, 10.74951391 ], [ -85.36956712, 10.74953269 ], [ -85.36961017, 10.74955203 ], [ -85.3696545, 10.74956964 ], [ -85.36969835, 10.74958436 ], [ -85.36974748, 10.74959508 ], [ -85.36979724, 10.74960119 ], [ -85.36984733, 10.74959979 ], [ -85.36989374, 10.74959597 ], [ -85.36993922, 10.74958628 ], [ -85.36998626, 10.74957776 ], [ -85.37003348, 10.74956932 ], [ -85.37007831, 10.74955674 ], [ -85.37012266, 10.74954127 ], [ -85.37016655, 10.74952291 ], [ -85.37021143, 10.74950273 ], [ -85.37025348, 10.74948321 ], [ -85.37029799, 10.74946014 ], [ -85.37033661, 10.74943059 ], [ -85.37037075, 10.74940034 ], [ -85.37040825, 10.74936511 ], [ -85.37044302, 10.74933015 ], [ -85.37047712, 10.7492924 ], [ -85.37051071, 10.74925944 ], [ -85.37054245, 10.74922504 ], [ -85.37063365, 10.74911689 ], [ -85.3706654, 10.74908268 ], [ -85.37070116, 10.74904609 ], [ -85.37073931, 10.74901374 ], [ -85.37077859, 10.748987 ], [ -85.37081834, 10.74896341 ], [ -85.37086449, 10.74894151 ], [ -85.37091535, 10.74892954 ], [ -85.37096058, 10.74892581 ], [ -85.37100747, 10.74892497 ], [ -85.37105619, 10.74892521 ], [ -85.3711028, 10.7489213 ], [ -85.37115229, 10.74890942 ], [ -85.37119782, 10.74889222 ], [ -85.37123987, 10.74887261 ], [ -85.37128136, 10.74885001 ], [ -85.37132714, 10.7488254 ], [ -85.37137202, 10.74880522 ], [ -85.37141714, 10.74877755 ], [ -85.37145873, 10.74875504 ], [ -85.37149617, 10.7487273 ], [ -85.37153955, 10.74869837 ], [ -85.37158001, 10.74867008 ], [ -85.37162286, 10.74864584 ], [ -85.37166139, 10.7486163 ], [ -85.37168975, 10.74857956 ], [ -85.37171627, 10.74854166 ], [ -85.37174105, 10.74850268 ], [ -85.37176757, 10.74846488 ], [ -85.37179235, 10.74842572 ], [ -85.37181491, 10.74838259 ], [ -85.37183913, 10.74834054 ], [ -85.37185868, 10.74829806 ], [ -85.37187998, 10.74825648 ], [ -85.37190127, 10.74821508 ], [ -85.3719179, 10.74817297 ], [ -85.37193453, 10.74813087 ], [ -85.37195582, 10.74808938 ], [ -85.37197948, 10.74804453 ], [ -85.37200068, 10.74800313 ], [ -85.37202381, 10.7479628 ], [ -85.37204628, 10.74791968 ], [ -85.37207003, 10.74787483 ], [ -85.37209076, 10.74783045 ], [ -85.37210683, 10.74778545 ], [ -85.37211475, 10.74773733 ], [ -85.37211974, 10.74768976 ], [ -85.3721165, 10.74763925 ], [ -85.37211683, 10.74759098 ], [ -85.3721124, 10.7475421 ], [ -85.37210204, 10.74749433 ], [ -85.37208885, 10.74744693 ], [ -85.3720626, 10.74740348 ], [ -85.37203206, 10.74736239 ], [ -85.37199761, 10.74732341 ], [ -85.37195952, 10.74728959 ], [ -85.37192365, 10.74725992 ], [ -85.37188768, 10.74723025 ], [ -85.37184667, 10.74719708 ], [ -85.3718084, 10.74716335 ], [ -85.37177102, 10.74712501 ], [ -85.37173403, 10.74708947 ], [ -85.37169656, 10.74705103 ], [ -85.37165956, 10.74701549 ], [ -85.37162732, 10.74698066 ], [ -85.371598, 10.74694526 ], [ -85.37156448, 10.74691224 ], [ -85.37152606, 10.74688592 ], [ -85.37148783, 10.7468597 ], [ -85.37144785, 10.7468323 ], [ -85.37137016, 10.74677407 ], [ -85.37133683, 10.74674105 ], [ -85.37130568, 10.7467044 ], [ -85.37128711, 10.74666109 ], [ -85.37127265, 10.74661569 ], [ -85.37126294, 10.74657072 ], [ -85.37125677, 10.74652076 ], [ -85.37124989, 10.74647541 ], [ -85.37124895, 10.74642896 ], [ -85.3712416, 10.74638045 ], [ -85.37123189, 10.74633557 ], [ -85.37121149, 10.7462911 ], [ -85.37115767, 10.74621342 ], [ -85.37112717, 10.74617975 ], [ -85.37102663, 10.74608049 ], [ -85.37099028, 10.74604793 ], [ -85.37095337, 10.74601239 ], [ -85.37088162, 10.74595305 ], [ -85.37085222, 10.74591783 ], [ -85.37082181, 10.74588407 ], [ -85.37079438, 10.74584243 ], [ -85.37077162, 10.74580141 ], [ -85.37075541, 10.74575466 ], [ -85.37074853, 10.74570922 ], [ -85.37074933, 10.74566393 ], [ -85.37076074, 10.74561841 ], [ -85.37078377, 10.74557809 ], [ -85.37084148, 10.74550308 ], [ -85.37086927, 10.74546355 ], [ -85.37090441, 10.74543158 ], [ -85.37093917, 10.7453968 ], [ -85.37097201, 10.74536077 ], [ -85.37100606, 10.74533061 ], [ -85.37104515, 10.74530405 ], [ -85.37108499, 10.74528028 ], [ -85.37112427, 10.74525371 ], [ -85.37116567, 10.7452312 ], [ -85.3712077, 10.74520842 ], [ -85.37124921, 10.74518917 ], [ -85.37133576, 10.74514648 ], [ -85.37137899, 10.74512523 ], [ -85.37142114, 10.7451057 ], [ -85.37146088, 10.74508193 ], [ -85.37150421, 10.74506059 ], [ -85.37154744, 10.74503925 ], [ -85.3715902, 10.74501492 ], [ -85.37162359, 10.74498187 ], [ -85.37165021, 10.74494406 ], [ -85.37167791, 10.74490453 ], [ -85.37168931, 10.74485874 ], [ -85.37168166, 10.74482542 ], [ -85.37165695, 10.74479815 ], [ -85.37162335, 10.74476512 ], [ -85.37158511, 10.7447388 ], [ -85.37154569, 10.7447143 ], [ -85.37145726, 10.74466398 ], [ -85.37141063, 10.74464232 ], [ -85.37136212, 10.74462689 ], [ -85.37131472, 10.74461725 ], [ -85.3712678, 10.74461077 ], [ -85.37122144, 10.74460708 ], [ -85.37116933, 10.74460442 ], [ -85.37112004, 10.7446012 ], [ -85.37106846, 10.74459384 ], [ -85.37102106, 10.74458429 ], [ -85.37097683, 10.74456667 ], [ -85.37093605, 10.7445439 ], [ -85.37089726, 10.74451487 ], [ -85.37086256, 10.74448348 ], [ -85.37083159, 10.74444701 ], [ -85.37080355, 10.7444098 ], [ -85.37077904, 10.7443676 ], [ -85.37076632, 10.74432328 ], [ -85.37076656, 10.7442751 ], [ -85.37078201, 10.74423472 ], [ -85.37079332, 10.74418902 ], [ -85.37080599, 10.74414178 ], [ -85.37082729, 10.74410029 ], [ -85.3708451, 10.74405646 ], [ -85.37087106, 10.74401567 ], [ -85.37089574, 10.74397669 ], [ -85.37093097, 10.74394481 ], [ -85.3709497, 10.74392186 ], [ -85.37129671, 10.74360405 ], [ -85.3713801, 10.74352812 ], [ -85.3714515, 10.74349002 ], [ -85.37154374, 10.74343131 ], [ -85.37158915, 10.74340644 ], [ -85.37162685, 10.74337481 ], [ -85.37166218, 10.74334374 ], [ -85.37169739, 10.74330662 ], [ -85.37173148, 10.74326498 ], [ -85.37180783, 10.74319079 ], [ -85.37187929, 10.7431056 ], [ -85.37191942, 10.74306385 ], [ -85.37200313, 10.74299984 ], [ -85.37204027, 10.74296605 ], [ -85.37208366, 10.74293793 ], [ -85.37211675, 10.74289774 ], [ -85.3721925, 10.74283079 ], [ -85.37222861, 10.7427924 ], [ -85.37226804, 10.74275796 ], [ -85.37231198, 10.74273219 ], [ -85.37235602, 10.74272802 ], [ -85.37245386, 10.74275488 ], [ -85.37250193, 10.74277275 ], [ -85.37258358, 10.74281912 ], [ -85.37263144, 10.74283093 ], [ -85.37273831, 10.74283407 ], [ -85.37279003, 10.74283059 ], [ -85.37288293, 10.74283687 ], [ -85.37298505, 10.74284112 ], [ -85.37303885, 10.74283112 ], [ -85.37308368, 10.74281971 ], [ -85.37313419, 10.74281163 ], [ -85.37318209, 10.74279216 ], [ -85.37321203, 10.74276347 ], [ -85.37324612, 10.74272174 ], [ -85.37330159, 10.7426367 ], [ -85.37335749, 10.74254787 ], [ -85.37343396, 10.74241683 ], [ -85.37345612, 10.74236585 ], [ -85.37347535, 10.74231324 ], [ -85.37350886, 10.74222234 ], [ -85.37354408, 10.74212863 ], [ -85.37357556, 10.74203449 ], [ -85.37360273, 10.74193774 ], [ -85.37361192, 10.74188862 ], [ -85.37361645, 10.7418406 ], [ -85.37362758, 10.74179454 ], [ -85.37363519, 10.74169752 ], [ -85.37365259, 10.74154405 ], [ -85.37366008, 10.74144107 ], [ -85.37369122, 10.74129395 ], [ -85.37369555, 10.74123988 ], [ -85.3737042, 10.74113183 ], [ -85.37370305, 10.74108013 ], [ -85.37368485, 10.74097698 ], [ -85.37368317, 10.74086644 ], [ -85.37368076, 10.74081999 ], [ -85.37369963, 10.74066733 ], [ -85.37370953, 10.74061089 ], [ -85.37375525, 10.74045322 ], [ -85.37378707, 10.74035537 ], [ -85.373851, 10.74018145 ], [ -85.3738849, 10.74007708 ], [ -85.37391104, 10.73997582 ], [ -85.3739583, 10.73983478 ], [ -85.37396817, 10.73979388 ], [ -85.37398603, 10.73974038 ], [ -85.37401331, 10.73958696 ], [ -85.37402273, 10.73948704 ], [ -85.37403092, 10.73943937 ], [ -85.37405615, 10.73933946 ], [ -85.37408022, 10.73924463 ], [ -85.37409535, 10.73919539 ], [ -85.37415545, 10.73906216 ], [ -85.37418101, 10.73901532 ], [ -85.37420614, 10.73897209 ], [ -85.37423932, 10.7389319 ], [ -85.37428452, 10.73890097 ], [ -85.37433517, 10.7388833 ], [ -85.37438624, 10.73887756 ], [ -85.3744432, 10.73888137 ], [ -85.37449537, 10.73889579 ], [ -85.37455282, 10.73892717 ], [ -85.37464458, 10.73898561 ], [ -85.37468578, 10.73902077 ], [ -85.37471923, 10.73905885 ], [ -85.37475132, 10.73910201 ], [ -85.37478079, 10.7391496 ], [ -85.37487759, 10.73929127 ], [ -85.37490922, 10.73933226 ], [ -85.37494814, 10.73936788 ], [ -85.37499106, 10.73940023 ], [ -85.37499999, 10.73940703 ], [ -85.37504328, 10.73942525 ], [ -85.37508983, 10.73943913 ], [ -85.3751486, 10.73944966 ], [ -85.37518741, 10.73945223 ], [ -85.37523131, 10.73944727 ], [ -85.37530825, 10.73942967 ], [ -85.3753793, 10.73941081 ], [ -85.37544973, 10.73938071 ], [ -85.37551588, 10.73933299 ], [ -85.37555714, 10.73927986 ], [ -85.37559196, 10.73921279 ], [ -85.37560674, 10.73915325 ], [ -85.37560277, 10.73910742 ], [ -85.37559374, 10.73905169 ], [ -85.37556718, 10.73900348 ], [ -85.37554047, 10.73895999 ], [ -85.37551368, 10.73892368 ], [ -85.37547587, 10.73886719 ], [ -85.37542631, 10.73877836 ], [ -85.3753726, 10.73867876 ], [ -85.37533106, 10.73855441 ], [ -85.37528881, 10.73842238 ], [ -85.37527608, 10.73835316 ], [ -85.37527177, 10.73830461 ], [ -85.37528162, 10.73821889 ], [ -85.37528546, 10.73816019 ], [ -85.37529676, 10.73809403 ], [ -85.37532207, 10.73799348 ], [ -85.37533816, 10.73793086 ], [ -85.37538038, 10.73785301 ], [ -85.3754358, 10.7377956 ], [ -85.37549999, 10.73774786 ], [ -85.37559146, 10.7376946 ], [ -85.37565135, 10.73765982 ], [ -85.37572851, 10.73762274 ], [ -85.37578403, 10.73759852 ], [ -85.37585524, 10.73757705 ], [ -85.37595771, 10.73757002 ], [ -85.37605123, 10.73756935 ], [ -85.3761054, 10.73758118 ], [ -85.37616136, 10.73760508 ], [ -85.37629618, 10.73769416 ], [ -85.37639415, 10.73774375 ], [ -85.3764571, 10.73776761 ], [ -85.37655136, 10.73776719 ], [ -85.37666476, 10.73775462 ], [ -85.37675545, 10.73773697 ], [ -85.37685386, 10.73772932 ], [ -85.37690616, 10.73771529 ], [ -85.37695495, 10.7376961 ], [ -85.37702948, 10.73766071 ], [ -85.37710818, 10.73761092 ], [ -85.37714818, 10.7375797 ], [ -85.37718969, 10.73749329 ], [ -85.37719817, 10.73743978 ], [ -85.3772136, 10.73737763 ], [ -85.37721336, 10.7373259 ], [ -85.37720436, 10.73726557 ], [ -85.37717961, 10.7371967 ], [ -85.37714427, 10.73715026 ], [ -85.37711338, 10.73710903 ], [ -85.37708245, 10.73705953 ], [ -85.37705651, 10.7370146 ], [ -85.37702059, 10.73695778 ], [ -85.37697835, 10.73687524 ], [ -85.37695997, 10.73679922 ], [ -85.37694694, 10.7367182 ], [ -85.37694792, 10.73665823 ], [ -85.3769631, 10.73658853 ], [ -85.37700446, 10.73647804 ], [ -85.37705141, 10.73636754 ], [ -85.37708171, 10.73627916 ], [ -85.3770759, 10.73622955 ], [ -85.3770775, 10.73617787 ], [ -85.37707295, 10.73614111 ], [ -85.37708369, 10.7360878 ], [ -85.37711914, 10.7360411 ], [ -85.37715989, 10.73599795 ], [ -85.37720785, 10.73595014 ], [ -85.37728197, 10.73587842 ], [ -85.37731456, 10.7358242 ], [ -85.37737138, 10.73579798 ], [ -85.37743261, 10.73578041 ], [ -85.37747848, 10.73575641 ], [ -85.37750241, 10.73572169 ], [ -85.37752195, 10.73568482 ], [ -85.37752668, 10.73564154 ], [ -85.37752367, 10.73558098 ], [ -85.37750367, 10.73551616 ], [ -85.37745508, 10.73542552 ], [ -85.37741306, 10.73533268 ], [ -85.37738238, 10.73527405 ], [ -85.37736433, 10.73520959 ], [ -85.37735974, 10.73516201 ], [ -85.37737263, 10.73510787 ], [ -85.37738334, 10.73505886 ], [ -85.37739829, 10.73500741 ], [ -85.37742229, 10.73495485 ], [ -85.37744827, 10.73488983 ], [ -85.37748517, 10.73482044 ], [ -85.37752421, 10.73473806 ], [ -85.37756121, 10.73468814 ], [ -85.37761121, 10.73460787 ], [ -85.37764588, 10.73452768 ], [ -85.3777186, 10.73434177 ], [ -85.3777465, 10.73422033 ], [ -85.3777355, 10.73414654 ], [ -85.3777121, 10.73408335 ], [ -85.37768507, 10.73400435 ], [ -85.37765082, 10.73389901 ], [ -85.37765927, 10.73380227 ], [ -85.37765008, 10.73373726 ], [ -85.37758698, 10.73354414 ], [ -85.37753616, 10.73346055 ], [ -85.37751515, 10.73340271 ], [ -85.3775015, 10.73335522 ], [ -85.37749401, 10.73333343 ], [ -85.377494, 10.73333339 ], [ -85.37748612, 10.73331055 ], [ -85.37748544, 10.7332612 ], [ -85.3774727, 10.73321235 ], [ -85.37747064, 10.7331622 ], [ -85.37748234, 10.73306181 ], [ -85.37747973, 10.73300931 ], [ -85.37746074, 10.73295461 ], [ -85.37742343, 10.73291013 ], [ -85.3773762, 10.73287517 ], [ -85.37729241, 10.73281977 ], [ -85.37725398, 10.73277068 ], [ -85.3772052, 10.73265655 ], [ -85.37718565, 10.7325996 ], [ -85.37716348, 10.73254682 ], [ -85.37711286, 10.73245114 ], [ -85.37707259, 10.73235795 ], [ -85.37705838, 10.73230812 ], [ -85.37705087, 10.73220375 ], [ -85.37704369, 10.73215235 ], [ -85.37704732, 10.73210569 ], [ -85.37707732, 10.73201074 ], [ -85.37711438, 10.73185746 ], [ -85.37712723, 10.73180868 ], [ -85.37713628, 10.73176923 ], [ -85.37714962, 10.73170707 ], [ -85.37717088, 10.73165753 ], [ -85.37719949, 10.73161836 ], [ -85.37723288, 10.73158413 ], [ -85.37731555, 10.73151182 ], [ -85.37706313, 10.71367409 ], [ -85.37711067, 10.71365833 ], [ -85.37715654, 10.71363571 ], [ -85.3771979, 10.71360444 ], [ -85.37723129, 10.71357021 ], [ -85.37732237, 10.71345999 ], [ -85.37740359, 10.71339066 ], [ -85.37753603, 10.71329019 ], [ -85.37765508, 10.71317957 ], [ -85.3778189, 10.71298505 ], [ -85.37784923, 10.71294306 ], [ -85.37787145, 10.71292344 ], [ -85.37791338, 10.71287879 ], [ -85.37793894, 10.71283194 ], [ -85.37796111, 10.71278104 ], [ -85.3780034, 10.712676 ], [ -85.3780384, 10.71263291 ], [ -85.37808578, 10.71260152 ], [ -85.37812881, 10.7125771 ], [ -85.37816484, 10.71257966 ], [ -85.37822103, 10.71257516 ], [ -85.37826482, 10.71255906 ], [ -85.3783005, 10.71252428 ], [ -85.37832377, 10.7124779 ], [ -85.37833399, 10.71243338 ], [ -85.37835627, 10.71238845 ], [ -85.37839252, 10.71234029 ], [ -85.37844945, 10.71225598 ], [ -85.37848784, 10.71221703 ], [ -85.3785319, 10.71219722 ], [ -85.37858818, 10.71219272 ], [ -85.37870175, 10.71220388 ], [ -85.37878315, 10.71219719 ], [ -85.37883345, 10.71218314 ], [ -85.37885601, 10.7121599 ], [ -85.37888316, 10.71211983 ], [ -85.37889692, 10.71206969 ], [ -85.37890599, 10.71197348 ], [ -85.37889403, 10.71187618 ], [ -85.37889994, 10.71182897 ], [ -85.37892202, 10.71181911 ], [ -85.37896372, 10.71182516 ], [ -85.37907187, 10.71187015 ], [ -85.37916301, 10.71189497 ], [ -85.37921312, 10.71190035 ], [ -85.37925557, 10.71188931 ], [ -85.3792986, 10.7118649 ], [ -85.3793372, 10.71183192 ], [ -85.37938435, 10.71174746 ], [ -85.37939457, 10.71170295 ], [ -85.37939738, 10.71165765 ], [ -85.37939523, 10.71160749 ], [ -85.37940158, 10.71155657 ], [ -85.37942568, 10.71150883 ], [ -85.37945609, 10.71148257 ], [ -85.37954448, 10.71146456 ], [ -85.37958625, 10.7114453 ], [ -85.37962421, 10.71145101 ], [ -85.37967555, 10.71146696 ], [ -85.3798317, 10.71155512 ], [ -85.37987268, 10.71158432 ], [ -85.37991562, 10.71160094 ], [ -85.37995691, 10.71159506 ], [ -85.3799805, 10.71157634 ], [ -85.38000855, 10.7115349 ], [ -85.38004797, 10.71150047 ], [ -85.38008197, 10.71149987 ], [ -85.38013741, 10.71151237 ], [ -85.3802267, 10.71154976 ], [ -85.3802824, 10.71155855 ], [ -85.38033868, 10.71155405 ], [ -85.3803924, 10.71152841 ], [ -85.38043249, 10.71150229 ], [ -85.38047212, 10.71147383 ], [ -85.38054432, 10.71141258 ], [ -85.38059145, 10.71138481 ], [ -85.38062565, 10.71134922 ], [ -85.38063117, 10.71131539 ], [ -85.38065061, 10.71126866 ], [ -85.3806867, 10.71124591 ], [ -85.38082599, 10.71118491 ], [ -85.38092008, 10.71115475 ], [ -85.38096469, 10.7111372 ], [ -85.38102023, 10.71110875 ], [ -85.3810749, 10.71107199 ], [ -85.38112217, 10.71103454 ], [ -85.38115681, 10.71099525 ], [ -85.38118237, 10.71094832 ], [ -85.38121215, 10.71090407 ], [ -85.38124803, 10.71087535 ], [ -85.38129446, 10.71085499 ], [ -85.38134247, 10.71084149 ], [ -85.38138753, 10.71082032 ], [ -85.38142015, 10.71077778 ], [ -85.38144592, 10.7107369 ], [ -85.381475, 10.71069998 ], [ -85.38153193, 10.71061576 ], [ -85.381562, 10.71057748 ], [ -85.38159996, 10.71054215 ], [ -85.38168194, 10.71048105 ], [ -85.38172725, 10.71045617 ], [ -85.3817813, 10.71044246 ], [ -85.38187774, 10.71042748 ], [ -85.3819273, 10.71043051 ], [ -85.38197287, 10.71044297 ], [ -85.38203038, 10.71044895 ], [ -85.38207612, 10.710436 ], [ -85.38213177, 10.71041352 ], [ -85.38218083, 10.71038899 ], [ -85.38222421, 10.71036086 ], [ -85.38230314, 10.71029209 ], [ -85.38235858, 10.71026364 ], [ -85.38241194, 10.71024162 ], [ -85.38245644, 10.7102181 ], [ -85.38253549, 10.71015529 ], [ -85.38258026, 10.71011243 ], [ -85.38263581, 10.71002731 ], [ -85.38267649, 10.70998772 ], [ -85.38276753, 10.70994989 ], [ -85.38280036, 10.70991332 ], [ -85.38281705, 10.70986488 ], [ -85.38283968, 10.70981625 ], [ -85.38286591, 10.70977762 ], [ -85.38289555, 10.70974305 ], [ -85.3829336, 10.70970781 ], [ -85.38297879, 10.70967688 ], [ -85.38308073, 10.70964371 ], [ -85.38313035, 10.70962143 ], [ -85.38317364, 10.7095934 ], [ -85.38325618, 10.70953455 ], [ -85.38326803, 10.70952817 ], [ -85.38330319, 10.7095027 ], [ -85.38336763, 10.70944303 ], [ -85.38338638, 10.70942496 ], [ -85.38346461, 10.70936351 ], [ -85.38348517, 10.70932139 ], [ -85.38350234, 10.70921854 ], [ -85.38351402, 10.70917483 ], [ -85.38353902, 10.70912564 ], [ -85.38360587, 10.70903188 ], [ -85.38367993, 10.70895815 ], [ -85.38380759, 10.70885273 ], [ -85.38389982, 10.70879411 ], [ -85.38399587, 10.70875147 ], [ -85.38403778, 10.70872245 ], [ -85.38406902, 10.70867911 ], [ -85.38414082, 10.70854917 ], [ -85.38421404, 10.70849253 ], [ -85.38425763, 10.70847037 ], [ -85.38430995, 10.70845956 ], [ -85.38446599, 10.70844405 ], [ -85.38452616, 10.70843022 ], [ -85.38457259, 10.70840986 ], [ -85.38471513, 10.70832155 ], [ -85.38476282, 10.70829612 ], [ -85.3848071, 10.70826654 ], [ -85.38484484, 10.70822534 ], [ -85.38486938, 10.7081738 ], [ -85.38488861, 10.7081212 ], [ -85.38491382, 10.70807797 ], [ -85.38495109, 10.70803442 ], [ -85.38502662, 10.7079615 ], [ -85.38507435, 10.70792639 ], [ -85.38521038, 10.70785158 ], [ -85.3852609, 10.70782794 ], [ -85.38535306, 10.70779463 ], [ -85.38540122, 10.70777146 ], [ -85.3854866, 10.70771441 ], [ -85.3855351, 10.70768752 ], [ -85.38558029, 10.70765659 ], [ -85.38562143, 10.70761935 ], [ -85.38565927, 10.70757814 ], [ -85.38569279, 10.70753425 ], [ -85.38574356, 10.70744408 ], [ -85.38577597, 10.70739567 ], [ -85.38580244, 10.70734737 ], [ -85.38581557, 10.7073202 ], [ -85.38582593, 10.70726592 ], [ -85.38586072, 10.70716028 ], [ -85.38588207, 10.7070697 ], [ -85.38589603, 10.70702553 ], [ -85.38592034, 10.70698375 ], [ -85.38596045, 10.70694191 ], [ -85.3859987, 10.70691263 ], [ -85.38603798, 10.70688787 ], [ -85.38608567, 10.70686244 ], [ -85.38612744, 10.70684309 ], [ -85.38618558, 10.70682611 ], [ -85.38622938, 10.70681001 ], [ -85.38628426, 10.70677921 ], [ -85.38645265, 10.70666566 ], [ -85.38656452, 10.70656627 ], [ -85.38663595, 10.70649681 ], [ -85.38677837, 10.70640244 ], [ -85.38685914, 10.70633682 ], [ -85.38690149, 10.70630409 ], [ -85.38703549, 10.70622621 ], [ -85.38708388, 10.70619336 ], [ -85.3871242, 10.70615748 ], [ -85.3871585, 10.7061219 ], [ -85.3872347, 10.70605729 ], [ -85.38727093, 10.70602477 ], [ -85.38731146, 10.70599494 ], [ -85.38735666, 10.70596401 ], [ -85.3874039, 10.70594228 ], [ -85.38744567, 10.70592302 ], [ -85.38753485, 10.70589759 ], [ -85.38762978, 10.70585044 ], [ -85.38767225, 10.70582376 ], [ -85.38783973, 10.70571157 ], [ -85.38794124, 10.70566646 ], [ -85.38799233, 10.70564508 ], [ -85.38803743, 10.70561415 ], [ -85.38808353, 10.70558186 ], [ -85.38817208, 10.70553853 ], [ -85.38821578, 10.70552243 ], [ -85.3882681, 10.70551153 ], [ -85.38831633, 10.70550399 ], [ -85.38836248, 10.70550306 ], [ -85.38846917, 10.70553151 ], [ -85.38852862, 10.70554074 ], [ -85.38857878, 10.70553636 ], [ -85.38867664, 10.70549091 ], [ -85.38877344, 10.70547222 ], [ -85.38881951, 10.70545556 ], [ -85.3889164, 10.70539583 ], [ -85.38905538, 10.70532887 ], [ -85.38909759, 10.70530581 ], [ -85.38918593, 10.70525652 ], [ -85.38923603, 10.70522086 ], [ -85.38940557, 10.70515891 ], [ -85.38956924, 10.70513441 ], [ -85.38963017, 10.7051288 ], [ -85.38968713, 10.70513253 ], [ -85.38985411, 10.70515312 ], [ -85.38990129, 10.7051567 ], [ -85.38996178, 10.7051548 ], [ -85.39002125, 10.70514839 ], [ -85.3900803, 10.70512996 ], [ -85.39012729, 10.70511186 ], [ -85.39026115, 10.70504365 ], [ -85.39046953, 10.7049639 ], [ -85.39060443, 10.70490264 ], [ -85.39069443, 10.70485777 ], [ -85.39075027, 10.70483592 ], [ -85.39083778, 10.70478708 ], [ -85.39087649, 10.70475708 ], [ -85.39096562, 10.70470181 ], [ -85.3910527, 10.70465759 ], [ -85.3911516, 10.70461828 ], [ -85.39125773, 10.70458328 ], [ -85.39131217, 10.70457517 ], [ -85.39154775, 10.70454655 ], [ -85.39165571, 10.70455176 ], [ -85.39170784, 10.70455939 ], [ -85.3917499, 10.7045828 ], [ -85.39179117, 10.70461551 ], [ -85.3918304, 10.70463965 ], [ -85.39202136, 10.70480675 ], [ -85.39206668, 10.70478566 ], [ -85.39211472, 10.70477614 ], [ -85.39216728, 10.70477907 ], [ -85.39227189, 10.70478963 ], [ -85.39232728, 10.70479191 ], [ -85.39237662, 10.70478808 ], [ -85.39251919, 10.70474622 ], [ -85.39256635, 10.70472631 ], [ -85.39260897, 10.70469385 ], [ -85.39269519, 10.70463932 ], [ -85.39285244, 10.70451108 ], [ -85.3929329, 10.70445784 ], [ -85.39297758, 10.70443405 ], [ -85.39312559, 10.70438331 ], [ -85.39327652, 10.70431231 ], [ -85.39337476, 10.70427012 ], [ -85.39353869, 10.70424136 ], [ -85.39359788, 10.70423369 ], [ -85.39365393, 10.70421924 ], [ -85.39375866, 10.70419817 ], [ -85.39381005, 10.70418329 ], [ -85.39394516, 10.70410993 ], [ -85.39399341, 10.70408829 ], [ -85.39403526, 10.70406505 ], [ -85.39406921, 10.70403462 ], [ -85.39415638, 10.70401001 ], [ -85.39421147, 10.70398526 ], [ -85.39434514, 10.70393784 ], [ -85.39440228, 10.70392168 ], [ -85.39455256, 10.70386741 ], [ -85.39465351, 10.70383659 ], [ -85.39469644, 10.70381163 ], [ -85.39478234, 10.7037496 ], [ -85.39487949, 10.70370912 ], [ -85.3949287, 10.70369778 ], [ -85.39497446, 10.7036917 ], [ -85.39501901, 10.70367993 ], [ -85.39510056, 10.70362497 ], [ -85.39513852, 10.70359208 ], [ -85.39520643, 10.7035116 ], [ -85.39523593, 10.70346863 ], [ -85.39530763, 10.70339789 ], [ -85.39534071, 10.70335707 ], [ -85.39538063, 10.70333276 ], [ -85.39551064, 10.70326366 ], [ -85.39555445, 10.703249 ], [ -85.39560161, 10.70322908 ], [ -85.39567796, 10.70315869 ], [ -85.39571841, 10.70312977 ], [ -85.39576448, 10.70311166 ], [ -85.39581251, 10.70310205 ], [ -85.39585915, 10.70308683 ], [ -85.3958856, 10.70305662 ], [ -85.39593486, 10.70297441 ], [ -85.39595787, 10.70292993 ], [ -85.39602028, 10.70278737 ], [ -85.39607776, 10.70270775 ], [ -85.39611193, 10.70266521 ], [ -85.39614589, 10.70263478 ], [ -85.39619392, 10.70260564 ], [ -85.3962915, 10.70256055 ], [ -85.3963326, 10.70253451 ], [ -85.39637924, 10.70249959 ], [ -85.39641807, 10.70245748 ], [ -85.39644422, 10.70241976 ], [ -85.39646798, 10.70237817 ], [ -85.3964834, 10.7023339 ], [ -85.3965065, 10.70228941 ], [ -85.39651618, 10.70226605 ], [ -85.39655879, 10.70205254 ], [ -85.39662517, 10.70181777 ], [ -85.39664935, 10.70176876 ], [ -85.39666702, 10.70171544 ], [ -85.39670403, 10.70167505 ], [ -85.3967668, 10.70165199 ], [ -85.39682095, 10.70164163 ], [ -85.39687065, 10.7016377 ], [ -85.39707179, 10.70163264 ], [ -85.39714313, 10.70162455 ], [ -85.39720806, 10.70161214 ], [ -85.39726005, 10.70159112 ], [ -85.39735558, 10.70153411 ], [ -85.39739259, 10.70149372 ], [ -85.3974319, 10.70143624 ], [ -85.39746043, 10.70138088 ], [ -85.39746724, 10.7013296 ], [ -85.39746762, 10.70127401 ], [ -85.3974615, 10.70121411 ], [ -85.39747696, 10.70117788 ], [ -85.39756719, 10.70086365 ], [ -85.39760385, 10.70070684 ], [ -85.39764343, 10.70060768 ], [ -85.39766481, 10.7005661 ], [ -85.39770571, 10.70051665 ], [ -85.39774175, 10.70046398 ], [ -85.39780712, 10.70038911 ], [ -85.39788538, 10.70031582 ], [ -85.3979277, 10.70029529 ], [ -85.39799103, 10.70027485 ], [ -85.39804456, 10.70026882 ], [ -85.39809482, 10.70026751 ], [ -85.39821813, 10.70025232 ], [ -85.39833014, 10.7002435 ], [ -85.39843402, 10.70021529 ], [ -85.39857085, 10.70011841 ], [ -85.39862456, 10.7000915 ], [ -85.39867986, 10.70007263 ], [ -85.39873197, 10.70003769 ], [ -85.39876298, 10.70000266 ], [ -85.39876449, 10.70000009 ], [ -85.39876451, 10.70000005 ], [ -85.39876452, 10.70000003 ], [ -85.39882861, 10.69988604 ], [ -85.39884858, 10.69981562 ], [ -85.39885706, 10.69975159 ], [ -85.39884116, 10.69971297 ], [ -85.39882041, 10.69967113 ], [ -85.39875787, 10.69956647 ], [ -85.39873879, 10.69951187 ], [ -85.39870832, 10.69946355 ], [ -85.39868747, 10.69942171 ], [ -85.39852108, 10.69887071 ], [ -85.39848991, 10.69868926 ], [ -85.39849026, 10.69862671 ], [ -85.39850042, 10.69857071 ], [ -85.39851765, 10.69842167 ], [ -85.39852772, 10.69836568 ], [ -85.39853488, 10.69827273 ], [ -85.39854495, 10.69821664 ], [ -85.39857799, 10.6981271 ], [ -85.39859292, 10.69807424 ], [ -85.39865405, 10.69791271 ], [ -85.39877198, 10.69774035 ], [ -85.39881279, 10.69769091 ], [ -85.39883903, 10.69765265 ], [ -85.39887004, 10.69761762 ], [ -85.39892242, 10.697541 ], [ -85.39902542, 10.69742141 ], [ -85.39907754, 10.69738647 ], [ -85.39912312, 10.69736113 ], [ -85.39936968, 10.69725852 ], [ -85.39946738, 10.69719824 ], [ -85.39951402, 10.69716441 ], [ -85.39955651, 10.697123 ], [ -85.39960647, 10.69707731 ], [ -85.39964358, 10.69703701 ], [ -85.39967729, 10.69699447 ], [ -85.39975564, 10.69692126 ], [ -85.39979916, 10.69688518 ], [ -85.39985013, 10.69685883 ], [ -85.39989456, 10.696842 ], [ -85.3999326, 10.69680694 ], [ -85.39999997, 10.69672229 ], [ -85.40000003, 10.69672221 ], [ -85.40000021, 10.69672194 ], [ -85.40017193, 10.69658089 ], [ -85.40021857, 10.69654696 ], [ -85.40026415, 10.69652163 ], [ -85.40030652, 10.69649414 ], [ -85.40035313, 10.69647414 ], [ -85.40041382, 10.69645425 ], [ -85.40046581, 10.69643323 ], [ -85.40052538, 10.69640792 ], [ -85.40056775, 10.69638044 ], [ -85.40065573, 10.69631369 ], [ -85.40075457, 10.69624483 ], [ -85.40079582, 10.69621201 ], [ -85.40099481, 10.69603829 ], [ -85.40107549, 10.69589448 ], [ -85.40111865, 10.69571975 ], [ -85.40116131, 10.69559708 ], [ -85.40118874, 10.69553983 ], [ -85.40120669, 10.69548786 ], [ -85.40122858, 10.69543859 ], [ -85.4012546, 10.69539193 ], [ -85.40128465, 10.69534804 ], [ -85.40131592, 10.69531084 ], [ -85.40135131, 10.69527634 ], [ -85.40139599, 10.69525399 ], [ -85.40144066, 10.69524891 ], [ -85.40149189, 10.69525998 ], [ -85.40153898, 10.69528562 ], [ -85.4015887, 10.69532471 ], [ -85.40185501, 10.69550285 ], [ -85.40196533, 10.69556508 ], [ -85.40203007, 10.69559092 ], [ -85.40214997, 10.69563042 ], [ -85.40220805, 10.69564019 ], [ -85.40229982, 10.69564349 ], [ -85.40236476, 10.69563452 ], [ -85.40243101, 10.69563232 ], [ -85.40254718, 10.69563442 ], [ -85.40255263, 10.69562644 ], [ -85.40258631, 10.69563732 ], [ -85.40269562, 10.69565816 ], [ -85.40279828, 10.69566285 ], [ -85.40285637, 10.69565518 ], [ -85.40290507, 10.69565279 ], [ -85.40295509, 10.69563982 ], [ -85.40307025, 10.69560052 ], [ -85.40311221, 10.69558208 ], [ -85.40315829, 10.69556632 ], [ -85.403207, 10.69554658 ], [ -85.40325177, 10.69552423 ], [ -85.40330452, 10.69550718 ], [ -85.40335332, 10.69548744 ], [ -85.40340626, 10.69545312 ], [ -85.40345094, 10.69543069 ], [ -85.40356075, 10.69538193 ], [ -85.40360947, 10.69536227 ], [ -85.40366372, 10.69533455 ], [ -85.40370446, 10.69530942 ], [ -85.4037572, 10.69529246 ], [ -85.40381669, 10.69529147 ], [ -85.40392752, 10.69528419 ], [ -85.40399246, 10.69527531 ], [ -85.40409391, 10.69525588 ], [ -85.40415069, 10.69524161 ], [ -85.40421966, 10.69523533 ], [ -85.40428591, 10.69523314 ], [ -85.4043318, 10.69523483 ], [ -85.40444655, 10.6952476 ], [ -85.40449244, 10.6952492 ], [ -85.40461657, 10.69527413 ], [ -85.40473133, 10.6952869 ], [ -85.40482582, 10.69530356 ], [ -85.40492959, 10.69533229 ], [ -85.40497566, 10.69535387 ], [ -85.40514261, 10.69538882 ], [ -85.40531006, 10.69541229 ], [ -85.40537218, 10.6954074 ], [ -85.40547504, 10.69537738 ], [ -85.4055306, 10.69535634 ], [ -85.40564425, 10.69532772 ], [ -85.40569982, 10.69530668 ], [ -85.40578392, 10.69525252 ], [ -85.40583273, 10.69523277 ], [ -85.40593559, 10.69520275 ], [ -85.40598984, 10.69517503 ], [ -85.40605488, 10.6951487 ], [ -85.40619596, 10.69506283 ], [ -85.40634511, 10.69498234 ], [ -85.40638172, 10.69495452 ], [ -85.40651361, 10.69483913 ], [ -85.40681494, 10.69462201 ], [ -85.40694936, 10.69451999 ], [ -85.40704042, 10.69444718 ], [ -85.40709336, 10.69441277 ], [ -85.40713804, 10.69439034 ], [ -85.40723444, 10.69432681 ], [ -85.40728869, 10.69429918 ], [ -85.40740375, 10.69425979 ], [ -85.40744974, 10.69424413 ], [ -85.40763146, 10.69415048 ], [ -85.40767745, 10.69413473 ], [ -85.40771818, 10.69410959 ], [ -85.40776023, 10.69409115 ], [ -85.40780763, 10.69406481 ], [ -85.4079598, 10.69394553 ], [ -85.4079951, 10.69391103 ], [ -85.40803452, 10.69387921 ], [ -85.40811631, 10.69377688 ], [ -85.40817107, 10.69366238 ], [ -85.40832122, 10.69344288 ], [ -85.40836328, 10.69340707 ], [ -85.40840674, 10.69337795 ], [ -85.40845957, 10.69336099 ], [ -85.40858401, 10.69333376 ], [ -85.40863685, 10.69331671 ], [ -85.40869777, 10.6932877 ], [ -85.4087614, 10.69327213 ], [ -85.40882361, 10.69326715 ], [ -85.40888442, 10.69325558 ], [ -85.40899958, 10.69321628 ], [ -85.40924039, 10.69315635 ], [ -85.40934587, 10.6931397 ], [ -85.4095174, 10.69315555 ], [ -85.40967542, 10.69315665 ], [ -85.40979824, 10.6931748 ], [ -85.40997361, 10.69321071 ], [ -85.41003018, 10.69323115 ], [ -85.41020262, 10.69330576 ], [ -85.41024568, 10.69332879 ], [ -85.41029408, 10.69336111 ], [ -85.41033723, 10.69338415 ], [ -85.41038705, 10.69340589 ], [ -85.41043294, 10.69340749 ], [ -85.41048033, 10.69339842 ], [ -85.41053711, 10.69338415 ], [ -85.41057653, 10.69335234 ], [ -85.41092585, 10.69303937 ], [ -85.41119237, 10.69278724 ], [ -85.41136763, 10.69264273 ], [ -85.41148531, 10.6926168 ], [ -85.41181527, 10.69256424 ], [ -85.41219745, 10.69258149 ], [ -85.41230807, 10.69260892 ], [ -85.41235405, 10.69261061 ], [ -85.41246084, 10.69260055 ], [ -85.41251762, 10.69258628 ], [ -85.41260959, 10.69257221 ], [ -85.4126597, 10.69255915 ], [ -85.41270034, 10.69253402 ], [ -85.41273715, 10.69248884 ], [ -85.41275641, 10.69244356 ], [ -85.41277154, 10.69239558 ], [ -85.41279483, 10.692353 ], [ -85.41285211, 10.69226913 ], [ -85.41289426, 10.69223332 ], [ -85.41293752, 10.69222165 ], [ -85.41299298, 10.69221796 ], [ -85.41305641, 10.69221975 ], [ -85.41311863, 10.69221477 ], [ -85.41317934, 10.69222055 ], [ -85.41323066, 10.69223162 ], [ -85.41333059, 10.6922403 ], [ -85.4134386, 10.69223701 ], [ -85.41354952, 10.69222972 ], [ -85.41370905, 10.6922027 ], [ -85.41375513, 10.69218694 ], [ -85.41379709, 10.69216858 ], [ -85.41384327, 10.69213547 ], [ -85.41389479, 10.69211174 ], [ -85.41397073, 10.69206946 ], [ -85.4140141, 10.69204042 ], [ -85.41410918, 10.69197021 ], [ -85.41418522, 10.69191057 ], [ -85.41433456, 10.69179528 ], [ -85.41438075, 10.69176226 ], [ -85.41443096, 10.69173185 ], [ -85.41447846, 10.69170542 ], [ -85.41459755, 10.69166881 ], [ -85.41475869, 10.69161376 ], [ -85.41488717, 10.69158922 ], [ -85.41494262, 10.69158554 ], [ -85.41507241, 10.69156778 ], [ -85.41514007, 10.69155482 ], [ -85.41520895, 10.69154863 ], [ -85.41526582, 10.69153427 ], [ -85.41533348, 10.6915214 ], [ -85.41545247, 10.69150215 ], [ -85.41557005, 10.69149357 ], [ -85.41561866, 10.69149118 ], [ -85.41567543, 10.69149427 ], [ -85.41583486, 10.6914846 ], [ -85.41591594, 10.69148649 ], [ -85.41603745, 10.69149796 ], [ -85.41609271, 10.69151172 ], [ -85.41620071, 10.69152578 ], [ -85.41626282, 10.69153824 ], [ -85.41637223, 10.69154164 ], [ -85.41643163, 10.69154064 ], [ -85.41656273, 10.69152947 ], [ -85.4166087, 10.69153116 ], [ -85.41671953, 10.69152388 ], [ -85.41677893, 10.69152298 ], [ -85.41689116, 10.69150493 ], [ -85.41697516, 10.69146812 ], [ -85.41706884, 10.69140858 ], [ -85.41711098, 10.69137278 ], [ -85.41714497, 10.69133159 ], [ -85.41719277, 10.6912531 ], [ -85.41722151, 10.69120253 ], [ -85.41725972, 10.69114668 ], [ -85.41730208, 10.69107616 ], [ -85.41733485, 10.69102829 ], [ -85.41735805, 10.69098561 ], [ -85.41738537, 10.69094571 ], [ -85.41745344, 10.69086333 ], [ -85.41750648, 10.69081157 ], [ -85.41754852, 10.69079321 ], [ -85.41759582, 10.69078414 ], [ -85.41765804, 10.69077915 ], [ -85.41777703, 10.6907599 ], [ -85.41782714, 10.69074693 ], [ -85.41788927, 10.69074195 ], [ -85.41799878, 10.69072798 ], [ -85.41809216, 10.69070324 ], [ -85.41814096, 10.6906835 ], [ -85.41825461, 10.69065487 ], [ -85.41833044, 10.69063003 ], [ -85.41854724, 10.69053658 ], [ -85.4189873, 10.69038318 ], [ -85.41903883, 10.69035944 ], [ -85.41909852, 10.69032374 ], [ -85.41915277, 10.69029611 ], [ -85.41926521, 10.69024335 ], [ -85.41937079, 10.69020934 ], [ -85.41940729, 10.69021622 ], [ -85.4194438, 10.69020584 ], [ -85.41955472, 10.69018111 ], [ -85.41960614, 10.69017482 ], [ -85.41966958, 10.69017652 ], [ -85.41981791, 10.69021761 ], [ -85.41997714, 10.69024273 ], [ -85.42007566, 10.69026208 ], [ -85.42016722, 10.69030008 ], [ -85.42040168, 10.69038714 ], [ -85.42045028, 10.6904022 ], [ -85.42051502, 10.69041067 ], [ -85.42056775, 10.69041097 ], [ -85.4206326, 10.69040209 ], [ -85.42070026, 10.69038913 ], [ -85.42075582, 10.69036818 ], [ -85.42080463, 10.69033108 ], [ -85.42083599, 10.69029387 ], [ -85.42092039, 10.69020491 ], [ -85.42106035, 10.69007755 ], [ -85.42110119, 10.69003506 ], [ -85.42116109, 10.68996464 ], [ -85.42123782, 10.68980078 ], [ -85.42126384, 10.6897542 ], [ -85.42129933, 10.68970234 ], [ -85.42136195, 10.68962794 ], [ -85.42145714, 10.68954037 ], [ -85.42151431, 10.68947394 ], [ -85.42154032, 10.68942737 ], [ -85.42161263, 10.68931297 ], [ -85.42165679, 10.68917962 ], [ -85.42166798, 10.68912895 ], [ -85.42166183, 10.68902603 ], [ -85.42164771, 10.68891763 ], [ -85.42164942, 10.68887224 ], [ -85.42165517, 10.6888122 ], [ -85.42166767, 10.68876812 ], [ -85.42167613, 10.68872144 ], [ -85.42169268, 10.6886628 ], [ -85.42171607, 10.68860276 ], [ -85.42173401, 10.6885508 ], [ -85.4217559, 10.68850153 ], [ -85.42179411, 10.68844567 ], [ -85.42185421, 10.6883579 ], [ -85.42189364, 10.68830873 ], [ -85.42192096, 10.68826875 ], [ -85.42195504, 10.68822756 ], [ -85.42199306, 10.68818906 ], [ -85.42208553, 10.68810557 ], [ -85.42212364, 10.68806707 ], [ -85.42216428, 10.68804194 ], [ -85.42220915, 10.68800214 ], [ -85.42231947, 10.6878666 ], [ -85.42235476, 10.68784945 ], [ -85.4223954, 10.68782432 ], [ -85.4224442, 10.68780457 ], [ -85.42250914, 10.68779569 ], [ -85.42261986, 10.68780576 ], [ -85.42268067, 10.68779418 ], [ -85.42278241, 10.68774003 ], [ -85.42282719, 10.68770023 ], [ -85.42287619, 10.68764578 ], [ -85.42290896, 10.6875979 ], [ -85.42294304, 10.68755671 ], [ -85.42297299, 10.68751283 ], [ -85.42301957, 10.68742765 ], [ -85.4230469, 10.68737031 ], [ -85.42312172, 10.68730407 ], [ -85.42317869, 10.68727236 ], [ -85.42322467, 10.6872566 ], [ -85.42328285, 10.68724902 ], [ -85.42333015, 10.68723994 ], [ -85.42338561, 10.68723626 ], [ -85.42341001, 10.6872178 ], [ -85.42344137, 10.68718059 ], [ -85.42347958, 10.68712465 ], [ -85.42350551, 10.68707807 ], [ -85.42352748, 10.6870288 ], [ -85.42353586, 10.68698212 ], [ -85.42355925, 10.68692209 ], [ -85.42358667, 10.68686484 ], [ -85.42361328, 10.68673139 ], [ -85.42362841, 10.68668342 ], [ -85.42365039, 10.68663415 ], [ -85.42367106, 10.6865781 ], [ -85.4236876, 10.68651945 ], [ -85.42370151, 10.6864648 ], [ -85.42373186, 10.68636875 ], [ -85.42375525, 10.68630881 ], [ -85.42378126, 10.68626223 ], [ -85.42381253, 10.68622503 ], [ -85.42384802, 10.68617317 ], [ -85.4238821, 10.68613197 ], [ -85.42391477, 10.6860841 ], [ -85.42395158, 10.68603883 ], [ -85.42398031, 10.68598826 ], [ -85.42401036, 10.68594438 ], [ -85.42405231, 10.68592593 ], [ -85.42411866, 10.68590637 ], [ -85.42418369, 10.68588004 ], [ -85.42423654, 10.68584572 ], [ -85.42431821, 10.68576075 ], [ -85.4243658, 10.68571696 ], [ -85.42440241, 10.68568914 ], [ -85.42448933, 10.68563089 ], [ -85.42456677, 10.68556058 ], [ -85.42473799, 10.68541346 ], [ -85.42485223, 10.68529796 ], [ -85.42493249, 10.68522366 ], [ -85.42499998, 10.6851249 ], [ -85.42500002, 10.68512483 ], [ -85.42500066, 10.68512392 ], [ -85.4250307, 10.68507995 ], [ -85.42505531, 10.68502669 ], [ -85.42507326, 10.68497472 ], [ -85.42508313, 10.68491737 ], [ -85.42509473, 10.68479719 ], [ -85.42509634, 10.68475172 ], [ -85.42510491, 10.68468768 ], [ -85.42510732, 10.68453799 ], [ -85.42509683, 10.68448453 ], [ -85.42507425, 10.68442289 ], [ -85.42503169, 10.68433044 ], [ -85.42500163, 10.68417656 ], [ -85.42500006, 10.6841715 ], [ -85.42500005, 10.68417122 ], [ -85.42499998, 10.684171 ], [ -85.42496724, 10.68407213 ], [ -85.42495676, 10.68401867 ], [ -85.42496522, 10.6839719 ], [ -85.42497763, 10.68392792 ], [ -85.42499998, 10.68387982 ], [ -85.42500007, 10.68387964 ], [ -85.42500233, 10.68387465 ], [ -85.42503903, 10.68384683 ], [ -85.42513664, 10.68378998 ], [ -85.42518947, 10.68377302 ], [ -85.42525704, 10.68376005 ], [ -85.42543309, 10.68370909 ], [ -85.42558476, 10.68364196 ], [ -85.42564435, 10.6836237 ], [ -85.4256999, 10.68360266 ], [ -85.42576091, 10.68357363 ], [ -85.42586124, 10.68351289 ], [ -85.4259169, 10.68347449 ], [ -85.42599021, 10.68341884 ], [ -85.42604315, 10.68338443 ], [ -85.42608529, 10.68334871 ], [ -85.42609776, 10.68333337 ], [ -85.42609783, 10.68333329 ], [ -85.4261588, 10.68325826 ], [ -85.42618613, 10.68321836 ], [ -85.42622142, 10.68318386 ], [ -85.42626619, 10.68316151 ], [ -85.42630965, 10.68313238 ], [ -85.42638316, 10.68304202 ], [ -85.4264132, 10.68299814 ], [ -85.42644466, 10.68294349 ], [ -85.42646654, 10.68289422 ], [ -85.42647531, 10.68279538 ], [ -85.42648519, 10.68273803 ], [ -85.42652915, 10.68262204 ], [ -85.42655284, 10.68252739 ], [ -85.42659166, 10.68236731 ], [ -85.42661092, 10.68232203 ], [ -85.42669158, 10.68217822 ], [ -85.42670821, 10.68211957 ], [ -85.42671809, 10.68206213 ], [ -85.42672243, 10.68201275 ], [ -85.42673493, 10.68196877 ], [ -85.4267559, 10.68186066 ], [ -85.42677798, 10.68179403 ], [ -85.42682466, 10.68167405 ], [ -85.42689988, 10.68153831 ], [ -85.42691783, 10.68148625 ], [ -85.42697963, 10.68133575 ], [ -85.42700283, 10.68129307 ], [ -85.42703418, 10.68125586 ], [ -85.42706423, 10.68121198 ], [ -85.42710083, 10.68118415 ], [ -85.42715095, 10.68117118 ], [ -85.42720903, 10.6811635 ], [ -85.42726449, 10.6811599 ], [ -85.42738731, 10.68117805 ], [ -85.42744801, 10.68118383 ], [ -85.42749944, 10.68117745 ], [ -85.42754008, 10.68115232 ], [ -85.42758484, 10.68112997 ], [ -85.42763102, 10.68109686 ], [ -85.42776251, 10.68103353 ], [ -85.42780184, 10.6810018 ], [ -85.42784267, 10.68095931 ], [ -85.42791346, 10.68087285 ], [ -85.42794895, 10.68082098 ], [ -85.42803072, 10.68071865 ], [ -85.42812752, 10.6805857 ], [ -85.42815887, 10.6805485 ], [ -85.42825708, 10.68040487 ], [ -85.42829116, 10.68036368 ], [ -85.42837848, 10.68023592 ], [ -85.42841791, 10.68018675 ], [ -85.42846278, 10.68014696 ], [ -85.42849948, 10.68011922 ], [ -85.42870286, 10.680011 ], [ -85.42876508, 10.67998866 ], [ -85.42881922, 10.67997829 ], [ -85.42886521, 10.67996262 ], [ -85.4289616, 10.67989909 ], [ -85.42904973, 10.67984753 ], [ -85.42909056, 10.67980504 ], [ -85.42913009, 10.67975587 ], [ -85.4291668, 10.67971069 ], [ -85.42921166, 10.67967089 ], [ -85.42924846, 10.67962571 ], [ -85.42928658, 10.67958721 ], [ -85.42932187, 10.6795527 ], [ -85.42963728, 10.67916874 ], [ -85.42967327, 10.67912482 ], [ -85.43003079, 10.6786021 ], [ -85.43017931, 10.67835123 ], [ -85.43022751, 10.67826215 ], [ -85.4302867, 10.6781197 ], [ -85.43032858, 10.67802632 ], [ -85.43035358, 10.67797938 ], [ -85.43042011, 10.67784187 ], [ -85.43044295, 10.67780254 ], [ -85.43048687, 10.67771511 ], [ -85.43054409, 10.67758198 ], [ -85.43056839, 10.67754065 ], [ -85.43065719, 10.67741795 ], [ -85.43068688, 10.67737759 ], [ -85.43071597, 10.6773441 ], [ -85.43075665, 10.67730785 ], [ -85.43083461, 10.67725127 ], [ -85.43091227, 10.67718837 ], [ -85.43100661, 10.67711707 ], [ -85.43104441, 10.67708942 ], [ -85.43108551, 10.67706564 ], [ -85.43113055, 10.67704302 ], [ -85.43126909, 10.67698354 ], [ -85.43131492, 10.67695531 ], [ -85.43136034, 10.6769344 ], [ -85.4316017, 10.67683993 ], [ -85.43169527, 10.67679855 ], [ -85.43188079, 10.67672232 ], [ -85.4320374, 10.67667668 ], [ -85.43218594, 10.67662701 ], [ -85.43228888, 10.67659653 ], [ -85.43234821, 10.67658216 ], [ -85.4324412, 10.67655253 ], [ -85.43253521, 10.67652824 ], [ -85.43258634, 10.67651888 ], [ -85.43263806, 10.67651765 ], [ -85.43279179, 10.67652029 ], [ -85.43284322, 10.67651725 ], [ -85.43289618, 10.67650761 ], [ -85.43294565, 10.67649409 ], [ -85.43299809, 10.67647189 ], [ -85.43308432, 10.67642548 ], [ -85.43313386, 10.67640745 ], [ -85.43318579, 10.67639257 ], [ -85.43323512, 10.6763881 ], [ -85.43333647, 10.67638853 ], [ -85.43338275, 10.67637748 ], [ -85.43342488, 10.67635893 ], [ -85.43352433, 10.67632458 ], [ -85.43357176, 10.67630511 ], [ -85.43361462, 10.67628557 ], [ -85.43370266, 10.67623437 ], [ -85.43378388, 10.67617082 ], [ -85.43381614, 10.67613334 ], [ -85.43383897, 10.67608948 ], [ -85.43385026, 10.67604234 ], [ -85.43387995, 10.67594224 ], [ -85.43389719, 10.67589759 ], [ -85.43393979, 10.67580321 ], [ -85.43396437, 10.67576351 ], [ -85.4339988, 10.67571852 ], [ -85.4341404, 10.67557271 ], [ -85.43418035, 10.67553745 ], [ -85.43429304, 10.67544203 ], [ -85.43433234, 10.67540334 ], [ -85.43440615, 10.67531949 ], [ -85.43443877, 10.6752793 ], [ -85.43452648, 10.67515777 ], [ -85.43458316, 10.67508511 ], [ -85.43465126, 10.6750096 ], [ -85.43472854, 10.67494497 ], [ -85.43484741, 10.6748629 ], [ -85.43493051, 10.67480982 ], [ -85.43502117, 10.67475273 ], [ -85.43506766, 10.67472802 ], [ -85.43515213, 10.67467747 ], [ -85.43523996, 10.67461994 ], [ -85.4352879, 10.67459315 ], [ -85.43533606, 10.67457268 ], [ -85.43541603, 10.67451754 ], [ -85.4354539, 10.67448537 ], [ -85.43551415, 10.67441215 ], [ -85.4356516, 10.67425894 ], [ -85.43571402, 10.67418264 ], [ -85.43574758, 10.67414768 ], [ -85.4357858, 10.67411271 ], [ -85.43586912, 10.67405068 ], [ -85.4359098, 10.67401434 ], [ -85.43598251, 10.67392985 ], [ -85.4360168, 10.67389381 ], [ -85.43605211, 10.67386301 ], [ -85.43609091, 10.67383607 ], [ -85.43613769, 10.67381317 ], [ -85.43628501, 10.67375655 ], [ -85.43632859, 10.67373601 ], [ -85.43645775, 10.67366554 ], [ -85.43649473, 10.67363898 ], [ -85.43655875, 10.67357135 ], [ -85.43658652, 10.67352928 ], [ -85.43660404, 10.67348645 ], [ -85.43660158, 10.67338911 ], [ -85.43664303, 10.67342037 ], [ -85.43665952, 10.67343024 ], [ -85.43671448, 10.67345611 ], [ -85.43673205, 10.67346281 ], [ -85.43677646, 10.67346107 ], [ -85.43682555, 10.67344575 ], [ -85.43687125, 10.67342665 ], [ -85.43691317, 10.67340187 ], [ -85.43698625, 10.67333889 ], [ -85.43701678, 10.67330178 ], [ -85.43715566, 10.67310229 ], [ -85.43720117, 10.67302363 ], [ -85.43729002, 10.6728541 ], [ -85.43736969, 10.67273316 ], [ -85.43739106, 10.67269139 ], [ -85.43742618, 10.67260102 ], [ -85.43746768, 10.67246624 ], [ -85.43748731, 10.67242485 ], [ -85.43753371, 10.67234057 ], [ -85.43756775, 10.67225409 ], [ -85.43758216, 10.67220911 ], [ -85.43759104, 10.67211452 ], [ -85.43760051, 10.67206765 ], [ -85.43761246, 10.67202403 ], [ -85.43763528, 10.67198018 ], [ -85.43766326, 10.67194435 ], [ -85.43770112, 10.67191227 ], [ -85.43773222, 10.67187859 ], [ -85.43778963, 10.67180502 ], [ -85.43781594, 10.67176504 ], [ -85.43784464, 10.67172821 ], [ -85.43788251, 10.67169604 ], [ -85.43798713, 10.67159667 ], [ -85.43801858, 10.67156028 ], [ -85.43804773, 10.67152065 ], [ -85.43809832, 10.67143482 ], [ -85.43811868, 10.67139224 ], [ -85.4381352, 10.67134869 ], [ -85.4381598, 10.67125575 ], [ -85.43818979, 10.67116188 ], [ -85.4382131, 10.67106659 ], [ -85.43821416, 10.6710185 ], [ -85.43820434, 10.67097073 ], [ -85.43818777, 10.67092588 ], [ -85.43817448, 10.67087876 ], [ -85.43815409, 10.67073993 ], [ -85.43815134, 10.67064205 ], [ -85.43814574, 10.67059706 ], [ -85.4381425, 10.67055071 ], [ -85.43815068, 10.67050141 ], [ -85.43816162, 10.67045707 ], [ -85.4381851, 10.67041665 ], [ -85.43821664, 10.67038026 ], [ -85.43824321, 10.67029779 ], [ -85.43828117, 10.67020786 ], [ -85.43830263, 10.67016609 ], [ -85.43835308, 10.6700893 ], [ -85.43838387, 10.67004939 ], [ -85.43841295, 10.67001428 ], [ -85.43847842, 10.66994465 ], [ -85.43850117, 10.66990531 ], [ -85.4385216, 10.66985822 ], [ -85.43853573, 10.66981151 ], [ -85.43854456, 10.66976565 ], [ -85.43855053, 10.66971491 ], [ -85.43854439, 10.66961325 ], [ -85.43854683, 10.66956769 ], [ -85.43853773, 10.66951883 ], [ -85.43855437, 10.66942195 ], [ -85.43857088, 10.66937839 ], [ -85.43859371, 10.66933454 ], [ -85.43871801, 10.66912508 ], [ -85.438738, 10.66908088 ], [ -85.43875067, 10.66903617 ], [ -85.43875878, 10.66899139 ], [ -85.43876194, 10.66894483 ], [ -85.43875988, 10.66889467 ], [ -85.43876142, 10.66879515 ], [ -85.43876046, 10.66874571 ], [ -85.4387541, 10.6686972 ], [ -85.43871283, 10.6685487 ], [ -85.43870257, 10.66850364 ], [ -85.43869565, 10.66845161 ], [ -85.438675, 10.66835526 ], [ -85.4386268, 10.6681701 ], [ -85.43859628, 10.66807461 ], [ -85.43857836, 10.66803338 ], [ -85.43854871, 10.66796537 ], [ -85.43851675, 10.66789248 ], [ -85.43847091, 10.66780339 ], [ -85.43845645, 10.66775998 ], [ -85.43843958, 10.66766921 ], [ -85.43843817, 10.66762258 ], [ -85.43844323, 10.66757113 ], [ -85.43845342, 10.66752326 ], [ -85.4384858, 10.66743255 ], [ -85.43851073, 10.66739013 ], [ -85.43857416, 10.66731454 ], [ -85.438612, 10.66727785 ], [ -85.43868966, 10.66721495 ], [ -85.43872396, 10.66718343 ], [ -85.43875899, 10.66715091 ], [ -85.43882692, 10.66707991 ], [ -85.43886441, 10.66704602 ], [ -85.43890378, 10.66702261 ], [ -85.4389494, 10.66700794 ], [ -85.43898661, 10.66701202 ], [ -85.43902436, 10.66703308 ], [ -85.43905942, 10.66706465 ], [ -85.43912473, 10.66713657 ], [ -85.43916435, 10.6671682 ], [ -85.43928939, 10.66725187 ], [ -85.43950992, 10.66737315 ], [ -85.43955782, 10.66739508 ], [ -85.43964778, 10.66742286 ], [ -85.43969799, 10.66743275 ], [ -85.43990134, 10.66745704 ], [ -85.44000654, 10.66747843 ], [ -85.44005755, 10.66748271 ], [ -85.44015883, 10.66750755 ], [ -85.44020794, 10.66751664 ], [ -85.44026097, 10.66752227 ], [ -85.4404127, 10.66756776 ], [ -85.44050781, 10.66760366 ], [ -85.44065103, 10.66764792 ], [ -85.44074615, 10.66766393 ], [ -85.44084316, 10.66767515 ], [ -85.4409976, 10.66767679 ], [ -85.44114413, 10.66768524 ], [ -85.44119666, 10.66768292 ], [ -85.44129255, 10.66766901 ], [ -85.44139607, 10.66766645 ], [ -85.4414451, 10.66765565 ], [ -85.44148999, 10.66764207 ], [ -85.4416644, 10.66753542 ], [ -85.44170182, 10.66750605 ], [ -85.44177223, 10.66743821 ], [ -85.44188208, 10.66734243 ], [ -85.44195741, 10.66727185 ], [ -85.44205477, 10.66716294 ], [ -85.44232977, 10.66676369 ], [ -85.44238608, 10.66668941 ], [ -85.44240546, 10.66666689 ], [ -85.44240553, 10.66666681 ], [ -85.44241835, 10.66665193 ], [ -85.44245504, 10.66662365 ], [ -85.44249651, 10.66660158 ], [ -85.44262089, 10.66652481 ], [ -85.44268397, 10.66645194 ], [ -85.44272007, 10.66641562 ], [ -85.44275016, 10.66638131 ], [ -85.44280663, 10.66630241 ], [ -85.44291216, 10.66614429 ], [ -85.44297064, 10.66606683 ], [ -85.44304836, 10.66595972 ], [ -85.44321102, 10.66572613 ], [ -85.44330015, 10.66555832 ], [ -85.44331594, 10.66551577 ], [ -85.44333703, 10.66547229 ], [ -85.44336297, 10.6654305 ], [ -85.44344996, 10.66531458 ], [ -85.44348497, 10.66527745 ], [ -85.44352733, 10.66524996 ], [ -85.4436134, 10.66520807 ], [ -85.44370581, 10.66517502 ], [ -85.44375048, 10.66515059 ], [ -85.44387209, 10.66506895 ], [ -85.44399363, 10.66499174 ], [ -85.44403409, 10.66496904 ], [ -85.44412086, 10.66495951 ], [ -85.44424027, 10.66497388 ], [ -85.44428808, 10.66497592 ], [ -85.44433878, 10.66497396 ], [ -85.44443678, 10.66496149 ], [ -85.44448617, 10.66495249 ], [ -85.44454269, 10.6649422 ], [ -85.44464134, 10.66493325 ], [ -85.44473643, 10.66490506 ], [ -85.44483732, 10.66488851 ], [ -85.44488288, 10.66487844 ], [ -85.44492777, 10.66486477 ], [ -85.44497462, 10.66485714 ], [ -85.44507713, 10.66485387 ], [ -85.44512615, 10.66484306 ], [ -85.44521979, 10.66481696 ], [ -85.44536741, 10.66478645 ], [ -85.44545654, 10.66475585 ], [ -85.44554856, 10.66471647 ], [ -85.44564358, 10.66469289 ], [ -85.44573592, 10.66466435 ], [ -85.44578089, 10.66464616 ], [ -85.4458748, 10.66460198 ], [ -85.44608728, 10.66448927 ], [ -85.44613318, 10.66447641 ], [ -85.44626738, 10.66442761 ], [ -85.44631155, 10.66441502 ], [ -85.44640249, 10.66437953 ], [ -85.44654451, 10.66434372 ], [ -85.44664292, 10.66432401 ], [ -85.44669328, 10.66432477 ], [ -85.44679469, 10.66432069 ], [ -85.4468903, 10.66432494 ], [ -85.44698794, 10.66431527 ], [ -85.44703117, 10.66429745 ], [ -85.44707496, 10.66428314 ], [ -85.44712162, 10.6642738 ], [ -85.44716825, 10.66425984 ], [ -85.44725194, 10.66421933 ], [ -85.44747837, 10.66413747 ], [ -85.44756924, 10.6641065 ], [ -85.44765671, 10.66407157 ], [ -85.44773726, 10.66402446 ], [ -85.44782335, 10.6639871 ], [ -85.4479082, 10.66393826 ], [ -85.44798753, 10.66388411 ], [ -85.44807266, 10.66383698 ], [ -85.44810935, 10.6638087 ], [ -85.44814474, 10.66377338 ], [ -85.4482028, 10.66370324 ], [ -85.44825971, 10.66362163 ], [ -85.44832092, 10.66348504 ], [ -85.44835968, 10.66338959 ], [ -85.44837052, 10.66334516 ], [ -85.44837624, 10.66329723 ], [ -85.44837663, 10.66324571 ], [ -85.44835813, 10.66310208 ], [ -85.44835499, 10.66305572 ], [ -85.44833664, 10.66296253 ], [ -85.4482945, 10.66282407 ], [ -85.44827382, 10.6627232 ], [ -85.44826756, 10.66267469 ], [ -85.44827126, 10.66264421 ], [ -85.44827907, 10.6625772 ], [ -85.44828178, 10.66253046 ], [ -85.4482829, 10.66247793 ], [ -85.44827866, 10.66243086 ], [ -85.44825686, 10.66234284 ], [ -85.44819451, 10.6621647 ], [ -85.44813703, 10.66208587 ], [ -85.44807308, 10.66201178 ], [ -85.44804932, 10.66197284 ], [ -85.44803741, 10.66192807 ], [ -85.4480434, 10.66188194 ], [ -85.44806543, 10.6618436 ], [ -85.44810116, 10.66180548 ], [ -85.44814097, 10.66177935 ], [ -85.44818347, 10.66176252 ], [ -85.44827645, 10.66173299 ], [ -85.44832592, 10.66171947 ], [ -85.44837322, 10.66171356 ], [ -85.44842379, 10.66172056 ], [ -85.44847028, 10.66173553 ], [ -85.44851717, 10.66175673 ], [ -85.4486046, 10.66181029 ], [ -85.44864793, 10.66183214 ], [ -85.44869205, 10.66184848 ], [ -85.44873798, 10.66186002 ], [ -85.44878337, 10.66185438 ], [ -85.44890064, 10.66178343 ], [ -85.44893949, 10.66174745 ], [ -85.44903832, 10.66164106 ], [ -85.44912616, 10.66153029 ], [ -85.44923267, 10.66142613 ], [ -85.44927152, 10.66139015 ], [ -85.44930967, 10.6613597 ], [ -85.44934947, 10.66133357 ], [ -85.44953955, 10.6612574 ], [ -85.44962934, 10.66123023 ], [ -85.44968005, 10.66122818 ], [ -85.44977327, 10.66119259 ], [ -85.44987953, 10.66115016 ], [ -85.44997634, 10.66110009 ], [ -85.44999996, 10.66109079 ], [ -85.45000005, 10.66109076 ], [ -85.45011999, 10.66104338 ], [ -85.45017126, 10.6610238 ], [ -85.45021302, 10.66100526 ], [ -85.45030314, 10.66095215 ], [ -85.45042657, 10.66086905 ], [ -85.45052103, 10.66082459 ], [ -85.45061944, 10.66080452 ], [ -85.45066662, 10.66079093 ], [ -85.4507115, 10.66077436 ], [ -85.45080256, 10.66074357 ], [ -85.45084505, 10.66072403 ], [ -85.45088346, 10.66069312 ], [ -85.45094798, 10.66061725 ], [ -85.45098347, 10.66058428 ], [ -85.45102563, 10.66055444 ], [ -85.4510712, 10.66052819 ], [ -85.45115821, 10.66047301 ], [ -85.45120068, 10.66044914 ], [ -85.45124593, 10.66043419 ], [ -85.45128603, 10.66041168 ], [ -85.4513245, 10.66037209 ], [ -85.45135665, 10.66033118 ], [ -85.45138433, 10.6602902 ], [ -85.45141878, 10.66025235 ], [ -85.45148063, 10.66017179 ], [ -85.45152013, 10.66013717 ], [ -85.4516068, 10.66008905 ], [ -85.45175038, 10.66003668 ], [ -85.45179629, 10.66002517 ], [ -85.4518465, 10.66001355 ], [ -85.45199044, 10.65995856 ], [ -85.45203534, 10.65994633 ], [ -85.45214116, 10.65992821 ], [ -85.45219305, 10.65992499 ], [ -85.45224287, 10.65992909 ], [ -85.45229513, 10.65992759 ], [ -85.45234733, 10.65991297 ], [ -85.45244748, 10.65989253 ], [ -85.45249398, 10.65987135 ], [ -85.45257935, 10.65981654 ], [ -85.45262184, 10.65979691 ], [ -85.45266604, 10.65977266 ], [ -85.45275576, 10.65973093 ], [ -85.45279758, 10.65970362 ], [ -85.45284342, 10.6596791 ], [ -85.45288462, 10.65965721 ], [ -85.45296795, 10.65959672 ], [ -85.45301344, 10.65957481 ], [ -85.45316591, 10.65952683 ], [ -85.45321511, 10.65951458 ], [ -85.45326461, 10.65950839 ], [ -85.45331317, 10.65949714 ], [ -85.45340825, 10.65946895 ], [ -85.45355855, 10.65944565 ], [ -85.45359223, 10.65945634 ], [ -85.45363055, 10.65948174 ], [ -85.45367396, 10.65950188 ], [ -85.45372382, 10.65951466 ], [ -85.45377059, 10.65952972 ], [ -85.45387062, 10.6595439 ], [ -85.45391645, 10.65955399 ], [ -85.45396461, 10.65955413 ], [ -85.45401482, 10.6595426 ], [ -85.45406171, 10.65952737 ], [ -85.45422639, 10.65941372 ], [ -85.45427299, 10.65937517 ], [ -85.45443497, 10.65925249 ], [ -85.45446807, 10.65921663 ], [ -85.45449947, 10.65917238 ], [ -85.45452982, 10.65913608 ], [ -85.4546453, 10.65903467 ], [ -85.45472531, 10.65894888 ], [ -85.4548455, 10.65885785 ], [ -85.45489037, 10.65881959 ], [ -85.4549251, 10.65878336 ], [ -85.45499471, 10.65870214 ], [ -85.45502879, 10.65866257 ], [ -85.45505217, 10.65862161 ], [ -85.45507718, 10.65857603 ], [ -85.45513025, 10.65849552 ], [ -85.45520391, 10.65839963 ], [ -85.45527553, 10.65831985 ], [ -85.45531029, 10.65828787 ], [ -85.45535616, 10.65826768 ], [ -85.45537466, 10.65827709 ], [ -85.45540736, 10.65827414 ], [ -85.45544812, 10.65825487 ], [ -85.45548123, 10.65822327 ], [ -85.45557919, 10.65810883 ], [ -85.45561559, 10.65807657 ], [ -85.45565438, 10.65804738 ], [ -85.45569221, 10.65800879 ], [ -85.45575406, 10.65792824 ], [ -85.45586415, 10.65780887 ], [ -85.45589558, 10.65776895 ], [ -85.45593578, 10.65772899 ], [ -85.45596291, 10.65770871 ], [ -85.45609756, 10.6576224 ], [ -85.45621162, 10.65760659 ], [ -85.45626454, 10.65759107 ], [ -85.45635761, 10.65756162 ], [ -85.45640312, 10.65754405 ], [ -85.45649607, 10.65752753 ], [ -85.45654773, 10.65751401 ], [ -85.45659623, 10.65748983 ], [ -85.45663914, 10.65746324 ], [ -85.45668965, 10.65744031 ], [ -85.45673418, 10.65742646 ], [ -85.45696847, 10.65736761 ], [ -85.45706119, 10.65732343 ], [ -85.45710434, 10.65730723 ], [ -85.45718675, 10.65724611 ], [ -85.45727303, 10.65719193 ], [ -85.45736382, 10.65714649 ], [ -85.45743775, 10.65706968 ], [ -85.45747859, 10.65701137 ], [ -85.4575057, 10.65696713 ], [ -85.45754215, 10.6569262 ], [ -85.45761304, 10.65686468 ], [ -85.45772508, 10.65678995 ], [ -85.45789744, 10.65669731 ], [ -85.45794163, 10.65666881 ], [ -85.45802802, 10.65660162 ], [ -85.45815989, 10.65652562 ], [ -85.45820168, 10.65649406 ], [ -85.4582948, 10.65643858 ], [ -85.45837341, 10.65638507 ], [ -85.45850234, 10.656307 ], [ -85.45854645, 10.65628285 ], [ -85.4586433, 10.65624136 ], [ -85.4586932, 10.65622377 ], [ -85.45874605, 10.65621259 ], [ -85.45880034, 10.65619498 ], [ -85.45889211, 10.65614159 ], [ -85.45899556, 10.65612474 ], [ -85.4590387, 10.65610855 ], [ -85.45908356, 10.65608764 ], [ -85.45918502, 10.65607388 ], [ -85.45934611, 10.65603453 ], [ -85.45939608, 10.65601261 ], [ -85.45947938, 10.65596513 ], [ -85.45962032, 10.65589514 ], [ -85.4596602, 10.65586657 ], [ -85.45969393, 10.65582963 ], [ -85.45972332, 10.65578403 ], [ -85.45980649, 10.65565258 ], [ -85.45982919, 10.65560393 ], [ -85.45985342, 10.65545369 ], [ -85.45988194, 10.65535982 ], [ -85.45990125, 10.65530749 ], [ -85.45992224, 10.65526355 ], [ -85.45996919, 10.65518334 ], [ -85.45998716, 10.65513743 ], [ -85.46003256, 10.65504014 ], [ -85.46004706, 10.65499488 ], [ -85.46005977, 10.65490064 ], [ -85.46007333, 10.65485032 ], [ -85.46009669, 10.65480502 ], [ -85.46018119, 10.65468459 ], [ -85.46020485, 10.65464534 ], [ -85.46027718, 10.65452117 ], [ -85.46032625, 10.65442495 ], [ -85.46035603, 10.65438532 ], [ -85.46039006, 10.65435443 ], [ -85.46042012, 10.6543165 ], [ -85.46044451, 10.65427626 ], [ -85.4605104, 10.65418104 ], [ -85.46056242, 10.65409123 ], [ -85.46059167, 10.65399627 ], [ -85.46060956, 10.65395461 ], [ -85.46062718, 10.65389406 ], [ -85.46062932, 10.65384334 ], [ -85.46061764, 10.65378935 ], [ -85.46060363, 10.65374539 ], [ -85.46056675, 10.65365726 ], [ -85.46055479, 10.65356259 ], [ -85.46054005, 10.65351963 ], [ -85.46053517, 10.65347292 ], [ -85.46054132, 10.65342065 ], [ -85.4605636, 10.65337906 ], [ -85.46059777, 10.6533394 ], [ -85.46062817, 10.65329452 ], [ -85.46064684, 10.65324327 ], [ -85.4606573, 10.65319523 ], [ -85.46066424, 10.65309866 ], [ -85.46067242, 10.65305198 ], [ -85.46071074, 10.65296313 ], [ -85.46073776, 10.65291881 ], [ -85.46077487, 10.65288121 ], [ -85.46085418, 10.65282245 ], [ -85.46091029, 10.65274826 ], [ -85.46097272, 10.65267538 ], [ -85.46103255, 10.65259349 ], [ -85.46113328, 10.65242743 ], [ -85.46117929, 10.65234225 ], [ -85.4612645, 10.65221639 ], [ -85.4612888, 10.65217615 ], [ -85.46133148, 10.65208294 ], [ -85.46134809, 10.65203893 ], [ -85.4613887, 10.65195306 ], [ -85.46143709, 10.65186651 ], [ -85.46149352, 10.65178101 ], [ -85.46152653, 10.6517494 ], [ -85.46160347, 10.65169192 ], [ -85.46165141, 10.6516644 ], [ -85.46174988, 10.6516182 ], [ -85.46179643, 10.65158834 ], [ -85.46183528, 10.6515548 ], [ -85.46190182, 10.65148029 ], [ -85.46192951, 10.65144364 ], [ -85.46197883, 10.65136215 ], [ -85.46200688, 10.65132288 ], [ -85.46203999, 10.65129127 ], [ -85.46208218, 10.65126568 ], [ -85.46216987, 10.65120091 ], [ -85.46220867, 10.65117597 ], [ -85.46225625, 10.65115107 ], [ -85.46229431, 10.65112278 ], [ -85.4623993, 10.65102603 ], [ -85.46252181, 10.65092504 ], [ -85.46255961, 10.65089946 ], [ -85.46260848, 10.65087691 ], [ -85.46265273, 10.65086133 ], [ -85.46277118, 10.65077057 ], [ -85.46285145, 10.65070377 ], [ -85.46293679, 10.65064462 ], [ -85.46297126, 10.65061101 ], [ -85.46300196, 10.65057209 ], [ -85.46303815, 10.65053387 ], [ -85.46310972, 10.65046267 ], [ -85.46313842, 10.65042674 ], [ -85.46316511, 10.65038947 ], [ -85.46318976, 10.65034651 ], [ -85.46326674, 10.65020117 ], [ -85.463273306067009, 10.650173867494214 ], [ -85.464471977805587, 10.65150282963917 ], [ -85.465358234514696, 10.652756558642309 ], [ -85.467022667846436, 10.655436944786951 ], [ -85.47138910334013, 10.662548614477171 ], [ -85.473075152689177, 10.665272232656402 ], [ -85.474458577796085, 10.666504345642247 ], [ -85.47707411588884, 10.66749868243784 ], [ -85.481336820479754, 10.668875573743753 ] ] ] } }
]
}
