{
"type": "FeatureCollection",
"name": "lalaguna_alajuela",
"crs": { "type": "name", "properties": { "name": "urn:ogc:def:crs:OGC:1.3:CRS84" } },
"features": [
{"type":"Feature","properties":{"fid":2},"geometry":{"type":"Polygon","coordinates":[[[-84.224489622429388,9.97682253896367],[-84.224101614835476,9.975904436487959],[-84.222999949588015,9.974676866640781],[-84.223236020712463,9.973276177968998],[-84.223125854187728,9.970254467575941],[-84.221756641665863,9.970584967150183],[-84.220733666793222,9.970364634100688],[-84.220135619944585,9.969908229926737],[-84.219663477695676,9.969089850028617],[-84.214926744430571,9.960353208672986],[-84.21496049,9.96030325],[-84.21500045,9.960252],[-84.21504488,9.96021105],[-84.21506229,9.96018604],[-84.21507498,9.96010715],[-84.21509946,9.9600439],[-84.21513206,9.95998748],[-84.21518759,9.95992291],[-84.21523837,9.95988668],[-84.2153098,9.959852],[-84.21540257,9.9597941],[-84.21565813,9.95954675],[-84.21588994,9.95936138],[-84.21600008,9.95927862],[-84.21614133,9.9591766],[-84.21620946,9.9591474],[-84.216267,9.95912961],[-84.21637526,9.9591008],[-84.21681748,9.9590453],[-84.21723384,9.95900812],[-84.21737134,9.95895041],[-84.21750041,9.95889246],[-84.21754871,9.95884029],[-84.21755573,9.958818],[-84.21755586,9.95879414],[-84.21751277,9.95867164],[-84.21750119,9.95861651],[-84.21750708,9.95852588],[-84.21753529,9.95837475],[-84.21757464,9.9582143],[-84.21762351,9.95806872],[-84.21767268,9.95800573],[-84.21769881,9.95794751],[-84.21770119,9.9578971],[-84.21769319,9.95782741],[-84.2177535,9.95756684],[-84.21777541,9.95740098],[-84.21784869,9.957026],[-84.21792377,9.95664176],[-84.21819552,9.95606029],[-84.21846515,9.95548392],[-84.2186089,9.95492429],[-84.21874403,9.95436593],[-84.21878098,9.95425977],[-84.21887352,9.95404001],[-84.21892109,9.95394081],[-84.2189766,9.95385893],[-84.21926224,9.95357291],[-84.2196151,9.95319306],[-84.21966699,9.95312594],[-84.21973809,9.95295967],[-84.2198203,9.95276104],[-84.21983002,9.9527235],[-84.21983951,9.9526747],[-84.21988293,9.95250011],[-84.2199104,9.95238551],[-84.21992597,9.95233195],[-84.21994945,9.95225068],[-84.21995651,9.95221822],[-84.21996385,9.95218387],[-84.21997146,9.95214764],[-84.21997172,9.9521219],[-84.2199735,9.95209099],[-84.21997247,9.9520639],[-84.21996442,9.95203082],[-84.21995567,9.95200302],[-84.21994756,9.95197877],[-84.21986834,9.95183815],[-84.21983788,9.95177414],[-84.21982911,9.95175306],[-84.21980769,9.95170306],[-84.21979972,9.95167112],[-84.21978934,9.95164115],[-84.21977518,9.95159718],[-84.21976636,9.95157244],[-84.21975512,9.95153774],[-84.21974154,9.95150038],[-84.21972756,9.95146121],[-84.21970155,9.95137537],[-84.21968689,9.95133208],[-84.21967256,9.95129733],[-84.21964804,9.95125192],[-84.2196125,9.95117402],[-84.21960096,9.95115467],[-84.219589,9.95113295],[-84.21955889,9.95107591],[-84.21953875,9.951033],[-84.21952856,9.95101769],[-84.21951696,9.9510014],[-84.2195103,9.95098852],[-84.21944617,9.95089318],[-84.21942979,9.95083767],[-84.21940234,9.95074096],[-84.21935658,9.95059437],[-84.21934635,9.95053131],[-84.21933475,9.95047614],[-84.21933109,9.95043368],[-84.2193299,9.95039658],[-84.21933632,9.95032319],[-84.21933811,9.95029229],[-84.2193442,9.95026119],[-84.21935124,9.95024217],[-84.2193568,9.95021641],[-84.21937568,9.95018641],[-84.21939386,9.95017091],[-84.21940987,9.95015702],[-84.21942671,9.95013748],[-84.21947472,9.95003164],[-84.21948889,9.95000221],[-84.21948988,9.95000015],[-84.21950949,9.94995938],[-84.21956695,9.94983306],[-84.21960628,9.94973638],[-84.21962178,9.94969931],[-84.21963371,9.94966063],[-84.21964847,9.94962084],[-84.21966015,9.94958781],[-84.21965532,9.94955442],[-84.21965071,9.94954606],[-84.21964552,9.94953108],[-84.21964271,9.94947774],[-84.2196413,9.94942124],[-84.21964407,9.94936192],[-84.21966251,9.9492679],[-84.21966722,9.94923209],[-84.21967354,9.94920285],[-84.21968337,9.94917276],[-84.21969784,9.94912935],[-84.2197192,9.94906595],[-84.21975655,9.9489664],[-84.21977354,9.94893767],[-84.21981511,9.94888131],[-84.21982694,9.94886142],[-84.21983448,9.9488417],[-84.21984223,9.94881741],[-84.21984995,9.9487853],[-84.21989768,9.94863195],[-84.21990359,9.94861007],[-84.21990928,9.94858699],[-84.2199216,9.94854657],[-84.21996867,9.94840347],[-84.21998062,9.94836412],[-84.21999254,9.9483277],[-84.2200052,9.94829248],[-84.22002587,9.9482323],[-84.22007899,9.94811236],[-84.22011764,9.94800905],[-84.22014181,9.94795921],[-84.22015701,9.94792457],[-84.22017972,9.94788567],[-84.22019331,9.9478618],[-84.2202182,9.94783224],[-84.22023578,9.94781425],[-84.22025893,9.94779801],[-84.2202773,9.9477884],[-84.2203069,9.9477729],[-84.22038125,9.94772655],[-84.22040405,9.94771941],[-84.22042367,9.94771223],[-84.22044986,9.94770633],[-84.22047013,9.94770732],[-84.2204889,9.94771039],[-84.22051124,9.94771436],[-84.22052916,9.94772463],[-84.22054258,9.94773387],[-84.22056441,9.94775202],[-84.22058462,9.94776802],[-84.22060685,9.94777814],[-84.22063421,9.94779235],[-84.22068474,9.94780895],[-84.22071378,9.94782162],[-84.22073723,9.94783265],[-84.22079194,9.94786274],[-84.22084264,9.94788155],[-84.22087315,9.94789721],[-84.22090125,9.94791241],[-84.22093321,9.94792508],[-84.22095817,9.94792981],[-84.22099333,9.94793659],[-84.22104084,9.94794937],[-84.22107218,9.9479484],[-84.22112126,9.94794971],[-84.22118691,9.94793297],[-84.22122211,9.94792597],[-84.2212497,9.94792187],[-84.22127842,9.94791825],[-84.22131485,9.94790961],[-84.22134077,9.94790253],[-84.22137055,9.94789292],[-84.22139666,9.94788258],[-84.22142522,9.94786722],[-84.22144668,9.94785603],[-84.22146844,9.94784205],[-84.22148591,9.94782696],[-84.22150325,9.9478067],[-84.22152049,9.94777921],[-84.22153666,9.94774919],[-84.22155625,9.94770713],[-84.22158529,9.94761184],[-84.22160551,9.94754954],[-84.22162302,9.94749968],[-84.22164205,9.94744413],[-84.22165631,9.9474073],[-84.22167227,9.94737432],[-84.22169496,9.9473342],[-84.22171305,9.9473045],[-84.22173582,9.9472699],[-84.22180848,9.94719011],[-84.22188511,9.94711513],[-84.22192228,9.94708152],[-84.22194413,9.94706229],[-84.2219656,9.94704052],[-84.22197941,9.94701492],[-84.22198533,9.94699303],[-84.22199379,9.94697497],[-84.22200803,9.94695465],[-84.22207149,9.94684463],[-84.22208835,9.94682506],[-84.2221194,9.9467944],[-84.22216872,9.94674325],[-84.2222548,9.94664881],[-84.22246669,9.94647356],[-84.22265062,9.94633159],[-84.22269153,9.94630002],[-84.22271229,9.94628833],[-84.22275616,9.94626762],[-84.22279782,9.94623902],[-84.22284473,9.94621014],[-84.22287683,9.94618964],[-84.22290384,9.94618032],[-84.22293293,9.94617565],[-84.22295618,9.94616705],[-84.22298924,9.94615235],[-84.22308019,9.94609689],[-84.22319385,9.94603489],[-84.22332593,9.94594811],[-84.2234263,9.94589461],[-84.22343475,9.94589004],[-84.22343785,9.9458901],[-84.22356966,9.94581565],[-84.22360782,9.9458392],[-84.2236495,9.94584376],[-84.22368069,9.94581729],[-84.22376669,9.94570501],[-84.22379765,9.94568476],[-84.223822,9.94567244],[-84.22385545,9.94565079],[-84.22390036,9.94563391],[-84.22395732,9.94562088],[-84.22401919,9.9456139],[-84.22407894,9.94559893],[-84.22410933,9.94559596],[-84.22413749,9.94558418],[-84.22416246,9.945565],[-84.22428375,9.94553342],[-84.22433005,9.94552191],[-84.22441366,9.94553117],[-84.22451044,9.94553964],[-84.22453867,9.94553828],[-84.22456665,9.94553573],[-84.22464426,9.9455372],[-84.22471892,9.94554289],[-84.22475763,9.94554149],[-84.2248256,9.94555143],[-84.22491582,9.94557766],[-84.22496369,9.94559542],[-84.2249906,9.94560044],[-84.22499998,9.94560258],[-84.22500003,9.9456026],[-84.22512457,9.94565579],[-84.2251948,9.94568976],[-84.22536505,9.94581325],[-84.22544786,9.94589421],[-84.22551464,9.94595187],[-84.22555694,9.94601629],[-84.22559062,9.94613489],[-84.22564129,9.94620931],[-84.225824,9.94676698],[-84.22598359,9.94722448],[-84.22603051,9.94747968],[-84.22606437,9.94779188],[-84.22610834,9.94792826],[-84.22614988,9.94796557],[-84.22620959,9.94800527],[-84.22629325,9.9480296],[-84.22641974,9.94804502],[-84.22650539,9.94805304],[-84.22656495,9.94808782],[-84.22669935,9.948165],[-84.2268099,9.94820681],[-84.22691069,9.94823897],[-84.22714568,9.94827057],[-84.22730078,9.94828382],[-84.22742109,9.94832886],[-84.22750889,9.94838358],[-84.22758558,9.94843033],[-84.22763571,9.94845762],[-84.22769422,9.94845758],[-84.22778524,9.94846718],[-84.2279088,9.9485251],[-84.22800308,9.94854115],[-84.22810384,9.94853464],[-84.22818186,9.94854103],[-84.22826265,9.94854044],[-84.22836389,9.94853768],[-84.22850873,9.94855797],[-84.2286687,9.94855768],[-84.22911143,9.94856205],[-84.22930982,9.94857249],[-84.22950386,9.94857804],[-84.22965963,9.9485988],[-84.23001521,9.94861067],[-84.23033378,9.94862979],[-84.23083249,9.94864146],[-84.23111094,9.94863415],[-84.23135648,9.94849985],[-84.23159154,9.94835178],[-84.23165349,9.94829053],[-84.23167074,9.94822837],[-84.23168891,9.94814224],[-84.23167424,9.9479712],[-84.23179265,9.94775546],[-84.23192574,9.94749756],[-84.23203611,9.94727226],[-84.23208985,9.94719258],[-84.23212447,9.94715094],[-84.23238246,9.94699667],[-84.23262778,9.94684902],[-84.23266962,9.94680096],[-84.23271507,9.94671714],[-84.23281357,9.94666347],[-84.23287201,9.94662963],[-84.23287653,9.94656907],[-84.23288398,9.94654341],[-84.23287742,9.94646889],[-84.23289363,9.94641409],[-84.23293259,9.94633995],[-84.23303063,9.94630707],[-84.23313409,9.94630436],[-84.23328686,9.94629458],[-84.23343316,9.94632993],[-84.23352737,9.946344],[-84.23360258,9.9463417],[-84.23363809,9.94634213],[-84.23366867,9.94632556],[-84.23369968,9.9462943],[-84.23374532,9.94621316],[-84.23379378,9.94607187],[-84.23383294,9.94584281],[-84.23383501,9.94574814],[-84.23375085,9.94511479],[-84.23364785,9.94406822],[-84.23362311,9.9437485],[-84.23361557,9.94359285],[-84.23363268,9.94349391],[-84.23365536,9.94339077],[-84.23371812,9.94327051],[-84.23377545,9.94314577],[-84.23384338,9.94302559],[-84.23384877,9.94290815],[-84.23389343,9.94285945],[-84.23403845,9.94272987],[-84.2342009,9.94263308],[-84.23437386,9.94258122],[-84.23443812,9.94253623],[-84.23450025,9.94248956],[-84.23455073,9.94243859],[-84.23458815,9.94239118],[-84.23468101,9.94225565],[-84.23470211,9.94220746],[-84.23473662,9.94213713],[-84.23475939,9.94207754],[-84.23479393,9.9419666],[-84.23480054,9.94187288],[-84.23482945,9.94166907],[-84.23487811,9.94121172],[-84.23490155,9.94114214],[-84.23492779,9.94110166],[-84.23496523,9.94105426],[-84.23502635,9.94094596],[-84.23510264,9.94077687],[-84.23521268,9.9406326],[-84.23524892,9.94057184],[-84.23529414,9.94051934],[-84.23532533,9.94047182],[-84.23543536,9.94032755],[-84.23556133,9.94012367],[-84.23558845,9.94000887],[-84.23561556,9.93989408],[-84.23564865,9.93982277],[-84.23568457,9.93973141],[-84.23575272,9.93953869],[-84.23577699,9.93942578],[-84.23579418,9.93930781],[-84.23582061,9.93908346],[-84.23581367,9.93889469],[-84.23580486,9.93842797],[-84.23581667,9.93816429],[-84.23582785,9.93810712],[-84.2358569,9.93803609],[-84.23594667,9.93790946],[-84.23596299,9.93788588],[-84.23600682,9.9378224],[-84.23618508,9.93768221],[-84.23633028,9.93760102],[-84.23642099,9.93756536],[-84.23649443,9.937551],[-84.23658255,9.93753558],[-84.23682675,9.93751076],[-84.2369072,9.9375075],[-84.23708322,9.93751559],[-84.23734681,9.93754411],[-84.23745105,9.9375676],[-84.23755182,9.93759744],[-84.23782412,9.93768153],[-84.23786255,9.93773951],[-84.2379052,9.93778179],[-84.23804526,9.93784611],[-84.23810096,9.93787818],[-84.23815337,9.93790589],[-84.23829325,9.93796868],[-84.23832219,9.9379907],[-84.23836351,9.93803278],[-84.23838388,9.93807268],[-84.23839498,9.93812359],[-84.23838966,9.93825361],[-84.23839501,9.93828657],[-84.23840667,9.93831979],[-84.23842163,9.93836779],[-84.23843794,9.93839578],[-84.23846019,9.93841529],[-84.23850299,9.93844239],[-84.2385935,9.93848554],[-84.23870043,9.93853194],[-84.23874624,9.93854373],[-84.23878653,9.93854872],[-84.23882406,9.93854943],[-84.23887239,9.9385382],[-84.23891809,9.93852729],[-84.23896639,9.93849925],[-84.2390065,9.93846613],[-84.23910457,9.93837441],[-84.23922142,9.93828055],[-84.23937472,9.9381623],[-84.239458,9.93807813],[-84.23948117,9.9380511],[-84.23954001,9.9379837],[-84.23961424,9.93789597],[-84.23973644,9.93778779],[-84.23976714,9.93775755],[-84.23985906,9.93763839],[-84.24000411,9.93749628],[-84.24010572,9.93740438],[-84.24022882,9.93727059],[-84.2402811,9.93722164],[-84.24042013,9.93711077],[-84.24060866,9.9369791],[-84.24067492,9.93693413],[-84.24069494,9.93692065],[-84.24071171,9.93691332],[-84.24074333,9.93690253],[-84.24078013,9.93689862],[-84.24085751,9.93692488],[-84.24091461,9.93693146],[-84.24094571,9.93693085],[-84.240989,9.93693549],[-84.24107144,9.936939],[-84.24122365,9.93694093],[-84.24128143,9.93694508],[-84.24131004,9.93694597],[-84.24135426,9.93693982],[-84.24142435,9.93694491],[-84.24147451,9.93695637],[-84.24170497,9.93704067],[-84.24183898,9.93709099],[-84.24188404,9.93710564],[-84.24191593,9.93711581],[-84.24194874,9.93712149],[-84.24196533,9.93712348],[-84.24199512,9.93711984],[-84.24202185,9.93710656],[-84.24204241,9.93708921],[-84.24206296,9.93706574],[-84.24208349,9.93703182],[-84.2420889,9.93701352],[-84.2420891,9.93699058],[-84.24209083,9.93697603],[-84.24209618,9.93696084],[-84.2421182,9.93688138],[-84.24213147,9.93684313],[-84.24216429,9.93679703],[-84.2422027,9.93673069],[-84.24226296,9.93662551],[-84.24233059,9.93652805],[-84.24237071,9.93646773],[-84.24241558,9.93640705],[-84.24245473,9.9363444],[-84.24248122,9.93629656],[-84.24249335,9.93626782],[-84.24251315,9.93622653],[-84.24256245,9.93613405],[-84.24260582,9.93603633],[-84.24261719,9.9359908],[-84.24264137,9.93594152],[-84.24270668,9.93586204],[-84.24278531,9.93578113],[-84.24285782,9.93571354],[-84.24293484,9.93564984],[-84.24301353,9.93560067],[-84.24311277,9.93555821],[-84.24324211,9.93547917],[-84.2433417,9.93543159],[-84.24341574,9.93538841],[-84.24349432,9.9353394],[-84.24357633,9.93529278],[-84.24360946,9.93527225],[-84.24365698,9.93524667],[-84.24368273,9.93523877],[-84.2437127,9.93523223],[-84.24376848,9.93521775],[-84.24382655,9.93521033],[-84.24386904,9.93521043],[-84.24393971,9.93521555],[-84.24406323,9.93525403],[-84.24416893,9.93527003],[-84.24426291,9.93527584],[-84.24431373,9.93527901],[-84.24439322,9.93527705],[-84.24445851,9.93527486],[-84.24454378,9.93527102],[-84.24462915,9.93525923],[-84.24467841,9.93525422],[-84.2447582,9.935244],[-84.24492626,9.93518967],[-84.24498184,9.93517155],[-84.24502972,9.93515091],[-84.24509029,9.93512815],[-84.24515045,9.93510467],[-84.24521281,9.93506754],[-84.24526082,9.93504475],[-84.24530994,9.93501381],[-84.24540461,9.93494863],[-84.24544526,9.93494047],[-84.24548973,9.93494112],[-84.24553629,9.93493912],[-84.24558382,9.93492458],[-84.24563864,9.93488466],[-84.24569528,9.93483386],[-84.24572449,9.93477584],[-84.24575005,9.9347487],[-84.24583257,9.93467441],[-84.24586844,9.93465098],[-84.24590904,9.93463068],[-84.24594954,9.93460556],[-84.24598623,9.93458357],[-84.24602235,9.93455447],[-84.24604695,9.93452661],[-84.2460735,9.93449642],[-84.24609449,9.93445093],[-84.24611365,9.93440213],[-84.24614467,9.93432416],[-84.24615902,9.93426556],[-84.24616877,9.93421869],[-84.24617194,9.93411024],[-84.24618088,9.93398274],[-84.24617455,9.93385727],[-84.24617264,9.93379272],[-84.24616894,9.93369219],[-84.24615811,9.93358374],[-84.24613854,9.93346132],[-84.24610448,9.93334327],[-84.24610401,9.9333335],[-84.24610338,9.93333191],[-84.24608668,9.93322598],[-84.24607289,9.93315725],[-84.24606702,9.93309714],[-84.24606372,9.93303788],[-84.24605169,9.93294486],[-84.24604592,9.93283561],[-84.24605689,9.93274063],[-84.24607289,9.93266901],[-84.24608355,9.93261595],[-84.24609897,9.93256625],[-84.24611558,9.9325231],[-84.24615563,9.93242759],[-84.24620566,9.93235091],[-84.24627322,9.93226837],[-84.2463338,9.93220441],[-84.24637104,9.93216005],[-84.24643361,9.93210381],[-84.24648198,9.93205068],[-84.24653786,9.93199234],[-84.24656394,9.93194944],[-84.24663514,9.93186027],[-84.24670584,9.93179929],[-84.24676505,9.93173755],[-84.2468426,9.93169771],[-84.24693355,9.93168703],[-84.24699508,9.93169759],[-84.24706467,9.93174528],[-84.24714229,9.93179297],[-84.24725467,9.93182737],[-84.24739115,9.93189622],[-84.24750334,9.93194983],[-84.24765453,9.93198647],[-84.24775836,9.93203432],[-84.24796579,9.93212052],[-84.24806825,9.93216121],[-84.24815503,9.93220378],[-84.24824053,9.93224804],[-84.24832648,9.93229331],[-84.24838209,9.93231839],[-84.24841686,9.93233653],[-84.24847772,9.93236249],[-84.24850697,9.93237556],[-84.24855438,9.93238879],[-84.24859268,9.93239289],[-84.24864852,9.93239805],[-84.24868286,9.93239717],[-84.24873382,9.93239425],[-84.24881157,9.93238467],[-84.24885795,9.9323729],[-84.24890882,9.93235315],[-84.24895272,9.93232584],[-84.24900444,9.93228932],[-84.24907975,9.93222425],[-84.2491323,9.93216876],[-84.24917939,9.93210412],[-84.24921613,9.93203897],[-84.24923906,9.9319742],[-84.24925715,9.93192041],[-84.24926838,9.93187803],[-84.24927737,9.93182319],[-84.24927846,9.93177284],[-84.24928857,9.93171912],[-84.24931337,9.93167771],[-84.24936289,9.9316056],[-84.24941089,9.93154167],[-84.24949578,9.93145092],[-84.2495806,9.93135861],[-84.24965082,9.93127907],[-84.24968589,9.93123853],[-84.24974428,9.93115752],[-84.2497853,9.93108084],[-84.24981232,9.93102058],[-84.24986434,9.93083948],[-84.24988291,9.93077842],[-84.2499199,9.93063645],[-84.24994192,9.93058763],[-84.25,9.93048493],[-84.25002694,9.93043979],[-84.25004688,9.93040655],[-84.25005376,9.93039655],[-84.2500616,9.93038728],[-84.25006848,9.93037733],[-84.25008456,9.93035607],[-84.25009963,9.93033413],[-84.25010378,9.93032685],[-84.25011061,9.9303169],[-84.25011817,9.93030595],[-84.25012505,9.930296],[-84.25013848,9.93027438],[-84.25014431,9.93026371],[-84.25015589,9.93024454],[-84.25016659,9.93022183],[-84.25017331,9.93020446],[-84.25018296,9.93018181],[-84.25018895,9.9301658],[-84.25019757,9.9301435],[-84.25020599,9.93011845],[-84.25021149,9.93010615],[-84.25022155,9.93008082],[-84.25022779,9.93006748],[-84.2502366,9.93004793],[-84.25024304,9.93003252],[-84.25025556,9.93000445],[-84.25026858,9.92997821],[-84.25028884,9.92994234],[-84.25029982,9.92991701],[-84.25031246,9.92989189],[-84.25032513,9.92986609],[-84.2503382,9.92984276],[-84.25034748,9.92982522],[-84.25035376,9.92980952],[-84.25037034,9.9297716],[-84.25038048,9.92974286],[-84.2503833,9.92973015],[-84.25038548,9.92971844],[-84.25038862,9.92970745],[-84.25039349,9.9296961],[-84.25039831,9.9296848],[-84.25040418,9.92967412],[-84.25041074,9.9296625],[-84.25041725,9.92965088],[-84.25042477,9.92963988],[-84.25043306,9.92962426],[-84.25044303,9.92960696],[-84.25045373,9.92958502],[-84.25046321,9.92956774],[-84.25047618,9.92954174],[-84.25048318,9.92951873],[-84.25049215,9.92949706],[-84.25049802,9.92948639],[-84.25050972,9.92946513],[-84.25051865,9.92945215],[-84.25052689,9.92944021],[-84.25054028,9.92941859],[-84.25055367,9.92939697],[-84.25056702,9.92937539],[-84.25058383,9.92935309],[-84.25059963,9.92933021],[-84.25061471,9.92930827],[-84.25063525,9.92927837],[-84.25064937,9.92925576],[-84.25066023,9.92924065],[-84.25066959,9.92922418],[-84.25068234,9.92920356],[-84.25069673,9.92918266],[-84.25070944,9.92916204],[-84.25072153,9.92914258],[-84.25072866,9.92912979],[-84.25073453,9.92911912],[-84.25074592,9.92909614],[-84.25075898,9.92907285],[-84.25076522,9.92905955],[-84.2507711,9.92904892],[-84.2507766,9.92903658],[-84.25078211,9.92902428],[-84.25078598,9.92901225],[-84.25079153,9.92899995],[-84.25079709,9.9289876],[-84.25080259,9.9289753],[-84.25080911,9.92896368],[-84.25081498,9.928953],[-84.2508198,9.9289417],[-84.25082299,9.92893066],[-84.2508273,9.92890729],[-84.25083093,9.92888491],[-84.2508362,9.92886221],[-84.25084209,9.92884356],[-84.25084635,9.92882816],[-84.25085171,9.92880546],[-84.25085698,9.92878276],[-84.2508633,9.92876078],[-84.25087244,9.92872601],[-84.25087744,9.92870168],[-84.25088289,9.9286861],[-84.25088895,9.92866564],[-84.2508935,9.92865262],[-84.25090183,9.92861992],[-84.25090868,9.9285942],[-84.25091082,9.92858253],[-84.25091396,9.92857154],[-84.25092265,9.92854816],[-84.25092816,9.92853586],[-84.25093403,9.92852523],[-84.25093958,9.92851293],[-84.25094541,9.92850226],[-84.25095124,9.92849163],[-84.25095711,9.928481],[-84.25096882,9.92845966],[-84.25098125,9.9284374],[-84.25099391,9.92841678],[-84.25101249,9.92838553],[-84.25102355,9.92836083],[-84.25103325,9.92833822],[-84.25103812,9.92832687],[-84.25104125,9.92831588],[-84.2510458,9.92830286],[-84.25104967,9.92829083],[-84.25105281,9.92827984],[-84.25105595,9.92826885],[-84.25105977,9.92825683],[-84.2510686,9.92822526],[-84.25107382,9.92820645],[-84.25108119,9.92818077],[-84.25108787,9.92815608],[-84.25109556,9.92813207],[-84.25110221,9.92810976],[-84.25111093,9.92808404],[-84.25111635,9.92806842],[-84.25112418,9.92804768],[-84.25113299,9.92802501],[-84.25114156,9.92800102],[-84.25114775,9.92798772],[-84.2511533,9.92797537],[-84.25115918,9.92796475],[-84.25116738,9.9279528],[-84.25117462,9.92794014],[-84.25118245,9.92793082],[-84.2511907,9.92791888],[-84.25119858,9.92790961],[-84.25120609,9.92789861],[-84.25121534,9.92788735],[-84.25122391,9.92787708],[-84.25123078,9.92786713],[-84.25124814,9.92784822],[-84.25126422,9.92783134],[-84.25127789,9.9278164],[-84.25129764,9.92779981],[-84.25131663,9.92778548],[-84.2513395,9.92776686],[-84.25135917,9.92775078],[-84.2513817,9.92773555],[-84.25141498,9.92771712],[-84.25144198,9.927704],[-84.25146934,9.92769343],[-84.25149602,9.92768284],[-84.25152253,9.92767379],[-84.25155292,9.92765945],[-84.25158181,9.92764597],[-84.25160307,9.92763681],[-84.25162521,9.92762998],[-84.25166168,9.92762403],[-84.25168772,9.92762266],[-84.25171029,9.92762192],[-84.25173632,9.9276205],[-84.25175055,9.92761696],[-84.25176875,9.92761483],[-84.25178623,9.92761481],[-84.25181297,9.92761827],[-84.2518521,9.9276214],[-84.25187841,9.92762166],[-84.25191689,9.9276214],[-84.25194357,9.92762299],[-84.25196637,9.92762674],[-84.25198936,9.92762957],[-84.2520097,9.92763047],[-84.2520397,9.92763139],[-84.25208039,9.92763268],[-84.25210091,9.92763417],[-84.25212743,9.92763236],[-84.25216551,9.92762583],[-84.25221416,9.92762429],[-84.25226889,9.92762802],[-84.25231389,9.92763183],[-84.25241055,9.92763834],[-84.25244882,9.92765549],[-84.25246123,9.927661],[-84.25247368,9.92766646],[-84.25252111,9.92768103],[-84.25254465,9.92768965],[-84.25255877,9.92769497],[-84.25257968,9.92769871],[-84.25260088,9.9277026],[-84.25262072,9.92770754],[-84.25264526,9.92771683],[-84.25267736,9.92772981],[-84.25270487,9.92774341],[-84.25273161,9.92775623],[-84.25275301,9.92777218],[-84.25278758,9.92779263],[-84.25283457,9.92781854],[-84.25285443,9.92782849],[-84.25288352,9.92784586],[-84.25289593,9.92785566],[-84.25291374,9.92786848],[-84.25294469,9.9278889],[-84.25297102,9.92790502],[-84.25300009,9.92792905],[-84.25303859,9.9279566],[-84.25305971,9.92797091],[-84.25307783,9.9279831],[-84.25309895,9.92799737],[-84.25311975,9.92801002],[-84.25314649,9.92803102],[-84.25316729,9.92804366],[-84.25319226,9.92806078],[-84.25321891,9.92808376],[-84.25324057,9.92810197],[-84.25324887,9.92811345],[-84.25327662,9.92814385],[-84.25329894,9.9281692],[-84.25331797,9.92818645],[-84.25333242,9.92820293],[-84.25335265,9.92822599],[-84.25337903,9.92825404],[-84.25338565,9.92826579],[-84.25340162,9.9282854],[-84.25341627,9.92830266],[-84.25343647,9.92832467],[-84.25345393,9.92834856],[-84.2534689,9.9283674],[-84.25348463,9.92838511],[-84.25350431,9.92840598],[-84.25352266,9.92842419],[-84.25353133,9.928433],[-84.25354771,9.92844994],[-84.25355401,9.92846006],[-84.253563,9.9284705],[-84.25358728,9.92850154],[-84.25359358,9.92851166],[-84.25360956,9.92853122],[-84.25361759,9.92854103],[-84.25362626,9.92854979],[-84.25363429,9.9285596],[-84.25364228,9.9285694],[-84.25365196,9.92857889],[-84.25366793,9.92859845],[-84.2536766,9.92860721],[-84.25368559,9.9286177],[-84.25369531,9.92862718],[-84.25370499,9.92863667],[-84.25371398,9.92864715],[-84.25372265,9.92865591],[-84.25373237,9.9286654],[-84.25374204,9.92867489],[-84.25375139,9.92868266],[-84.25376143,9.92869382],[-84.25378044,9.92871029],[-84.25379155,9.92871857],[-84.25380122,9.92872801],[-84.25381258,9.92873718],[-84.25382125,9.92874599],[-84.25383065,9.92875376],[-84.25384069,9.92876057],[-84.25385073,9.92876739],[-84.25386282,9.92877552],[-84.25387317,9.92878401],[-84.25388526,9.92879214],[-84.25389731,9.92880032],[-84.25390935,9.92880849],[-84.25391944,9.92881531],[-84.25393153,9.92882348],[-84.25394225,9.92882926],[-84.25395598,9.92883712],[-84.25396702,9.92884461],[-84.25397874,9.92885107],[-84.25398882,9.92885784],[-84.25400059,9.92886434],[-84.25402577,9.92887698],[-84.25403581,9.9288838],[-84.25405999,9.92889576],[-84.25408416,9.92890777],[-84.25410729,9.92891901],[-84.25413051,9.92893034],[-84.25415532,9.92894126],[-84.25416677,9.92894609],[-84.25417754,9.92895192],[-84.25419866,9.92896185],[-84.25422082,9.92897245],[-84.25423091,9.92897927],[-84.25424432,9.92898541],[-84.25425645,9.92898924],[-84.25426753,9.92899235],[-84.25429175,9.92899998],[-84.25430288,9.92900309],[-84.25431597,9.92900755],[-84.25432874,9.92901039],[-84.25434188,9.92901486],[-84.25435976,9.92902078],[-84.2543785,9.92902799],[-84.25441558,9.92903845],[-84.25443939,9.92904874],[-84.25446398,9.92905798],[-84.25448847,9.92906732],[-84.25451406,9.9290773],[-84.25455004,9.92908703],[-84.25456774,9.92909388],[-84.25462016,9.92911172],[-84.25465196,9.92912448],[-84.25467944,9.92913662],[-84.25469053,9.92913973],[-84.25470298,9.92914519],[-84.25471712,9.92915038],[-84.25472852,9.92915521],[-84.25473992,9.92915999],[-84.25475137,9.92916482],[-84.25478695,9.92918161],[-84.25482385,9.92920101],[-84.25487704,9.92922201],[-84.25489776,9.92922939],[-84.25492338,9.92924028],[-84.25496197,9.92925906],[-84.25498314,9.92926903],[-84.25500732,9.92928095],[-84.25503049,9.92929228],[-84.25504358,9.92930113],[-84.25506803,9.92931472],[-84.25508956,9.92932637],[-84.25511301,9.92933932],[-84.25512478,9.92934583],[-84.25513751,9.92935296],[-84.2551486,9.92936046],[-84.25516132,9.92936759],[-84.25518381,9.92937991],[-84.25520758,9.92939454],[-84.25521935,9.929401],[-84.25523012,9.92940682],[-84.25525457,9.92942046],[-84.25526565,9.92942795],[-84.25527642,9.92943373],[-84.25529987,9.92944673],[-84.25532537,9.92946105],[-84.25534986,9.92947468],[-84.2553609,9.92948218],[-84.25538444,9.92949513],[-84.25539617,9.92950159],[-84.25541866,9.92951392],[-84.2554411,9.92952619],[-84.25546323,9.92954119],[-84.25547527,9.92954932],[-84.25548631,9.92955677],[-84.25549909,9.92956395],[-84.2555219,9.92957794],[-84.25553394,9.92958607],[-84.25555575,9.92959935],[-84.25557755,9.92961267],[-84.25559033,9.9296198],[-84.25561478,9.92963343],[-84.25563763,9.92964739],[-84.2556604,9.92966138],[-84.25567244,9.92966951],[-84.25568449,9.92967769],[-84.25570834,9.92969232],[-84.25573111,9.92970631],[-84.2557432,9.92971444],[-84.25575429,9.92972194],[-84.25576432,9.92972876],[-84.25577637,9.92973688],[-84.25578841,9.92974506],[-84.25580958,9.92975933],[-84.25582062,9.92976678],[-84.25583066,9.9297736],[-84.2558417,9.92978109],[-84.25585374,9.92978927],[-84.25586684,9.92979812],[-84.25587724,9.92980656],[-84.25588928,9.92981474],[-84.25590032,9.92982223],[-84.25591342,9.92983104],[-84.25592551,9.92983921],[-84.25593823,9.92984639],[-84.25594827,9.92985317],[-84.25596032,9.92986134],[-84.25597136,9.92986884],[-84.25598076,9.92987661],[-84.25599285,9.92988473],[-84.25601493,9.92989973],[-84.25602601,9.92990722],[-84.25603605,9.92991404],[-84.25604645,9.92992249],[-84.2560585,9.92993062],[-84.25606954,9.92993811],[-84.25608158,9.92994629],[-84.25609167,9.92995306],[-84.25612483,9.9299755],[-84.25613487,9.92998232],[-84.25615361,9.92999636],[-84.25618069,9.93001167],[-84.2562043,9.93002486],[-84.25622848,9.93003686],[-84.25624194,9.93004305],[-84.25625535,9.93004918],[-84.2562782,9.9300588],[-84.25631209,9.93007586],[-84.25633563,9.93008452],[-84.25635916,9.93009314],[-84.2563817,9.93010108],[-84.25641768,9.9301152],[-84.25644218,9.93012445],[-84.25646608,9.93013474],[-84.25647849,9.9301402],[-84.25650471,9.93014922],[-84.25652993,9.93015752],[-84.25654207,9.93016136],[-84.25656761,9.93017133],[-84.25659147,9.93018162],[-84.2566036,9.9301854],[-84.25661669,9.93018992],[-84.25663448,9.93019724],[-84.2566628,9.93020213],[-84.25669919,9.93020482],[-84.25671168,9.93020594],[-84.25672481,9.93020611],[-84.2567643,9.93020653],[-84.25679134,9.93020579],[-84.25680352,9.93020523],[-84.25681633,9.93020373],[-84.25683019,9.93020291],[-84.25684305,9.93020136],[-84.25685518,9.93020081],[-84.25686835,9.93020093],[-84.25690584,9.9302],[-84.2569197,9.93019913],[-84.25693351,9.93019831],[-84.25694507,9.93019764],[-84.25695955,9.93019689],[-84.25697149,9.93019634],[-84.25699739,9.93019324],[-84.25703455,9.93019068],[-84.25705854,9.9301879],[-84.25707308,9.93018604],[-84.25713354,9.93017731],[-84.25715825,9.93017354],[-84.25718364,9.93016877],[-84.25723402,9.93015761],[-84.25724656,9.93015444],[-84.25727163,9.930148],[-84.25729867,9.93014292],[-84.25732233,9.93013847],[-84.25734804,9.93013542],[-84.25736254,9.93013356],[-84.25738926,9.93013114],[-84.25741429,9.93012474],[-84.25742683,9.93012153],[-84.25745218,9.9301168],[-84.25747826,9.93011104],[-84.25750461,9.93010695],[-84.2575445,9.93010032],[-84.25756958,9.93009393],[-84.2575946,9.93008749],[-84.25762064,9.93008177],[-84.25764671,9.93007601],[-84.25767279,9.93007025],[-84.25769842,9.93006716],[-84.25772313,9.93006339],[-84.25774711,9.9300607],[-84.25777315,9.93005928],[-84.25782024,9.93005251],[-84.25788596,9.93003646],[-84.25794437,9.93002165],[-84.2579879,9.93001025],[-84.25804737,9.92999758],[-84.25807974,9.92999019],[-84.25810965,9.92998501],[-84.25816701,9.92997846],[-84.25819646,9.92997522],[-84.25822044,9.92997344],[-84.2582706,9.92997001],[-84.25831875,9.92996731],[-84.2583669,9.92996587],[-84.25839029,9.9299663],[-84.25843968,9.92996722],[-84.25846581,9.92996711],[-84.25851952,9.92997321],[-84.2585468,9.92997835],[-84.25857512,9.9299828],[-84.25862957,9.92999587],[-84.25865744,9.93000516],[-84.25868326,9.93001396],[-84.25873284,9.93003602],[-84.25875428,9.93004767],[-84.25877613,9.93006031],[-84.25879807,9.93007467],[-84.25881984,9.93008876],[-84.25884133,9.93010561],[-84.25886259,9.93011988],[-84.25890073,9.93015005],[-84.25894161,9.93018465],[-84.2589789,9.9302211],[-84.25899966,9.93024165],[-84.25903658,9.93028426],[-84.2590558,9.93030513],[-84.25907455,9.93032722],[-84.25911189,9.93037168],[-84.25914444,9.93041528],[-84.25917315,9.93046006],[-84.25919549,9.93050887],[-84.25920472,9.93053373],[-84.25921605,9.93056075],[-84.25922911,9.93058461],[-84.25924935,9.93063483],[-84.25925976,9.93065611],[-84.25927166,9.93070967],[-84.25927831,9.93076564],[-84.2592844,9.9307905],[-84.25928987,9.93084203],[-84.2592929,9.93086916],[-84.25929793,9.93089442],[-84.25930582,9.9309479],[-84.2593119,9.93097394],[-84.2593207,9.93102669],[-84.25932514,9.93105227],[-84.25933323,9.93107758],[-84.25934073,9.93110362],[-84.25934782,9.93112703],[-84.25935363,9.93115067],[-84.25936334,9.93120374],[-84.25937612,9.93128167],[-84.25938369,9.93133691],[-84.25939346,9.93140278],[-84.25939194,9.93145042],[-84.25939394,9.93150666],[-84.25939684,9.93153401],[-84.25940422,9.93159106],[-84.25941485,9.9316472],[-84.25942107,9.93167513],[-84.25942935,9.9317032],[-84.25943666,9.93172955],[-84.2594443,9.93175717],[-84.25945925,9.93180693],[-84.25947602,9.9318552],[-84.25949817,9.93190311],[-84.25952443,9.93195115],[-84.25954513,9.93198305],[-84.25957611,9.93202222],[-84.25959327,9.93204282],[-84.25961066,9.93206505],[-84.25962982,9.93208497],[-84.25965104,9.93210399],[-84.25967149,9.932124],[-84.25971821,9.93216058],[-84.25976771,9.93219992],[-84.25978537,9.93221582],[-84.25983146,9.93225091],[-84.25988023,9.93228433],[-84.25993128,9.93231748],[-84.25997927,9.93234859],[-84.260029,9.9323825],[-84.26007965,9.93241691],[-84.26013143,9.93244947],[-84.26018161,9.93247881],[-84.26023211,9.93250599],[-84.26025565,9.9325194],[-84.26030514,9.93254432],[-84.26035199,9.93256476],[-84.26039815,9.93258511],[-84.26044759,9.93260546],[-84.26049539,9.93262156],[-84.26051811,9.93262865],[-84.2605452,9.93263296],[-84.26057356,9.9326381],[-84.26060102,9.93264246],[-84.26065652,9.93265055],[-84.26071539,9.93265657],[-84.26076227,9.93265903],[-84.26082298,9.9326533],[-84.26087223,9.93264191],[-84.26091346,9.93262143],[-84.26095801,9.93259006],[-84.26097843,9.93257331],[-84.26101995,9.93254661],[-84.26106133,9.93252126],[-84.26110805,9.93249071],[-84.2611344,9.93248078],[-84.26116294,9.93247516],[-84.26120431,9.93246674],[-84.2612384,9.93246922],[-84.2612864,9.93245919],[-84.26132698,9.93244668],[-84.26137264,9.93244222],[-84.26139789,9.9324416],[-84.26142815,9.93242603],[-84.26146469,9.93239237],[-84.26150078,9.93235898],[-84.26152028,9.93234065],[-84.26156312,9.93231286],[-84.26160751,9.93228321],[-84.26162934,9.93226873],[-84.26165003,9.93225086],[-84.26167158,9.93223325],[-84.26169277,9.93221538],[-84.26171323,9.93219719],[-84.26173018,9.93217995],[-84.26175278,9.93216217],[-84.26178027,9.93213691],[-84.2618178,9.93210013],[-84.26185689,9.93205367],[-84.26187319,9.93203038],[-84.26188945,9.93200708],[-84.26190302,9.93198474],[-84.26191464,9.93196493],[-84.26192893,9.93193955],[-84.26193959,9.93191703],[-84.26196521,9.93186095],[-84.26197614,9.931833],[-84.26198815,9.9318037],[-84.26201341,9.93174934],[-84.26203273,9.93171401],[-84.26205549,9.93167693],[-84.26209043,9.93163246],[-84.26210541,9.93160871],[-84.262138,9.93156401],[-84.26217031,9.93151431],[-84.26219746,9.93147035],[-84.26222733,9.93142434],[-84.26224174,9.93140189],[-84.26227073,9.931364],[-84.2623147,9.93131614],[-84.2623544,9.93128491],[-84.26239578,9.93125726],[-84.26244035,9.93122788],[-84.26246195,9.93121181],[-84.26248816,9.93119832],[-84.26251063,9.93118497],[-84.26253369,9.93117392],[-84.26256045,9.93116689],[-84.26258644,9.93115475],[-84.26261634,9.93114763],[-84.26263964,9.93114187],[-84.26269458,9.93112994],[-84.26275093,9.93112519],[-84.26280159,9.93111968],[-84.2628538,9.93112905],[-84.26291057,9.93117572],[-84.26295826,9.93122833],[-84.26299485,9.93126049],[-84.26303473,9.93129116],[-84.26307644,9.93132485],[-84.26309178,9.93134731],[-84.26312436,9.93137888],[-84.26316009,9.93141168],[-84.26318299,9.93142409],[-84.26320771,9.9314361],[-84.26322902,9.9314482],[-84.26325201,9.93145917],[-84.26327317,9.93146792],[-84.26329939,9.93147219],[-84.26332284,9.93147954],[-84.26334765,9.93148604],[-84.26339185,9.93150106],[-84.26341716,9.93150872],[-84.26343946,9.93151729],[-84.26346405,9.93152623],[-84.2635102,9.93153736],[-84.26353506,9.93154091],[-84.26358582,9.93155439],[-84.26360995,9.93156431],[-84.26363426,9.9315737],[-84.26365999,9.93158552],[-84.26368335,9.9315997],[-84.26370264,9.93161279],[-84.26372673,9.93162941],[-84.26374936,9.93164409],[-84.26376948,9.93165754],[-84.2638161,9.93168205],[-84.26386381,9.93170051],[-84.26391549,9.93171905],[-84.26396872,9.93173849],[-84.26399741,9.93174855],[-84.26402149,9.93175613],[-84.26407987,9.93177005],[-84.26410847,9.93177405],[-84.26413131,9.93177914],[-84.26415895,9.93178269],[-84.26420921,9.93179025],[-84.26425983,9.93179785],[-84.26428491,9.93180452],[-84.26433722,9.93181478],[-84.26438707,9.93182478],[-84.26441297,9.93182919],[-84.26443669,9.93183306],[-84.26448402,9.93183714],[-84.2645319,9.9318385],[-84.26458402,9.93183887],[-84.26461129,9.93183857],[-84.26466797,9.93183912],[-84.26469642,9.93183986],[-84.2647526,9.93183824],[-84.26480626,9.9318325],[-84.26485819,9.93182427],[-84.26488249,9.93181915],[-84.26493415,9.93180523],[-84.26496036,9.93179738],[-84.26498639,9.93179085],[-84.26503713,9.93177621],[-84.26508609,9.93175963],[-84.26513541,9.93174236],[-84.26518565,9.93172428],[-84.26523789,9.93170336],[-84.26526401,9.93169036],[-84.26529085,9.93168048],[-84.26531798,9.93166893],[-84.26534647,9.93165942],[-84.26537491,9.93164967],[-84.26540309,9.93164165],[-84.26543035,9.93163385],[-84.26545593,9.9316285],[-84.26548528,9.9316207],[-84.26551209,9.93161331],[-84.26553922,9.93160628],[-84.26556306,9.93159858],[-84.26559369,9.93159073],[-84.26565282,9.93157057],[-84.26569562,9.93154576],[-84.26574612,9.93152379],[-84.26579922,9.93149631],[-84.26584466,9.93147064],[-84.26588928,9.93144411],[-84.26593194,9.93141925],[-84.26597844,9.93139639],[-84.26600041,9.93138593],[-84.26603072,9.9313751],[-84.26608971,9.93135638],[-84.26614797,9.93134309],[-84.26620601,9.93133138],[-84.26626227,9.93131953],[-84.26628529,9.93131427],[-84.26631265,9.93130923],[-84.26636048,9.93130295],[-84.26641374,9.93130246],[-84.26643668,9.93130796],[-84.26648433,9.93131664],[-84.26653546,9.93132646],[-84.26659032,9.93133722],[-84.26661317,9.93134046],[-84.26664331,9.9313455],[-84.26669821,9.93134396],[-84.26675535,9.93134563],[-84.26678226,9.93134896],[-84.26680861,9.9313516],[-84.2668648,9.93135848],[-84.26689403,9.93136374],[-84.26692299,9.93136833],[-84.26698059,9.93138212],[-84.26703208,9.93139632],[-84.26708385,9.93141327],[-84.26713129,9.93143024],[-84.26715487,9.93143695],[-84.26720395,9.9314578],[-84.26725413,9.93148204],[-84.26729984,9.93150596],[-84.26735239,9.93153372],[-84.2674038,9.93156063],[-84.26744586,9.93158722],[-84.26749116,9.93161368],[-84.26753774,9.93163588],[-84.2675828,9.9316538],[-84.26762564,9.93167334],[-84.26767344,9.93169762],[-84.26769507,9.93170741],[-84.26771373,9.93172209],[-84.26774274,9.93173948],[-84.26776273,9.93175379],[-84.26778203,9.93177213],[-84.2678011,9.93178523],[-84.26784732,9.93182524],[-84.2678648,9.93184146],[-84.26788137,9.93186052],[-84.26789994,9.93187679],[-84.26791441,9.93189531],[-84.26793212,9.93191252],[-84.26795215,9.93192959],[-84.26797159,9.93194667],[-84.26799108,9.93196885],[-84.26801394,9.93199071],[-84.26803279,9.93200788],[-84.26805004,9.93202472],[-84.26806938,9.93204198],[-84.26808581,9.93205969],[-84.26810224,9.93207622],[-84.26811758,9.93209447],[-84.2681362,9.93211064],[-84.26817143,9.93214316],[-84.26821378,9.93218545],[-84.26825353,9.9322275],[-84.26829332,9.93226902],[-84.2683296,9.9323066],[-84.26836602,9.93234527],[-84.26840034,9.93238336],[-84.26844133,9.93242627],[-84.2684599,9.93244859],[-84.26847706,9.93246522],[-84.26849536,9.93248663],[-84.2685159,9.93250727],[-84.26853266,9.93253163],[-84.2685658,9.93257966],[-84.26858638,9.9326013],[-84.26861779,9.93264775],[-84.2686329,9.93266618],[-84.2686533,9.93268904],[-84.26872231,9.93276616],[-84.26873664,9.93278436],[-84.26876928,9.932829],[-84.26878836,9.9328548],[-84.26880379,9.93287473],[-84.26882,9.93289804],[-84.2688567,9.93294711],[-84.2688913,9.93298782],[-84.26890559,9.93300715],[-84.26896728,9.93305607],[-84.26898749,9.93306993],[-84.26904118,9.93309258],[-84.2690695,9.93310589],[-84.26915361,9.93312739],[-84.26917814,9.93313497],[-84.26924949,9.93314165],[-84.2693391,9.93314158],[-84.26941037,9.93312739],[-84.26945987,9.93310083],[-84.26947159,9.93309508],[-84.26949774,9.93307725],[-84.26952121,9.93305743],[-84.26954596,9.93303716],[-84.26956778,9.93301544],[-84.26958646,9.93299824],[-84.26962925,9.93295888],[-84.2696812,9.93292726],[-84.26971338,9.93290497],[-84.26975649,9.93287821],[-84.26977994,9.93285477],[-84.26980857,9.93282975],[-84.26984612,9.93280327],[-84.26988891,9.93276915],[-84.26992783,9.93274086],[-84.26996889,9.93270738],[-84.26998419,9.93268842],[-84.26999882,9.93267051],[-84.27004009,9.93263028],[-84.27007855,9.93259246],[-84.27011851,9.93255233],[-84.27015669,9.9325126],[-84.27017851,9.9324917],[-84.27019455,9.93247365],[-84.27021806,9.9324541],[-84.27023824,9.93243496],[-84.27026354,9.93241735],[-84.27028219,9.93240289],[-84.27031289,9.93238386],[-84.2703466,9.93236365],[-84.2703758,9.9323517],[-84.27040506,9.93234716],[-84.27043165,9.9323457],[-84.27046171,9.93233375],[-84.27050142,9.93230413],[-84.27052421,9.93228242],[-84.27053737,9.93226066],[-84.27055956,9.93222378],[-84.2705789,9.93219363],[-84.27061014,9.93214975],[-84.27062713,9.93212785],[-84.2706433,9.93210691],[-84.27066107,9.93208397],[-84.27067979,9.93206289],[-84.27070198,9.93203932],[-84.27072599,9.93201769],[-84.270749,9.93199398],[-84.2707752,9.93197425],[-84.27079963,9.93195465],[-84.27082583,9.93193546],[-84.27085395,9.93191799],[-84.27091128,9.9318835],[-84.27093567,9.93186874],[-84.27099824,9.93183121],[-84.27101893,9.93181858],[-84.27103881,9.93180731],[-84.27106616,9.93179517],[-84.27111629,9.93176986],[-84.2711369,9.93175917],[-84.27118394,9.93173865],[-84.27123854,9.93171419],[-84.2712684,9.93170192],[-84.27129594,9.93169403],[-84.27132853,9.93168659],[-84.27135639,9.93168015],[-84.27137914,9.93167746],[-84.27140549,9.93167342],[-84.27143905,9.93166828],[-84.27146257,9.93166505],[-84.27149011,9.93166277],[-84.27151442,9.93166026],[-84.27154369,9.93165929],[-84.27156767,9.93165932],[-84.27159312,9.93166232],[-84.27162167,9.93166293],[-84.27164898,9.93166725],[-84.27166653,9.93166754],[-84.27170164,9.93166079],[-84.27174956,9.9316556],[-84.27179885,9.93164986],[-84.27183927,9.93164946],[-84.27187793,9.93165495],[-84.2719,9.93165986],[-84.27192549,9.93166377],[-84.27195308,9.93167157],[-84.2719799,9.93167978],[-84.27200905,9.9316916],[-84.27205913,9.93170896],[-84.27211085,9.9317252],[-84.27216244,9.93174025],[-84.27221539,9.9317559],[-84.27226734,9.93177145],[-84.27231756,9.93178669],[-84.27237813,9.93180685],[-84.27243026,9.931823],[-84.27248034,9.93183959],[-84.27253088,9.93185953],[-84.27257997,9.93188056],[-84.27262658,9.93190127],[-84.27267225,9.93192181],[-84.27269396,9.93193246],[-84.27271813,9.93194252],[-84.27274003,9.9319529],[-84.27276462,9.93196373],[-84.27278615,9.93197352],[-84.27281183,9.93198517],[-84.27283286,9.93199442],[-84.27285745,9.93200547],[-84.27288655,9.93201951],[-84.27290958,9.93202966],[-84.27293545,9.93204244],[-84.27295848,9.93205227],[-84.27298745,9.93206568],[-84.27301103,9.93207583],[-84.27303745,9.93208711],[-84.27306135,9.93209681],[-84.27308602,9.93210669],[-84.27311075,9.93211526],[-84.27313656,9.93212428],[-84.27319143,9.93213549],[-84.27322512,9.93213596],[-84.27328094,9.93213931],[-84.27330893,9.93213562],[-84.27333849,9.93213864],[-84.27338778,9.93214496],[-84.27341113,9.93214933],[-84.27346627,9.93216267],[-84.27351603,9.93217515],[-84.27356593,9.93218677],[-84.27359165,9.93219095],[-84.27364145,9.93219987],[-84.27369353,9.93220719],[-84.27371902,9.93220988],[-84.27374428,9.9322133],[-84.27376964,9.93221644],[-84.2738266,9.93222309],[-84.27388036,9.93222824],[-84.27390663,9.93222989],[-84.2739329,9.9322315],[-84.27395816,9.93223306],[-84.27398379,9.93223471],[-84.27400887,9.93223682],[-84.27403614,9.93223801],[-84.27405935,9.93224003],[-84.27412105,9.93224658],[-84.27417212,9.93225264],[-84.27422343,9.93225938],[-84.27427432,9.93226617],[-84.27432672,9.93227236],[-84.27438076,9.93227964],[-84.27445601,9.93229296],[-84.27450708,9.93229771],[-84.27455829,9.93230178],[-84.27463322,9.93230855],[-84.27468383,9.93230977],[-84.27473436,9.93231145],[-84.27478484,9.93231295],[-84.27483372,9.93231426],[-84.27488165,9.93231458],[-84.27490641,9.93231389],[-84.2749308,9.93231179],[-84.27496194,9.93230842],[-84.27499996,9.93230419],[-84.2754918,9.93214365],[-84.27603764,9.93185377],[-84.276146,9.93176507],[-84.27625474,9.93158369],[-84.2767232,9.93090566],[-84.27716377,9.9305205],[-84.27775642,9.93006133],[-84.27824367,9.9298085],[-84.27856652,9.92973127],[-84.27889871,9.92969405],[-84.279262,9.92971222],[-84.27952599,9.92980127],[-84.27993291,9.93000719],[-84.28012858,9.93008706],[-84.28042051,9.93015762],[-84.28056338,9.93021599],[-84.2806566,9.93030518],[-84.2808057,9.93034417],[-84.28089882,9.930345],[-84.28098263,9.93031414],[-84.28136132,9.93019685],[-84.28191395,9.93013789],[-84.28199154,9.93010705],[-84.28210324,9.9300146],[-84.28234217,9.92984817],[-84.28250662,9.92971566],[-84.28269274,9.9295154],[-84.28294715,9.92929047],[-84.28336827,9.92900147],[-84.28382854,9.92883412],[-84.28400241,9.92882474],[-84.28415147,9.92885232],[-84.2843099,9.92895069],[-84.28442997,9.92909343],[-84.28472794,9.92955386],[-84.28487878,9.92974443],[-84.2850559,9.92990436],[-84.28531375,9.93007345],[-84.28553432,9.93020563],[-84.28599096,9.93046383],[-84.28629226,9.93061133],[-84.28656872,9.93074654],[-84.28672089,9.93078028],[-84.28686992,9.93077707],[-84.28707954,9.93071092],[-84.28733235,9.93054579],[-84.28750911,9.93029322],[-84.28765764,9.92987252],[-84.28780035,9.92958186],[-84.28803301,9.9293477],[-84.28825021,9.92918128],[-84.28848909,9.92895944],[-84.28879011,9.92878063],[-84.28898565,9.92870966],[-84.28929896,9.92868736],[-84.28964395,9.92877989],[-84.28990844,9.92891893],[-84.29010994,9.92907809],[-84.29036164,9.92930875],[-84.29045175,9.92937948],[-84.29079035,9.92957312],[-84.29109475,9.92970523],[-84.29125003,9.92974511],[-84.29155745,9.92979102],[-84.29176247,9.92989859],[-84.29187743,9.92999392],[-84.2921291,9.93018456],[-84.29232793,9.93031367],[-84.29258073,9.93041773],[-84.29280868,9.93047296],[-84.29281689,9.93047313],[-84.29319308,9.93048094],[-84.2931971,9.93048157],[-84.29363841,9.93055572],[-84.29376881,9.93055253],[-84.29387431,9.93047548],[-84.29405722,9.93016132],[-84.29417197,9.93001654],[-84.29446353,9.92967766],[-84.29480149,9.92915096],[-84.29501541,9.9287906],[-84.29516116,9.92859346],[-84.2953256,9.92846094],[-84.29545897,9.9283069],[-84.2956794,9.92828516],[-84.295965,9.92823565],[-84.29629358,9.92824028],[-84.29653945,9.92829056],[-84.2967164,9.92825962],[-84.29698019,9.92812737],[-84.29717883,9.92803756],[-84.29740321,9.92797514],[-84.29751097,9.92794184],[-84.29770958,9.92783392],[-84.29778091,9.92774151],[-84.29796302,9.92743263],[-84.29825533,9.92704845],[-84.29837002,9.92684517],[-84.2985962,9.92631241],[-84.29871997,9.92584747],[-84.29884694,9.92549026],[-84.29898839,9.92520233],[-84.29909045,9.92508146],[-84.2991428,9.92503077],[-84.2992017,9.92499045],[-84.2993052,9.92501504],[-84.29939937,9.92504658],[-84.29943378,9.92507757],[-84.29947225,9.92515574],[-84.29951742,9.92528545],[-84.29955966,9.92539662],[-84.29961212,9.92546021],[-84.29967504,9.9255121],[-84.29977465,9.92558215],[-84.29987164,9.92565219],[-84.29994109,9.92568459],[-84.29999999,9.92569103],[-84.30012509,9.92566696],[-84.30020907,9.92566689],[-84.3003465,9.92569136],[-84.30054311,9.92572903],[-84.30078549,9.92573828],[-84.30098396,9.92572107],[-84.30131391,9.9256277],[-84.30163458,9.92553126],[-84.3020181,9.92543252],[-84.30235579,9.92531301],[-84.30293763,9.92511339],[-84.30319602,9.92505737],[-84.30343192,9.92503388],[-84.30378497,9.92501653],[-84.30414574,9.92508622],[-84.30456185,9.92515774],[-84.30486724,9.92518774],[-84.30523748,9.9251874],[-84.30542064,9.92512858],[-84.30569912,9.92495235],[-84.3059337,9.92478562],[-84.30618544,9.9245886],[-84.3063208,9.92443142],[-84.30646751,9.92417205],[-84.30683083,9.92382763],[-84.30733074,9.92340899],[-84.30786339,9.92312708],[-84.30811666,9.92305957],[-84.30841978,9.92308172],[-84.30869887,9.92315005],[-84.30901681,9.9232852],[-84.30923006,9.9233181],[-84.30944083,9.92332321],[-84.30966401,9.92329138],[-84.30982236,9.92330917],[-84.31002401,9.92335453],[-84.30998278,9.92349397],[-84.30993131,9.92360435],[-84.30986085,9.92372014],[-84.30981209,9.92382514],[-84.30979044,9.92389782],[-84.30979051,9.92397049],[-84.3097553,9.92404856],[-84.30967395,9.92413476],[-84.30961157,9.92419133],[-84.30955194,9.92428288],[-84.30946786,9.92435293],[-84.30936747,9.92439339],[-84.30925618,9.9243908],[-84.3091883,9.92436395],[-84.30913127,9.92432902],[-84.30908238,9.92430215],[-84.3090308,9.92429413],[-84.30898196,9.92430763],[-84.30893855,9.92432651],[-84.30884908,9.9244238],[-84.30870731,9.92465857],[-84.30859719,9.92490379],[-84.30849229,9.92516465],[-84.3081511,9.92582203],[-84.3080356,9.92606726],[-84.307794,9.92632825],[-84.30744207,9.92662062],[-84.3071585,9.9269651],[-84.30708648,9.92708128],[-84.30696507,9.92737958],[-84.30690779,9.92750711],[-84.3068413,9.9276005],[-84.30664188,9.9277375],[-84.30644208,9.92788768],[-84.30628149,9.92806113],[-84.30621048,9.92819064],[-84.30619679,9.92828171],[-84.3062082,9.92838978],[-84.30622689,9.92855711],[-84.30619256,9.92867323],[-84.30612441,9.9288018],[-84.30595637,9.92904192],[-84.30580417,9.92924541],[-84.30570969,9.92943854],[-84.30564698,9.92959108],[-84.30559957,9.92978801],[-84.30551897,9.93019215],[-84.30548474,9.93041981],[-84.30545274,9.93057007],[-84.30538499,9.93076861],[-84.30531154,9.93092519],[-84.30524884,9.93104373],[-84.30522598,9.93114619],[-84.30523752,9.93121446],[-84.30526454,9.93128509],[-84.30532261,9.93136462],[-84.30541716,9.93144138],[-84.30601684,9.93180069],[-84.30616029,9.93189005],[-84.30628226,9.93199958],[-84.30640096,9.93218625],[-84.30646085,9.93233056],[-84.30648817,9.93259009],[-84.3064838,9.93274448],[-84.30645015,9.93296154],[-84.30642998,9.93310924],[-84.30639398,9.93322562],[-84.30633404,9.93333326],[-84.30633392,9.93333347],[-84.3062788,9.93339569],[-84.30618677,9.93345156],[-84.30599987,9.93355653],[-84.30582891,9.93367706],[-84.30572259,9.93375323],[-84.30561117,9.93385679],[-84.30537192,9.93402032],[-84.30518275,9.93411482],[-84.30504372,9.93423261],[-84.30496911,9.93431889],[-84.30492316,9.93440819],[-84.30489254,9.9344914],[-84.30486407,9.93467704],[-84.3047834,9.93483636],[-84.30470067,9.93499264],[-84.30466393,9.93508295],[-84.30464052,9.93521381],[-84.30465087,9.93535175],[-84.30469084,9.93542474],[-84.3047518,9.93548809],[-84.30486153,9.93560761],[-84.30491208,9.93570551],[-84.30492139,9.93580693],[-84.30490916,9.93586679],[-84.30479468,9.93597238],[-84.30474686,9.93606993],[-84.30471616,9.9362524],[-84.30466207,9.93639851],[-84.30456083,9.93644323],[-84.30441761,9.93645148],[-84.30418802,9.93638582],[-84.30396323,9.93630481],[-84.30388546,9.93628764],[-84.30380258,9.93627656],[-84.3035417,9.93626919],[-84.30330976,9.93622071],[-84.3029686,9.93607766],[-84.30280075,9.93600614],[-84.30232855,9.93575907],[-84.30223029,9.93570506],[-84.3021525,9.93567132],[-84.30202211,9.93564282],[-84.3018824,9.93566075],[-84.30176652,9.93572712],[-84.30162205,9.93586249],[-84.30126067,9.93621983],[-84.300921,9.93645947],[-84.30068013,9.93674785],[-84.30052129,9.93697097],[-84.30038732,9.93711053],[-84.30031507,9.93715793],[-84.30021417,9.93720265],[-84.29999998,9.93723935],[-84.29992812,9.93725631],[-84.29986721,9.93727662],[-84.29980987,9.93729891],[-84.29975927,9.93731903],[-84.29970959,9.93734421],[-84.29965982,9.93737174],[-84.29960596,9.93740687],[-84.2995511,9.9374534],[-84.29950563,9.93750019],[-84.29946774,9.93754543],[-84.29943576,9.93758958],[-84.29940298,9.93763599],[-84.29937001,9.9376872],[-84.29933777,9.93774211],[-84.29931101,9.93779874],[-84.29928981,9.93784623],[-84.29926523,9.93789417],[-84.29923509,9.93794908],[-84.29920431,9.93800336],[-84.29917718,9.93805022],[-84.29915132,9.93809373],[-84.29912391,9.93814059],[-84.29909623,9.93818755],[-84.29906809,9.93823323],[-84.29904104,9.93827629],[-84.29901663,9.93831031],[-84.29897755,9.9383523],[-84.29893836,9.93838923],[-84.29889244,9.93843077],[-84.29885389,9.93846553],[-84.29881261,9.93850101],[-84.29877743,9.93852382],[-84.2987447,9.93853841],[-84.29870619,9.93855393],[-84.29866089,9.93856411],[-84.29861411,9.9385656],[-84.29857098,9.93856202],[-84.29851891,9.93855281],[-84.29847084,9.9385476],[-84.29841657,9.93854349],[-84.29835975,9.938543],[-84.29829397,9.93855502],[-84.29822675,9.93858117],[-84.29816321,9.9386334],[-84.2981244,9.9386764],[-84.29809288,9.93871766],[-84.29806465,9.93875991],[-84.29803332,9.93880939],[-84.29800754,9.93884558],[-84.29797867,9.93888639],[-84.29795025,9.93892737],[-84.29791883,9.93897134],[-84.29788804,9.93901441],[-84.2978599,9.93905377],[-84.29782574,9.93910163],[-84.29779824,9.93913963],[-84.29777109,9.93917699],[-84.29774167,9.93921563],[-84.29771133,9.93925245],[-84.29767289,9.93929978],[-84.29764265,9.93933715],[-84.2976114,9.93937831],[-84.29757998,9.93942066],[-84.29754974,9.93946237],[-84.29752186,9.93950073],[-84.29748716,9.93954868],[-84.29746075,9.93958623],[-84.29743442,9.93962142],[-84.29740181,9.9396625],[-84.29736437,9.93970693],[-84.29732601,9.93974783],[-84.29728939,9.93979091],[-84.29725322,9.93983642],[-84.29721788,9.93988582],[-84.29718601,9.93994362],[-84.29716318,9.94000974],[-84.29715166,9.94007304],[-84.29714733,9.94012684],[-84.2971418,9.9401679],[-84.29713062,9.94020661],[-84.29711461,9.9402587],[-84.29710135,9.94031486],[-84.29709301,9.94036686],[-84.29708484,9.94040964],[-84.29707311,9.94044943],[-84.29705472,9.94049013],[-84.29702886,9.94053672],[-84.29700665,9.94057499],[-84.29698242,9.94061425],[-84.29695665,9.94065135],[-84.29692476,9.94068917],[-84.29688649,9.94072971],[-84.29683629,9.9407812],[-84.29679547,9.94082184],[-84.29675938,9.94085496],[-84.29672484,9.9408804],[-84.29669002,9.94089951],[-84.29665319,9.94091193],[-84.29661854,9.94091829],[-84.29660987,9.94091974],[-84.29657577,9.9409214],[-84.29653499,9.94091493],[-84.29649613,9.94090411],[-84.29644961,9.94088643],[-84.29641238,9.94086811],[-84.2963736,9.94084635],[-84.29633035,9.94081836],[-84.29628317,9.94078594],[-84.29623745,9.94075388],[-84.29619383,9.94072282],[-84.29614026,9.94069221],[-84.29608078,9.94067301],[-84.29602313,9.94065995],[-84.29595883,9.94064581],[-84.29589708,9.94064152],[-84.29583698,9.94064339],[-84.29576932,9.94065357],[-84.29569923,9.94069559],[-84.2956534,9.94074445],[-84.29561832,9.94078834],[-84.29558973,9.94083511],[-84.2955646,9.94088152],[-84.29553811,9.94093271],[-84.29551517,9.94098898],[-84.295501,9.94104713],[-84.29549193,9.94110735],[-84.29548697,9.9411683],[-84.29548521,9.9412353],[-84.29548801,9.94131134],[-84.29551097,9.94138917],[-84.2955549,9.94145667],[-84.29560794,9.9415078],[-84.29566725,9.94154627],[-84.29572373,9.94157443],[-84.29578294,9.94160231],[-84.2958437,9.94162758],[-84.29589953,9.94164606],[-84.29595609,9.94166202],[-84.29601785,9.94167959],[-84.29607906,9.94169862],[-84.29613946,9.94171855],[-84.29619173,9.94173523],[-84.29624236,9.94175254],[-84.29629673,9.94177221],[-84.29635986,9.94179313],[-84.29640438,9.94180756],[-84.29644707,9.94182198],[-84.29650783,9.94184255],[-84.29654971,9.94185743],[-84.29659642,9.94187511],[-84.29664304,9.94189369],[-84.29669084,9.94191472],[-84.296735,9.94193656],[-84.29679103,9.94196653],[-84.29683209,9.94198991],[-84.2968747,9.94201438],[-84.29691868,9.94204164],[-84.29696249,9.94207144],[-84.29701943,9.94211145],[-84.297073,9.94214874],[-84.29710941,9.94217574],[-84.29714902,9.94220736],[-84.29718562,9.94223761],[-84.29723226,9.94228133],[-84.29727024,9.94232398],[-84.2973158,9.94237602],[-84.29734656,9.94241225],[-84.2973798,9.94245037],[-84.2974112,9.94248688],[-84.29744005,9.94252311],[-84.29746891,9.9425606],[-84.29750041,9.94260009],[-84.29753309,9.94263975],[-84.29756733,9.94268113],[-84.29759782,9.94271818],[-84.29762367,9.94275333],[-84.29765846,9.94280348],[-84.29777624,9.94294687],[-84.29783002,9.94302367],[-84.29790287,9.94309857],[-84.29796768,9.9431684],[-84.29802439,9.9432415],[-84.29807972,9.94331668],[-84.29814208,9.94339791],[-84.2981915,9.94347716],[-84.29823855,9.94356645],[-84.29827228,9.94365566],[-84.29828522,9.9437495],[-84.29828368,9.94385973],[-84.29827757,9.94395594],[-84.29827045,9.94404943],[-84.29826242,9.94414809],[-84.29824245,9.94425208],[-84.29821946,9.94434026],[-84.29819428,9.94443929],[-84.2981744,9.94453651],[-84.29814521,9.94462768],[-84.29809886,9.94470846],[-84.2980391,9.94478248],[-84.29797167,9.94485369],[-84.29796821,9.94485478],[-84.29789777,9.94492275],[-84.29782158,9.94498412],[-84.29774056,9.94504477],[-84.29766738,9.94510741],[-84.29760316,9.94518595],[-84.29756073,9.94526835],[-84.29753254,9.94535916],[-84.29750718,9.94544978],[-84.29749167,9.9455432],[-84.29750287,9.94562465],[-84.29755137,9.94570716],[-84.29760033,9.9457846],[-84.29764391,9.94587001],[-84.29767991,9.94595343],[-84.29770945,9.94603967],[-84.29770953,9.946128],[-84.29766094,9.94624966],[-84.29760957,9.9463281],[-84.29754398,9.94640474],[-84.29748431,9.94648463],[-84.29743332,9.94657437],[-84.29739145,9.94666862],[-84.29735152,9.94677879],[-84.29733638,9.94687889],[-84.29733746,9.9469732],[-84.29734785,9.94706397],[-84.2973743,9.94716178],[-84.29741132,9.94725578],[-84.2974352,9.94734355],[-84.29745463,9.94744607],[-84.2974725,9.94754153],[-84.29750499,9.94766366],[-84.29753297,9.94775179],[-84.29755139,9.94784681],[-84.29755349,9.94795304],[-84.29755368,9.94805856],[-84.29755797,9.94815784],[-84.2975659,9.94825955],[-84.29755814,9.94835251],[-84.29753399,9.94847387],[-84.29751702,9.9485634],[-84.29748828,9.94865248],[-84.29743929,9.94873399],[-84.29736558,9.94881697],[-84.29729103,9.9488778],[-84.29720026,9.94894913],[-84.29702599,9.94907117],[-84.29692609,9.94913111],[-84.29684031,9.94917622],[-84.29675992,9.94923009],[-84.29667132,9.94929074],[-84.29659194,9.9493495],[-84.29652032,9.94942551],[-84.29646969,9.94950874],[-84.29643539,9.94959982],[-84.29641732,9.94969043],[-84.29641011,9.94978592],[-84.29642133,9.94989233],[-84.29646263,9.9500001],[-84.29650722,9.95007708],[-84.29656756,9.95016054],[-84.29662237,9.95022227],[-84.29692079,9.9504391],[-84.29710275,9.95059965],[-84.29717429,9.95069494],[-84.29721845,9.95080838],[-84.29724769,9.95097318],[-84.29725521,9.95138098],[-84.29724254,9.95152988],[-84.2972283,9.95167518],[-84.29714926,9.95194247],[-84.29709122,9.95222578],[-84.29704319,9.95237148],[-84.29698456,9.95247643],[-84.29688255,9.95257148],[-84.29677614,9.9526322],[-84.29657463,9.95272221],[-84.29621393,9.95292242],[-84.29582024,9.9531621],[-84.2957506,9.95324616],[-84.29568537,9.95337931],[-84.29561957,9.95363028],[-84.29559016,9.95389152],[-84.29552035,9.9541244],[-84.29546608,9.95422325],[-84.29535065,9.95432665],[-84.29524878,9.95439186],[-84.29511796,9.95445967],[-84.29466304,9.95463778],[-84.29454206,9.95470105],[-84.29435354,9.95476184],[-84.29420706,9.95481123],[-84.29404912,9.95486442],[-84.29393022,9.95487085],[-84.29371913,9.9548824],[-84.293463,9.95483841],[-84.29334068,9.95484105],[-84.29316489,9.95487783],[-84.29284771,9.95496779],[-84.29261715,9.95504126],[-84.29241079,9.95509449],[-84.29224265,9.95514264],[-84.29198281,9.95523634],[-84.29171531,9.95530984],[-84.29159175,9.95535036],[-84.29107072,9.95544934],[-84.29093696,9.95547093],[-84.29073821,9.95549005],[-84.2904834,9.95550291],[-84.29024643,9.95553343],[-84.29013813,9.95553352],[-84.28998778,9.95552607],[-84.28988965,9.95550721],[-84.28974056,9.95548587],[-84.28961568,9.95546198],[-84.28952521,9.95546079],[-84.289408,9.95546847],[-84.28925768,9.95550144],[-84.28901564,9.95555723],[-84.28888697,9.9555725],[-84.28865253,9.9555727],[-84.28845759,9.95556908],[-84.28831233,9.95556668],[-84.28813268,9.95557189],[-84.28780864,9.95559753],[-84.28752732,9.95565338],[-84.28736068,9.95571403],[-84.28727661,9.95573936],[-84.2871875,9.95575744],[-84.28701801,9.95579011],[-84.28662181,9.95585234],[-84.28646132,9.95591185],[-84.28635178,9.95594857],[-84.28609577,9.95605742],[-84.28590601,9.95615359],[-84.28566405,9.95630537],[-84.28555584,9.95640904],[-84.28541582,9.95656579],[-84.28527957,9.95665812],[-84.28503887,9.95678085],[-84.28479399,9.95686813],[-84.28450642,9.95694425],[-84.28430258,9.956976],[-84.28392037,9.95700791],[-84.28376365,9.95700804],[-84.2834846,9.95698807],[-84.28338269,9.95701089],[-84.28331008,9.95703369],[-84.28321839,9.95708808],[-84.28313946,9.95716899],[-84.28300971,9.95741668],[-84.28292064,9.95755191],[-84.28284962,9.95762197],[-84.28270801,9.95772893],[-84.2825208,9.95783393],[-84.28233869,9.95794145],[-84.28202282,9.95807182],[-84.28183427,9.95810609],[-84.28159856,9.95810881],[-84.2813021,9.95806368],[-84.28117202,9.95805899],[-84.28108875,9.95806045],[-84.28102791,9.95806116],[-84.28097367,9.95807588],[-84.28086089,9.95813026],[-84.28069021,9.95823503],[-84.28050089,9.95833093],[-84.28029331,9.95838204],[-84.28012391,9.95839526],[-84.27985686,9.95842397],[-84.27942045,9.95852702],[-84.27927008,9.95858582],[-84.27920353,9.95863232],[-84.27913708,9.95878884],[-84.27912978,9.95889886],[-84.27913953,9.95903344],[-84.27924681,9.95937847],[-84.27930894,9.95961785],[-84.27929076,9.95971283],[-84.27924444,9.95981555],[-84.27919228,9.95989872],[-84.27899145,9.96014416],[-84.2788745,9.96030237],[-84.27876125,9.9605176],[-84.27873421,9.96061786],[-84.27865558,9.96095775],[-84.2786581,9.9610262],[-84.27868531,9.96111908],[-84.2786857,9.96118811],[-84.27862393,9.96137189],[-84.27852306,9.96171573],[-84.27839677,9.96227942],[-84.27834146,9.96254311],[-84.27830141,9.96264696],[-84.27827502,9.96271231],[-84.27823658,9.96277732],[-84.27805446,9.96301282],[-84.27917114,9.96521094],[-84.2799059,9.96666685],[-84.28081745,9.9684735],[-84.28079172,9.96854057],[-84.28078006,9.96855957],[-84.2807459,9.96860779],[-84.28071455,9.96864127],[-84.28067263,9.96867458],[-84.2806223,9.96869578],[-84.28057323,9.96869907],[-84.28052251,9.9686851],[-84.28047771,9.96866497],[-84.28043372,9.96863888],[-84.28039011,9.96862174],[-84.28035682,9.96862113],[-84.28031233,9.96864821],[-84.28027816,9.96868413],[-84.28024372,9.96872557],[-84.2802216,9.96876944],[-84.2802158,9.96881791],[-84.28022332,9.968868],[-84.2802365,9.96891907],[-84.28025077,9.96897096],[-84.2802603,9.9690261],[-84.28026555,9.96907827],[-84.2802675,9.96912583],[-84.2802618,9.96917466],[-84.28025336,9.96922123],[-84.28024438,9.9692773],[-84.28023529,9.96932414],[-84.28021993,9.96937985],[-84.28020455,9.96942517],[-84.28018589,9.9694693],[-84.28016376,9.9695092],[-84.28012457,9.9695407],[-84.28007861,9.96955321],[-84.28002974,9.96956664],[-84.27998123,9.96959055],[-84.27995043,9.96961444],[-84.27993186,9.96966627],[-84.27993455,9.96971373],[-84.27994827,9.96976336],[-84.27997039,9.96981488],[-84.27999807,9.96986368],[-84.28002182,9.96991339],[-84.280034,9.96996311],[-84.28003587,9.97001537],[-84.2800256,9.97006801],[-84.28000485,9.97011215],[-84.27997049,9.97015042],[-84.27992236,9.97017831],[-84.27987685,9.97018558],[-84.27982359,9.97018961],[-84.27976978,9.97019182],[-84.27972381,9.97019141],[-84.27967656,9.97018765],[-84.27963096,9.9701857],[-84.27958316,9.97018619],[-84.27953455,9.97018587],[-84.27948439,9.97019025],[-84.27943423,9.97019762],[-84.27939348,9.97021483],[-84.2793604,9.97024813],[-84.27933526,9.97028848],[-84.27931696,9.97033063],[-84.27930432,9.97037531],[-84.2792998,9.97042097],[-84.27929966,9.97046826],[-84.27930225,9.97051853],[-84.27930604,9.97057585],[-84.27930709,9.97062874],[-84.27929035,9.97067713],[-84.27926237,9.97070591],[-84.27922143,9.97071761],[-84.27916934,9.97070816],[-84.27911825,9.97069464],[-84.27906973,9.97069097],[-84.27902477,9.97069906],[-84.27897909,9.97072097],[-84.27893041,9.97074253],[-84.27861889,9.97090618],[-84.27857896,9.97092945],[-84.27853638,9.97095281],[-84.27849481,9.9709731],[-84.2784361,9.97100425],[-84.27839263,9.97104498],[-84.27836266,9.97109754],[-84.27834738,9.9711405],[-84.27833136,9.971185],[-84.27831161,9.97122778],[-84.27828865,9.97126243],[-84.2782366,9.97129837],[-84.27819657,9.97130564],[-84.27815707,9.97129681],[-84.27810204,9.97125861],[-84.27806753,9.9712269],[-84.27802901,9.97119004],[-84.27798365,9.97115391],[-84.27794104,9.97113505],[-84.27789397,9.97113012],[-84.27784957,9.97114263],[-84.27781219,9.97116979],[-84.27777019,9.97121856],[-84.27773366,9.97126994],[-84.27769786,9.97132332],[-84.27767153,9.97136358],[-84.27764238,9.97141107],[-84.2776116,9.97146363],[-84.2775819,9.97150073],[-84.27752647,9.97153224],[-84.2774806,9.97153851],[-84.27743162,9.97153792],[-84.27738437,9.97153453],[-84.27731577,9.97152391],[-84.27724963,9.97150896],[-84.27718422,9.97149003],[-84.27713623,9.97147623],[-84.27707392,9.97145522],[-84.27700842,9.97143411],[-84.27695532,9.97142096],[-84.27690113,9.97140843],[-84.27684567,9.97139627],[-84.27679194,9.97138303],[-84.27673747,9.97137177],[-84.27668174,9.97135843],[-84.27662125,9.97134338],[-84.27656013,9.97132951],[-84.27650266,9.9713169],[-84.2764461,9.97130302],[-84.27635606,9.97128013],[-84.27629941,9.97127412],[-84.27624414,9.97127317],[-84.27618696,9.97128027],[-84.27613124,9.97129786],[-84.27607599,9.97132069],[-84.27601974,9.97134894],[-84.27596841,9.97137928],[-84.27592165,9.97141268],[-84.27587672,9.97145015],[-84.27583826,9.9714868],[-84.27580381,9.97152363],[-84.27577174,9.97155865],[-84.27574103,9.97159294],[-84.27570904,9.97162968],[-84.27567451,9.97166831],[-84.27563687,9.97170813],[-84.27559532,9.97174976],[-84.27555248,9.97179102],[-84.27550865,9.97183437],[-84.27547046,9.97187057],[-84.27542562,9.97190939],[-84.27537867,9.97193592],[-84.27533162,9.97194509],[-84.27528163,9.97193962],[-84.27522169,9.97191716],[-84.27517971,9.97189314],[-84.27513363,9.97186506],[-84.27509128,9.97183607],[-84.27504254,9.97179542],[-84.27500003,9.97176274],[-84.27500001,9.97176272],[-84.27499819,9.97176137],[-84.27495156,9.97174007],[-84.27489564,9.97172583],[-84.27484402,9.97172786],[-84.27479315,9.97175955],[-84.27476291,9.97181193],[-84.27474261,9.97185923],[-84.27472222,9.97191205],[-84.27470485,9.97196279],[-84.27468783,9.97201226],[-84.27466598,9.97206436],[-84.27464431,9.97210787],[-84.2746159,9.97215636],[-84.27458146,9.97220268],[-84.27454437,9.97224159],[-84.27450664,9.97227544],[-84.27446607,9.97230422],[-84.27441648,9.97232922],[-84.27436323,9.97235096],[-84.27431025,9.97236584],[-84.27425617,9.97237754],[-84.27420018,9.97238817],[-84.27414383,9.97240594],[-84.27409405,9.97243437],[-84.27406371,9.97247128],[-84.27404934,9.97251985],[-84.27404254,9.97257103],[-84.2740393,9.9726252],[-84.27403862,9.97267556],[-84.27403419,9.97272602],[-84.27402557,9.97277856],[-84.2740154,9.97283399],[-84.27400523,9.97289087],[-84.27399479,9.97294829],[-84.27398307,9.97300708],[-84.27396507,9.9730768],[-84.27394962,9.97313541],[-84.27393125,9.9731998],[-84.2739115,9.97326049],[-84.27389231,9.97331828],[-84.27386945,9.97336676],[-84.27383082,9.97340793],[-84.27377948,9.97342579],[-84.27372339,9.97343099],[-84.27366712,9.97343212],[-84.27360965,9.97342981],[-84.27355348,9.97343899],[-84.27350561,9.97346661],[-84.27345914,9.97351538],[-84.27343491,9.97355971],[-84.27342046,9.97361207],[-84.27341567,9.97366452],[-84.27341981,9.97371361],[-84.27342733,9.97376442],[-84.27343467,9.97381414],[-84.273438,9.97386911],[-84.27344005,9.97392264],[-84.27344182,9.97397201],[-84.27344305,9.9740202],[-84.27344364,9.97407183],[-84.27344551,9.97412309],[-84.27344975,9.97417634],[-84.27345627,9.97423195],[-84.27346644,9.974287],[-84.27347543,9.97434658],[-84.27348415,9.97441185],[-84.27349596,9.97446664],[-84.27350676,9.97451672],[-84.27350435,9.97457133],[-84.2734929,9.97463003],[-84.27347571,9.97468899],[-84.27344795,9.97474978],[-84.2734125,9.97479311],[-84.27336729,9.97482959],[-84.27331788,9.97485974],[-84.27326318,9.97489152],[-84.27320867,9.97492755],[-84.27316364,9.97496538],[-84.27313485,9.97500383],[-84.27311547,9.97505593],[-84.27310083,9.9751148],[-84.27309103,9.9751715],[-84.27307803,9.97522721],[-84.27305601,9.975287],[-84.27303416,9.9753353],[-84.27299709,9.97539663],[-84.27296356,9.9754359],[-84.27292246,9.97547581],[-84.27287861,9.97550848],[-84.27282409,9.97553041],[-84.2727639,9.97554303],[-84.27270042,9.97554986],[-84.27261669,9.97555165],[-84.27255859,9.97554907],[-84.27250194,9.97554216],[-84.27244821,9.97553171],[-84.27239448,9.97551837],[-84.27233527,9.97549799],[-84.27228244,9.9754747],[-84.27222504,9.9754413],[-84.27217138,9.97540671],[-84.27213004,9.97538296],[-84.27208488,9.97536682],[-84.27203334,9.97536478],[-84.27196603,9.97536745],[-84.27190483,9.97536841],[-84.27184263,9.97537054],[-84.27178116,9.97537529],[-84.27172279,9.97538103],[-84.27166616,9.97538877],[-84.27160998,9.97539668],[-84.27155116,9.97540947],[-84.27149006,9.97542553],[-84.2714713,9.97542968],[-84.27142568,9.97543978],[-84.27136157,9.97544987],[-84.27136111,9.97544995],[-84.2713613,9.97567785],[-84.27136764,9.98333338],[-84.27136766,9.98333343],[-84.27140949,9.98342503],[-84.27159574,9.98385735],[-84.27174007,9.98422749],[-84.27184237,9.98451738],[-84.2719762,9.98486945],[-84.2721257,9.98520586],[-84.2721598,9.98529905],[-84.27215202,9.9853742],[-84.27211542,9.98544927],[-84.27197145,9.98552191],[-84.27187731,9.98561783],[-84.27169423,9.98581988],[-84.27152948,9.9860117],[-84.27135677,9.98617748],[-84.27121294,9.98630455],[-84.27109003,9.98646776],[-84.27101418,9.98662063],[-84.27086275,9.98704409],[-84.27072439,9.98750253],[-84.27070615,9.98760869],[-84.27071142,9.98770191],[-84.27074287,9.98778733],[-84.27083989,9.98797116],[-84.27093436,9.98816268],[-84.27097372,9.98832314],[-84.27098696,9.98845351],[-84.27097612,9.98853142],[-84.27095825,9.9885907],[-84.27088503,9.98873063],[-84.27075177,9.98895597],[-84.27054252,9.98926944],[-84.2701713,9.98984977],[-84.2699647,9.99018276],[-84.2698811,9.99033817],[-84.269855,9.99043919],[-84.2698551,9.99056089],[-84.26988664,9.99075508],[-84.26992351,9.99099845],[-84.27001035,9.99156015],[-84.27007619,9.99197692],[-84.27012097,9.99230573],[-84.27017886,9.99271519],[-84.27021579,9.99303108],[-84.27026321,9.99334696],[-84.27032103,9.99366536],[-84.27039468,9.99404849],[-84.27047349,9.99448352],[-84.27053145,9.99486666],[-84.27059464,9.99528091],[-84.27065525,9.99576513],[-84.27067629,9.99595156],[-84.27069225,9.996169],[-84.27044875,9.99622101],[-84.27020002,9.99624716],[-84.26994605,9.99621626],[-84.26962401,9.9961544],[-84.26925239,9.99606815],[-84.26915333,9.99606445],[-84.26904092,9.99606266],[-84.26900099,9.99614956],[-84.26892304,9.99634224],[-84.26890026,9.99644235],[-84.26886612,9.99663311],[-84.26875982,9.99721587],[-84.26874901,9.99728047],[-84.26875127,10.0000276],[-84.26875132,10.00009751],[-84.26873226,10.0001081],[-84.26870946,10.00011435],[-84.26868657,10.00012061],[-84.26865374,10.00013239],[-84.26862948,10.00014073],[-84.26860733,10.00015051],[-84.26858371,10.00016238],[-84.26856019,10.00017424],[-84.26853657,10.0001861],[-84.26850374,10.00019797],[-84.26847584,10.00020704],[-84.26844867,10.00021954],[-84.26842085,10.0002286],[-84.26839368,10.00024119],[-84.26837152,10.00025089],[-84.26834727,10.00025931],[-84.26832365,10.00027118],[-84.26829794,10.0002816],[-84.26827441,10.00029346],[-84.26825436,10.00030469],[-84.26823439,10.00031582],[-84.26820931,10.00032986],[-84.26818789,10.00034317],[-84.26817066,10.00035928],[-84.26815344,10.00037548],[-84.2681363,10.00039158],[-84.26811762,10.00040986],[-84.26809902,10.00042814],[-84.26807897,10.0004485],[-84.26806248,10.00046823],[-84.26804663,10.00049148],[-84.26803223,10.00051256],[-84.26801574,10.00053228],[-84.26799924,10.00055191],[-84.26798275,10.00057164],[-84.26796835,10.00059272],[-84.26794894,10.0006166],[-84.26793173,10.00064202],[-84.26791733,10.0006631],[-84.26789801,10.00068699],[-84.26788152,10.00070671],[-84.26785782,10.0007278],[-84.26784068,10.00074391],[-84.26782346,10.00076011],[-84.26780477,10.0007783],[-84.26778764,10.00079449],[-84.26777041,10.0008106],[-84.26774963,10.00082744],[-84.26772529,10.000845],[-84.26770669,10.00086328],[-84.26768381,10.00087867],[-84.26765947,10.00089623],[-84.26764014,10.00091089],[-84.26761726,10.00092637],[-84.26760003,10.00094248],[-84.26757788,10.00096148],[-84.26755354,10.00097895],[-84.26753066,10.00099443],[-84.26750914,10.00100774],[-84.26748489,10.00101608],[-84.26746063,10.00102442],[-84.26743774,10.00103058],[-84.26741275,10.0010354],[-84.26738356,10.00103741],[-84.26735428,10.00103933],[-84.26732364,10.00104343],[-84.26729655,10.00104679],[-84.26726874,10.00105577],[-84.26724658,10.00106555],[-84.26722506,10.00107886],[-84.26720364,10.00109217],[-84.2671814,10.00111117],[-84.26716135,10.00113153],[-84.26714129,10.00115189],[-84.2671248,10.00117162],[-84.26710757,10.00118772],[-84.26708962,10.00120953],[-84.26707742,10.00123205],[-84.26706585,10.0012581],[-84.26706004,10.00128496],[-84.26705349,10.0013082],[-84.26704694,10.00133154],[-84.2670382,10.00135333],[-84.26702883,10.00138083],[-84.26701872,10.0014048],[-84.26700506,10.00142949],[-84.26699632,10.00145129],[-84.2669812,10.00147807],[-84.266969,10.00150059],[-84.26695816,10.00152103],[-84.26694741,10.00154148],[-84.26693657,10.00156192],[-84.26692218,10.001583],[-84.26690924,10.001602],[-84.26689421,10.00161964],[-84.26687908,10.00163719],[-84.26686194,10.0016533],[-84.26684326,10.00167158],[-84.26682612,10.00168778],[-84.26680534,10.00170461],[-84.26677954,10.00172425],[-84.26675739,10.00174317],[-84.26673442,10.00176778],[-84.26671574,10.00178606],[-84.2666986,10.00180217],[-84.26667992,10.00182045],[-84.26666133,10.00183873],[-84.26663836,10.00186334],[-84.26661119,10.00188506],[-84.26659397,10.00190126],[-84.26657528,10.00191945],[-84.26655167,10.00194054],[-84.26653372,10.00196234],[-84.26651513,10.00198062],[-84.26649928,10.00200387],[-84.26648416,10.00203065],[-84.26647259,10.00205669],[-84.26646112,10.00208274],[-84.26645166,10.00211024],[-84.26644082,10.00213068],[-84.26642789,10.0021589],[-84.26641131,10.00218776],[-84.26639837,10.00220676],[-84.26638252,10.00223001],[-84.26637177,10.00225036],[-84.26635592,10.00227361],[-84.26634226,10.0022983],[-84.26632212,10.0023278],[-84.26630846,10.00235249],[-84.26629407,10.00237357],[-84.26627539,10.00240107],[-84.26626245,10.00242007],[-84.26624951,10.00243907],[-84.26623585,10.00246367],[-84.26622,10.00248692],[-84.26620779,10.00250945],[-84.2661934,10.00253062],[-84.26618046,10.00254962],[-84.26616543,10.00256717],[-84.26615103,10.00258825],[-84.26613599,10.0026058],[-84.26611804,10.0026276],[-84.26610155,10.00264733],[-84.26608003,10.00266064],[-84.26605505,10.00267458],[-84.26603143,10.00268654],[-84.26600928,10.00269623],[-84.26598712,10.00270601],[-84.26596004,10.0027186],[-84.26593286,10.00273119],[-84.26590715,10.00274161],[-84.26588144,10.00275212],[-84.26585499,10.00275901],[-84.2658258,10.00276093],[-84.26580154,10.00276014],[-84.2657759,10.00276133],[-84.26575164,10.00276054],[-84.26572811,10.00276327],[-84.26570248,10.00276447],[-84.26567895,10.0027672],[-84.26565177,10.00277057],[-84.26563188,10.00277257],[-84.2656098,10.002764],[-84.26558489,10.00275959],[-84.2655557,10.00275238],[-84.26552505,10.00274725],[-84.26550014,10.00274293],[-84.26547669,10.00273644],[-84.26545315,10.00272995],[-84.2654204,10.00272337],[-84.2653913,10.00271616],[-84.2653621,10.00270895],[-84.26533364,10.00270518],[-84.26530508,10.00270149],[-84.26528018,10.00269717],[-84.26525317,10.00269132],[-84.26522179,10.00268266],[-84.26518985,10.00267048],[-84.26516777,10.00266191],[-84.26514003,10.00265253],[-84.26511375,10.00264116],[-84.26508246,10.0026325],[-84.26505253,10.00262167],[-84.26502908,10.00261518],[-84.26500418,10.00261086],[-84.26497708,10.00260501],[-84.26494789,10.0025978],[-84.26491659,10.00258914],[-84.26489095,10.0025812],[-84.26485966,10.00257255],[-84.26483767,10.00256398],[-84.26481203,10.00255604],[-84.26478858,10.00254955],[-84.2647644,10.00253953],[-84.26474232,10.00253096],[-84.26471604,10.0025195],[-84.26469542,10.00250876],[-84.26467269,10.00249666],[-84.26464568,10.00248167],[-84.26462013,10.0024646],[-84.26459311,10.00244961],[-84.26457185,10.00243534],[-84.26454484,10.00242036],[-84.26451353,10.00240248],[-84.26448296,10.00238822],[-84.26446097,10.00237964],[-84.26443105,10.00236882],[-84.26441042,10.00235816],[-84.26438843,10.0023495],[-84.26436215,10.00233813],[-84.26433368,10.00232522],[-84.2643116,10.00231665],[-84.26428104,10.00231152],[-84.26425395,10.00231489],[-84.26422605,10.00232386],[-84.26419677,10.00233501],[-84.2641696,10.0023476],[-84.26414744,10.00235738],[-84.26413031,10.00237349],[-84.26411098,10.00238824],[-84.2640923,10.00240652],[-84.26407297,10.00242127],[-84.26405082,10.00244019],[-84.26403004,10.00245702],[-84.26401135,10.0024753],[-84.26399203,10.00249006],[-84.26397197,10.00251041],[-84.26395338,10.00252869],[-84.26393543,10.0025505],[-84.26391893,10.00257013],[-84.26390098,10.00259194],[-84.26387947,10.00261447],[-84.26386654,10.00263347],[-84.2638515,10.00265102],[-84.26383637,10.00266857],[-84.2638156,10.00269463],[-84.26380266,10.00271363],[-84.26378753,10.00273118],[-84.26377323,10.00275235],[-84.2637581,10.0027699],[-84.26374516,10.0027889],[-84.26372438,10.00281496],[-84.26370789,10.00283459],[-84.26369495,10.00285359],[-84.26367846,10.00287331],[-84.26366051,10.00289512],[-84.26364401,10.00291475],[-84.26362752,10.00293448],[-84.26360665,10.00296053],[-84.26359371,10.00297953],[-84.26357867,10.00299708],[-84.26356428,10.00301816],[-84.26355134,10.00303716],[-84.2635384,10.00305625],[-84.26352118,10.00308158],[-84.26350533,10.00310474],[-84.26348738,10.00312654],[-84.26346669,10.00314338],[-84.2634417,10.00314819],[-84.2634146,10.00314242],[-84.26339042,10.00313241],[-84.26336916,10.00311814],[-84.2633478,10.00310387],[-84.26332863,10.00309104],[-84.26330737,10.00307677],[-84.2632882,10.00306395],[-84.26326904,10.00305113],[-84.26324777,10.00303695],[-84.26322641,10.00302268],[-84.26320725,10.00300985],[-84.26318598,10.00299559],[-84.26316818,10.00298068],[-84.26314902,10.00296786],[-84.26312985,10.00295503],[-84.26310649,10.00293932],[-84.26308732,10.00292649],[-84.26306952,10.00291159],[-84.26305036,10.00289876],[-84.26303119,10.00288594],[-84.26300847,10.00287384],[-84.2629872,10.00285957],[-84.26296585,10.0028453],[-84.26294029,10.00282824],[-84.26291693,10.00281252],[-84.26289411,10.00280042],[-84.26286574,10.00278752],[-84.2628401,10.00277958],[-84.26281729,10.00277661],[-84.26278883,10.00277293],[-84.26275535,10.00277205],[-84.26272187,10.00277117],[-84.26269114,10.00277527],[-84.26265903,10.00278144],[-84.26263268,10.00278833],[-84.26260477,10.0027974],[-84.26257696,10.00280637],[-84.26254769,10.00281751],[-84.26252343,10.00282585],[-84.26249552,10.00283492],[-84.26246552,10.00284253],[-84.26244062,10.00284735],[-84.26241272,10.00285632],[-84.2623849,10.00286538],[-84.2623549,10.002873],[-84.26232498,10.00288062],[-84.26229644,10.00288607],[-84.26226999,10.00289296],[-84.26224144,10.0028985],[-84.2622129,10.00290395],[-84.26218015,10.00290659],[-84.26215379,10.00290435],[-84.26212597,10.0029042],[-84.26209677,10.00289699],[-84.26207397,10.00289402],[-84.2620476,10.00289178],[-84.2620206,10.00288592],[-84.26199213,10.00288224],[-84.26196577,10.00288],[-84.26194151,10.00287911],[-84.26191587,10.0028804],[-84.26189234,10.00288313],[-84.26186735,10.00288794],[-84.26184164,10.00289836],[-84.26181592,10.00290878],[-84.26179231,10.00292073],[-84.26176733,10.00293468],[-84.26174079,10.00295079],[-84.26171645,10.00296835],[-84.26169649,10.00297949],[-84.26167288,10.00300058],[-84.26165775,10.00301813],[-84.261647,10.00303857],[-84.26163826,10.00306046],[-84.26162961,10.00308226],[-84.26162015,10.00310975],[-84.26161004,10.00313372],[-84.26159638,10.00315842],[-84.26158554,10.00317886],[-84.2615726,10.00319786],[-84.2615583,10.00321893],[-84.26154181,10.00323866],[-84.26152458,10.00325477],[-84.26150735,10.00327097],[-84.26148738,10.0032821],[-84.26146523,10.00329188],[-84.26143814,10.00329525],[-84.26141096,10.00329862],[-84.26138743,10.00330135],[-84.26135824,10.00330327],[-84.26133187,10.00330103],[-84.26130907,10.00329807],[-84.26128626,10.0032951],[-84.2612599,10.00329286],[-84.26123362,10.00329062],[-84.26120435,10.00329254],[-84.26117726,10.00329591],[-84.26115372,10.00329864],[-84.26112372,10.00330626],[-84.26110019,10.0033089],[-84.26107602,10.0033081],[-84.26105029,10.0033093],[-84.2610253,10.00331411],[-84.26100105,10.00332245],[-84.26098108,10.00333368],[-84.26096385,10.00334987],[-84.2609459,10.00337168],[-84.26093086,10.00338923],[-84.26091291,10.00341104],[-84.26090564,10.00343998],[-84.26090547,10.00346746],[-84.26090814,10.00349079],[-84.26091445,10.00351348],[-84.26091995,10.00354177],[-84.26093119,10.00357079],[-84.26093823,10.00359692],[-84.26094801,10.00361888],[-84.26095287,10.00364365],[-84.26095271,10.00367123],[-84.260954,10.00369663],[-84.26095101,10.00371924],[-84.26094875,10.00374537],[-84.26094576,10.00376798],[-84.26093921,10.00379122],[-84.26093266,10.00381455],[-84.26092401,10.00383635],[-84.26091317,10.0038568],[-84.26089805,10.00388357],[-84.26088731,10.00390401],[-84.26087437,10.00392301],[-84.26085067,10.00394401],[-84.26082496,10.00396365],[-84.2608049,10.00397488],[-84.26078202,10.00399026],[-84.26076059,10.00400357],[-84.2607327,10.00402177],[-84.26070762,10.0040358],[-84.2606862,10.00404911],[-84.26066258,10.00406097],[-84.26063687,10.00407139],[-84.26060622,10.00407549],[-84.26057694,10.0040775],[-84.26054839,10.00408295],[-84.26052058,10.00409201],[-84.26049705,10.00409465],[-84.26047142,10.00409594],[-84.26043866,10.00408936],[-84.26041011,10.00408568],[-84.26038739,10.00408271],[-84.26036103,10.00408047],[-84.26033393,10.0040747],[-84.26030547,10.00407102],[-84.26027765,10.00407086],[-84.26025348,10.00406997],[-84.2602242,10.00407199],[-84.26019711,10.00407535],[-84.26016784,10.0040865],[-84.26014276,10.00410044],[-84.26012061,10.00411022],[-84.26009918,10.00412353],[-84.26007346,10.00413395],[-84.26004848,10.00414798],[-84.26003563,10.00415514],[-84.26003599,10.00415577],[-84.26034562,10.00466757],[-84.26050076,10.00504723],[-84.26093722,10.00610038],[-84.26126065,10.00690391],[-84.2613422,10.00714836],[-84.26140009,10.00734601],[-84.26149236,10.00787399],[-84.26161889,10.00857882],[-84.26169539,10.00907559],[-84.26278428,10.00884583],[-84.26359607,10.00868235],[-84.26293033,10.01244645],[-84.2633869,10.01476503],[-84.26353439,10.01551403],[-84.26347197,10.01558023],[-84.263447,10.01560403],[-84.26341509,10.01563019],[-84.26338026,10.01565408],[-84.26334625,10.01567165],[-84.26330686,10.01568751],[-84.26326983,10.01570227],[-84.263236,10.01571632],[-84.26320053,10.01573199],[-84.26316442,10.01574802],[-84.26312867,10.01576152],[-84.26309265,10.01577339],[-84.26305581,10.01578554],[-84.26301896,10.01579687],[-84.2629813,10.01580856],[-84.26295293,10.01581518],[-84.26294381,10.01581727],[-84.26290678,10.01582173],[-84.26286336,10.01582204],[-84.26282294,10.01581637],[-84.2627859,10.01580401],[-84.26275085,10.01578505],[-84.26272146,10.01575551],[-84.26269634,10.01572217],[-84.26267488,10.01568819],[-84.26265551,10.01565059],[-84.26263897,10.0156129],[-84.2626238,10.01557584],[-84.26261968,10.01556463],[-84.26258341,10.01549558],[-84.26257218,10.01547579],[-84.26256021,10.01545238],[-84.2625539,10.01542969],[-84.26254904,10.01540501],[-84.26254273,10.01538232],[-84.26253651,10.01535972],[-84.26253165,10.01533495],[-84.26253181,10.01530737],[-84.26253052,10.01528196],[-84.2625242,10.01525928],[-84.26251871,10.01523098],[-84.26251385,10.0152063],[-84.26251256,10.0151808],[-84.26251272,10.01515322],[-84.26251142,10.01512782],[-84.26250447,10.01510169],[-84.26249386,10.01507611],[-84.26248399,10.01505424],[-84.26247057,10.01503291],[-84.26245222,10.01501448],[-84.26243022,10.01499669],[-84.26240886,10.01498242],[-84.2623876,10.01496815],[-84.26236989,10.01495324],[-84.26234999,10.01493689],[-84.26233656,10.01491566],[-84.26232459,10.01489225],[-84.26231828,10.01486956],[-84.26231206,10.01484696],[-84.26230356,10.01482291],[-84.26229879,10.01479814],[-84.26229604,10.01477482],[-84.26228617,10.01475285],[-84.2622763,10.01473089],[-84.26225722,10.01470884],[-84.26224087,10.01469186],[-84.26222107,10.01467551],[-84.26219971,10.01466124],[-84.26218054,10.01464841],[-84.26216138,10.01463559],[-84.26214075,10.01462485],[-84.26211666,10.01461483],[-84.26208956,10.01460906],[-84.2620632,10.01460673],[-84.26203465,10.01461227],[-84.26201468,10.0146235],[-84.2619939,10.01464033],[-84.26197238,10.01465364],[-84.26195379,10.01467183],[-84.26193583,10.01469363],[-84.2619229,10.01471263],[-84.2619064,10.01473236],[-84.261892,10.01475343],[-84.2618819,10.0147774],[-84.26187115,10.01479785],[-84.26186241,10.01481973],[-84.26185586,10.01484298],[-84.26184576,10.01486695],[-84.26183565,10.01489091],[-84.26182554,10.01491488],[-84.26181973,10.01494165],[-84.26181738,10.01496778],[-84.26181083,10.01499112],[-84.26180783,10.01501372],[-84.26180493,10.01503624],[-84.26180194,10.01505885],[-84.26179393,10.01508426],[-84.26178593,10.01510967],[-84.26177792,10.015135],[-84.26177,10.01516041],[-84.26176126,10.0151823],[-84.26175472,10.01520554],[-84.2617468,10.01523095],[-84.26174089,10.01525772],[-84.26173079,10.01528169],[-84.26172214,10.01530358],[-84.2617134,10.01532538],[-84.26170402,10.01535296],[-84.26169392,10.01537684],[-84.26168591,10.01540225],[-84.26167726,10.01542414],[-84.26166852,10.01544594],[-84.26164977,10.01549179],[-84.26160085,10.01557276],[-84.26159556,10.01557701],[-84.26156575,10.01560326],[-84.2615354,10.0156295],[-84.26150167,10.01565656],[-84.26146994,10.01568082],[-84.26143493,10.01570644],[-84.26140193,10.01572961],[-84.26136865,10.01575296],[-84.26133565,10.01577858],[-84.2613094,10.01580418],[-84.26128224,10.01583233],[-84.26125672,10.01586128],[-84.26123358,10.01589358],[-84.26120979,10.01592578],[-84.261183,10.01595619],[-84.26115419,10.01598388],[-84.26112448,10.01601419],[-84.26110051,10.01604341],[-84.26107965,10.01607309],[-84.26105714,10.01610647],[-84.26103573,10.01613677],[-84.26101331,10.01616717],[-84.26099099,10.01619676],[-84.26096401,10.01622996],[-84.26093776,10.01625855],[-84.26091215,10.01628615],[-84.26088563,10.01631764],[-84.26086085,10.0163503],[-84.26083925,10.01638323],[-84.26082167,10.01641525],[-84.2608041,10.01645188],[-84.26078798,10.01648815],[-84.26077296,10.01652126],[-84.26075347,10.01656042],[-84.26073361,10.01659751],[-84.26071594,10.01663134],[-84.26069553,10.01666535],[-84.26069405,10.01666691],[-84.26066773,10.01669349],[-84.26063216,10.01670383],[-84.26061675,10.01670411],[-84.2605923,10.01670467],[-84.2605549,10.01669855],[-84.26051767,10.01668674],[-84.26048336,10.0166714],[-84.26047574,10.01666691],[-84.26045114,10.0166527],[-84.26041956,10.01663193],[-84.26039026,10.01661008],[-84.26036078,10.01658514],[-84.2603323,10.01655894],[-84.26030263,10.01653428],[-84.26027087,10.01651107],[-84.26024038,10.01648885],[-84.26021035,10.01646663],[-84.26017494,10.01644822],[-84.26013991,10.01643667],[-84.26010067,10.01642675],[-84.26006263,10.01642127],[-84.26002359,10.01641886],[-84.25998245,10.01642368],[-84.25994451,10.01643637],[-84.25991105,10.01645511],[-84.2598795,10.01647548],[-84.25984933,10.01649938],[-84.25981915,10.01652381],[-84.25978916,10.01654698],[-84.25975369,10.01656817],[-84.25971876,10.01657986],[-84.25968292,10.01658685],[-84.25964652,10.01659031],[-84.25960721,10.01658998],[-84.25956688,10.01658513],[-84.25952884,10.01657729],[-84.25948833,10.01656602],[-84.2594521,10.01655538],[-84.25941196,10.01654212],[-84.25937728,10.01652949],[-84.25934078,10.0165155],[-84.25930738,10.01650025],[-84.25927289,10.01647975],[-84.25924277,10.01645916],[-84.25920954,10.01643676],[-84.25917869,10.016415],[-84.25914775,10.01639404],[-84.25911499,10.01637183],[-84.25908359,10.01635268],[-84.25905165,10.01633426],[-84.25901551,10.01631774],[-84.25897619,10.01630566],[-84.25893887,10.01629864],[-84.25889928,10.01629369],[-84.25885677,10.01629083],[-84.25882019,10.01629249],[-84.25878288,10.01629559],[-84.25874466,10.01629915],[-84.25870508,10.01630596],[-84.25866568,10.01631458],[-84.25862728,10.016326],[-84.25859172,10.01633941],[-84.25855871,10.01635517],[-84.2585237,10.01637753],[-84.25852306,10.01637807],[-84.2584917,10.01640423],[-84.25846363,10.01643219],[-84.2584371,10.01646042],[-84.258433,10.01646621],[-84.25841487,10.0164919],[-84.25839857,10.01652609],[-84.25838546,10.01656607],[-84.25837875,10.01660468],[-84.25837713,10.01664429],[-84.25837761,10.0166669],[-84.2583779,10.01668497],[-84.25838011,10.01672141],[-84.25838616,10.01675812],[-84.25839595,10.01679427],[-84.25840802,10.01682881],[-84.25842283,10.01686279],[-84.2584421,10.01689469],[-84.25846529,10.0169256],[-84.25848885,10.01695659],[-84.25851488,10.01699193],[-84.25853953,10.01702355],[-84.25856766,10.01705554],[-84.25859331,10.017084],[-84.25861869,10.01711183],[-84.25864562,10.01713893],[-84.25867767,10.01716775],[-84.25870715,10.01719241],[-84.25873736,10.01721653],[-84.25876666,10.01723875],[-84.25879761,10.01726251],[-84.25882937,10.0172859],[-84.25886077,10.01731029],[-84.25889171,10.01733658],[-84.25892102,10.01736232],[-84.25895288,10.01739087],[-84.25898391,10.01741851],[-84.25901139,10.01744236],[-84.2590406,10.01746594],[-84.25907364,10.01749051],[-84.25910759,10.01751507],[-84.25914009,10.01753874],[-84.25916875,10.0175615],[-84.25919741,10.0175877],[-84.25922681,10.01761706],[-84.25925201,10.01764815],[-84.25927247,10.01768005],[-84.25928179,10.0176993],[-84.25928846,10.01771313],[-84.25929743,10.01775146],[-84.25929208,10.01778853],[-84.2592755,10.01782462],[-84.25925373,10.01785656],[-84.25922903,10.01788804],[-84.25920525,10.01791781],[-84.25917936,10.01794396],[-84.25914928,10.01796912],[-84.25912138,10.01799446],[-84.25909532,10.01802106],[-84.25906843,10.01804947],[-84.25904382,10.01807689],[-84.25902049,10.01810521],[-84.25899944,10.01813669],[-84.25898168,10.01816871],[-84.25896365,10.01820489],[-84.25894826,10.01823926],[-84.25893305,10.01827436],[-84.25891584,10.01831026],[-84.25889735,10.01834373],[-84.25887739,10.01837458],[-84.25885525,10.01840408],[-84.25882855,10.01843484],[-84.25879901,10.01846334],[-84.25876748,10.01849339],[-84.25874424,10.01852179],[-84.25872255,10.01855201],[-84.25869941,10.01858539],[-84.25867945,10.01861597],[-84.2586574,10.01865007],[-84.25863681,10.01868237],[-84.25861686,10.01871792],[-84.25860074,10.01875211],[-84.25858463,10.01878919],[-84.25856988,10.01882329],[-84.25855421,10.01885757],[-84.25853089,10.01889105],[-84.25850573,10.01891729],[-84.25847565,10.01894489],[-84.25844575,10.01897005],[-84.25841019,10.01899403],[-84.25837107,10.01901224],[-84.25833587,10.01902447],[-84.25829857,10.01903752],[-84.25825999,10.01905102],[-84.25822169,10.01906326],[-84.25818147,10.01907324],[-84.25814225,10.01907987],[-84.2581044,10.01908397],[-84.25806663,10.01908653],[-84.25802814,10.01908773],[-84.25798992,10.01908641],[-84.25795306,10.01908182],[-84.25791593,10.01907498],[-84.25787989,10.01906678],[-84.25783892,10.01905596],[-84.25780169,10.01904369],[-84.2577662,10.01903115],[-84.25772696,10.01901771],[-84.25769037,10.01900544],[-84.25765314,10.018993],[-84.25761327,10.01897829],[-84.25757494,10.01896385],[-84.25753197,10.01894897],[-84.25749109,10.01893806],[-84.25744821,10.01893095],[-84.25740543,10.01892908],[-84.25736374,10.01892984],[-84.25732698,10.0189333],[-84.25728813,10.01894454],[-84.25725256,10.01896075],[-84.25721856,10.01898402],[-84.25719541,10.01901261],[-84.25717856,10.01904861],[-84.25716645,10.0190828],[-84.25716018,10.01910776],[-84.25715709,10.01912024],[-84.25715338,10.01915939],[-84.25715788,10.01919528],[-84.25717068,10.01923144],[-84.25718703,10.01926443],[-84.2572074,10.01929895],[-84.25723142,10.01933004],[-84.25725634,10.01935696],[-84.25728309,10.01938515],[-84.25730993,10.01941036],[-84.25733759,10.01943828],[-84.25736288,10.01946773],[-84.25738745,10.0194961],[-84.25741046,10.01952384],[-84.25745968,10.01958909],[-84.25747575,10.01961674],[-84.25748882,10.01965136],[-84.25749715,10.01968825],[-84.25750485,10.01972504],[-84.25751263,10.01976509],[-84.2575206,10.0198046],[-84.25753148,10.01984021],[-84.25754264,10.01987538],[-84.25755197,10.01991126],[-84.25756249,10.01995068],[-84.25757201,10.01998819],[-84.25758308,10.02002725],[-84.25759497,10.02006847],[-84.25760385,10.02010436],[-84.25761354,10.02013943],[-84.25762589,10.02018065],[-84.2576355,10.02022169],[-84.25763937,10.02026392],[-84.25763922,10.02030497],[-84.25763377,10.02034331],[-84.25762605,10.02038075],[-84.25762197,10.020418],[-84.25762647,10.02045615],[-84.25763553,10.02049286],[-84.25764715,10.02053028],[-84.25766041,10.0205658],[-84.25767402,10.02060097],[-84.25768847,10.02063785],[-84.25770245,10.02067563],[-84.25771817,10.02071215],[-84.2577338,10.02074911],[-84.25774405,10.02078762],[-84.25775037,10.02082713],[-84.25775642,10.02086393],[-84.25776293,10.0209047],[-84.25776543,10.02094231],[-84.25775989,10.02098309],[-84.25774113,10.02101738],[-84.25771351,10.02104299],[-84.2576805,10.0210611],[-84.25766819,10.02106508],[-84.25764438,10.02107279],[-84.25760745,10.02108023],[-84.25757023,10.02108406],[-84.25753228,10.02108481],[-84.25749105,10.02108349],[-84.25745218,10.02107927],[-84.25741578,10.02106917],[-84.25737855,10.02106079],[-84.25733822,10.02104925],[-84.25730291,10.02103824],[-84.25726605,10.02102634],[-84.25723174,10.02101578],[-84.257227,10.02101434],[-84.2571853,10.02100488],[-84.25714899,10.02099505],[-84.25710984,10.02098116],[-84.25707197,10.02096573],[-84.25703848,10.02094921],[-84.2570049,10.02093449],[-84.25696539,10.02092476],[-84.25692534,10.02092289],[-84.25688548,10.02092346],[-84.25684251,10.02092286],[-84.25679982,10.02091783],[-84.25675694,10.02090892],[-84.25671825,10.02089764],[-84.2566781,10.02088474],[-84.25664151,10.02087139],[-84.25660474,10.0208584],[-84.25656696,10.02084731],[-84.25652901,10.02083612],[-84.25649242,10.02082612],[-84.25645501,10.02081665],[-84.25641669,10.02080592],[-84.25637973,10.02079438],[-84.25634461,10.02078292],[-84.25630811,10.02077056],[-84.25626714,10.02075893],[-84.25622444,10.02075272],[-84.2561812,10.02075366],[-84.25613979,10.02075912],[-84.25610286,10.02077054],[-84.25606711,10.02078946],[-84.2560373,10.02081571],[-84.25601042,10.02084421],[-84.25598243,10.02087145],[-84.25595317,10.02089597],[-84.25592062,10.02091797],[-84.25588616,10.02094132],[-84.25585552,10.02096106],[-84.25582379,10.02098079],[-84.25579169,10.02099926],[-84.25575978,10.02101773],[-84.25572851,10.02103702],[-84.25569806,10.02105784],[-84.25566833,10.02107974],[-84.25563515,10.02110526],[-84.2556057,10.02112816],[-84.25557553,10.0211516],[-84.25554307,10.02117921],[-84.25551591,10.021205],[-84.25548701,10.02123314],[-84.25545885,10.02126065],[-84.25542949,10.02128834],[-84.25540078,10.02131503],[-84.25537179,10.02134272],[-84.25534627,10.02136987],[-84.25531939,10.02140171],[-84.25529369,10.0214322],[-84.25526789,10.02146306],[-84.25524429,10.02149454],[-84.25522279,10.02152756],[-84.2552001,10.02155823],[-84.25517166,10.0215842],[-84.25513537,10.02160475],[-84.25509771,10.02162151],[-84.25506333,10.02163582],[-84.25502904,10.02164887],[-84.25499329,10.02166074],[-84.25495644,10.02166963],[-84.2549205,10.02167617],[-84.25487827,10.02168208],[-84.25484124,10.02168645],[-84.25480439,10.0216909],[-84.25476763,10.0216941],[-84.25473078,10.02169575],[-84.25468954,10.02169651],[-84.25465196,10.02169789],[-84.25462742,10.02169665],[-84.25461027,10.02169575],[-84.25456894,10.02168738],[-84.25452925,10.02167674],[-84.25449357,10.02166537],[-84.25445443,10.02165238],[-84.25441501,10.02163813],[-84.25437888,10.02162532],[-84.25433854,10.02161151],[-84.25430378,10.02159834],[-84.25426573,10.02158426],[-84.25422859,10.02157172],[-84.25419319,10.02155864],[-84.25415641,10.02154257],[-84.25412219,10.02152605],[-84.2540866,10.0215089],[-84.25405046,10.02149139],[-84.25401542,10.02147487],[-84.25398156,10.02145979],[-84.2539437,10.02144563],[-84.25390227,10.02143454],[-84.25386249,10.02142471],[-84.25382554,10.02141235],[-84.25379259,10.02139647],[-84.25375673,10.02137624],[-84.25372223,10.0213561],[-84.25368992,10.02133759],[-84.25365716,10.02131854],[-84.25362284,10.02129741],[-84.25359063,10.02127817],[-84.25355558,10.02125858],[-84.25351899,10.02123962],[-84.2534855,10.02122201],[-84.25345036,10.02120278],[-84.25341842,10.02118427],[-84.25338666,10.02116449],[-84.25335325,10.02114508],[-84.25331995,10.02112801],[-84.25328563,10.0211114],[-84.25324895,10.0210938],[-84.25321391,10.02107891],[-84.25317668,10.02106447],[-84.25314255,10.02105048],[-84.25310514,10.02103487],[-84.25306946,10.02102169],[-84.25302986,10.02100807],[-84.25298907,10.02099716],[-84.2529523,10.02098806],[-84.25291243,10.02097923],[-84.25287092,10.0209713],[-84.25282813,10.02096645],[-84.25278754,10.02096522],[-84.25274622,10.02096724],[-84.25270955,10.0209707],[-84.25267315,10.0209757],[-84.2526363,10.02098188],[-84.25260046,10.02099013],[-84.25255933,10.02100119],[-84.25252139,10.02101162],[-84.25248336,10.02102738],[-84.25244889,10.02104875],[-84.25241452,10.0210712],[-84.25238343,10.02109355],[-84.25235298,10.02111998],[-84.25232536,10.02114821],[-84.2523013,10.02117689],[-84.25227943,10.02120837],[-84.25226176,10.02124329],[-84.25224519,10.02127639],[-84.25222651,10.02130896],[-84.25220701,10.02134008],[-84.2521867,10.02137165],[-84.25216428,10.02140394],[-84.25214387,10.02143443],[-84.25212511,10.02146898],[-84.25210935,10.02150164],[-84.25209104,10.02153809],[-84.25207228,10.02157273],[-84.25205497,10.02160674],[-84.25203757,10.02164274],[-84.25201972,10.02167829],[-84.2520047,10.02171139],[-84.25199177,10.02174603],[-84.25198158,10.02178112],[-84.25197358,10.02181874],[-84.25196768,10.02185473],[-84.25195977,10.02189263],[-84.25194794,10.0219279],[-84.25193173,10.02196046],[-84.2519073,10.02198878],[-84.25187147,10.02201114],[-84.25183636,10.02202581],[-84.2518018,10.02204194],[-84.25176441,10.02206095],[-84.25172867,10.02208051],[-84.25169886,10.02210377],[-84.25167726,10.0221348],[-84.25166141,10.02216808],[-84.25164593,10.02220164],[-84.25163009,10.02223836],[-84.25161525,10.02227653],[-84.25160314,10.02231334],[-84.25159077,10.02235168],[-84.25157875,10.02238741],[-84.25156647,10.02242404],[-84.25155281,10.02246148],[-84.25153806,10.02249513],[-84.25151993,10.02252697],[-84.25149405,10.02255791],[-84.25147545,10.0225761],[-84.25146688,10.02258442],[-84.25143917,10.02260795],[-84.2514079,10.02263212],[-84.25137663,10.02265438],[-84.25134161,10.02267692],[-84.25130833,10.02269512],[-84.25127368,10.02271052],[-84.25123802,10.0227242],[-84.25120282,10.02273544],[-84.25116187,10.02274397],[-84.25112529,10.02275159],[-84.25108954,10.02276111],[-84.25105205,10.02277009],[-84.25101603,10.02277636],[-84.25097626,10.02278109],[-84.2509374,10.02278654],[-84.25089781,10.02279462],[-84.25086042,10.02280604],[-84.2508202,10.02281936],[-84.25077953,10.02283169],[-84.25074113,10.02284474],[-84.25070529,10.02285842],[-84.25066863,10.02287518],[-84.25063371,10.022896],[-84.25060298,10.022916],[-84.25056569,10.02293421],[-84.25052793,10.02294717],[-84.250492,10.02295641],[-84.25045095,10.02296223],[-84.250412,10.02296299],[-84.2503704,10.0229641],[-84.25033246,10.02296748],[-84.25029469,10.02297184],[-84.25025793,10.02297522],[-84.25022154,10.02297859],[-84.25018067,10.02298377],[-84.2501586,10.0229856],[-84.25008143,10.02298692],[-84.25005935,10.02298531],[-84.25002112,10.02297964],[-84.25001246,10.02297857],[-84.2500045,10.02295624],[-84.25000002,10.02294349],[-84.24999995,10.02278991],[-84.24997607,10.02277235],[-84.24996489,10.02275248],[-84.24989512,10.02262851],[-84.24984373,10.0225372],[-84.24977522,10.02244207],[-84.24968691,10.02232052],[-84.24961818,10.02225191],[-84.24950235,10.02216539],[-84.24938156,10.02209477],[-84.24931424,10.02203873],[-84.24919688,10.02195318],[-84.24912467,10.02189873],[-84.24910821,10.0218831],[-84.24905935,10.0218467],[-84.24895303,10.02177547],[-84.24888825,10.02174364],[-84.24849225,10.0215912],[-84.24809213,10.02143716],[-84.24790723,10.02139529],[-84.24772364,10.0213537],[-84.24761795,10.02132134],[-84.24750797,10.02128766],[-84.24739512,10.02123166],[-84.24728632,10.02117767],[-84.24720885,10.02113156],[-84.24713216,10.02108591],[-84.24705919,10.02104522],[-84.24698155,10.02100191],[-84.24691459,10.0209845],[-84.24683799,10.02096457],[-84.24675761,10.02096585],[-84.24668195,10.02096706],[-84.2466474,10.02096686],[-84.24661001,10.02096664],[-84.24656407,10.02097433],[-84.24651158,10.02098312],[-84.24630636,10.02105671],[-84.24609414,10.02113281],[-84.24596947,10.02121079],[-84.24585009,10.02128546],[-84.24577886,10.02134243],[-84.24570978,10.02139768],[-84.24566927,10.02143221],[-84.24562763,10.02146769],[-84.24557148,10.0215203],[-84.24551396,10.02157419],[-84.24550138,10.02158729],[-84.24548686,10.0216024],[-84.24547886,10.02160793],[-84.24546388,10.02161828],[-84.2454448,10.02162536],[-84.24543297,10.02162975],[-84.2454067,10.02163496],[-84.2453856,10.02163915],[-84.24534497,10.02164227],[-84.24530589,10.02164527],[-84.24521028,10.02165622],[-84.24511171,10.0216675],[-84.24499721,10.02169476],[-84.24487611,10.0217236],[-84.2448242,10.0217501],[-84.24476211,10.02178179],[-84.24473114,10.02181617],[-84.24470636,10.02184366],[-84.24469028,10.0218668],[-84.24467014,10.02189577],[-84.24465529,10.02193613],[-84.24464202,10.02197218],[-84.24463709,10.02198523],[-84.24463063,10.02200232],[-84.24462583,10.02200957],[-84.2446226,10.02201446],[-84.24461282,10.02203183],[-84.2446018,10.02205142],[-84.24457211,10.02208522],[-84.24453593,10.02212642],[-84.2445256,10.02213922],[-84.24449918,10.02215483],[-84.24447718,10.02216702],[-84.24444607,10.02217616],[-84.24441074,10.02218028],[-84.24437517,10.02218497],[-84.24432365,10.02217597],[-84.24427948,10.02215993],[-84.24425741,10.02215364],[-84.24422689,10.02214496],[-84.24418322,10.02211281],[-84.24414731,10.02208637],[-84.24412106,10.02206004],[-84.24409793,10.02203684],[-84.2440767,10.0220116],[-84.24405444,10.02198514],[-84.24404785,10.0219801],[-84.24404431,10.02197699],[-84.24403508,10.02197315],[-84.24403194,10.0219705],[-84.24401668,10.02196463],[-84.24401124,10.02196254],[-84.24399733,10.02196131],[-84.243989,10.02196057],[-84.24396908,10.02195974],[-84.24394679,10.0219588],[-84.24387512,10.02196237],[-84.24379707,10.02196626],[-84.24378024,10.021972],[-84.2437702,10.02197543],[-84.24375731,10.02198193],[-84.24373879,10.02199127],[-84.24371749,10.02200913],[-84.24370083,10.02202309],[-84.24367548,10.0220504],[-84.24364721,10.02208086],[-84.2436319,10.0220997],[-84.24359391,10.02215297],[-84.24357197,10.02218636],[-84.2435614,10.02219961],[-84.24354856,10.02221571],[-84.24353815,10.02222512],[-84.24352262,10.02223915],[-84.24350948,10.02224619],[-84.24350051,10.02225098],[-84.24348859,10.02225686],[-84.24347478,10.02226367],[-84.24346079,10.02226907],[-84.24344243,10.02227616],[-84.24341141,10.02228196],[-84.24338545,10.02228681],[-84.24333459,10.02229028],[-84.24328574,10.02229362],[-84.24323455,10.02229381],[-84.24315185,10.02228973],[-84.2430429,10.02228184],[-84.24296462,10.02228021],[-84.24279945,10.02228342],[-84.24263108,10.02228504],[-84.24255413,10.02230325],[-84.24247662,10.02232126],[-84.24246809,10.02232449],[-84.2424423,10.02233721],[-84.24238166,10.0223737],[-84.24235919,10.02239383],[-84.24229761,10.02244621],[-84.24224091,10.02251016],[-84.24214337,10.02261993],[-84.24205191,10.02273388],[-84.24197214,10.02282611],[-84.24185768,10.02296029],[-84.24173544,10.0231284],[-84.24163737,10.02323831],[-84.24157336,10.02330024],[-84.24150435,10.02336699],[-84.24146509,10.0233871],[-84.24141315,10.02341371],[-84.24136484,10.02341479],[-84.24132858,10.02341561],[-84.24129861,10.02341089],[-84.24126041,10.02340487],[-84.24118264,10.02337044],[-84.24110724,10.02333705],[-84.24105476,10.02332124],[-84.24100337,10.02330575],[-84.24095364,10.0232872],[-84.24090068,10.02326744],[-84.24086224,10.02326313],[-84.24081364,10.02325768],[-84.24077049,10.02326555],[-84.24071609,10.02327548],[-84.24062258,10.0233253],[-84.24053582,10.02337153],[-84.24046035,10.02342137],[-84.24038635,10.02347024],[-84.24037087,10.02348045],[-84.24034653,10.02349649],[-84.24026258,10.02349938],[-84.24019523,10.0235017],[-84.24010452,10.0234757],[-84.24001854,10.02345106],[-84.23995712,10.02343712],[-84.23988096,10.02341984],[-84.23982298,10.02345069],[-84.23978188,10.02347256],[-84.23972621,10.02352524],[-84.23967665,10.02357214],[-84.23962172,10.02364695],[-84.23956876,10.02371906],[-84.23927922,10.02400253],[-84.23899037,10.02428464],[-84.2389407,10.0243657],[-84.23889418,10.02444163],[-84.23881206,10.02460147],[-84.23872932,10.02476253],[-84.23857461,10.02497756],[-84.23842241,10.02518911],[-84.23814691,10.02551326],[-84.2378727,10.02583591],[-84.23763983,10.02609617],[-84.23740754,10.02635577],[-84.23718373,10.02659509],[-84.23696029,10.02683401],[-84.23678545,10.02701833],[-84.23660798,10.02720543],[-84.23655314,10.02724416],[-84.23649149,10.02728768],[-84.23641954,10.02731558],[-84.2363534,10.02734122],[-84.23622949,10.02737547],[-84.23609232,10.0274157],[-84.23598847,10.02742067],[-84.23590352,10.02742474],[-84.2358438,10.027448],[-84.23577435,10.02747505],[-84.23570237,10.02753815],[-84.23563562,10.02759665],[-84.23558503,10.02765121],[-84.23553197,10.02770844],[-84.2354972,10.02775791],[-84.23545855,10.0278129],[-84.23544478,10.02785662],[-84.2354281,10.02790956],[-84.23542909,10.02795311],[-84.23542996,10.02799149],[-84.23543143,10.02803319],[-84.23543312,10.02808108],[-84.2354164,10.02812265],[-84.23540355,10.0281546],[-84.23538214,10.02818312],[-84.235354,10.0282206],[-84.23532897,10.02823308],[-84.23529054,10.02825223],[-84.23523943,10.0282508],[-84.23520069,10.02824971],[-84.23467215,10.02807078],[-84.23414837,10.02789347],[-84.23402443,10.02784807],[-84.23389887,10.02780207],[-84.23382487,10.02778598],[-84.23374144,10.02776783],[-84.23369078,10.02778151],[-84.23365298,10.02779171],[-84.23363315,10.02780636],[-84.2336207,10.02781557],[-84.23360372,10.02783514],[-84.23357969,10.02786284],[-84.23357377,10.02788744],[-84.23357085,10.02789958],[-84.23357345,10.02792077],[-84.23357475,10.02793136],[-84.23359706,10.02797577],[-84.23361646,10.02801441],[-84.23366931,10.02810112],[-84.23372288,10.02818902],[-84.23374129,10.02823592],[-84.23376235,10.02828958],[-84.23376655,10.0283507],[-84.23377032,10.02840577],[-84.23376957,10.02843426],[-84.23376866,10.02846867],[-84.2337518,10.02851918],[-84.23373732,10.02856253],[-84.233714,10.028603],[-84.23368715,10.0286496],[-84.23362697,10.02870967],[-84.23356069,10.02877582],[-84.23349052,10.02881298],[-84.23342821,10.02884598],[-84.23335676,10.02886119],[-84.23328558,10.02887633],[-84.23323514,10.02887969],[-84.23321313,10.02888014],[-84.23320334,10.02888033],[-84.23287598,10.02880944],[-84.23254928,10.02873869],[-84.23240531,10.02873541],[-84.23226638,10.02873226],[-84.23211038,10.02874977],[-84.23195762,10.02876691],[-84.23174394,10.0288075],[-84.23152484,10.02884912],[-84.23143255,10.02889561],[-84.23134602,10.02893919],[-84.23130685,10.02896629],[-84.23126113,10.02899792],[-84.23123021,10.02904434],[-84.23120483,10.02908245],[-84.23118367,10.0291476],[-84.23116463,10.0292062],[-84.23115253,10.02929652],[-84.23114109,10.02938187],[-84.2311436,10.02951906],[-84.23114609,10.02965495],[-84.23114115,10.02976075],[-84.23113583,10.02987456],[-84.23109836,10.02994225],[-84.23106606,10.03000061],[-84.23102917,10.0300408],[-84.23098563,10.03008824],[-84.23089043,10.0301316],[-84.23080138,10.03017214],[-84.23067905,10.03022279],[-84.23055452,10.03027435],[-84.2304915,10.03031573],[-84.23043277,10.03035429],[-84.23038051,10.03040067],[-84.23032489,10.03045003],[-84.23025551,10.03053291],[-84.23018852,10.03061294],[-84.2300699,10.03078614],[-84.22995067,10.03096024],[-84.22984871,10.03106605],[-84.22974241,10.03117638],[-84.22969585,10.03120569],[-84.22964104,10.0312402],[-84.22947141,10.03127028],[-84.22931192,10.03129855],[-84.22918031,10.03128541],[-84.22905451,10.03127286],[-84.22895876,10.03125343],[-84.22885718,10.03123283],[-84.22871737,10.03115959],[-84.22857832,10.03108676],[-84.22848824,10.03106326],[-84.22839106,10.0310379],[-84.22833566,10.03103739],[-84.22826444,10.03103674],[-84.22821233,10.03108363],[-84.22817142,10.03112043],[-84.22802209,10.031324],[-84.22787255,10.03152785],[-84.22782376,10.03156984],[-84.22776938,10.03161665],[-84.22774024,10.03163097],[-84.22770207,10.03164973],[-84.22760631,10.03165577],[-84.22751778,10.03166136],[-84.2274408,10.03166083],[-84.22735895,10.03166026],[-84.22726665,10.03163662],[-84.22717363,10.0316128],[-84.22707627,10.03161672],[-84.22698754,10.03162029],[-84.22692595,10.0316397],[-84.22685553,10.03166189],[-84.22677401,10.03172212],[-84.22669986,10.03177691],[-84.22663501,10.03185851],[-84.226565,10.0319466],[-84.22651556,10.0320662],[-84.22646257,10.03219439],[-84.22645819,10.03226558],[-84.22645287,10.03235204],[-84.22645283,10.03239929],[-84.22652646,10.03238147],[-84.22659372,10.03237086],[-84.22669855,10.03237821],[-84.22677343,10.0323957],[-84.22682927,10.03241928],[-84.22710145,10.03261558],[-84.22724129,10.03271315],[-84.22735024,10.03277312],[-84.22765121,10.03292471],[-84.22769753,10.03296381],[-84.22777041,10.03304202],[-84.22781651,10.0330999],[-84.22790804,10.03322611],[-84.22793258,10.03327264],[-84.22796121,10.03333346],[-84.2279686,10.03335286],[-84.2278875,10.03338981],[-84.22773491,10.0334435],[-84.22762555,10.0334795],[-84.22755053,10.03351863],[-84.22749269,10.03355964],[-84.22736621,10.03366626],[-84.22727341,10.03374889],[-84.22717618,10.03384603],[-84.22706179,10.03396524],[-84.22696157,10.03408378],[-84.22684132,10.03427489],[-84.22678352,10.0343783],[-84.2267124,10.034529],[-84.22658221,10.03479257],[-84.22655934,10.0348367],[-84.22651995,10.03489346],[-84.22644561,10.03498932],[-84.22639413,10.03504357],[-84.22628162,10.03512622],[-84.22613987,10.0352196],[-84.22593031,10.03532832],[-84.22560965,10.03547336],[-84.22541574,10.03557182],[-84.22523991,10.03566074],[-84.22508388,10.03573089],[-84.22499999,10.03576863],[-84.22480161,10.03584844],[-84.22482291,10.03592811],[-84.22488158,10.03607205],[-84.22490171,10.03611359],[-84.22499999,10.03627686],[-84.2250854,10.03641658],[-84.2252209,10.03663003],[-84.2252868,10.03673311],[-84.22550552,10.03706373],[-84.22562921,10.03724118],[-84.22572414,10.03738302],[-84.22582691,10.03753444],[-84.22590064,10.03763979],[-84.22598729,10.03777251],[-84.22617534,10.03804633],[-84.22626333,10.03818617],[-84.22630298,10.03826097],[-84.22633756,10.03833806],[-84.22635097,10.0384252],[-84.2263635,10.03856482],[-84.22637511,10.03871767],[-84.22639553,10.03894762],[-84.22641039,10.03913104],[-84.22640673,10.03917074],[-84.22639203,10.03921136],[-84.22635708,10.03926066],[-84.22625265,10.03936796],[-84.22614499,10.03946887],[-84.22603826,10.03957799],[-84.22594808,10.03965289],[-84.2257888,10.0397714],[-84.22566417,10.03986434],[-84.22558596,10.03993192],[-84.22547094,10.04003512],[-84.2254148,10.04008444],[-84.22525931,10.04024835],[-84.22519858,10.04030817],[-84.22509276,10.04039904],[-84.22499999,10.04047235],[-84.22483063,10.0406021],[-84.22475233,10.04067643],[-84.22451882,10.04091291],[-84.22447389,10.04097101],[-84.22445145,10.0410264],[-84.22444398,10.04105814],[-84.22445422,10.04108446],[-84.22447128,10.04112632],[-84.22449787,10.04116343],[-84.22453401,10.04120325],[-84.224564,10.04122349],[-84.22458921,10.0412309],[-84.22460896,10.0412248],[-84.2246253,10.04120791],[-84.22463619,10.0411917],[-84.22464503,10.04116806],[-84.22465932,10.04114037],[-84.22467838,10.04111605],[-84.22473421,10.04107145],[-84.22487383,10.04100788],[-84.22499999,10.04096931],[-84.22516734,10.04091944],[-84.22536871,10.0408727],[-84.22546165,10.04084521],[-84.22553521,10.04080623],[-84.22558498,10.04077384],[-84.22565136,10.04074912],[-84.2257443,10.04072328],[-84.22607569,10.04067315],[-84.22612825,10.04066324],[-84.226261,10.04061215],[-84.22632351,10.04058634],[-84.22637586,10.04057785],[-84.22642753,10.04058572],[-84.22651442,10.04061253],[-84.22658029,10.0406569],[-84.22660854,10.04069856],[-84.22661963,10.04073804],[-84.22661967,10.04078904],[-84.22653792,10.04099474],[-84.22649544,10.0411235],[-84.22647279,10.04122181],[-84.22647461,10.04133442],[-84.22648014,10.04144171],[-84.22652182,10.04171149],[-84.2265346,10.04178825],[-84.22653857,10.04193412],[-84.22653032,10.0419961],[-84.22648454,10.04219958],[-84.22643265,10.04238387],[-84.22642331,10.04246778],[-84.22642722,10.04252755],[-84.22644718,10.04258512],[-84.22647377,10.04262733],[-84.2266814,10.04283941],[-84.22676168,10.04291174],[-84.22682149,10.04297696],[-84.22685693,10.04302848],[-84.2270204,10.04338208],[-84.22706141,10.04347089],[-84.22711352,10.04360631],[-84.22722104,10.04387604],[-84.22730031,10.04407944],[-84.22737903,10.04428887],[-84.22743446,10.04443854],[-84.2274463,10.04447401],[-84.22763604,10.04443766],[-84.22780419,10.04440282],[-84.22788616,10.04438818],[-84.22797234,10.0443784],[-84.22828265,10.04432998],[-84.22857639,10.04518053],[-84.22872852,10.04565361],[-84.2287457,10.04568973],[-84.22879927,10.04578172],[-84.2288916,10.04585537],[-84.22893878,10.04586596],[-84.2290717,10.04585843],[-84.22934611,10.0458338],[-84.22958943,10.04581132],[-84.22974805,10.04576234],[-84.22981771,10.04573786],[-84.22987238,10.04573251],[-84.22990455,10.04574842],[-84.22993887,10.04577921],[-84.22995819,10.04581425],[-84.22996681,10.04587056],[-84.22995421,10.04593714],[-84.22994116,10.04598213],[-84.22990044,10.04600022],[-84.22976647,10.04604175],[-84.22937619,10.04614683],[-84.22932811,10.04616211],[-84.22928525,10.04619083],[-84.22924455,10.04623229],[-84.22922849,10.04626949],[-84.22922316,10.04631092],[-84.22923821,10.04636297],[-84.22925967,10.04639696],[-84.22929828,10.04642349],[-84.22934867,10.04643089],[-84.22953302,10.04644109],[-84.22985467,10.04646985],[-84.23025238,10.04646639],[-84.23040997,10.04648328],[-84.23053649,10.04651825],[-84.23059547,10.04654796],[-84.23062295,10.04657397],[-84.23065662,10.04661698],[-84.23067704,10.04669983],[-84.23067396,10.04676996],[-84.23065437,10.04683113],[-84.23061654,10.04687841],[-84.23058011,10.04691874],[-84.23052966,10.04696603],[-84.23042311,10.04701614],[-84.23025454,10.04707021],[-84.23010489,10.04710734],[-84.22997723,10.04711096],[-84.22987487,10.04713049],[-84.22979496,10.04716529],[-84.22971086,10.04721261],[-84.22961835,10.04727939],[-84.22954828,10.04734476],[-84.22938298,10.04760478],[-84.22934946,10.04764571],[-84.22914331,10.04779953],[-84.22908024,10.04784544],[-84.22898334,10.04793841],[-84.22888127,10.04807212],[-84.22883925,10.04815554],[-84.22880569,10.04828622],[-84.22879953,10.04833979],[-84.22881217,10.04836063],[-84.22883953,10.04837833],[-84.22886477,10.04838457],[-84.22910029,10.04827495],[-84.22913605,10.04826763],[-84.22917918,10.0482749],[-84.22924336,10.04831551],[-84.22929177,10.04834987],[-84.22931703,10.04838217],[-84.22933023,10.04841631],[-84.22931782,10.04847077],[-84.22929547,10.04852028],[-84.22921802,10.04858348],[-84.22887029,10.04877146],[-84.22882814,10.04881586],[-84.22880493,10.04885741],[-84.22879671,10.04887517],[-84.22878414,10.0489131],[-84.22878174,10.04894095],[-84.22878894,10.0489941],[-84.2288196,10.04905173],[-84.22885127,10.04910321],[-84.22890301,10.04915711],[-84.22906606,10.04923894],[-84.22919788,10.04932303],[-84.22927754,10.04941703],[-84.22935169,10.04953723],[-84.2293415,10.04961676],[-84.22932708,10.04970289],[-84.22929815,10.04976751],[-84.22925234,10.04983691],[-84.22919928,10.04989915],[-84.22906417,10.04998298],[-84.22898937,10.05002609],[-84.22889487,10.05005182],[-84.22887807,10.0500178],[-84.2288175,10.0498758],[-84.22878514,10.04989961],[-84.22863772,10.0500001],[-84.22858859,10.05003463],[-84.22856397,10.05005193],[-84.228548,10.05007464],[-84.22853621,10.05009141],[-84.22851935,10.05013623],[-84.22850398,10.0501771],[-84.22849703,10.05020301],[-84.22848862,10.05023437],[-84.22849315,10.05027606],[-84.22849695,10.05031108],[-84.22851646,10.05037514],[-84.22853739,10.05044388],[-84.22856107,10.05048579],[-84.22858451,10.05052731],[-84.22861163,10.05060549],[-84.22863793,10.05068131],[-84.22867803,10.05080817],[-84.22871894,10.05093759],[-84.2287308,10.05104488],[-84.22874217,10.05114778],[-84.22874028,10.05117809],[-84.22873794,10.05121569],[-84.22871088,10.05126595],[-84.22868716,10.05131001],[-84.228636,10.05137847],[-84.22858236,10.05145024],[-84.22855486,10.05147514],[-84.22852252,10.0515044],[-84.22850004,10.05151379],[-84.22846974,10.05152645],[-84.22843949,10.05152792],[-84.22839896,10.0515299],[-84.22835516,10.05150978],[-84.22831909,10.05149321],[-84.22828792,10.05147011],[-84.22825776,10.05144776],[-84.22821881,10.05142472],[-84.22817868,10.05140099],[-84.22815796,10.05138874],[-84.22813679,10.05137747],[-84.22813129,10.05137421],[-84.22809755,10.0513723],[-84.22807526,10.05137104],[-84.22804321,10.05137754],[-84.2280045,10.05138538],[-84.2279925,10.05139186],[-84.22797192,10.05140296],[-84.22795725,10.05142522],[-84.22794887,10.05143796],[-84.22794369,10.05147311],[-84.2279398,10.05149953],[-84.22796834,10.05169366],[-84.22799653,10.05188533],[-84.22799891,10.0519253],[-84.22800151,10.05196886],[-84.22799684,10.05199888],[-84.22799091,10.05203696],[-84.22797828,10.05205492],[-84.22796979,10.052067],[-84.22788035,10.05216405],[-84.2277929,10.05225895],[-84.22772514,10.05231793],[-84.22765677,10.05237743],[-84.22763739,10.0524015],[-84.2276201,10.05242296],[-84.22759032,10.05246855],[-84.22755909,10.05251636],[-84.22744059,10.05275641],[-84.22732103,10.0529986],[-84.22730442,10.05301559],[-84.22728242,10.05303807],[-84.22726197,10.05304875],[-84.22724563,10.05305728],[-84.22722383,10.05306697],[-84.2271982,10.05307837],[-84.227159,10.05308387],[-84.22712412,10.05308876],[-84.22707279,10.05309205],[-84.2270054,10.05309636],[-84.22696735,10.05310137],[-84.22695233,10.0531025],[-84.22692537,10.05311249],[-84.22688083,10.05312368],[-84.22686091,10.05313402],[-84.22685205,10.05314219],[-84.22684256,10.0531524],[-84.22683778,10.05316028],[-84.22682877,10.05317514],[-84.22682982,10.0531808],[-84.22682914,10.05318324],[-84.22683018,10.05319328],[-84.22683063,10.05322615],[-84.22683531,10.05323635],[-84.22683701,10.05324053],[-84.22686664,10.053322],[-84.2269007,10.05338747],[-84.22690439,10.05339332],[-84.22692989,10.05342994],[-84.22695103,10.05346032],[-84.22696483,10.05347763],[-84.22697968,10.05349627],[-84.22700214,10.05355021],[-84.22702368,10.05360195],[-84.22703055,10.05361967],[-84.2270377,10.05363811],[-84.22704246,10.05365379],[-84.2270471,10.05366904],[-84.22706698,10.05373044],[-84.227087,10.05379225],[-84.22710931,10.05385344],[-84.22713162,10.05391462],[-84.22713583,10.0539276],[-84.22714014,10.05394085],[-84.22716029,10.05399037],[-84.22718043,10.05403984],[-84.22720381,10.05410999],[-84.22722713,10.05417996],[-84.22725467,10.05425291],[-84.2272822,10.0543258],[-84.22730346,10.05438812],[-84.22732491,10.05445097],[-84.22734594,10.05452203],[-84.22736734,10.05459435],[-84.22737564,10.0546455],[-84.22738451,10.05470015],[-84.22737675,10.05474718],[-84.22736779,10.05480143],[-84.22735341,10.05481665],[-84.22734409,10.05482651],[-84.22730693,10.0548464],[-84.22726511,10.05486877],[-84.22716711,10.05488415],[-84.22707299,10.05489892],[-84.22698954,10.05489923],[-84.22690352,10.05489955],[-84.22684475,10.05488988],[-84.22678131,10.05487944],[-84.22673454,10.05484853],[-84.22669085,10.05481966],[-84.22662466,10.05477237],[-84.22655875,10.05472529],[-84.22653428,10.05470761],[-84.22650682,10.05468776],[-84.22647952,10.05468329],[-84.22644435,10.05467752],[-84.22641323,10.05468901],[-84.22638638,10.05469892],[-84.22634085,10.05471788],[-84.22629366,10.05473753],[-84.22625684,10.05476159],[-84.22622199,10.05478437],[-84.22620936,10.05479479],[-84.22619355,10.05480783],[-84.22616708,10.05482813],[-84.22614004,10.05484799],[-84.2260941,10.05487307],[-84.22605132,10.05489643],[-84.22598139,10.05495229],[-84.22591225,10.05500752],[-84.2258502,10.0550525],[-84.22578761,10.05509787],[-84.22572516,10.05515694],[-84.22566114,10.0552175],[-84.22560334,10.0552904],[-84.22554365,10.05536567],[-84.22552928,10.05539703],[-84.22551593,10.05542619],[-84.22548802,10.05549997],[-84.2254595,10.05557535],[-84.22544211,10.05565693],[-84.22542495,10.05573746],[-84.2254049,10.05582504],[-84.22538451,10.05591406],[-84.22534433,10.05600912],[-84.22530481,10.05610264],[-84.22525384,10.05621099],[-84.22520155,10.05632216],[-84.22517758,10.05634581],[-84.22514873,10.05637427],[-84.225123,10.05638164],[-84.22510218,10.0563876],[-84.22505279,10.05639497],[-84.22500001,10.05640285],[-84.22499505,10.05640359],[-84.22499176,10.05640408],[-84.22491106,10.05640912],[-84.22483027,10.05641416],[-84.22474748,10.05642742],[-84.22466575,10.0564405],[-84.22457098,10.05645955],[-84.22447427,10.05647899],[-84.22439663,10.0565123],[-84.22431595,10.05654691],[-84.22431277,10.05654828],[-84.22430807,10.05654913],[-84.22428946,10.05657758],[-84.22427627,10.05659807],[-84.22427245,10.05661356],[-84.22426729,10.05663448],[-84.22427052,10.05665914],[-84.22427313,10.05667908],[-84.22428668,10.05671475],[-84.22429927,10.05674789],[-84.22432522,10.0567985],[-84.22435081,10.05684842],[-84.22437295,10.0568929],[-84.2243955,10.0569382],[-84.22442005,10.05700437],[-84.22444424,10.05706955],[-84.22446963,10.05714459],[-84.22449548,10.05722099],[-84.22450463,10.0572735],[-84.22451449,10.05733012],[-84.22450164,10.05739213],[-84.22448997,10.05744845],[-84.22445739,10.05749986],[-84.22442668,10.05754831],[-84.22440177,10.05758127],[-84.22437468,10.05761712],[-84.2243113,10.05765615],[-84.22425192,10.05769273],[-84.22420007,10.05771087],[-84.22415103,10.05772804],[-84.22405075,10.0577463],[-84.22395054,10.05776455],[-84.22390293,10.05778071],[-84.22385098,10.05779835],[-84.22381116,10.05783539],[-84.22377527,10.05786878],[-84.22376465,10.05788526],[-84.22375418,10.05790153],[-84.22371391,10.05798342],[-84.22372015,10.0580135],[-84.22372521,10.05803785],[-84.22374139,10.05807098],[-84.22375659,10.0581021],[-84.22377619,10.05813891],[-84.22379588,10.05817592],[-84.22382688,10.0582442],[-84.2238577,10.0583121],[-84.22388906,10.05837944],[-84.22392047,10.05844687],[-84.22395089,10.05851631],[-84.22398178,10.05858681],[-84.22399425,10.05862877],[-84.22400773,10.05867409],[-84.22400584,10.05873173],[-84.22400407,10.05878609],[-84.22399085,10.05888709],[-84.22397783,10.05898668],[-84.22395893,10.05907343],[-84.22394027,10.05915911],[-84.22391345,10.05925658],[-84.22388635,10.05935506],[-84.22386481,10.05941434],[-84.22384354,10.05947285],[-84.2238054,10.05957021],[-84.22376654,10.05966941],[-84.22370424,10.0597604],[-84.22363979,10.05985455],[-84.22357099,10.05991406],[-84.22350515,10.059971],[-84.22347618,10.059986],[-84.22344379,10.06000278],[-84.22338554,10.06001649],[-84.22333032,10.06002949],[-84.22327771,10.06003414],[-84.22322707,10.06003862],[-84.22316228,10.06003761],[-84.22309863,10.06003662],[-84.22297845,10.06003008],[-84.22285847,10.06002356],[-84.22276843,10.06002007],[-84.22267798,10.06001656],[-84.22256767,10.06001623],[-84.22245604,10.0600159],[-84.22238054,10.0600255],[-84.22230252,10.06003541],[-84.22222555,10.06006045],[-84.22215086,10.06008476],[-84.22206774,10.06012252],[-84.22198231,10.06016133],[-84.22196126,10.06017674],[-84.22193634,10.06019497],[-84.22191458,10.06023095],[-84.22189542,10.06026264],[-84.22187721,10.06032013],[-84.22185928,10.06037672],[-84.2218295,10.06044285],[-84.22179878,10.06051108],[-84.22174402,10.06059128],[-84.22169037,10.06066985],[-84.22164244,10.06072986],[-84.22159439,10.06079003],[-84.22155246,10.06085466],[-84.22150912,10.06092145],[-84.22147791,10.06100802],[-84.22144714,10.06109339],[-84.22141072,10.06117647],[-84.2213734,10.06126157],[-84.22131943,10.06133615],[-84.22126658,10.06140917],[-84.221236,10.06144874],[-84.22120459,10.06148938],[-84.22115631,10.06153645],[-84.22110853,10.06158302],[-84.22108083,10.06161292],[-84.22105074,10.06164539],[-84.22103426,10.06168957],[-84.2210199,10.06172806],[-84.22102045,10.06175478],[-84.22102096,10.06177974],[-84.22101141,10.06184948],[-84.22100124,10.06192372],[-84.22098257,10.06195382],[-84.22096728,10.06197848],[-84.22092984,10.06200572],[-84.22089618,10.0620302],[-84.22083126,10.06205993],[-84.22076906,10.06208843],[-84.22072898,10.06209883],[-84.22069102,10.06210869],[-84.22064242,10.06211633],[-84.22059387,10.06212396],[-84.22054372,10.06213672],[-84.22049376,10.06214944],[-84.22042033,10.06216281],[-84.22034749,10.06217607],[-84.22024124,10.06219482],[-84.22013387,10.06221376],[-84.22004046,10.06224499],[-84.21994348,10.0622774],[-84.21988618,10.0623205],[-84.21983125,10.06236181],[-84.21977741,10.06240664],[-84.21972352,10.06245151],[-84.21967758,10.06248546],[-84.21963015,10.06252051],[-84.21957084,10.06254999],[-84.21950713,10.06258165],[-84.21942887,10.06258377],[-84.21934298,10.0625861],[-84.21932252,10.06257556],[-84.21929405,10.0625609],[-84.21927912,10.06253312],[-84.21926782,10.06251213],[-84.21926395,10.06248416],[-84.21926062,10.06246007],[-84.21926089,10.06239829],[-84.21926115,10.06233787],[-84.21926487,10.06223675],[-84.21926861,10.06213467],[-84.21927969,10.06204868],[-84.21929062,10.06196386],[-84.21930438,10.0618912],[-84.21931836,10.06181738],[-84.21933503,10.06175939],[-84.21935171,10.06170135],[-84.21936025,10.06165445],[-84.21936921,10.06160524],[-84.21936771,10.06152647],[-84.21936613,10.06144408],[-84.21934887,10.06138487],[-84.21933274,10.06132954],[-84.21930265,10.06127859],[-84.21927419,10.0612304],[-84.21924216,10.06119167],[-84.21920829,10.0611507],[-84.21912188,10.06108238],[-84.21903695,10.06101522],[-84.21898962,10.06097982],[-84.21894211,10.06094428],[-84.21891777,10.06092382],[-84.21889028,10.06090071],[-84.21885849,10.06089627],[-84.21881575,10.0608903],[-84.21878884,10.06090999],[-84.21877,10.06092378],[-84.21876199,10.06093856],[-84.21875554,10.06095044],[-84.21872905,10.06099582],[-84.2187019,10.06104232],[-84.21868453,10.06109298],[-84.21866791,10.06114145],[-84.21865617,10.06119128],[-84.21864472,10.06123985],[-84.21862829,10.06133917],[-84.21861195,10.06143791],[-84.21860097,10.061507],[-84.21859,10.06157603],[-84.21857515,10.06166965],[-84.2185602,10.06176394],[-84.21853674,10.06185737],[-84.21851245,10.06195404],[-84.21847242,10.06201461],[-84.21843428,10.06207232],[-84.21839782,10.06211746],[-84.21835983,10.0621645],[-84.21829761,10.06221466],[-84.21823773,10.06226293],[-84.21815587,10.06230891],[-84.21807535,10.06235414],[-84.21800417,10.06239172],[-84.21793214,10.06242975],[-84.21787262,10.06247349],[-84.21781416,10.06251645],[-84.21775577,10.062561],[-84.21769569,10.06260684],[-84.21763424,10.06268467],[-84.21757432,10.06276056],[-84.21753554,10.06281628],[-84.21749631,10.06287267],[-84.21745771,10.0629124],[-84.21741631,10.06295502],[-84.21738738,10.06296923],[-84.21735348,10.06298587],[-84.21730131,10.06299169],[-84.21725067,10.06299734],[-84.21717849,10.06301699],[-84.21710343,10.06303743],[-84.2170426,10.06306932],[-84.21698351,10.06310031],[-84.21695168,10.06311812],[-84.21691942,10.06313616],[-84.21682281,10.06317953],[-84.21672462,10.0632236],[-84.21665916,10.0632434],[-84.21659415,10.06326307],[-84.21651214,10.0632942],[-84.21642905,10.06332574],[-84.21640673,10.06333626],[-84.21638314,10.06334738],[-84.21627871,10.06340997],[-84.21617468,10.06347232],[-84.21612822,10.06349768],[-84.21608168,10.06352309],[-84.21600598,10.06356957],[-84.21593065,10.06361583],[-84.21590206,10.06363355],[-84.21587273,10.06365173],[-84.21582055,10.06369221],[-84.21576713,10.06373366],[-84.21571403,10.06375361],[-84.2156625,10.06377298],[-84.21563689,10.06378539],[-84.21560752,10.06379961],[-84.21554217,10.0638786],[-84.21547997,10.06395377],[-84.21542793,10.06404916],[-84.2153768,10.0641429],[-84.21532302,10.06425367],[-84.21526886,10.0643652],[-84.21524252,10.06440305],[-84.21521752,10.06443899],[-84.21518641,10.06447237],[-84.21515322,10.06450799],[-84.21509259,10.06454755],[-84.21503404,10.06458575],[-84.21494262,10.06463692],[-84.21485102,10.06468819],[-84.21480173,10.06472233],[-84.21475301,10.06475607],[-84.21468409,10.06480293],[-84.21461423,10.06485044],[-84.21454705,10.06491313],[-84.21448102,10.06497475],[-84.21443559,10.06502109],[-84.21438999,10.06506761],[-84.21432519,10.06512444],[-84.2142597,10.06518188],[-84.21420965,10.06524643],[-84.21416077,10.06530947],[-84.21413603,10.06534502],[-84.21411139,10.06538042],[-84.21407669,10.06542741],[-84.21404126,10.06547538],[-84.2140258,10.06550714],[-84.21400827,10.06554316],[-84.21400695,10.06557849],[-84.21400586,10.06560764],[-84.21401831,10.06564389],[-84.21402929,10.06567585],[-84.21406546,10.06573628],[-84.21410064,10.06579506],[-84.21414429,10.0658621],[-84.21418805,10.06592932],[-84.21422239,10.06599036],[-84.21425806,10.06605377],[-84.21426844,10.06609764],[-84.2142803,10.06614778],[-84.21426854,10.06618591],[-84.21425915,10.06621636],[-84.21423169,10.06624449],[-84.21420937,10.06626736],[-84.21418561,10.0662762],[-84.21416532,10.06628375],[-84.21414188,10.06629205],[-84.21411671,10.06630096],[-84.21406063,10.06630817],[-84.21400511,10.06631531],[-84.21395103,10.06633039],[-84.21389433,10.06634619],[-84.21384027,10.06637355],[-84.21378777,10.06640013],[-84.21374799,10.06642143],[-84.21370675,10.0664435],[-84.21368159,10.06645027],[-84.21365152,10.06645835],[-84.21362125,10.06645411],[-84.21359573,10.06645055],[-84.21355616,10.06643694],[-84.21351857,10.06642402],[-84.21346467,10.0664012],[-84.2134103,10.06637819],[-84.21332344,10.06635435],[-84.21323807,10.06633091],[-84.21313253,10.06630873],[-84.21302545,10.06628622],[-84.21297272,10.06628249],[-84.21291716,10.06627856],[-84.21290483,10.06628037],[-84.21288366,10.06628348],[-84.21286732,10.06630866],[-84.21285585,10.06632634],[-84.21284239,10.06636352],[-84.2128273,10.06640522],[-84.21282849,10.06643923],[-84.21282953,10.06646895],[-84.21283656,10.06650361],[-84.21284328,10.06653668],[-84.21285528,10.06658519],[-84.21286725,10.06663361],[-84.21287047,10.06664849],[-84.21287434,10.06666689],[-84.21287966,10.06669102],[-84.2128841,10.06671159],[-84.21289723,10.06676325],[-84.21291076,10.06681646],[-84.21291129,10.06688224],[-84.21291185,10.06695235],[-84.21289014,10.06702124],[-84.2128663,10.06709684],[-84.21285582,10.0671056],[-84.21283671,10.06712158],[-84.21281592,10.06711958],[-84.21280208,10.06711825],[-84.21273843,10.06710972],[-84.21267379,10.06710107],[-84.21259186,10.06708263],[-84.21250674,10.06706347],[-84.21243352,10.06701953],[-84.2123619,10.06697655],[-84.21224911,10.06692169],[-84.21213728,10.0668673],[-84.21204275,10.06682663],[-84.2119466,10.06678526],[-84.21188601,10.06677102],[-84.2118211,10.06675576],[-84.21179219,10.06676001],[-84.21175369,10.06676566],[-84.2117315,10.06679586],[-84.2117156,10.06681751],[-84.21171027,10.06685784],[-84.21170562,10.06689296],[-84.21170617,10.06691053],[-84.21170685,10.06693187],[-84.21173564,10.06701113],[-84.21176324,10.06708709],[-84.21180829,10.06717358],[-84.2118528,10.06725903],[-84.21189292,10.06733278],[-84.21193303,10.06740651],[-84.21196649,10.06747055],[-84.21200013,10.06753495],[-84.21204488,10.06762846],[-84.21209042,10.0677236],[-84.2121097,10.06779901],[-84.21212977,10.0678775],[-84.21213084,10.06790426],[-84.2121321,10.06793571],[-84.21212493,10.06795562],[-84.21211446,10.06798465],[-84.21208804,10.06799655],[-84.21206966,10.06800483],[-84.21198955,10.06801768],[-84.21190477,10.06803127],[-84.21184607,10.0680215],[-84.21179164,10.06801245],[-84.21170956,10.06797977],[-84.21162927,10.0679478],[-84.2115351,10.06790729],[-84.21143862,10.06786578],[-84.21140658,10.06786364],[-84.21136717,10.067861],[-84.21135374,10.06786833],[-84.2113479,10.06787152],[-84.21133172,10.0678964],[-84.21131907,10.06791585],[-84.21130434,10.06797099],[-84.21128998,10.06802477],[-84.21125078,10.06811796],[-84.21121231,10.06820941],[-84.21118243,10.06826395],[-84.21115213,10.06831925],[-84.21112624,10.06840686],[-84.21110118,10.06849167],[-84.21109415,10.06854611],[-84.2110864,10.06860611],[-84.21110333,10.06864418],[-84.21111714,10.06867521],[-84.21116335,10.06871702],[-84.21120808,10.0687575],[-84.21126847,10.06883444],[-84.21133097,10.06891406],[-84.21134871,10.06895561],[-84.21136503,10.06899385],[-84.21137911,10.06906048],[-84.21139444,10.06913302],[-84.21138053,10.06917038],[-84.21136865,10.06920233],[-84.21136515,10.06920848],[-84.21135947,10.06921848],[-84.21132874,10.06924211],[-84.21130241,10.06926237],[-84.2112581,10.06927909],[-84.21121684,10.06929466],[-84.21118485,10.06930277],[-84.21115008,10.06931159],[-84.21110231,10.06931178],[-84.21105627,10.06931196],[-84.21096513,10.06931489],[-84.21087335,10.06931784],[-84.21076674,10.06930971],[-84.21066108,10.06930165],[-84.21059892,10.06929632],[-84.21053643,10.06929096],[-84.21049604,10.06928613],[-84.21045262,10.06928093],[-84.21036305,10.06927021],[-84.21035427,10.06926916],[-84.21035076,10.06926874],[-84.21030221,10.06926709],[-84.21025163,10.06926536],[-84.21022754,10.06926863],[-84.21020019,10.06927234],[-84.21017624,10.0692818],[-84.21015554,10.06928997],[-84.2101288,10.06930719],[-84.21010408,10.06932313],[-84.21004529,10.06937022],[-84.2099848,10.06941867],[-84.20988342,10.06953355],[-84.20978311,10.06964722],[-84.20965608,10.06980074],[-84.20952774,10.06995583],[-84.20946963,10.07007179],[-84.2094128,10.07018519],[-84.20939265,10.07024474],[-84.20937239,10.0703046],[-84.20933743,10.07036757],[-84.20930015,10.07043473],[-84.20926058,10.07046426],[-84.20922394,10.0704916],[-84.20919274,10.07051324],[-84.20916105,10.07053523],[-84.20911209,10.07056619],[-84.2090631,10.07059716],[-84.20899108,10.07064767],[-84.20891638,10.07070007],[-84.20887571,10.07076002],[-84.20883715,10.07081684],[-84.20881933,10.07085082],[-84.20879991,10.07088784],[-84.20879006,10.0709488],[-84.20878091,10.0710055],[-84.20878437,10.0710576],[-84.20878763,10.07110661],[-84.2087953,10.07113872],[-84.20880369,10.07117385],[-84.20883449,10.07123548],[-84.20886482,10.07129615],[-84.20887753,10.07132894],[-84.20889257,10.0713677],[-84.20888313,10.0713954],[-84.20887683,10.07141391],[-84.20886125,10.07142812],[-84.20884889,10.07143938],[-84.20881045,10.07147161],[-84.20877077,10.07150489],[-84.20871655,10.07153705],[-84.20866345,10.07156854],[-84.20861361,10.07159786],[-84.2085637,10.07162722],[-84.20850636,10.0716606],[-84.20844748,10.07169488],[-84.20838638,10.07171432],[-84.20832487,10.07173388],[-84.20828096,10.07176263],[-84.20823183,10.07179479],[-84.20822052,10.0718161],[-84.20821239,10.07183142],[-84.20820794,10.07186265],[-84.20820251,10.07190081],[-84.20821112,10.07192151],[-84.2082176,10.07193711],[-84.20824298,10.07197809],[-84.2082673,10.07201735],[-84.20830404,10.07206572],[-84.20834044,10.07211366],[-84.20840556,10.07220416],[-84.20847167,10.07229604],[-84.20849904,10.07235504],[-84.20852781,10.07241709],[-84.20853592,10.07245787],[-84.2085455,10.07250603],[-84.20853174,10.07253118],[-84.2085228,10.07254751],[-84.20850826,10.07255596],[-84.20849866,10.07256154],[-84.20848472,10.07256682],[-84.20846819,10.07257307],[-84.2084359,10.07257895],[-84.20840529,10.07258452],[-84.20836762,10.07259018],[-84.20833039,10.07259577],[-84.20828831,10.07260106],[-84.20824576,10.0726064],[-84.208162,10.07261398],[-84.20807655,10.0726217],[-84.20800636,10.07261569],[-84.20793837,10.07260987],[-84.20788513,10.0725998],[-84.20783242,10.07258982],[-84.20777563,10.07258113],[-84.20771855,10.0725724],[-84.20764491,10.07255568],[-84.2075645,10.07253742],[-84.20754712,10.07255081],[-84.20753865,10.07255735],[-84.20752926,10.07257691],[-84.20751628,10.07260397],[-84.20752281,10.07265639],[-84.20752858,10.07270272],[-84.20754781,10.07276009],[-84.20756619,10.07281492],[-84.20759182,10.07286566],[-84.20761746,10.07291642],[-84.20765221,10.07302121],[-84.20768836,10.07313019],[-84.20768421,10.07317419],[-84.2076794,10.07322513],[-84.20765065,10.07327105],[-84.20762452,10.07331278],[-84.20759881,10.0733423],[-84.20757391,10.07337089],[-84.20756859,10.07337429],[-84.20755081,10.07338564],[-84.20754318,10.07339051],[-84.20751271,10.07340352],[-84.20747879,10.07341798],[-84.20744689,10.0734206],[-84.20741924,10.07342286],[-84.20738091,10.07341701],[-84.20734308,10.07341125],[-84.20728954,10.07341201],[-84.20723704,10.07341276],[-84.20721268,10.07341239],[-84.20718839,10.07341203],[-84.20715683,10.07341217],[-84.20712321,10.07341232],[-84.20709153,10.0734205],[-84.20705567,10.07342977],[-84.20703227,10.07344461],[-84.20701271,10.073457],[-84.20699798,10.07347363],[-84.20698526,10.07348799],[-84.20697376,10.07350454],[-84.20696086,10.07352309],[-84.20695016,10.07354832],[-84.20693804,10.07357691],[-84.20693482,10.07360318],[-84.20693088,10.07363536],[-84.20694962,10.07368193],[-84.20696617,10.07372305],[-84.20698779,10.07375148],[-84.20700708,10.07377686],[-84.20713673,10.0738819],[-84.20726447,10.07398539],[-84.20745238,10.07411371],[-84.20764066,10.07424227],[-84.20769023,10.07428761],[-84.20774291,10.07433578],[-84.20775667,10.0743665],[-84.20777328,10.0744036],[-84.20777099,10.0744305],[-84.20776935,10.07444981],[-84.20774855,10.0744817],[-84.20773041,10.07450951],[-84.20771317,10.07452905],[-84.20769378,10.07455105],[-84.20763289,10.07458945],[-84.20757319,10.0746271],[-84.20748607,10.07469525],[-84.20739911,10.07476329],[-84.20733787,10.07480416],[-84.20727683,10.0748449],[-84.20724608,10.07486742],[-84.20721543,10.07488987],[-84.20719964,10.07490077],[-84.20718379,10.07491172],[-84.20716103,10.07492872],[-84.20713687,10.07494676],[-84.20711181,10.07497442],[-84.2070883,10.07500038],[-84.20705353,10.07504839],[-84.20701937,10.07509555],[-84.20695073,10.07519626],[-84.206882,10.07529708],[-84.20686446,10.07532035],[-84.20684685,10.0753437],[-84.2068203,10.07538386],[-84.20679205,10.0754266],[-84.2067837,10.075461],[-84.20677636,10.07549123],[-84.20677613,10.07550578],[-84.20677595,10.07551785],[-84.20677675,10.07552653],[-84.20677798,10.07553981],[-84.20679165,10.07556017],[-84.20680173,10.07557519],[-84.20682902,10.07559534],[-84.20685343,10.07561336],[-84.2068649,10.07561977],[-84.20687575,10.07562581],[-84.20690856,10.07564551],[-84.20694171,10.0756654],[-84.20697665,10.07568262],[-84.20701231,10.07570019],[-84.20705184,10.0757299],[-84.20709036,10.07575885],[-84.20712716,10.07578527],[-84.20716547,10.07581279],[-84.20718754,10.07584007],[-84.20720727,10.07586444],[-84.2072227,10.07589594],[-84.20723966,10.07593057],[-84.20725924,10.07601849],[-84.20727873,10.07610602],[-84.20731511,10.07619134],[-84.20735099,10.07627549],[-84.20737026,10.07632253],[-84.20738993,10.07637056],[-84.20741917,10.07641899],[-84.20745007,10.07647016],[-84.207486,10.07650433],[-84.20752141,10.076538],[-84.20755628,10.07658497],[-84.20759301,10.07663445],[-84.20761621,10.07668961],[-84.20763839,10.07674231],[-84.20765828,10.07681012],[-84.20767776,10.07687655],[-84.20768446,10.07690824],[-84.20769103,10.07693931],[-84.20769974,10.07698186],[-84.20770889,10.07702651],[-84.20772523,10.07705702],[-84.20774011,10.07708481],[-84.20775725,10.07710646],[-84.20778342,10.07711337],[-84.20779526,10.07711654],[-84.20780063,10.07711798],[-84.20785038,10.07712241],[-84.20790061,10.07712689],[-84.20800255,10.07716126],[-84.20810291,10.07719509],[-84.20813993,10.07720681],[-84.20817693,10.07721851],[-84.20822159,10.07723343],[-84.20826821,10.077249],[-84.20830781,10.07727468],[-84.20834548,10.07729911],[-84.20838439,10.077327],[-84.20842457,10.07735579],[-84.20845747,10.07738825],[-84.20849317,10.07742348],[-84.20851343,10.07746713],[-84.20853224,10.07750767],[-84.20855619,10.07757554],[-84.20857988,10.07764267],[-84.20859394,10.07768345],[-84.2086083,10.07772511],[-84.20861848,10.07774545],[-84.20862878,10.07776605],[-84.20863711,10.07779342],[-84.2086447,10.07781838],[-84.20864797,10.07784379],[-84.20865159,10.07787202],[-84.20865058,10.07788387],[-84.20864906,10.07790181],[-84.20862675,10.07792996],[-84.2086096,10.0779516],[-84.20859388,10.07795849],[-84.2085823,10.07796355],[-84.20855099,10.07797375],[-84.20851739,10.0779847],[-84.20846889,10.07798954],[-84.20842268,10.07799414],[-84.20831206,10.07799587],[-84.20820044,10.07799761],[-84.20818191,10.07800191],[-84.2081656,10.07800569],[-84.20813734,10.07801486],[-84.20810759,10.07802451],[-84.20808598,10.07803449],[-84.20806584,10.07804378],[-84.20804976,10.07805313],[-84.20803005,10.0780646],[-84.20798351,10.07813364],[-84.2079397,10.07819862],[-84.20792673,10.07822908],[-84.20791186,10.07826401],[-84.20791512,10.07833242],[-84.20791819,10.07839687],[-84.20792725,10.07847153],[-84.2079364,10.0785469],[-84.20793503,10.07857444],[-84.20793376,10.0786002],[-84.20793139,10.07862027],[-84.20792888,10.0786416],[-84.20792235,10.07867101],[-84.2079153,10.07870279],[-84.20790367,10.07872739],[-84.20789318,10.07874959],[-84.20787685,10.07877504],[-84.2078612,10.07879944],[-84.20785225,10.07881231],[-84.20784304,10.07882557],[-84.20783211,10.07884522],[-84.20781978,10.07886739],[-84.20781515,10.07888767],[-84.20781113,10.07890526],[-84.20780692,10.07893492],[-84.20780239,10.07896686],[-84.20780371,10.07898267],[-84.2078054,10.07900294],[-84.20782524,10.07904382],[-84.20784492,10.07908437],[-84.20784596,10.07909226],[-84.20784792,10.07910715],[-84.20783664,10.07912927],[-84.20782896,10.07914434],[-84.20781979,10.07915163],[-84.20781549,10.07915505],[-84.20780858,10.07915711],[-84.20780431,10.07915839],[-84.20776538,10.07917111],[-84.20772509,10.07918428],[-84.20768888,10.07920292],[-84.20764992,10.07922298],[-84.20762779,10.07924232],[-84.20760689,10.07926058],[-84.20758693,10.07927705],[-84.20756446,10.0792956],[-84.2075315,10.07930563],[-84.20750345,10.07931416],[-84.20748814,10.07931455],[-84.20747662,10.07931484],[-84.20743457,10.07930646],[-84.20739585,10.07929874],[-84.20735085,10.07927886],[-84.20730725,10.0792596],[-84.20725107,10.07923614],[-84.20719427,10.07921243],[-84.20717438,10.07920563],[-84.20715195,10.07919796],[-84.20711055,10.07919599],[-84.20707215,10.07919417],[-84.20703932,10.07919615],[-84.20700415,10.07919827],[-84.2069631,10.07920904],[-84.20692295,10.07921958],[-84.20691668,10.07922072],[-84.20691052,10.07922185],[-84.20688575,10.07922798],[-84.20685962,10.07923444],[-84.20683919,10.07924218],[-84.20681683,10.07925065],[-84.20678172,10.07927043],[-84.206748,10.07928942],[-84.20671833,10.07930848],[-84.20668766,10.07932819],[-84.20666014,10.07935006],[-84.20663088,10.07937332],[-84.20658609,10.07942571],[-84.20654218,10.07947706],[-84.20648271,10.0795449],[-84.20642293,10.07961308],[-84.2063867,10.07966121],[-84.20635098,10.07970866],[-84.20632126,10.0797514],[-84.20629187,10.07979368],[-84.20625909,10.07984464],[-84.20622515,10.07989738],[-84.20619984,10.07991805],[-84.206178,10.07993589],[-84.20614654,10.07994966],[-84.20611657,10.07996277],[-84.20610273,10.07996987],[-84.20608572,10.0799786],[-84.20606043,10.07997759],[-84.20603962,10.07997677],[-84.20601404,10.07997421],[-84.2059859,10.0799714],[-84.20596869,10.07997654],[-84.20595488,10.07998067],[-84.20593822,10.07998692],[-84.20591712,10.07999484],[-84.20590221,10.08001365],[-84.20589106,10.08002773],[-84.20588588,10.0800391],[-84.20587761,10.08005729],[-84.20589244,10.08010606],[-84.20590493,10.08014713],[-84.2059824,10.08025681],[-84.20605823,10.08036416],[-84.20609842,10.08041467],[-84.20613857,10.08046513],[-84.20615933,10.08049404],[-84.20618227,10.08052597],[-84.20618516,10.0805415],[-84.20618687,10.08055069],[-84.20617883,10.08058587],[-84.20617201,10.08061567],[-84.20616272,10.08063101],[-84.20615492,10.08064388],[-84.20613955,10.08066598],[-84.20612294,10.08068988],[-84.20611185,10.08069993],[-84.20610091,10.08070985],[-84.20607404,10.08074645],[-84.20604819,10.08078166],[-84.20604116,10.08079177],[-84.20603239,10.08080439],[-84.20602369,10.08084138],[-84.206016,10.08087409],[-84.20601515,10.08090875],[-84.20601422,10.08094702],[-84.20602998,10.08100898],[-84.206040531595306,10.081050469828146],[-84.204908439647923,10.081616515801837],[-84.196591225045168,10.08278446508648],[-84.19075147862192,10.082501325865959],[-84.185442618237175,10.080873275347972],[-84.183885352524328,10.08221818664544],[-84.181478669149911,10.085792819304496],[-84.175426568311309,10.090641578455891],[-84.173134064793587,10.092364429584364],[-84.171037910393295,10.096198185658583],[-84.169144416856071,10.096339755268843],[-84.168998640309496,10.096366429275237],[-84.166012189229079,10.098888008253516],[-84.162561429978993,10.100002868934311],[-84.161274090853823,10.100307167433458],[-84.16127487,10.08294086],[-84.16632881,10.07184608],[-84.16809705,10.06083951],[-84.16809767,10.06083568],[-84.16809767,10.06083564],[-84.16809768,10.0608356],[-84.16809768,10.06083556],[-84.16984343,10.05000014],[-84.17080419,10.04403817],[-84.17375462,10.0268481],[-84.17366578,10.0157764],[-84.17364025,10.01376954],[-84.17376991,10.00567013],[-84.17376991,10.00567009],[-84.17378038,10.00501582],[-84.17386397,10.00489173],[-84.17391029,10.0048496],[-84.17395663,10.00485149],[-84.17401264,10.00489165],[-84.17408797,10.00494328],[-84.17422121,10.0049834],[-84.17440852,10.00501393],[-84.17459131,10.00503297],[-84.17477955,10.00500895],[-84.17496295,10.00497057],[-84.17507296,10.00488918],[-84.17533058,10.00462062],[-84.17539427,10.0045804],[-84.17547971,10.00457318],[-84.17557963,10.00457887],[-84.17563466,10.00458601],[-84.17567811,10.00459891],[-84.17571577,10.00462186],[-84.17576213,10.00466346],[-84.17578532,10.00468928],[-84.17583751,10.00479834],[-84.17589993,10.00507764],[-84.17591007,10.00510204],[-84.17593181,10.00513073],[-84.17597093,10.00516085],[-84.17600714,10.00517806],[-84.17648069,10.00522374],[-84.17650675,10.00521368],[-84.17652557,10.00520075],[-84.17656029,10.00513327],[-84.17658053,10.00508302],[-84.17659494,10.00495928],[-84.17659492,10.00492053],[-84.17658767,10.00489039],[-84.17656882,10.00485164],[-84.17655143,10.00482151],[-84.17648334,10.00476843],[-84.1764167,10.00471823],[-84.17637323,10.00467663],[-84.1763341,10.00461349],[-84.17631091,10.00456326],[-84.17630219,10.00451877],[-84.17629557,10.00431423],[-84.17631359,10.00415992],[-84.17635696,10.00404148],[-84.17641692,10.00378379],[-84.17642767,10.00358642],[-84.17642752,10.00329575],[-84.17643466,10.00310915],[-84.17648527,10.00297276],[-84.17658653,10.0027861],[-84.17667335,10.00266405],[-84.17673487,10.00261378],[-84.1768941,10.00251322],[-84.17698457,10.0024414],[-84.17706775,10.00228705],[-84.17715815,10.00209322],[-84.17719793,10.00201784],[-84.17733537,10.00177806],[-84.17739686,10.00168473],[-84.17749457,10.00162008],[-84.17756696,10.0016021],[-84.17774073,10.00160201],[-84.17790002,10.00159475],[-84.17807738,10.00155159],[-84.17825113,10.00150485],[-84.17837056,10.00144737],[-84.17842484,10.0013971],[-84.1784827,10.00128582],[-84.17854057,10.00118173],[-84.17860207,10.00111351],[-84.17873595,10.00098785],[-84.17880108,10.00092322],[-84.17886981,10.00081912],[-84.17893854,10.00072578],[-84.17898919,10.00066475],[-84.17911946,10.00057496],[-84.17927144,10.00044211],[-84.17935104,10.00036312],[-84.1794451,10.00024106],[-84.17949211,10.00015132],[-84.17953365,10.00000017],[-84.17953296,9.99982475],[-84.17951847,9.99980323],[-84.17949673,9.99977214],[-84.17947739,9.99972191],[-84.17947738,9.9996932],[-84.17948219,9.99965971],[-84.1795063,9.99961663],[-84.17955454,9.99957354],[-84.17961968,9.99953284],[-84.17971377,9.9994658],[-84.17977819,9.99941548],[-84.1798177,9.999372],[-84.17983799,9.99935638],[-84.17985759,9.99933716],[-84.1798902,9.99930369],[-84.17993292,9.999254],[-84.17994918,9.99923042],[-84.18000177,9.99916644],[-84.18004905,9.99911395],[-84.18007559,9.99910676],[-84.18010455,9.99910674],[-84.18014317,9.99910912],[-84.18018623,9.99912366],[-84.18026769,9.99915893],[-84.180292,9.99917121],[-84.18034541,9.99920112],[-84.18042664,9.99922522],[-84.18044302,9.99923213],[-84.18047469,9.99923681],[-84.1805023,9.99923665],[-84.18053061,9.9992401],[-84.18056744,9.99923884],[-84.18059969,9.99923657],[-84.18062469,9.99923253],[-84.18065144,9.99922443],[-84.18067502,9.9992163],[-84.18069861,9.99920817],[-84.18073431,9.99919092],[-84.18075138,9.99918151],[-84.18077091,9.99916853],[-84.18078815,9.99915504],[-84.1808004,9.99914342],[-84.18081455,9.9991252],[-84.18086114,9.99905612],[-84.18087183,9.99903294],[-84.180884,9.99900763],[-84.18092865,9.99889992],[-84.18096358,9.99881442],[-84.1809925,9.99874502],[-84.18102385,9.99871151],[-84.18105039,9.99869715],[-84.18108901,9.99869473],[-84.18112521,9.9986971],[-84.18116143,9.99872101],[-84.18119522,9.99874013],[-84.18124593,9.99877599],[-84.18131595,9.99884054],[-84.18139565,9.9989314],[-84.18147776,9.99903423],[-84.18153088,9.99908444],[-84.18159848,9.99911311],[-84.18163502,9.99912262],[-84.18167237,9.99912065],[-84.18171894,9.99911758],[-84.18184764,9.99909671],[-84.18196265,9.99907652],[-84.18198504,9.99906861],[-84.18201252,9.999061],[-84.18204926,9.99904916],[-84.18208919,9.99903424],[-84.18219793,9.99898095],[-84.18223163,9.99895971],[-84.18225328,9.9989429],[-84.18235038,9.9988352],[-84.18242221,9.99875316],[-84.1825258,9.9986721],[-84.18257825,9.99862368],[-84.18267379,9.99856037],[-84.18273437,9.99852166],[-84.18280149,9.99848421],[-84.18299436,9.99836725],[-84.18314839,9.99828056],[-84.18319798,9.99825012],[-84.18323488,9.99822579],[-84.18327351,9.9982005],[-84.18333657,9.99817815],[-84.18344375,9.99813946],[-84.18357691,9.99809532],[-84.18366404,9.99807035],[-84.18371294,9.99805625],[-84.18378091,9.99804982],[-84.184001,9.99802252],[-84.18420675,9.99798978],[-84.18425735,9.99797786],[-84.18431738,9.99796605],[-84.1845373,9.99791134],[-84.18464874,9.99787872],[-84.18470425,9.99785965],[-84.18476221,9.99784012],[-84.18481528,9.9978215],[-84.18486314,9.99779511],[-84.18489958,9.99776837],[-84.18495875,9.99772865],[-84.18501604,9.99768244],[-84.18506259,9.99764258],[-84.18510067,9.9976012],[-84.18515865,9.99753862],[-84.1851801,9.99750907],[-84.18520207,9.99747567],[-84.18522851,9.99743581],[-84.18524244,9.9974064],[-84.18526104,9.99737174],[-84.18527449,9.99734304],[-84.18528473,9.99729746],[-84.1853164,9.99718245],[-84.18533264,9.99710207],[-84.18534814,9.99702125],[-84.1853678,9.99693898],[-84.1853755,9.99690323],[-84.18538303,9.99676801],[-84.18539287,9.99665387],[-84.18539013,9.9965488],[-84.18538787,9.9964937],[-84.18538331,9.99638661],[-84.18538199,9.99629334],[-84.18538266,9.99627699],[-84.18539059,9.99624247],[-84.18539879,9.99621944],[-84.18541987,9.99617437],[-84.18544421,9.99615666],[-84.18547992,9.99615181],[-84.18551239,9.9961534],[-84.18554973,9.99616304],[-84.18560006,9.9961791],[-84.18563781,9.99619263],[-84.1857056,9.99622805],[-84.18573906,9.99624862],[-84.18575781,9.99626447],[-84.18579382,9.99629517],[-84.18581994,9.99632337],[-84.18584,9.99634956],[-84.18585883,9.99637912],[-84.18589048,9.99642997],[-84.18590753,9.99645543],[-84.18593141,9.99648627],[-84.18596552,9.99652165],[-84.18599962,9.99654577],[-84.18603534,9.99655218],[-84.18605969,9.99655056],[-84.18610838,9.99653444],[-84.18617168,9.99651188],[-84.18623011,9.99648932],[-84.18628853,9.99645549],[-84.18633071,9.99640237],[-84.18640205,9.99625911],[-84.18643285,9.99616576],[-84.18644741,9.99608207],[-84.18644897,9.99597909],[-84.18644407,9.99592438],[-84.18643106,9.99588255],[-84.18639857,9.99584233],[-84.18636284,9.99581178],[-84.1863111,9.99574551],[-84.18630277,9.99573146],[-84.18629442,9.99571897],[-84.18628913,9.99570435],[-84.18628806,9.99569206],[-84.18628322,9.99566986],[-84.18628686,9.9956492],[-84.18629294,9.99562809],[-84.18630122,9.99560532],[-84.18632073,9.99557858],[-84.18633555,9.99555708],[-84.1863562,9.99553638],[-84.18638662,9.99551072],[-84.18641255,9.99549465],[-84.18643654,9.99547831],[-84.1865893,9.99539676],[-84.18670128,9.9953328],[-84.18686339,9.99524077],[-84.18697546,9.99519052],[-84.18701756,9.99516332],[-84.18706817,9.99513453],[-84.18713678,9.99510009],[-84.18720656,9.99506465],[-84.18728122,9.99504208],[-84.18733641,9.99502757],[-84.18737401,9.99503063],[-84.18741183,9.99503732],[-84.18747083,9.99504942],[-84.18750184,9.99505676],[-84.18760866,9.9950818],[-84.18766289,9.99509519],[-84.18767411,9.99509818],[-84.18772444,9.99510459],[-84.18776177,9.99510296],[-84.1878056,9.99509328],[-84.18786078,9.99506106],[-84.18790296,9.99501598],[-84.18792566,9.99497091],[-84.18794024,9.99492102],[-84.18793894,9.99489283],[-84.18795085,9.99474001],[-84.18795025,9.99464708],[-84.18795139,9.99461538],[-84.18795168,9.9946071],[-84.18795569,9.99458625],[-84.18796115,9.99455787],[-84.18796685,9.99454454],[-84.1879761,9.9945229],[-84.187999,9.99449097],[-84.18801756,9.9944651],[-84.18804404,9.99443722],[-84.18807631,9.99440326],[-84.18811201,9.99438136],[-84.18814032,9.994364],[-84.18819602,9.99434028],[-84.18824635,9.99431886],[-84.18829249,9.99430582],[-84.18834487,9.99429102],[-84.18839112,9.99428649],[-84.18842984,9.9942827],[-84.1884743,9.99428624],[-84.18851509,9.9942895],[-84.18856996,9.99429358],[-84.18862606,9.99429775],[-84.18869213,9.99429917],[-84.18876118,9.99430066],[-84.18881322,9.99429726],[-84.18887087,9.99429348],[-84.18890362,9.99428541],[-84.18894573,9.99427502],[-84.18898794,9.994251],[-84.18902416,9.99423039],[-84.18906393,9.99420513],[-84.18910222,9.99418082],[-84.18915006,9.99414808],[-84.18919961,9.99411416],[-84.18923212,9.99408872],[-84.18926976,9.99405926],[-84.18929673,9.99402461],[-84.18932091,9.99399355],[-84.18934029,9.99397015],[-84.18935949,9.99394696],[-84.1893682,9.99393606],[-84.18938001,9.99392127],[-84.18939501,9.99391003],[-84.18940188,9.99390488],[-84.18941613,9.99389857],[-84.18943939,9.99388826],[-84.18949363,9.99387843],[-84.18954248,9.99386957],[-84.18957467,9.99386436],[-84.18960685,9.99385916],[-84.18964604,9.99385208],[-84.18968513,9.99384503],[-84.18972381,9.99383857],[-84.18976407,9.99383184],[-84.18979866,9.99382827],[-84.18983804,9.9938242],[-84.18989926,9.99382792],[-84.18995539,9.99383133],[-84.19001496,9.9938395],[-84.19007163,9.99384728],[-84.19010584,9.99385413],[-84.19013792,9.99386056],[-84.19017166,9.99386877],[-84.19020822,9.99387767],[-84.1902351,9.993887],[-84.1902587,9.99389519],[-84.19030513,9.99391495],[-84.19035133,9.99393461],[-84.19039335,9.99394977],[-84.19043468,9.99396468],[-84.19047471,9.99398011],[-84.19051402,9.99399526],[-84.19053967,9.99400559],[-84.19056776,9.99401691],[-84.19059448,9.99403124],[-84.19061997,9.99404492],[-84.19064557,9.99405723],[-84.19067182,9.99406986],[-84.1906966,9.99408428],[-84.19071894,9.99409728],[-84.19074573,9.99411492],[-84.19077134,9.99413178],[-84.19078677,9.99414221],[-84.19080342,9.99415346],[-84.19080407,9.99415395],[-84.19081207,9.99416006],[-84.19081983,9.99417297],[-84.19082182,9.99417628],[-84.19082889,9.99419361],[-84.19083431,9.99420689],[-84.19083838,9.99421871],[-84.19084172,9.99422841],[-84.19084504,9.99423995],[-84.19084802,9.9942503],[-84.19085066,9.99425976],[-84.19085332,9.9942693],[-84.19085636,9.99427969],[-84.19085958,9.9942907],[-84.19086258,9.99430288],[-84.19086629,9.99431794],[-84.19087,9.99434392],[-84.19087312,9.99436581],[-84.19087372,9.99437993],[-84.19087427,9.99439263],[-84.1908754,9.99440803],[-84.19087677,9.99442675],[-84.19088065,9.99444565],[-84.19088603,9.9944718],[-84.19089034,9.99448122],[-84.19090019,9.99450274],[-84.19091486,9.99451603],[-84.19092093,9.99452153],[-84.19093069,9.99452812],[-84.19094767,9.9945396],[-84.19097025,9.99454722],[-84.19098262,9.99455139],[-84.19101144,9.99455396],[-84.19103243,9.99455582],[-84.19105545,9.99455484],[-84.19107357,9.99455407],[-84.19109932,9.99455039],[-84.1911209,9.99454731],[-84.19114008,9.99454261],[-84.19116556,9.99453636],[-84.19118613,9.99452651],[-84.19119626,9.99452165],[-84.19120134,9.99451848],[-84.19124028,9.9944911],[-84.19129383,9.99444601],[-84.19134737,9.99439771],[-84.1914642,9.99430753],[-84.19148529,9.99428016],[-84.19152422,9.99423508],[-84.19155343,9.99420449],[-84.19161995,9.99414169],[-84.19166698,9.99407247],[-84.19168862,9.99401977],[-84.19170176,9.99399658],[-84.19171159,9.99397922],[-84.1917331,9.99394855],[-84.19175765,9.99391354],[-84.19178209,9.99388823],[-84.19181142,9.99385785],[-84.19184672,9.99383244],[-84.19187837,9.99380965],[-84.19191398,9.99378584],[-84.1919492,9.99376228],[-84.19202118,9.99371285],[-84.19209411,9.99366276],[-84.19213049,9.99363547],[-84.19216732,9.99360783],[-84.19224425,9.99355802],[-84.19231983,9.99350909],[-84.19235437,9.99348709],[-84.19238942,9.99346476],[-84.19241841,9.99344716],[-84.19244906,9.99342855],[-84.19247754,9.99340649],[-84.19250507,9.99338516],[-84.19253268,9.99336616],[-84.19255971,9.99334755],[-84.19259892,9.99331919],[-84.19263943,9.99328988],[-84.19266691,9.99326768],[-84.19269542,9.99324464],[-84.19272777,9.9932242],[-84.19275709,9.99320567],[-84.19278607,9.99318945],[-84.19281362,9.99317403],[-84.19284517,9.99315734],[-84.19287835,9.99313978],[-84.19292047,9.99312083],[-84.19296326,9.99310156],[-84.19298633,9.9930883],[-84.19300844,9.99307558],[-84.19303446,9.9930622],[-84.19306239,9.99304784],[-84.19308744,9.99303665],[-84.19311044,9.99302637],[-84.19312576,9.99302046],[-84.19313912,9.9930153],[-84.19314657,9.99301283],[-84.19315994,9.99300838],[-84.19316112,9.99300829],[-84.19317473,9.99300726],[-84.1931878,9.99301075],[-84.19319536,9.99301277],[-84.19323096,9.99301961],[-84.193267,9.99302653],[-84.19328929,9.99303299],[-84.19330953,9.99303886],[-84.19333777,9.99304729],[-84.19336734,9.99305611],[-84.193397,9.99306686],[-84.19342639,9.99307751],[-84.19346228,9.99308874],[-84.19350145,9.993101],[-84.19353798,9.99310787],[-84.19357037,9.99311395],[-84.19360709,9.99311784],[-84.19364887,9.99312227],[-84.19368393,9.9931204],[-84.19372612,9.99311814],[-84.19375628,9.9931111],[-84.1937957,9.9931019],[-84.19382682,9.99308494],[-84.19385157,9.99307145],[-84.1938717,9.99305856],[-84.19389943,9.99304078],[-84.19392221,9.99301062],[-84.19393801,9.99298969],[-84.19394822,9.9929687],[-84.19396217,9.99294004],[-84.19397022,9.99290697],[-84.1939774,9.99287743],[-84.1939841,9.99285406],[-84.19399056,9.9928315],[-84.19399893,9.99280229],[-84.19400792,9.9927709],[-84.19401141,9.99275052],[-84.19401444,9.99273281],[-84.19401952,9.99269883],[-84.19403299,9.9926325],[-84.19405569,9.99259065],[-84.19408651,9.9925504],[-84.19412058,9.99252624],[-84.19415954,9.99251495],[-84.19420824,9.99251493],[-84.19426182,9.99253099],[-84.19430079,9.99255188],[-84.19434465,9.99259531],[-84.19437038,9.99262086],[-84.19438133,9.99264175],[-84.19438851,9.99265542],[-84.19440016,9.99268142],[-84.19441096,9.9927055],[-84.19442426,9.99273866],[-84.19443724,9.99277102],[-84.19444792,9.99279777],[-84.19445935,9.99282637],[-84.19447351,9.99285371],[-84.1944872,9.99288017],[-84.19450254,9.99291378],[-84.19451782,9.99294724],[-84.19453077,9.99297273],[-84.1945468,9.99300427],[-84.19456733,9.99302624],[-84.1945803,9.99304011],[-84.19460364,9.99305526],[-84.19462083,9.99306641],[-84.19463211,9.99307217],[-84.19464744,9.99308001],[-84.19466331,9.99308598],[-84.19468119,9.99309272],[-84.19469661,9.99310268],[-84.19470809,9.99311008],[-84.19472116,9.99311869],[-84.19473408,9.99312719],[-84.19474748,9.99313601],[-84.19476165,9.99314534],[-84.19478525,9.99315943],[-84.19481333,9.99317619],[-84.19483903,9.99318519],[-84.19487528,9.99319788],[-84.19491219,9.99319842],[-84.1949368,9.99319878],[-84.19496719,9.99319142],[-84.19500881,9.99318134],[-84.19504178,9.99316217],[-84.19506913,9.99314626],[-84.19509315,9.9931318],[-84.19511816,9.99311674],[-84.19515754,9.99309083],[-84.19519866,9.99306377],[-84.19523288,9.99304751],[-84.19527328,9.99302833],[-84.19532361,9.99301495],[-84.19536997,9.99300263],[-84.19539045,9.99299741],[-84.19541292,9.99299167],[-84.19543698,9.99298771],[-84.19545823,9.99298421],[-84.19548729,9.99298083],[-84.19551773,9.9929773],[-84.19554515,9.99297092],[-84.19556972,9.9929652],[-84.19560055,9.99295721],[-84.19563259,9.9929489],[-84.1956644,9.99293948],[-84.19569987,9.99292897],[-84.19572396,9.99291782],[-84.19575503,9.99290343],[-84.19579284,9.99287284],[-84.19582853,9.99282938],[-84.19583987,9.9928004],[-84.19585607,9.99273764],[-84.19587715,9.99269418],[-84.19589985,9.99264911],[-84.19594199,9.99254448],[-84.1959874,9.99247204],[-84.19602958,9.99241892],[-84.19606365,9.99238671],[-84.19609287,9.99238026],[-84.19613021,9.99238507],[-84.19617242,9.99239309],[-84.19622113,9.99240432],[-84.19627308,9.99241877],[-84.1963494,9.99245091],[-84.19645658,9.99251361],[-84.19652316,9.99255541],[-84.19656213,9.99256665],[-84.19660242,9.9925762],[-84.19664856,9.99257114],[-84.19668052,9.99256763],[-84.19671069,9.99255444],[-84.19673283,9.99254476],[-84.19675928,9.99252959],[-84.19678328,9.99251583],[-84.1968034,9.99250362],[-84.19682454,9.9924908],[-84.19684025,9.99248058],[-84.19685637,9.99247009],[-84.19687577,9.99245894],[-84.19689788,9.99244622],[-84.19693174,9.99243075],[-84.19696466,9.9924157],[-84.19698854,9.99240348],[-84.19701485,9.99239002],[-84.19703703,9.99237618],[-84.19706591,9.99235817],[-84.19709076,9.99233014],[-84.19710957,9.99230892],[-84.19711995,9.99229315],[-84.1971357,9.99226921],[-84.19714239,9.99224404],[-84.19714563,9.99223182],[-84.19714427,9.99220837],[-84.19714336,9.99219265],[-84.19714114,9.99217275],[-84.19713898,9.99215339],[-84.19713735,9.99213414],[-84.19713558,9.99211318],[-84.19713479,9.99208569],[-84.19713402,9.99205881],[-84.19713289,9.99203802],[-84.19713172,9.99201654],[-84.19713179,9.99200198],[-84.19713188,9.99198275],[-84.19714128,9.99193229],[-84.19716558,9.99185021],[-84.19719801,9.99179065],[-84.1972483,9.99172464],[-84.19730833,9.9916699],[-84.19735701,9.9916409],[-84.19738785,9.99163284],[-84.19743655,9.99163281],[-84.19749499,9.99164243],[-84.19754858,9.9916601],[-84.1975908,9.99168582],[-84.19762815,9.99171798],[-84.19768051,9.991767],[-84.1976924,9.99177266],[-84.19770134,9.99177691],[-84.19770764,9.99178105],[-84.19771508,9.99178594],[-84.19773098,9.9917923],[-84.19773898,9.99179549],[-84.19775982,9.99179931],[-84.19777398,9.99180191],[-84.19779063,9.99180293],[-84.19781255,9.99180428],[-84.19784065,9.99180241],[-84.19786351,9.99180089],[-84.19788559,9.99179674],[-84.19791675,9.9917909],[-84.19795371,9.99177074],[-84.19797997,9.99175642],[-84.19800174,9.99173585],[-84.19801781,9.99172067],[-84.19802807,9.99170849],[-84.1980383,9.99169634],[-84.19805807,9.99167759],[-84.19808168,9.99165519],[-84.19810378,9.99163943],[-84.19812605,9.99162355],[-84.19815347,9.99159698],[-84.19818639,9.99156508],[-84.19820466,9.99153763],[-84.19821875,9.99151646],[-84.19823354,9.9914851],[-84.19824684,9.9914569],[-84.19825856,9.99143065],[-84.19827076,9.99140333],[-84.19828038,9.99137955],[-84.19829042,9.99135473],[-84.19830117,9.99133378],[-84.19831428,9.99130824],[-84.19832398,9.99129499],[-84.19833946,9.99127384],[-84.1983428,9.9912714],[-84.19835932,9.99125932],[-84.19837536,9.99125645],[-84.19839753,9.99125934],[-84.19841276,9.99126133],[-84.19843147,9.99126409],[-84.19846823,9.9912693],[-84.198501370055055,9.991266282643563],[-84.19879399,9.99123964],[-84.19883994,9.99122912],[-84.19888672,9.99121841],[-84.19892633,9.99121402],[-84.19896384,9.99120986],[-84.1989951,9.9912059],[-84.19902696,9.99120186],[-84.19905519,9.99119955],[-84.19908651,9.991197],[-84.19911058,9.99119746],[-84.19913511,9.99119792],[-84.19917095,9.99119424],[-84.19921226,9.99119],[-84.19923198,9.99118519],[-84.19925832,9.99117878],[-84.19928684,9.99116596],[-84.19932617,9.99114828],[-84.1993535,9.99112044],[-84.19937545,9.99109807],[-84.19941108,9.99106263],[-84.19944731,9.9910266],[-84.19946259,9.99100974],[-84.1994801,9.99099042],[-84.19950805,9.99097024],[-84.19953325,9.99095205],[-84.19955721,9.9909329],[-84.19958611,9.9909098],[-84.1996111,9.99087665],[-84.19963247,9.99084831],[-84.19966059,9.9908081],[-84.19968908,9.99076736],[-84.19972175,9.99072667],[-84.19975386,9.99068669],[-84.19980243,9.99062334],[-84.19985246,9.99055811],[-84.19988039,9.99053044],[-84.19991276,9.99049838],[-84.19993231,9.99048444],[-84.19995808,9.99046605],[-84.19996846,9.99046144],[-84.19999999,9.99044884],[-84.20001135,9.99044647],[-84.20004509,9.99044443],[-84.20007536,9.99044371],[-84.20010327,9.99044537],[-84.20013572,9.9904473],[-84.20015373,9.99045076],[-84.20017776,9.99045537],[-84.20020893,9.99046667],[-84.20023406,9.99047578],[-84.20026731,9.9904936],[-84.20029669,9.99050934],[-84.20032168,9.99052484],[-84.20034484,9.99053919],[-84.20036694,9.99055413],[-84.20038788,9.99056828],[-84.20041114,9.99058493],[-84.20043393,9.99060124],[-84.20048111,9.99063507],[-84.20053151,9.99067122],[-84.20054896,9.99068952],[-84.20056545,9.99070681],[-84.20058334,9.99072151],[-84.20059774,9.99073333],[-84.20061379,9.99074417],[-84.20062772,9.99075359],[-84.20065122,9.99076854],[-84.20068234,9.99078834],[-84.20072007,9.99079492],[-84.20074605,9.99079945],[-84.20076142,9.99079961],[-84.20080485,9.99080005],[-84.20081932,9.99077811],[-84.20083606,9.99074668],[-84.20085204,9.99071935],[-84.20086229,9.99068018],[-84.20087035,9.99064935],[-84.20087285,9.99062798],[-84.20087592,9.99060168],[-84.20089544,9.99056511],[-84.20091289,9.99053242],[-84.20093532,9.99046571],[-84.20095596,9.99040431],[-84.20096843,9.99034881],[-84.20098005,9.99029713],[-84.20098843,9.99023582],[-84.20099646,9.99017706],[-84.20101015,9.99010445],[-84.20101971,9.99006397],[-84.20103405,9.99000604],[-84.20104259,9.98996598],[-84.20104897,9.98992768],[-84.20106821,9.9898548],[-84.20108082,9.98983019],[-84.20109335,9.98980378],[-84.20111149,9.98977058],[-84.2011338,9.98973542],[-84.20115458,9.98970672],[-84.20119663,9.98965514],[-84.20122036,9.98963256],[-84.2012747,9.98959411],[-84.20134699,9.98952652],[-84.2013587,9.98951053],[-84.20138133,9.98948668],[-84.20144598,9.98942218],[-84.20149606,9.9893937],[-84.20151894,9.98937933],[-84.20154372,9.98936375],[-84.20155744,9.98935778],[-84.20157921,9.9893483],[-84.20161556,9.98934287],[-84.2016419,9.98933893],[-84.20166619,9.98934046],[-84.2016852,9.98934165],[-84.20171155,9.98934427],[-84.20174142,9.98934724],[-84.20176872,9.9893536],[-84.20179104,9.9893588],[-84.20181916,9.98936873],[-84.20184421,9.98937758],[-84.20187397,9.98938955],[-84.20190797,9.98940322],[-84.20192594,9.98941437],[-84.20195095,9.98942987],[-84.20196107,9.98943973],[-84.20197975,9.98945794],[-84.20199196,9.98948317],[-84.20200016,9.9895001],[-84.2020146,9.98953846],[-84.20202807,9.98957425],[-84.20204535,9.98962655],[-84.20206354,9.98968163],[-84.2020777,9.98974519],[-84.20207761,9.9897842],[-84.20207755,9.98981448],[-84.20207195,9.98984203],[-84.20206447,9.98987883],[-84.20205403,9.98990015],[-84.20204812,9.98991223],[-84.20202884,9.98993548],[-84.20201533,9.98995178],[-84.20199385,9.98996936],[-84.20197624,9.98998378],[-84.20195774,9.9899976],[-84.20193747,9.99001274],[-84.20189979,9.99003751],[-84.20186271,9.99006189],[-84.20184191,9.99007635],[-84.20182123,9.99009074],[-84.20180855,9.99009919],[-84.20179469,9.99010843],[-84.20177984,9.99011734],[-84.20176306,9.9901274],[-84.20175317,9.99013257],[-84.20174295,9.99013792],[-84.20173186,9.99014484],[-84.20171605,9.9901547],[-84.20170644,9.99016356],[-84.2016902,9.99017853],[-84.20168402,9.99018784],[-84.20167223,9.99020565],[-84.20166697,9.99022046],[-84.20165823,9.99024507],[-84.20165589,9.99027158],[-84.20165431,9.99028958],[-84.20165581,9.9903112],[-84.20165693,9.99032731],[-84.2016622,9.99035649],[-84.20166698,9.99038298],[-84.20167117,9.99040349],[-84.20167557,9.99042498],[-84.20168024,9.99044523],[-84.20168508,9.99046617],[-84.20168832,9.99048534],[-84.20169157,9.99050453],[-84.20169707,9.99052825],[-84.20170375,9.99055702],[-84.20171184,9.99057528],[-84.2017235,9.9906016],[-84.20173114,9.99061165],[-84.2017454,9.99063041],[-84.20176373,9.99064387],[-84.20177558,9.99065257],[-84.20178787,9.99065995],[-84.20180602,9.99067084],[-84.2018185,9.99067486],[-84.20184044,9.99068192],[-84.20186097,9.99068345],[-84.20187258,9.99068432],[-84.20189591,9.99068179],[-84.20191163,9.99068008],[-84.2019394,9.99067195],[-84.20196173,9.99066541],[-84.20197834,9.99065888],[-84.20199313,9.99065306],[-84.20201353,9.99064499],[-84.2020348,9.99063657],[-84.2020526,9.99063047],[-84.20207043,9.99062436],[-84.2020833,9.99061925],[-84.20209653,9.990614],[-84.20212307,9.99060543],[-84.20214767,9.99059748],[-84.20217901,9.99058842],[-84.20220999,9.99057946],[-84.202236,9.99057155],[-84.20226448,9.99056289],[-84.20232312,9.99055342],[-84.20237923,9.99054435],[-84.20240433,9.99053992],[-84.20243182,9.99053945],[-84.20244907,9.99053552],[-84.20247085,9.9905349],[-84.20251562,9.9905261],[-84.2025987,9.99050888],[-84.20263095,9.99048928],[-84.20267868,9.99046161],[-84.20270997,9.99044136],[-84.20276105,9.99039339],[-84.2027788,9.99037672],[-84.20280562,9.99035071],[-84.20284368,9.99032574],[-84.20287099,9.99031051],[-84.20289365,9.99030279],[-84.20290033,9.99030251],[-84.20292137,9.9903016],[-84.20294023,9.9903083],[-84.20294726,9.9903108],[-84.20295821,9.9903174],[-84.20297745,9.99032901],[-84.20299558,9.99034759],[-84.20301309,9.99036751],[-84.20303256,9.99039819],[-84.20305438,9.99043597],[-84.20307611,9.99046508],[-84.20311308,9.99048547],[-84.20314192,9.99048999],[-84.2031576,9.99049244],[-84.20319141,9.99048843],[-84.20321543,9.99048559],[-84.20324663,9.99047572],[-84.20327243,9.99046756],[-84.203303,9.99045518],[-84.20333739,9.99044126],[-84.20335622,9.99043095],[-84.20337965,9.99041812],[-84.20340815,9.99039722],[-84.20343324,9.99037881],[-84.20345451,9.99036085],[-84.20347811,9.99034093],[-84.20350278,9.99031666],[-84.20353118,9.99028871],[-84.20355291,9.99025829],[-84.20357034,9.99023072],[-84.20358822,9.99019822],[-84.20359821,9.99018554],[-84.20361269,9.99016475],[-84.20363014,9.99014538],[-84.20364612,9.99013384],[-84.2036732,9.99011536],[-84.20369246,9.9901054],[-84.20371752,9.99009774],[-84.20375341,9.9900787],[-84.20379596,9.99005705],[-84.2038198,9.99004406],[-84.20383318,9.9900378],[-84.20385847,9.9900309],[-84.20389546,9.99003164],[-84.20393711,9.9900403],[-84.20398363,9.990058],[-84.20403668,9.99007818],[-84.20409426,9.99011221],[-84.20414989,9.99014508],[-84.20419164,9.99016631],[-84.20423761,9.99018969],[-84.20426834,9.99019952],[-84.20429451,9.9902079],[-84.2043283,9.99021634],[-84.20436436,9.99022535],[-84.20438663,9.99023528],[-84.20440465,9.99024332],[-84.20443398,9.99025801],[-84.2044626,9.99027236],[-84.20450049,9.99029099],[-84.20453987,9.99031034],[-84.20457801,9.99032588],[-84.20461943,9.99034275],[-84.20466383,9.990356],[-84.20471357,9.99037085],[-84.20473986,9.99037415],[-84.20476017,9.99037671],[-84.20479821,9.99037698],[-84.20483371,9.99037724],[-84.20488514,9.99037755],[-84.20493687,9.99037787],[-84.20499207,9.99037748],[-84.20505263,9.99037704],[-84.2050894,9.99036786],[-84.20512057,9.99036008],[-84.20514917,9.99035194],[-84.20518163,9.99034271],[-84.20521882,9.9903255],[-84.20526452,9.99030434],[-84.20529731,9.9902757],[-84.20532435,9.99025209],[-84.20536817,9.99020749],[-84.20541525,9.99015957],[-84.20543711,9.99012969],[-84.2054567,9.99010291],[-84.20548108,9.99006678],[-84.20550659,9.99002896],[-84.20552664,9.98999503],[-84.2055487,9.9899577],[-84.20556524,9.98991901],[-84.20557991,9.9898847],[-84.20559474,9.98983757],[-84.20560898,9.98979227],[-84.20561903,9.98976105],[-84.2056306,9.98972511],[-84.20564374,9.98970327],[-84.20565483,9.98968484],[-84.20566914,9.98965871],[-84.20568384,9.98963187],[-84.20570309,9.98960252],[-84.20572066,9.98957572],[-84.20572863,9.98956517],[-84.20574424,9.98954453],[-84.20576172,9.98953363],[-84.20577543,9.98953133],[-84.20579822,9.98953369],[-84.20580198,9.98953409],[-84.2058206,9.98954388],[-84.20582954,9.98954858],[-84.20585988,9.98957001],[-84.20588638,9.98958873],[-84.20591507,9.98961323],[-84.20594303,9.98963712],[-84.20597657,9.98966319],[-84.2060087,9.98968816],[-84.20604381,9.98971332],[-84.20607777,9.98973767],[-84.20610839,9.98975836],[-84.20613852,9.98977872],[-84.20617443,9.98980298],[-84.20621652,9.98983143],[-84.20626687,9.98984401],[-84.20630294,9.98985302],[-84.20634918,9.98984872],[-84.20637778,9.98984058],[-84.20641756,9.98982927],[-84.20645123,9.98980848],[-84.20648626,9.98977852],[-84.20651224,9.98974253],[-84.20653211,9.989715],[-84.20655633,9.9896634],[-84.20658434,9.98960371],[-84.2066117,9.98946662],[-84.20663781,9.98933579],[-84.20664413,9.98928838],[-84.2066509,9.98923757],[-84.20666983,9.98918752],[-84.20668583,9.9891452],[-84.20670666,9.98910954],[-84.2067264,9.98907573],[-84.20673468,9.98905921],[-84.20674287,9.98904286],[-84.20675782,9.98901669],[-84.20677393,9.98898848],[-84.20679751,9.98895226],[-84.20682256,9.98891379],[-84.20685471,9.9888713],[-84.20689083,9.98882355],[-84.20690654,9.98880469],[-84.20692703,9.98879424],[-84.20695174,9.98878324],[-84.20696888,9.9887756],[-84.20699992,9.98876632],[-84.20702642,9.98875839],[-84.20706315,9.98875109],[-84.20709855,9.98874404],[-84.20714271,9.98873382],[-84.20718683,9.98872361],[-84.20721924,9.98871711],[-84.20725138,9.98871067],[-84.20727873,9.98870471],[-84.207325,9.98870193],[-84.20735735,9.98870423],[-84.20736452,9.98870371],[-84.20737612,9.98870527],[-84.20740084,9.98871458],[-84.20742843,9.98873883],[-84.20745214,9.98876649],[-84.20746193,9.98877994],[-84.20748872,9.98882193],[-84.20754324,9.98892664],[-84.2075987,9.98903314],[-84.20761048,9.98906997],[-84.20762084,9.98910237],[-84.20763213,9.98914538],[-84.20764303,9.98918695],[-84.20765759,9.98924707],[-84.20767242,9.98930836],[-84.2076843,9.98934483],[-84.20769578,9.98938005],[-84.20771036,9.98942715],[-84.20772655,9.98947948],[-84.20777086,9.98954767],[-84.20781074,9.98957038],[-84.20783706,9.98958538],[-84.20787367,9.98959535],[-84.20790136,9.98960288],[-84.20792578,9.98960495],[-84.20795794,9.98960767],[-84.2080018,9.98960332],[-84.20805762,9.98959778],[-84.20810242,9.98957466],[-84.20813027,9.98954762],[-84.20815006,9.9895284],[-84.20817599,9.98948732],[-84.20818735,9.98946933],[-84.20819701,9.98945403],[-84.20822035,9.98939221],[-84.20824094,9.98933768],[-84.20824766,9.98930264],[-84.20825574,9.98926047],[-84.20825656,9.98919165],[-84.20825749,9.98911422],[-84.20824498,9.98902643],[-84.20823583,9.98895734],[-84.20821141,9.98888392],[-84.20819644,9.9888458],[-84.20816224,9.98877054],[-84.20811904,9.98869561],[-84.20808045,9.98862809],[-84.20804089,9.98856881],[-84.20800379,9.98850323],[-84.20797188,9.98841945],[-84.20794669,9.98835773],[-84.20793789,9.98832174],[-84.20792627,9.98824916],[-84.2079185,9.98819981],[-84.20790905,9.98815067],[-84.20790648,9.98809772],[-84.20790756,9.98808431],[-84.20791522,9.9880513],[-84.20791975,9.98803708],[-84.20792724,9.98801921],[-84.20793314,9.98800651],[-84.2079488,9.98799481],[-84.20796905,9.98798312],[-84.20798549,9.9879763],[-84.20799704,9.98797002],[-84.20803946,9.98795178],[-84.2080827,9.98792925],[-84.2081077,9.98791385],[-84.20812857,9.98790024],[-84.20814653,9.98788868],[-84.20817123,9.98787324],[-84.20818301,9.98786723],[-84.20820068,9.98786031],[-84.20821602,9.98785691],[-84.2082349,9.98785337],[-84.20825507,9.98785501],[-84.20829767,9.98786204],[-84.2083309,9.98786667],[-84.20837192,9.98786876],[-84.20841242,9.98786726],[-84.20846126,9.98786736],[-84.20849851,9.98786785],[-84.20853562,9.9878656],[-84.20857315,9.98786359],[-84.2086176,9.98785941],[-84.20867366,9.98784751],[-84.20873216,9.98784374],[-84.20877697,9.98782832],[-84.20882463,9.98780822],[-84.20885638,9.98778738],[-84.2088812,9.9877711],[-84.20890865,9.98775099],[-84.20893447,9.98772768],[-84.20896144,9.98770043],[-84.20899009,9.9876618],[-84.20900151,9.98760514],[-84.20900968,9.98756456],[-84.20900264,9.98751503],[-84.20899692,9.98747484],[-84.20898294,9.98742083],[-84.20896908,9.98736722],[-84.2089627,9.98732799],[-84.20895671,9.98729111],[-84.20894947,9.98723892],[-84.20894206,9.98718548],[-84.20893803,9.98714553],[-84.20893363,9.98710205],[-84.20893463,9.98707223],[-84.20893588,9.98703488],[-84.20893878,9.98702405],[-84.20894416,9.98700394],[-84.20895096,9.98699131],[-84.20895439,9.98698495],[-84.20895907,9.98697814],[-84.20896781,9.98696543],[-84.20899759,9.98693852],[-84.20903373,9.98690586],[-84.20904226,9.9868881],[-84.20905368,9.98686562],[-84.20904113,9.98683706],[-84.20903944,9.98682312],[-84.20903524,9.98679984],[-84.20903051,9.9867736],[-84.20903076,9.98676378],[-84.20903131,9.9867418],[-84.20904038,9.98672054],[-84.20904618,9.98670694],[-84.20905137,9.98669538],[-84.20905755,9.98668162],[-84.2090644,9.98666961],[-84.20907362,9.98665348],[-84.20909349,9.98662731],[-84.20911032,9.98660516],[-84.2091238,9.98658543],[-84.2091586,9.98655434],[-84.20918975,9.98653463],[-84.20923385,9.98651343],[-84.20928439,9.98650007],[-84.20932523,9.98648927],[-84.20936498,9.98648818],[-84.20939629,9.98648733],[-84.20941796,9.98649033],[-84.20943431,9.98649259],[-84.20945745,9.98649788],[-84.20948507,9.9865042],[-84.20951694,9.98651595],[-84.20954421,9.986526],[-84.20956759,9.98653746],[-84.20959641,9.98655158],[-84.20960891,9.98656087],[-84.20962959,9.98657624],[-84.20965144,9.98660598],[-84.20966674,9.98663377],[-84.20968471,9.98666641],[-84.20969687,9.98669793],[-84.20970922,9.98672992],[-84.20972086,9.98674989],[-84.20973681,9.98677727],[-84.2097634,9.98680432],[-84.20978387,9.98682513],[-84.20980236,9.98683856],[-84.20982665,9.9868562],[-84.20985655,9.98687082],[-84.20989657,9.98689038],[-84.20995514,9.98689826],[-84.21001598,9.98690242],[-84.21008184,9.98688354],[-84.21013218,9.98686911],[-84.21018361,9.9868299],[-84.21022312,9.98679977],[-84.21026524,9.98674774],[-84.21030437,9.98670692],[-84.21036931,9.98663232],[-84.21041579,9.98656802],[-84.21044381,9.98651059],[-84.2104676,9.98647121],[-84.21050484,9.98640351],[-84.21054239,9.98633522],[-84.21057327,9.98628759],[-84.21060328,9.98624129],[-84.21063054,9.9861996],[-84.21066228,9.98615106],[-84.21068137,9.98609051],[-84.21070067,9.9860321],[-84.21070888,9.98599287],[-84.21071012,9.98596111],[-84.21070538,9.98594351],[-84.21070585,9.98591959],[-84.21070708,9.98590265],[-84.21071232,9.9858759],[-84.21072888,9.98584702],[-84.21074037,9.98583584],[-84.21076924,9.98580549],[-84.21078936,9.9857866],[-84.21083281,9.98576339],[-84.21087886,9.98574],[-84.21093225,9.98572818],[-84.21100059,9.98571278],[-84.21105465,9.98570458],[-84.21110854,9.9856964],[-84.21116422,9.9856876],[-84.21122066,9.98567867],[-84.21128334,9.98567145],[-84.21135226,9.9856635],[-84.21138762,9.98566838],[-84.21143442,9.98567484],[-84.21146991,9.98569091],[-84.21149678,9.98570307],[-84.21151429,9.98571457],[-84.21153954,9.98573117],[-84.21159919,9.98580081],[-84.21165194,9.98586239],[-84.21167075,9.98589794],[-84.2116879,9.98593036],[-84.21171131,9.98596948],[-84.21173669,9.9860119],[-84.21175851,9.98603942],[-84.2117784,9.98606452],[-84.21180257,9.98609398],[-84.21182789,9.98612484],[-84.21183872,9.98614124],[-84.21184829,9.98615576],[-84.21185757,9.98616995],[-84.21186676,9.98618401],[-84.21187806,9.98620143],[-84.2118898,9.98621953],[-84.21189935,9.98623299],[-84.21191214,9.98625097],[-84.21192941,9.98626645],[-84.21194104,9.98627687],[-84.21195324,9.98628512],[-84.21197197,9.98629778],[-84.21199366,9.9863059],[-84.21202762,9.98631863],[-84.21205132,9.98632099],[-84.21209148,9.98631746],[-84.21210808,9.9863126],[-84.21213796,9.98629946],[-84.21216303,9.98628298],[-84.21219983,9.98625723],[-84.21223255,9.98623487],[-84.21225899,9.98621593],[-84.21228793,9.98619561],[-84.21238067,9.98611224],[-84.21240978,9.98608641],[-84.21242746,9.98606785],[-84.21245633,9.98605509],[-84.21247942,9.98604514],[-84.21251118,9.98603615],[-84.21254883,9.98603323],[-84.21257146,9.98602423],[-84.21259815,9.98601209],[-84.21263113,9.98599813],[-84.21267258,9.98598677],[-84.21273022,9.98596112],[-84.21275483,9.98594658],[-84.21277585,9.98593591],[-84.21280656,9.98591355],[-84.21286087,9.9858777],[-84.21288229,9.98581481],[-84.21288724,9.98576598],[-84.21289081,9.98570281],[-84.21287539,9.98564374],[-84.21285442,9.98560982],[-84.21283293,9.98556181],[-84.21280464,9.98551245],[-84.21278652,9.98548137],[-84.21277167,9.9854583],[-84.21276173,9.98543124],[-84.21275188,9.98539657],[-84.21276181,9.98534811],[-84.21277053,9.98532678],[-84.21279511,9.98527796],[-84.21281809,9.98523163],[-84.21285019,9.98516762],[-84.21288281,9.98509911],[-84.21289975,9.98506489],[-84.21291848,9.9850135],[-84.21293073,9.98498662],[-84.21295246,9.98494693],[-84.21296931,9.9849229],[-84.21299986,9.98487642],[-84.2130378,9.98482014],[-84.21305953,9.98479491],[-84.21308699,9.9847725],[-84.21310944,9.98475816],[-84.2131366,9.98474098],[-84.21317387,9.98472664],[-84.2131999,9.98471591],[-84.21323887,9.98470954],[-84.21328498,9.98470699],[-84.21331969,9.98471339],[-84.21334807,9.98472097],[-84.2133863,9.98472758],[-84.213432,9.98473724],[-84.21346591,9.98473258],[-84.21351566,9.9847245],[-84.21355399,9.98470934],[-84.2135959,9.98468927],[-84.21363024,9.98464808],[-84.21365307,9.98461964],[-84.21367307,9.98459017],[-84.21369241,9.9845584],[-84.21370946,9.98452474],[-84.21371845,9.98449695],[-84.21371884,9.98448483],[-84.21372222,9.98446323],[-84.21372272,9.9844369],[-84.21371922,9.98439393],[-84.21371342,9.98435558],[-84.21367654,9.98427219],[-84.21367099,9.98426059],[-84.2136595,9.98424338],[-84.21364924,9.98422801],[-84.21363772,9.98421227],[-84.2136245,9.98419423],[-84.21361617,9.9841772],[-84.21360901,9.98416255],[-84.21359666,9.98414038],[-84.21358298,9.98411584],[-84.21357702,9.98409829],[-84.21356811,9.98407208],[-84.21356713,9.98405978],[-84.21356521,9.98403536],[-84.21357094,9.98401221],[-84.21357408,9.98399955],[-84.21358317,9.98397965],[-84.21359021,9.98396422],[-84.21360473,9.98393594],[-84.21361843,9.98390927],[-84.21362667,9.98389466],[-84.21363717,9.98387603],[-84.21365192,9.98385818],[-84.21367159,9.98383435],[-84.21369011,9.98381887],[-84.21370617,9.98380546],[-84.21372564,9.98378801],[-84.21374532,9.98377038],[-84.21376793,9.98375197],[-84.21379329,9.98373134],[-84.21381663,9.9837165],[-84.21383653,9.98370385],[-84.21386522,9.9836884],[-84.21389756,9.98367099],[-84.21392357,9.98365776],[-84.21394938,9.98364328],[-84.21397475,9.9836177],[-84.2139891,9.98357863],[-84.21399207,9.98356141],[-84.21399537,9.98352007],[-84.21398779,9.98347345],[-84.21397956,9.98343808],[-84.21396652,9.98339702],[-84.21395158,9.98337154],[-84.21393767,9.98334781],[-84.21392322,9.98333356],[-84.2138397,9.98321999],[-84.21383972,9.98316365],[-84.21389658,9.98309324],[-84.21399606,9.98307919],[-84.21415236,9.98310742],[-84.21432287,9.98312157],[-84.21442236,9.98306526],[-84.21446504,9.98295258],[-84.21445091,9.98271311],[-84.21437994,9.98251587],[-84.21422371,9.98230452],[-84.21419536,9.98212139],[-84.21422385,9.98192419],[-84.21442291,9.98160028],[-84.21459349,9.98144539],[-84.21473559,9.98143136],[-84.21486347,9.98145958],[-84.21499132,9.98155823],[-84.21518308,9.98176959],[-84.21532518,9.98176964],[-84.2154531,9.98168518],[-84.21552422,9.98148799],[-84.21542497,9.98089633],[-84.21546767,9.98069914],[-84.21569511,9.98048792],[-84.21606464,9.98029085],[-84.21624937,9.98027683],[-84.21641987,9.98033324],[-84.21657616,9.98037555],[-84.21673248,9.98034744],[-84.21688884,9.98020663],[-84.21701681,9.97999538],[-84.21708787,9.97995315],[-84.21718733,9.97996727],[-84.21727253,9.98012225],[-84.21741457,9.98029134],[-84.21762771,9.98033367],[-84.21781245,9.98029148],[-84.21802572,9.97996757],[-84.21831005,9.97960142],[-84.21870806,9.97920715],[-84.2188786,9.97913678],[-84.21904912,9.97913684],[-84.2191912,9.97919324],[-84.219383,9.9792919],[-84.2196956,9.97932019],[-84.21992305,9.9790808],[-84.220051,9.97891181],[-84.22024994,9.97889779],[-84.2207615,9.97888388],[-84.22124466,9.97878545],[-84.22155728,9.97878556],[-84.2218983,9.97882793],[-84.22228197,9.97881397],[-84.2225804,9.97872956],[-84.22290733,9.97843386],[-84.22319166,9.97803954],[-84.22372466,9.9776453],[-84.22444961,9.97689897],[-84.224489622429388,9.97682253896367]]]}}
]
}
