{
"type": "FeatureCollection",
"name": "Litoral_Vivo",
"crs": { "type": "name", "properties": { "name": "urn:ogc:def:crs:OGC:1.3:CRS84" } },
"features": [
{ "type": "Feature", "properties": { "fid": 1 }, "geometry": { "type": "MultiPolygon", "coordinates": [ [ [ [ -85.778453985983759, 10.468986048718547 ], [ -85.771481088500437, 10.471581798876571 ], [ -85.769243368050908, 10.470876763666444 ], [ -85.765043810494944, 10.469528000655767 ], [ -85.759648758452229, 10.469497346950979 ], [ -85.756614041678205, 10.468516428397759 ], [ -85.754774819390917, 10.466769167224838 ], [ -85.75177075632169, 10.469711922884496 ], [ -85.750391339606225, 10.473421021163857 ], [ -85.748705385842882, 10.474309978602712 ], [ -85.742452030066104, 10.476700967576182 ], [ -85.738007242871831, 10.476363776823511 ], [ -85.736627826156365, 10.478264306520375 ], [ -85.734880564983442, 10.479490454711899 ], [ -85.733777031611069, 10.481145754770456 ], [ -85.732888074172223, 10.484272432658843 ], [ -85.729730742579036, 10.489054410605787 ], [ -85.727217138786415, 10.493407236685698 ], [ -85.727401061015144, 10.495706264544806 ], [ -85.726604064690648, 10.499384709119377 ], [ -85.725224647975196, 10.501469161044964 ], [ -85.730681007427478, 10.505331527848265 ], [ -85.737670052119157, 10.506618983449366 ], [ -85.74294248934271, 10.506986827906822 ], [ -85.745149556087455, 10.514895483742153 ], [ -85.747785774699238, 10.520535765423164 ], [ -85.75373259342814, 10.523294598854092 ], [ -85.755571815715427, 10.526727813790359 ], [ -85.755821082033336, 10.529843642764169 ], [ -85.75572185, 10.52983917 ], [ -85.75540392, 10.52979333 ], [ -85.7552865, 10.52977615 ], [ -85.75511751, 10.52977204 ], [ -85.75501995, 10.5297685 ], [ -85.7549332, 10.52976005 ], [ -85.75487347, 10.52975386 ], [ -85.75479451, 10.52975293 ], [ -85.75456118, 10.52974772 ], [ -85.75436935, 10.52974471 ], [ -85.75411044, 10.52974136 ], [ -85.75404199, 10.52974228 ], [ -85.7538952, 10.52974626 ], [ -85.75382873, 10.529753 ], [ -85.75365194, 10.52976867 ], [ -85.75347326, 10.52977932 ], [ -85.75330866, 10.52978855 ], [ -85.75316862, 10.52979231 ], [ -85.75306183, 10.52979516 ], [ -85.75299977, 10.52979972 ], [ -85.75286518, 10.52980736 ], [ -85.75269917, 10.52982872 ], [ -85.75266176, 10.52983407 ], [ -85.75256198, 10.52985599 ], [ -85.75238162, 10.52989337 ], [ -85.75220123, 10.52993138 ], [ -85.75192005, 10.52999109 ], [ -85.75172479, 10.53003744 ], [ -85.75143729, 10.53010654 ], [ -85.75128703, 10.53015075 ], [ -85.75097657, 10.53024204 ], [ -85.75067428, 10.53032885 ], [ -85.75058905, 10.53035326 ], [ -85.75050911, 10.53037177 ], [ -85.75035054, 10.53040908 ], [ -85.75014804, 10.53047922 ], [ -85.74999999, 10.53052906 ], [ -85.74996235, 10.53054814 ], [ -85.74987802, 10.53059036 ], [ -85.7498091, 10.5306296 ], [ -85.74973326, 10.53067114 ], [ -85.74968789, 10.53068992 ], [ -85.74966203, 10.53070416 ], [ -85.74963409, 10.5307214 ], [ -85.74960961, 10.53073663 ], [ -85.74958294, 10.53075368 ], [ -85.74955727, 10.53076918 ], [ -85.74953288, 10.53078441 ], [ -85.74950421, 10.53080111 ], [ -85.74947999, 10.53081443 ], [ -85.74945459, 10.53082786 ], [ -85.74942334, 10.53084195 ], [ -85.74939619, 10.53085322 ], [ -85.74936875, 10.53086322 ], [ -85.74934251, 10.53087294 ], [ -85.74931353, 10.53088521 ], [ -85.74928356, 10.53089903 ], [ -85.74925414, 10.53091202 ], [ -85.7492217, 10.5309263 ], [ -85.74919546, 10.53093603 ], [ -85.74916802, 10.53094603 ], [ -85.74914132, 10.53095657 ], [ -85.74911344, 10.53096739 ], [ -85.74908775, 10.53097964 ], [ -85.7490608, 10.53099533 ], [ -85.74903514, 10.53101084 ], [ -85.74900947, 10.53102634 ], [ -85.74897924, 10.53104215 ], [ -85.74895056, 10.53105884 ], [ -85.74892663, 10.53107334 ], [ -85.74890224, 10.53108866 ], [ -85.74887629, 10.5311029 ], [ -85.74884404, 10.53111836 ], [ -85.7488118, 10.5311339 ], [ -85.7487841, 10.53114589 ], [ -85.74875669, 10.53115915 ], [ -85.74872973, 10.53117168 ], [ -85.74869876, 10.53118694 ], [ -85.7486698, 10.53120247 ], [ -85.7486434, 10.53121743 ], [ -85.748618, 10.53123095 ], [ -85.74859077, 10.53124547 ], [ -85.74856582, 10.53125826 ], [ -85.74853367, 10.53127371 ], [ -85.74850287, 10.53128698 ], [ -85.74847172, 10.53130098 ], [ -85.74844603, 10.53131333 ], [ -85.74841935, 10.53132703 ], [ -85.74839167, 10.53134228 ], [ -85.74836418, 10.53135879 ], [ -85.74833679, 10.5313753 ], [ -85.74831358, 10.53139034 ], [ -85.74829021, 10.53140727 ], [ -85.74826354, 10.53142432 ], [ -85.74823787, 10.53143983 ], [ -85.74821067, 10.53145751 ], [ -85.74818701, 10.53147328 ], [ -85.74816262, 10.5314885 ], [ -85.74813741, 10.53150328 ], [ -85.74811174, 10.53151879 ], [ -85.74808534, 10.53153376 ], [ -85.74805811, 10.53154828 ], [ -85.74803271, 10.53156179 ], [ -85.7480063, 10.53157685 ], [ -85.74797981, 10.53159182 ], [ -85.74795514, 10.53160578 ], [ -85.74792974, 10.5316193 ], [ -85.7478995, 10.5316351 ], [ -85.74787538, 10.53164834 ], [ -85.74784789, 10.53166485 ], [ -85.74782322, 10.53167881 ], [ -85.74779854, 10.53169286 ], [ -85.74777342, 10.53170764 ], [ -85.74774747, 10.53172189 ], [ -85.74771707, 10.53173959 ], [ -85.74769159, 10.53175636 ], [ -85.74766821, 10.53177339 ], [ -85.74764048, 10.53179505 ], [ -85.74761566, 10.53181435 ], [ -85.74759375, 10.53183236 ], [ -85.74757084, 10.53185183 ], [ -85.74754895, 10.53187301 ], [ -85.74753037, 10.53189751 ], [ -85.74751323, 10.53191975 ], [ -85.74749436, 10.5319429 ], [ -85.74747576, 10.53196415 ], [ -85.74745614, 10.53198369 ], [ -85.74743579, 10.5320026 ], [ -85.74741056, 10.53201412 ], [ -85.74738185, 10.53202441 ], [ -85.74735642, 10.53203467 ], [ -85.74733662, 10.53205294 ], [ -85.7473149, 10.53207213 ], [ -85.74729208, 10.5320916 ], [ -85.7472689, 10.53210989 ], [ -85.74724597, 10.5321261 ], [ -85.7472259, 10.53214637 ], [ -85.74720648, 10.53216708 ], [ -85.74718487, 10.53218952 ], [ -85.74716097, 10.53221053 ], [ -85.74714163, 10.53223125 ], [ -85.74712299, 10.53226217 ], [ -85.74710743, 10.53228864 ], [ -85.74708811, 10.53231261 ], [ -85.74706868, 10.53233332 ], [ -85.7470476, 10.53235187 ], [ -85.74702368, 10.53236963 ], [ -85.74699619, 10.53238605 ], [ -85.74697079, 10.53239957 ], [ -85.74694491, 10.53241064 ], [ -85.74691613, 10.53242409 ], [ -85.74688698, 10.53243835 ], [ -85.74686158, 10.53245186 ], [ -85.7468369, 10.53246592 ], [ -85.74681471, 10.53248267 ], [ -85.74679055, 10.53250558 ], [ -85.74677167, 10.53252556 ], [ -85.74675233, 10.53254627 ], [ -85.74672999, 10.53256827 ], [ -85.746704, 10.53259227 ], [ -85.74668111, 10.53261499 ], [ -85.74666232, 10.53263498 ], [ -85.74664244, 10.53265642 ], [ -85.74662429, 10.53267694 ], [ -85.74660497, 10.53270091 ], [ -85.74658682, 10.53272134 ], [ -85.74656592, 10.53274107 ], [ -85.7465433, 10.5327618 ], [ -85.74652498, 10.53278432 ], [ -85.74650438, 10.53280856 ], [ -85.74648571, 10.53283297 ], [ -85.74646866, 10.53285521 ], [ -85.74645254, 10.53287916 ], [ -85.74643696, 10.53290238 ], [ -85.74642067, 10.53292832 ], [ -85.74640783, 10.53295234 ], [ -85.74639474, 10.53297826 ], [ -85.74638301, 10.53300399 ], [ -85.7463724, 10.5330327 ], [ -85.74636268, 10.5330586 ], [ -85.74635864, 10.53308727 ], [ -85.74636027, 10.53311745 ], [ -85.7463638, 10.53314463 ], [ -85.74637064, 10.53317505 ], [ -85.74637774, 10.53320348 ], [ -85.74638766, 10.53322936 ], [ -85.74640051, 10.53325722 ], [ -85.74641162, 10.53328291 ], [ -85.74642402, 10.53331159 ], [ -85.74643495, 10.53333927 ], [ -85.74644023, 10.53336861 ], [ -85.74644062, 10.53340558 ], [ -85.74643714, 10.53343668 ], [ -85.74642981, 10.53346537 ], [ -85.74641709, 10.53349265 ], [ -85.74640023, 10.53351606 ], [ -85.74638156, 10.53354056 ], [ -85.74635974, 10.53355849 ], [ -85.74633481, 10.53357453 ], [ -85.74631547, 10.53359524 ], [ -85.74630512, 10.53362196 ], [ -85.74629284, 10.53364842 ], [ -85.74627368, 10.53366714 ], [ -85.74624955, 10.53368038 ], [ -85.74621911, 10.53369166 ], [ -85.74619239, 10.53369895 ], [ -85.74616293, 10.53370544 ], [ -85.74613448, 10.53371373 ], [ -85.74610549, 10.53372275 ], [ -85.7460773, 10.53372905 ], [ -85.74604904, 10.5337386 ], [ -85.74602135, 10.53375059 ], [ -85.74599119, 10.53376305 ], [ -85.74596652, 10.53377711 ], [ -85.74594461, 10.53379512 ], [ -85.74593232, 10.53381832 ], [ -85.74592809, 10.53384573 ], [ -85.74592688, 10.53387511 ], [ -85.74592139, 10.53390605 ], [ -85.74590683, 10.53393107 ], [ -85.74588669, 10.5339545 ], [ -85.74586854, 10.53397503 ], [ -85.7458527, 10.53400024 ], [ -85.74584042, 10.53402661 ], [ -85.74582184, 10.53405111 ], [ -85.74580196, 10.53407255 ], [ -85.7457818, 10.53409281 ], [ -85.745763, 10.5341128 ], [ -85.74574286, 10.53413623 ], [ -85.74572756, 10.53416071 ], [ -85.74571648, 10.53418689 ], [ -85.74570898, 10.53421757 ], [ -85.74570221, 10.53424879 ], [ -85.74569344, 10.53427975 ], [ -85.74568216, 10.53430466 ], [ -85.74566658, 10.53432788 ], [ -85.74564717, 10.53435185 ], [ -85.7456253, 10.53437628 ], [ -85.74560343, 10.5344008 ], [ -85.74558054, 10.53442353 ], [ -85.74555588, 10.53444074 ], [ -85.74552821, 10.53445599 ], [ -85.74550602, 10.53447274 ], [ -85.74548799, 10.53449968 ], [ -85.74546636, 10.53451896 ], [ -85.74543765, 10.53452924 ], [ -85.74540691, 10.53453601 ], [ -85.74537561, 10.53454034 ], [ -85.74534034, 10.53453764 ], [ -85.74531516, 10.53452639 ], [ -85.74528461, 10.53451824 ], [ -85.74526757, 10.5345243 ], [ -85.74524438, 10.53454251 ], [ -85.74521918, 10.53456054 ], [ -85.74519609, 10.53457874 ], [ -85.74517217, 10.5345965 ], [ -85.74515328, 10.53461648 ], [ -85.74513718, 10.53464369 ], [ -85.74512463, 10.53466888 ], [ -85.74510576, 10.53469212 ], [ -85.74508167, 10.53471186 ], [ -85.745056, 10.53472737 ], [ -85.7450293, 10.53473782 ], [ -85.74499977, 10.53474765 ], [ -85.74497464, 10.53476234 ], [ -85.74495126, 10.53477937 ], [ -85.74492736, 10.53480038 ], [ -85.74490996, 10.53482461 ], [ -85.74490327, 10.53485248 ], [ -85.74489979, 10.53488368 ], [ -85.74489632, 10.53491488 ], [ -85.74489402, 10.5349458 ], [ -85.74488979, 10.53497321 ], [ -85.74487955, 10.53500318 ], [ -85.74486373, 10.53503155 ], [ -85.7448454, 10.53505407 ], [ -85.74482351, 10.53507524 ], [ -85.74480031, 10.53509028 ], [ -85.74477618, 10.53510352 ], [ -85.74474339, 10.53511979 ], [ -85.74471853, 10.53513258 ], [ -85.74469102, 10.53514584 ], [ -85.74466415, 10.53515836 ], [ -85.74463866, 10.53517188 ], [ -85.744615, 10.53518756 ], [ -85.74459318, 10.53520557 ], [ -85.74456844, 10.53522279 ], [ -85.74454305, 10.53523956 ], [ -85.74451913, 10.53525731 ], [ -85.7444975, 10.5352765 ], [ -85.74448467, 10.53530052 ], [ -85.74448017, 10.53532992 ], [ -85.74447752, 10.53536157 ], [ -85.74447776, 10.53538877 ], [ -85.74448158, 10.53541722 ], [ -85.74448165, 10.53544641 ], [ -85.74448629, 10.5354753 ], [ -85.7444926, 10.5355097 ], [ -85.74449568, 10.53553761 ], [ -85.74448816, 10.53556503 ], [ -85.74447354, 10.5355803 ], [ -85.74445139, 10.53558729 ], [ -85.74443328, 10.53558188 ], [ -85.74440879, 10.53556466 ], [ -85.74438102, 10.53554755 ], [ -85.74435555, 10.53553187 ], [ -85.74433315, 10.53551166 ], [ -85.74431295, 10.53549307 ], [ -85.74429148, 10.53549083 ], [ -85.7442696, 10.53549909 ], [ -85.74424042, 10.53550684 ], [ -85.74421066, 10.5355089 ], [ -85.74417913, 10.53550546 ], [ -85.74414989, 10.53550354 ], [ -85.74411718, 10.53550029 ], [ -85.74408967, 10.53549737 ], [ -85.74405923, 10.53549248 ], [ -85.74403242, 10.5354835 ], [ -85.74400422, 10.53547037 ], [ -85.74397904, 10.53545912 ], [ -85.74394875, 10.53544898 ], [ -85.74392002, 10.53543983 ], [ -85.74388973, 10.5354296 ], [ -85.74385698, 10.53541993 ], [ -85.74382953, 10.5354105 ], [ -85.74380452, 10.53539736 ], [ -85.7437803, 10.53537824 ], [ -85.74375911, 10.535361 ], [ -85.74373562, 10.53534234 ], [ -85.74371696, 10.53532147 ], [ -85.74370312, 10.53529507 ], [ -85.74369043, 10.53526513 ], [ -85.74367749, 10.53523728 ], [ -85.74366238, 10.53521431 ], [ -85.7436399, 10.53519419 ], [ -85.74360583, 10.53517829 ], [ -85.7435787, 10.53517655 ], [ -85.74354895, 10.53518186 ], [ -85.7435215, 10.53518861 ], [ -85.74349249, 10.53519437 ], [ -85.74346428, 10.53519742 ], [ -85.74343304, 10.53519524 ], [ -85.74340279, 10.53519161 ], [ -85.74337381, 10.53518762 ], [ -85.74334311, 10.53518471 ], [ -85.74331287, 10.53518425 ], [ -85.74328238, 10.53518577 ], [ -85.74325162, 10.53518928 ], [ -85.74323893, 10.53518999 ], [ -85.74321985, 10.53519108 ], [ -85.74318488, 10.5351929 ], [ -85.74315485, 10.53519696 ], [ -85.74312465, 10.535203 ], [ -85.74309794, 10.53521028 ], [ -85.74307103, 10.5352163 ], [ -85.74304431, 10.53522359 ], [ -85.74301687, 10.53523359 ], [ -85.74298718, 10.53524858 ], [ -85.74296353, 10.53526434 ], [ -85.74293861, 10.53528355 ], [ -85.74291817, 10.53530255 ], [ -85.7428981, 10.53532282 ], [ -85.74288068, 10.53534379 ], [ -85.74286237, 10.53536947 ], [ -85.74284625, 10.53539342 ], [ -85.7428327, 10.53542015 ], [ -85.74281819, 10.53545485 ], [ -85.7428084, 10.535484 ], [ -85.74280008, 10.53551423 ], [ -85.74279239, 10.53554365 ], [ -85.74278763, 10.53557503 ], [ -85.74278542, 10.5356027 ], [ -85.74278494, 10.53563271 ], [ -85.74278802, 10.53566062 ], [ -85.74279387, 10.53569249 ], [ -85.74280125, 10.53572218 ], [ -85.74280488, 10.53573454 ], [ -85.7428101, 10.53575277 ], [ -85.74282195, 10.53578217 ], [ -85.74283636, 10.5358111 ], [ -85.74285177, 10.53583849 ], [ -85.74286469, 10.53586318 ], [ -85.74287506, 10.53588834 ], [ -85.74288545, 10.53591675 ], [ -85.74289738, 10.53594289 ], [ -85.74291179, 10.53597182 ], [ -85.74292363, 10.53599797 ], [ -85.74293675, 10.53602383 ], [ -85.74294895, 10.53605124 ], [ -85.74296254, 10.53607973 ], [ -85.74297092, 10.53610788 ], [ -85.74298029, 10.53613449 ], [ -85.7429957, 10.53616188 ], [ -85.74301263, 10.53618383 ], [ -85.743026, 10.53620771 ], [ -85.74303968, 10.5362361 ], [ -85.74305061, 10.53626379 ], [ -85.743062, 10.53629075 ], [ -85.74307538, 10.53631463 ], [ -85.74309349, 10.53633631 ], [ -85.74311897, 10.53635198 ], [ -85.74313943, 10.53635241 ], [ -85.74316737, 10.53635135 ], [ -85.74319007, 10.53635981 ], [ -85.74320798, 10.53637698 ], [ -85.74322641, 10.53640643 ], [ -85.74323377, 10.53643278 ], [ -85.74323054, 10.53645873 ], [ -85.74321926, 10.53648365 ], [ -85.74320517, 10.53651111 ], [ -85.74319765, 10.53653863 ], [ -85.74320026, 10.53656401 ], [ -85.74320781, 10.53659171 ], [ -85.74321647, 10.53662104 ], [ -85.74320689, 10.53663853 ], [ -85.74319285, 10.53664331 ], [ -85.74316209, 10.53664682 ], [ -85.74313389, 10.53664987 ], [ -85.74310187, 10.53665692 ], [ -85.74307673, 10.53666844 ], [ -85.74304978, 10.53668422 ], [ -85.74302458, 10.53670217 ], [ -85.74300855, 10.53672612 ], [ -85.74299519, 10.53675411 ], [ -85.7429746, 10.53677827 ], [ -85.74295269, 10.53679628 ], [ -85.74292679, 10.53682029 ], [ -85.74290721, 10.53684624 ], [ -85.74289257, 10.53687443 ], [ -85.74288177, 10.53690187 ], [ -85.7428738, 10.53693011 ], [ -85.74286758, 10.53696051 ], [ -85.74286282, 10.5369919 ], [ -85.7428553, 10.53701933 ], [ -85.74284121, 10.53704679 ], [ -85.74282418, 10.53707228 ], [ -85.74280406, 10.53709896 ], [ -85.7427842, 10.53712374 ], [ -85.74276533, 10.53714689 ], [ -85.74274748, 10.53717193 ], [ -85.74273393, 10.53719858 ], [ -85.74272012, 10.5372273 ], [ -85.74270702, 10.53725322 ], [ -85.74269501, 10.53727769 ], [ -85.74268016, 10.53730145 ], [ -85.74266532, 10.53732512 ], [ -85.74265104, 10.53735132 ], [ -85.74264049, 10.53737677 ], [ -85.74263142, 10.53740321 ], [ -85.74262262, 10.53743092 ], [ -85.74261841, 10.53746158 ], [ -85.74261997, 10.53749501 ], [ -85.74262278, 10.53752491 ], [ -85.74262562, 10.53755806 ], [ -85.74263783, 10.53758547 ], [ -85.74265468, 10.53761059 ], [ -85.74266891, 10.53763826 ], [ -85.7426835, 10.53766845 ], [ -85.74269243, 10.53769588 ], [ -85.7426957, 10.53772505 ], [ -85.74270864, 10.5377529 ], [ -85.74271501, 10.5377808 ], [ -85.74270495, 10.53779576 ], [ -85.74268203, 10.53781207 ], [ -85.74265631, 10.53781781 ], [ -85.74262989, 10.53781335 ], [ -85.74260388, 10.53780174 ], [ -85.74257767, 10.53778553 ], [ -85.74255466, 10.53776939 ], [ -85.74252743, 10.53775146 ], [ -85.74250223, 10.53773705 ], [ -85.74246843, 10.53771916 ], [ -85.74244141, 10.53770575 ], [ -85.74241623, 10.5376945 ], [ -85.74239051, 10.53768416 ], [ -85.74235921, 10.53767222 ], [ -85.742328, 10.53766029 ], [ -85.74229825, 10.53764933 ], [ -85.74227153, 10.53764044 ], [ -85.74224399, 10.53763102 ], [ -85.74221607, 10.53761906 ], [ -85.74218779, 10.53760918 ], [ -85.74216007, 10.53760174 ], [ -85.74213037, 10.5375973 ], [ -85.74209884, 10.53759386 ], [ -85.74206586, 10.53759268 ], [ -85.74203553, 10.53759222 ], [ -85.7420066, 10.53759473 ], [ -85.7419776, 10.53760374 ], [ -85.74195351, 10.53762349 ], [ -85.74194222, 10.53764524 ], [ -85.7419337, 10.53767412 ], [ -85.74192893, 10.53770234 ], [ -85.74192545, 10.53773354 ], [ -85.74192397, 10.53776165 ], [ -85.7419235, 10.53779157 ], [ -85.74192357, 10.53782076 ], [ -85.7419261, 10.53784949 ], [ -85.74193429, 10.53787637 ], [ -85.74193938, 10.53790454 ], [ -85.74193716, 10.53793221 ], [ -85.7419301, 10.53795891 ], [ -85.74191709, 10.53798483 ], [ -85.74190069, 10.5380076 ], [ -85.74188007, 10.5380285 ], [ -85.74186093, 10.5380343 ], [ -85.74183498, 10.53803237 ], [ -85.74180599, 10.53802521 ], [ -85.74177671, 10.53801678 ], [ -85.74174879, 10.53800483 ], [ -85.7417225, 10.53799187 ], [ -85.74169206, 10.53798697 ], [ -85.74166354, 10.53798225 ], [ -85.74163635, 10.53797083 ], [ -85.74161187, 10.5379537 ], [ -85.74159011, 10.53793403 ], [ -85.74157501, 10.53791107 ], [ -85.74156336, 10.53788619 ], [ -85.7415507, 10.53785951 ], [ -85.74153531, 10.53783537 ], [ -85.7415131, 10.53781642 ], [ -85.74148863, 10.53780255 ], [ -85.74146317, 10.53779013 ], [ -85.74143319, 10.53778442 ], [ -85.74140222, 10.5377835 ], [ -85.74137249, 10.53779198 ], [ -85.74134583, 10.53780903 ], [ -85.74132236, 10.53782597 ], [ -85.74129569, 10.53784301 ], [ -85.74127149, 10.53785951 ], [ -85.74124941, 10.53787951 ], [ -85.74122677, 10.53789699 ], [ -85.74120864, 10.53792068 ], [ -85.74120038, 10.53794765 ], [ -85.74120373, 10.53797357 ], [ -85.7412153, 10.53800171 ], [ -85.74123052, 10.53802783 ], [ -85.74124136, 10.53805552 ], [ -85.74124645, 10.53808369 ], [ -85.74124019, 10.53810767 ], [ -85.74122486, 10.53812565 ], [ -85.74119966, 10.53814359 ], [ -85.74118491, 10.53816735 ], [ -85.74117429, 10.53819597 ], [ -85.74116155, 10.53821999 ], [ -85.74114011, 10.53824044 ], [ -85.74111472, 10.53825721 ], [ -85.74108571, 10.53826297 ], [ -85.74105527, 10.53825808 ], [ -85.74102979, 10.53824241 ], [ -85.74100608, 10.53821596 ], [ -85.74099015, 10.53819255 ], [ -85.74097476, 10.53816842 ], [ -85.7409601, 10.53814473 ], [ -85.74093908, 10.5381256 ], [ -85.74090886, 10.53811221 ], [ -85.74087914, 10.53810451 ], [ -85.74085189, 10.5380995 ], [ -85.74081816, 10.53809463 ], [ -85.74078912, 10.53809388 ], [ -85.74075484, 10.53808974 ], [ -85.74072538, 10.53808005 ], [ -85.74069686, 10.53807532 ], [ -85.7406679, 10.53807467 ], [ -85.74063741, 10.53807619 ], [ -85.74060873, 10.53807671 ], [ -85.74057872, 10.53808402 ], [ -85.74055835, 10.53809976 ], [ -85.74054933, 10.5381197 ], [ -85.74053982, 10.5381502 ], [ -85.74052221, 10.53816991 ], [ -85.74050207, 10.53817716 ], [ -85.74047302, 10.53817642 ], [ -85.7404433, 10.53816881 ], [ -85.7404191, 10.53815286 ], [ -85.74039437, 10.53814097 ], [ -85.74037192, 10.53814345 ], [ -85.74035006, 10.53815495 ], [ -85.74033273, 10.53817592 ], [ -85.74031716, 10.53819915 ], [ -85.74029801, 10.53822112 ], [ -85.74027435, 10.53823689 ], [ -85.74024962, 10.53824118 ], [ -85.74022264, 10.53823419 ], [ -85.74019474, 10.53822549 ], [ -85.74016593, 10.53821959 ], [ -85.74013949, 10.53821187 ], [ -85.74010643, 10.53819452 ], [ -85.7400795, 10.53818111 ], [ -85.74005197, 10.53817494 ], [ -85.74002458, 10.53817518 ], [ -85.73999786, 10.53818247 ], [ -85.7399742, 10.53819823 ], [ -85.73995432, 10.53821967 ], [ -85.73993068, 10.53823869 ], [ -85.73990702, 10.53825445 ], [ -85.73987726, 10.53827269 ], [ -85.73984856, 10.53828623 ], [ -85.73982212, 10.53829469 ], [ -85.73979494, 10.53829944 ], [ -85.73977124, 10.53829252 ], [ -85.73974777, 10.53827711 ], [ -85.73972583, 10.53825617 ], [ -85.73970717, 10.53823531 ], [ -85.73968849, 10.53821119 ], [ -85.73967301, 10.53818696 ], [ -85.73965535, 10.53816456 ], [ -85.73963314, 10.5381457 ], [ -85.73960723, 10.538134 ], [ -85.73958025, 10.53812701 ], [ -85.73955197, 10.53811714 ], [ -85.7395227, 10.53810871 ], [ -85.73949354, 10.53810354 ], [ -85.7394655, 10.53810451 ], [ -85.7394378, 10.53811659 ], [ -85.7394157, 10.53813334 ], [ -85.73939254, 10.53813862 ], [ -85.73936275, 10.53813733 ], [ -85.73933434, 10.53813595 ], [ -85.73930685, 10.5381362 ], [ -85.73927662, 10.53813573 ], [ -85.73924509, 10.53813229 ], [ -85.73921613, 10.53813163 ], [ -85.7391872, 10.53813414 ], [ -85.73915768, 10.53814723 ], [ -85.73913229, 10.53816391 ], [ -85.73910764, 10.53818121 ], [ -85.73908291, 10.53820168 ], [ -85.73906256, 10.53822069 ], [ -85.73904166, 10.53824041 ], [ -85.73901575, 10.53826107 ], [ -85.7389931, 10.53827864 ], [ -85.73897001, 10.53829684 ], [ -85.73894554, 10.53831532 ], [ -85.73892344, 10.53833207 ], [ -85.73890229, 10.53835379 ], [ -85.73888515, 10.53837602 ], [ -85.73886912, 10.53839997 ], [ -85.73885153, 10.53842293 ], [ -85.73882864, 10.53844565 ], [ -85.73880647, 10.53846566 ], [ -85.73878155, 10.53848486 ], [ -85.73875964, 10.53850288 ], [ -85.73873728, 10.53852162 ], [ -85.73871234, 10.53853766 ], [ -85.73868741, 10.53855361 ], [ -85.73866247, 10.53856966 ], [ -85.73863983, 10.53858713 ], [ -85.73862763, 10.53859497 ], [ -85.73861671, 10.53860208 ], [ -85.73859379, 10.53861839 ], [ -85.73857013, 10.53863406 ], [ -85.73854602, 10.53865064 ], [ -85.73852229, 10.53866957 ], [ -85.73850423, 10.5386901 ], [ -85.73848792, 10.53871278 ], [ -85.73848681, 10.53871398 ], [ -85.73846804, 10.53873422 ], [ -85.73844614, 10.53875549 ], [ -85.73841923, 10.53877768 ], [ -85.73839605, 10.53879598 ], [ -85.73837186, 10.53881572 ], [ -85.73835097, 10.53883545 ], [ -85.73833494, 10.5388594 ], [ -85.73832184, 10.53888532 ], [ -85.73831002, 10.53891105 ], [ -85.73829545, 10.53893598 ], [ -85.7382786, 10.53895948 ], [ -85.73826202, 10.53898415 ], [ -85.73824545, 10.53900892 ], [ -85.73822913, 10.5390316 ], [ -85.73821282, 10.53905429 ], [ -85.73819414, 10.53907879 ], [ -85.73818242, 10.53910452 ], [ -85.73817435, 10.53913267 ], [ -85.73817242, 10.5391616 ], [ -85.73817923, 10.53918877 ], [ -85.73818787, 10.53921493 ], [ -85.73818767, 10.53924286 ], [ -85.7381781, 10.53926361 ], [ -85.73815922, 10.5392835 ], [ -85.73814189, 10.5392883 ], [ -85.73811286, 10.5392909 ], [ -85.73808539, 10.53929439 ], [ -85.73805647, 10.53930016 ], [ -85.73802802, 10.53930845 ], [ -85.73801312, 10.53932245 ], [ -85.73800211, 10.53934537 ], [ -85.73799312, 10.53937181 ], [ -85.7379931, 10.539401 ], [ -85.73800274, 10.53942571 ], [ -85.73802271, 10.53945281 ], [ -85.73803555, 10.5394775 ], [ -85.7380442, 10.53950692 ], [ -85.73804875, 10.53953581 ], [ -85.73805284, 10.53956543 ], [ -85.73805419, 10.53959444 ], [ -85.73805119, 10.53962807 ], [ -85.73804468, 10.53965721 ], [ -85.73803168, 10.53968322 ], [ -85.73801356, 10.53971016 ], [ -85.73799295, 10.53973115 ], [ -85.73796874, 10.53974764 ], [ -85.73794409, 10.53976486 ], [ -85.7379252, 10.53978484 ], [ -85.73791665, 10.5398073 ], [ -85.73791798, 10.53983296 ], [ -85.7379301, 10.53986037 ], [ -85.7379403, 10.53988752 ], [ -85.7379484, 10.5399145 ], [ -85.7379555, 10.53994293 ], [ -85.73795574, 10.53997004 ], [ -85.73796064, 10.53999694 ], [ -85.73796994, 10.5400269 ], [ -85.73798561, 10.5400523 ], [ -85.7379948, 10.54006312 ], [ -85.7380063, 10.54007668 ], [ -85.73802625, 10.54010061 ], [ -85.73804929, 10.54012 ], [ -85.73807322, 10.54013795 ], [ -85.73809543, 10.5401568 ], [ -85.73811236, 10.54017876 ], [ -85.73812301, 10.54020518 ], [ -85.73812299, 10.54023437 ], [ -85.73811249, 10.54025007 ], [ -85.73808729, 10.5402681 ], [ -85.73805931, 10.54027883 ], [ -85.73803116, 10.54029154 ], [ -85.73800852, 10.54030911 ], [ -85.73799628, 10.54032622 ], [ -85.73799066, 10.54033406 ], [ -85.73798262, 10.54036547 ], [ -85.73798822, 10.54038641 ], [ -85.73799669, 10.54039919 ], [ -85.73800719, 10.54041504 ], [ -85.73802784, 10.540433 ], [ -85.73804832, 10.54045286 ], [ -85.73806946, 10.54047652 ], [ -85.73808167, 10.54050392 ], [ -85.73808392, 10.54053139 ], [ -85.7380797, 10.54055879 ], [ -85.73808732, 10.54058324 ], [ -85.73809341, 10.54060987 ], [ -85.73808743, 10.54063512 ], [ -85.73807283, 10.54065355 ], [ -85.73805092, 10.54067156 ], [ -85.73803076, 10.54069173 ], [ -85.73802232, 10.54071745 ], [ -85.73800976, 10.54074264 ], [ -85.73799866, 10.5407509 ], [ -85.73798357, 10.54076213 ], [ -85.73795658, 10.5407714 ], [ -85.73792583, 10.54077501 ], [ -85.73789514, 10.54077526 ], [ -85.73786515, 10.54076955 ], [ -85.73783943, 10.54075912 ], [ -85.73781496, 10.54074525 ], [ -85.73779195, 10.54072911 ], [ -85.73776929, 10.54071088 ], [ -85.7377476, 10.54068796 ], [ -85.73773039, 10.54066482 ], [ -85.73771219, 10.54064314 ], [ -85.73768825, 10.54062529 ], [ -85.73766225, 10.54061359 ], [ -85.73763254, 10.54060915 ], [ -85.73760883, 10.54061515 ], [ -85.7375794, 10.54062815 ], [ -85.7375492, 10.54063419 ], [ -85.73752015, 10.54063353 ], [ -85.73749272, 10.54062736 ], [ -85.73746553, 10.54061594 ], [ -85.73743821, 10.54059801 ], [ -85.73741326, 10.54057836 ], [ -85.73738348, 10.5405609 ], [ -85.73735704, 10.54055327 ], [ -85.73732754, 10.54055325 ], [ -85.7373054, 10.54056359 ], [ -85.73728405, 10.54058404 ], [ -85.73726214, 10.54060205 ], [ -85.73723997, 10.54062197 ], [ -85.73721706, 10.54064152 ], [ -85.73719515, 10.54065945 ], [ -85.73717629, 10.54068269 ], [ -85.7371643, 10.54071041 ], [ -85.73715706, 10.5407391 ], [ -85.73715832, 10.54076801 ], [ -85.73716797, 10.54079589 ], [ -85.7371821, 10.54082355 ], [ -85.7371955, 10.54085068 ], [ -85.73720714, 10.54087565 ], [ -85.73721599, 10.54090624 ], [ -85.73721249, 10.54093419 ], [ -85.73720178, 10.54096163 ], [ -85.73719545, 10.54098887 ], [ -85.73719351, 10.5410178 ], [ -85.73719486, 10.54104671 ], [ -85.73719383, 10.5410741 ], [ -85.73719243, 10.54110231 ], [ -85.73718893, 10.54113025 ], [ -85.73717766, 10.54115517 ], [ -85.73715879, 10.54117841 ], [ -85.73714038, 10.54120083 ], [ -85.73712232, 10.54122136 ], [ -85.7371017, 10.54124235 ], [ -85.73707722, 10.54125758 ], [ -85.73705258, 10.54126187 ], [ -85.7370246, 10.54125642 ], [ -85.73699512, 10.54124348 ], [ -85.73696557, 10.54123379 ], [ -85.73693657, 10.54122663 ], [ -85.73690938, 10.54121521 ], [ -85.73688317, 10.54119908 ], [ -85.7368597, 10.54118367 ], [ -85.73683596, 10.54116699 ], [ -85.73681147, 10.54114977 ], [ -85.73678753, 10.54113192 ], [ -85.73676251, 10.54111542 ], [ -85.73673528, 10.54109759 ], [ -85.73670935, 10.54108264 ], [ -85.7366826, 10.54106724 ], [ -85.73665742, 10.54105608 ], [ -85.73662959, 10.54104539 ], [ -85.73660193, 10.54103144 ], [ -85.73657638, 10.54101902 ], [ -85.73654893, 10.54100959 ], [ -85.73652217, 10.54099419 ], [ -85.73649752, 10.54097905 ], [ -85.73647351, 10.54096436 ], [ -85.73644904, 10.5409504 ], [ -85.73642512, 10.54093571 ], [ -85.7363991, 10.54092085 ], [ -85.73637338, 10.54091042 ], [ -85.73634465, 10.54090118 ], [ -85.73631413, 10.54089954 ], [ -85.73628268, 10.54090902 ], [ -85.7362623, 10.54092476 ], [ -85.73624398, 10.54094728 ], [ -85.73622511, 10.54097052 ], [ -85.73620292, 10.54098718 ], [ -85.73617782, 10.54100521 ], [ -85.7361551, 10.54102594 ], [ -85.73613522, 10.54104738 ], [ -85.73611618, 10.54107261 ], [ -85.73609979, 10.54109854 ], [ -85.73608577, 10.54112275 ], [ -85.73606736, 10.54114527 ], [ -85.73604601, 10.54116572 ], [ -85.7360234, 10.5411897 ], [ -85.73601615, 10.54119986 ], [ -85.736005, 10.54121547 ], [ -85.73598888, 10.54123942 ], [ -85.73597011, 10.54126266 ], [ -85.73595096, 10.54128454 ], [ -85.73592912, 10.54131557 ], [ -85.73591144, 10.54133853 ], [ -85.73589212, 10.5413625 ], [ -85.73587278, 10.54138321 ], [ -85.73585262, 10.54140348 ], [ -85.73583027, 10.54142538 ], [ -85.7358081, 10.54144539 ], [ -85.73578694, 10.5414671 ], [ -85.73576561, 10.54149081 ], [ -85.73574594, 10.54151676 ], [ -85.73572991, 10.5415408 ], [ -85.73571534, 10.54156573 ], [ -85.7357028, 10.54159418 ], [ -85.73570483, 10.54161387 ], [ -85.73571746, 10.54163405 ], [ -85.73573384, 10.54165673 ], [ -85.73575131, 10.54167787 ], [ -85.73577244, 10.54169827 ], [ -85.73579519, 10.54171641 ], [ -85.73581939, 10.54173236 ], [ -85.73584643, 10.54174902 ], [ -85.73586709, 10.54177015 ], [ -85.73587397, 10.5417909 ], [ -85.73586944, 10.54181378 ], [ -85.73585459, 10.54183755 ], [ -85.73583828, 10.54186023 ], [ -85.73581842, 10.54188492 ], [ -85.73579754, 10.5419079 ], [ -85.73577134, 10.54192738 ], [ -85.73574695, 10.5419427 ], [ -85.73572175, 10.54196064 ], [ -85.73565478, 10.54200512 ], [ -85.73559386, 10.54203744 ], [ -85.73556718, 10.54205115 ], [ -85.7355395, 10.54206639 ], [ -85.73551962, 10.54208792 ], [ -85.73550661, 10.54211384 ], [ -85.73550028, 10.54214108 ], [ -85.73549888, 10.54216919 ], [ -85.73549685, 10.54219812 ], [ -85.73549163, 10.54222707 ], [ -85.73548384, 10.54225649 ], [ -85.73547386, 10.54228447 ], [ -85.73546232, 10.54231137 ], [ -85.73544795, 10.54233757 ], [ -85.73543111, 10.54236432 ], [ -85.73541252, 10.54238883 ], [ -85.73539165, 10.54241172 ], [ -85.73537103, 10.54243271 ], [ -85.73535271, 10.54245522 ], [ -85.73533814, 10.54248015 ], [ -85.7353245, 10.54250689 ], [ -85.73531352, 10.54253632 ], [ -85.73530646, 10.54256302 ], [ -85.73529849, 10.54259117 ], [ -85.73529125, 10.54261986 ], [ -85.73529405, 10.54264651 ], [ -85.73530645, 10.54267518 ], [ -85.73532584, 10.54269658 ], [ -85.73534504, 10.54271681 ], [ -85.73536197, 10.54273868 ], [ -85.73537053, 10.5427681 ], [ -85.73536987, 10.54279675 ], [ -85.73536924, 10.5428151 ], [ -85.73536893, 10.54282423 ], [ -85.7353722, 10.5428534 ], [ -85.73537582, 10.5428805 ], [ -85.7353781, 10.54291121 ], [ -85.73538046, 10.54294184 ], [ -85.73538303, 10.54297698 ], [ -85.73538684, 10.54300543 ], [ -85.73539037, 10.54303261 ], [ -85.73539879, 10.54306727 ], [ -85.73540743, 10.54309343 ], [ -85.73541558, 10.54311372 ], [ -85.73541799, 10.54311985 ], [ -85.73543138, 10.54314698 ], [ -85.73544963, 10.54317517 ], [ -85.73546659, 10.54320355 ], [ -85.73547971, 10.54322941 ], [ -85.7354931, 10.54325663 ], [ -85.73550046, 10.54328298 ], [ -85.73550127, 10.54331271 ], [ -85.73550435, 10.54334062 ], [ -85.73551117, 10.54336779 ], [ -85.73552511, 10.54339419 ], [ -85.73554422, 10.54341433 ], [ -85.7356187, 10.54347077 ], [ -85.73565801, 10.54346097 ], [ -85.73568441, 10.54344601 ], [ -85.73570805, 10.54342699 ], [ -85.73573297, 10.54340778 ], [ -85.7357604, 10.54339769 ], [ -85.73578034, 10.54340219 ], [ -85.7357965, 10.54341711 ], [ -85.73580942, 10.5434418 ], [ -85.73582053, 10.5434674 ], [ -85.73583118, 10.54349383 ], [ -85.73583901, 10.54352279 ], [ -85.73584128, 10.54355342 ], [ -85.73583807, 10.54358263 ], [ -85.73582781, 10.54360935 ], [ -85.73581097, 10.54363601 ], [ -85.73578986, 10.54365122 ], [ -85.73576542, 10.54365677 ], [ -85.73573567, 10.54366209 ], [ -85.7357097, 10.54367308 ], [ -85.73569008, 10.54369252 ], [ -85.73568247, 10.54370072 ], [ -85.73567075, 10.54371333 ], [ -85.73564579, 10.54372603 ], [ -85.73561866, 10.54374054 ], [ -85.73559573, 10.54375676 ], [ -85.73556927, 10.54377832 ], [ -85.73554967, 10.54380102 ], [ -85.73552953, 10.54382445 ], [ -85.73550919, 10.5438467 ], [ -85.73548832, 10.54386968 ], [ -85.73546614, 10.54388969 ], [ -85.7354425, 10.54390862 ], [ -85.73541757, 10.54392466 ], [ -85.73539188, 10.54393691 ], [ -85.73536675, 10.54395169 ], [ -85.73534135, 10.54396512 ], [ -85.73531568, 10.54398062 ], [ -85.73529275, 10.54399692 ], [ -85.73526855, 10.54401341 ], [ -85.73524371, 10.54402937 ], [ -85.73521996, 10.54404513 ], [ -85.73519786, 10.54406188 ], [ -85.73517594, 10.5440799 ], [ -85.73515533, 10.54410089 ], [ -85.73513269, 10.54411836 ], [ -85.73510444, 10.54413108 ], [ -85.73508005, 10.54413013 ], [ -85.73505106, 10.54412297 ], [ -85.73502077, 10.54411274 ], [ -85.7349963, 10.54409887 ], [ -85.73497383, 10.54408191 ], [ -85.73494961, 10.54406279 ], [ -85.73492693, 10.54404141 ], [ -85.73490646, 10.54402146 ], [ -85.73488678, 10.54399879 ], [ -85.7348694, 10.54397765 ], [ -85.73484847, 10.54395851 ], [ -85.73482346, 10.54394527 ], [ -85.73479646, 10.54393512 ], [ -85.73476948, 10.54392822 ], [ -85.7347403, 10.54391979 ], [ -85.73471457, 10.54390936 ], [ -85.73468985, 10.54389738 ], [ -85.73466257, 10.54388596 ], [ -85.73463209, 10.54387456 ], [ -85.73459804, 10.54386192 ], [ -85.73455997, 10.54384875 ], [ -85.73453179, 10.54383878 ], [ -85.73450277, 10.54382837 ], [ -85.73447604, 10.54381622 ], [ -85.73444755, 10.54380183 ], [ -85.73442228, 10.54379058 ], [ -85.73439336, 10.54378016 ], [ -85.73435302, 10.54376881 ], [ -85.73432046, 10.54376032 ], [ -85.73428671, 10.54375219 ], [ -85.73426018, 10.54374447 ], [ -85.73422194, 10.54373329 ], [ -85.73419039, 10.54372669 ], [ -85.73416269, 10.5437225 ], [ -85.7341349, 10.54371822 ], [ -85.73410749, 10.5437153 ], [ -85.73407368, 10.54371359 ], [ -85.73404172, 10.54371422 ], [ -85.73400794, 10.54371576 ], [ -85.73397945, 10.54371754 ], [ -85.73395023, 10.54371879 ], [ -85.73391872, 10.5437186 ], [ -85.73388749, 10.54371967 ], [ -85.73385648, 10.54372843 ], [ -85.73382854, 10.54374566 ], [ -85.73381277, 10.54376762 ], [ -85.73380398, 10.54379532 ], [ -85.73379069, 10.54382007 ], [ -85.73377402, 10.54382857 ], [ -85.73374529, 10.54383559 ], [ -85.73371481, 10.54384037 ], [ -85.73368685, 10.54383817 ], [ -85.73365885, 10.54382947 ], [ -85.73363238, 10.54381533 ], [ -85.73360645, 10.54380038 ], [ -85.73357889, 10.5437877 ], [ -85.73355371, 10.54377654 ], [ -85.73352265, 10.54375936 ], [ -85.73349843, 10.54374024 ], [ -85.73347148, 10.54372358 ], [ -85.73344664, 10.54371298 ], [ -85.73344347, 10.54371162 ], [ -85.73341446, 10.54370121 ], [ -85.73338655, 10.5436925 ], [ -85.73335756, 10.54368534 ], [ -85.73332958, 10.54367989 ], [ -85.73329933, 10.54367626 ], [ -85.73326881, 10.54367453 ], [ -85.73323958, 10.54367261 ], [ -85.73320729, 10.54366538 ], [ -85.73317407, 10.54365327 ], [ -85.73314606, 10.54364131 ], [ -85.73311757, 10.54362692 ], [ -85.73309209, 10.54361124 ], [ -85.73306934, 10.54359311 ], [ -85.73304739, 10.54357217 ], [ -85.73302846, 10.54355004 ], [ -85.73301134, 10.54352682 ], [ -85.73299614, 10.54350395 ], [ -85.7329772, 10.54348173 ], [ -85.73295473, 10.54346486 ], [ -85.73293233, 10.54344465 ], [ -85.73291212, 10.5434228 ], [ -85.7328919, 10.54340085 ], [ -85.73286822, 10.54338092 ], [ -85.73284143, 10.54335902 ], [ -85.73281949, 10.54333817 ], [ -85.73280183, 10.54331576 ], [ -85.73278663, 10.5432928 ], [ -85.73277197, 10.5432692 ], [ -85.73275457, 10.54324471 ], [ -85.73273763, 10.54321959 ], [ -85.7327195, 10.54319466 ], [ -85.73269654, 10.54317201 ], [ -85.73267579, 10.54315414 ], [ -85.73265313, 10.54313591 ], [ -85.7326301, 10.54311652 ], [ -85.73260545, 10.54310138 ], [ -85.73258072, 10.5430894 ], [ -85.7325527, 10.54307754 ], [ -85.7325257, 10.54306738 ], [ -85.73249879, 10.54305714 ], [ -85.73247125, 10.54304771 ], [ -85.7324438, 10.54303828 ], [ -85.73241351, 10.54302814 ], [ -85.73238226, 10.54302596 ], [ -85.73235404, 10.54302576 ], [ -85.73232127, 10.54302901 ], [ -85.73229308, 10.54303531 ], [ -85.73226335, 10.54304378 ], [ -85.73222714, 10.54305239 ], [ -85.73219685, 10.54305843 ], [ -85.73216693, 10.54306564 ], [ -85.7321364, 10.54307692 ], [ -85.7321087, 10.54308892 ], [ -85.73208256, 10.54310198 ], [ -85.7320556, 10.54311451 ], [ -85.73202818, 10.54312777 ], [ -85.7320005, 10.54314301 ], [ -85.73197329, 10.54316069 ], [ -85.73195138, 10.54317871 ], [ -85.73192928, 10.54319546 ], [ -85.73190709, 10.54321221 ], [ -85.73188518, 10.54323022 ], [ -85.73186127, 10.54325114 ], [ -85.73184021, 10.54327295 ], [ -85.73182032, 10.54329438 ], [ -85.73180292, 10.54331861 ], [ -85.73178708, 10.54334382 ], [ -85.7317715, 10.54336704 ], [ -85.73175447, 10.54339244 ], [ -85.73173908, 10.54341693 ], [ -85.73172279, 10.54344287 ], [ -85.7317064, 10.54346889 ], [ -85.73168883, 10.54349502 ], [ -85.73167124, 10.54351807 ], [ -85.73165211, 10.54354321 ], [ -85.73163453, 10.54356942 ], [ -85.73161969, 10.54359319 ], [ -85.73160385, 10.5436184 ], [ -85.73158627, 10.54364461 ], [ -85.73156942, 10.54366802 ], [ -85.73155111, 10.54369379 ], [ -85.73153499, 10.54371774 ], [ -85.73153159, 10.54372346 ], [ -85.73151843, 10.54374566 ], [ -85.73150059, 10.54377387 ], [ -85.73148348, 10.54379936 ], [ -85.7314669, 10.54382403 ], [ -85.73144933, 10.54385025 ], [ -85.73143521, 10.54387445 ], [ -85.73141937, 10.54389966 ], [ -85.73140509, 10.54392586 ], [ -85.73139073, 10.54395531 ], [ -85.73137945, 10.54398023 ], [ -85.73136635, 10.54400624 ], [ -85.73135408, 10.5440327 ], [ -85.7313428, 10.54405761 ], [ -85.73133154, 10.54408578 ], [ -85.73131892, 10.54411423 ], [ -85.73130335, 10.5441407 ], [ -85.73128725, 10.5441679 ], [ -85.7312715, 10.54419311 ], [ -85.73125464, 10.54421661 ], [ -85.73123824, 10.5442393 ], [ -85.73122166, 10.54426406 ], [ -85.73120556, 10.54429126 ], [ -85.73118898, 10.54431594 ], [ -85.73117113, 10.54434089 ], [ -85.7311541, 10.54436638 ], [ -85.73113797, 10.54439032 ], [ -85.7311214, 10.544415 ], [ -85.73110508, 10.54443777 ], [ -85.73108622, 10.54446101 ], [ -85.73106633, 10.54448245 ], [ -85.73104489, 10.5445029 ], [ -85.73102501, 10.54452443 ], [ -85.73101101, 10.54455189 ], [ -85.73099819, 10.54457907 ], [ -85.73098436, 10.54460454 ], [ -85.73096824, 10.54462849 ], [ -85.73095093, 10.54465272 ], [ -85.73093305, 10.54467441 ], [ -85.73091172, 10.54469812 ], [ -85.73088831, 10.54472482 ], [ -85.73086769, 10.54474581 ], [ -85.73084452, 10.54476726 ], [ -85.73082316, 10.54478455 ], [ -85.7307975, 10.54480331 ], [ -85.73077302, 10.54481854 ], [ -85.73074515, 10.54483252 ], [ -85.73071514, 10.54483982 ], [ -85.73068111, 10.54484661 ], [ -85.73065236, 10.54485038 ], [ -85.73062215, 10.54485316 ], [ -85.73059449, 10.54485549 ], [ -85.73056527, 10.54485673 ], [ -85.73053402, 10.54485455 ], [ -85.73050476, 10.54484938 ], [ -85.73047522, 10.54484294 ], [ -85.73044294, 10.5448358 ], [ -85.73041496, 10.54483035 ], [ -85.73038651, 10.54482237 ], [ -85.73035623, 10.54481223 ], [ -85.73032577, 10.54480399 ], [ -85.73029878, 10.54479709 ], [ -85.73026701, 10.54478272 ], [ -85.73024106, 10.54476451 ], [ -85.73021558, 10.54474883 ], [ -85.73019056, 10.54473243 ], [ -85.73016261, 10.54471731 ], [ -85.73013334, 10.54470889 ], [ -85.73010435, 10.54470163 ], [ -85.73007034, 10.54469549 ], [ -85.73003708, 10.54469305 ], [ -85.73000081, 10.5446919 ], [ -85.72997682, 10.54468046 ], [ -85.7299556, 10.54465997 ], [ -85.72993766, 10.54463639 ], [ -85.72991778, 10.5446092 ], [ -85.72989776, 10.54458853 ], [ -85.72987254, 10.54457086 ], [ -85.7298458, 10.54455872 ], [ -85.72981561, 10.54454858 ], [ -85.72978285, 10.54453891 ], [ -85.7297536, 10.54453364 ], [ -85.72972611, 10.54453397 ], [ -85.72969864, 10.54453747 ], [ -85.7296679, 10.54454432 ], [ -85.72963742, 10.5445491 ], [ -85.72960545, 10.54454964 ], [ -85.72957775, 10.54454545 ], [ -85.72954948, 10.54453548 ], [ -85.72952475, 10.5445236 ], [ -85.72950183, 10.54450736 ], [ -85.72948208, 10.54448795 ], [ -85.72945937, 10.54446006 ], [ -85.72944198, 10.54443892 ], [ -85.72942074, 10.54441201 ], [ -85.72940462, 10.54438733 ], [ -85.7293894, 10.54436121 ], [ -85.72936969, 10.54433203 ], [ -85.72935056, 10.54430864 ], [ -85.72933108, 10.54428724 ], [ -85.72931297, 10.54426555 ], [ -85.72929422, 10.54424469 ], [ -85.72927456, 10.54422528 ], [ -85.72925108, 10.5442066 ], [ -85.72922714, 10.54418866 ], [ -85.72920192, 10.54417099 ], [ -85.72917891, 10.54415485 ], [ -85.72915651, 10.54413473 ], [ -85.72913577, 10.54411677 ], [ -85.72911311, 10.54409864 ], [ -85.72909009, 10.5440824 ], [ -85.72905913, 10.54406531 ], [ -85.72904016, 10.54405421 ], [ -85.72903081, 10.54404884 ], [ -85.72900313, 10.54403173 ], [ -85.72897967, 10.54401631 ], [ -85.72895492, 10.54400108 ], [ -85.72892771, 10.54398641 ], [ -85.72889924, 10.54397527 ], [ -85.72886997, 10.54396684 ], [ -85.72886764, 10.54396633 ], [ -85.72884043, 10.5439604 ], [ -85.72881172, 10.54395451 ], [ -85.728782, 10.54394681 ], [ -85.72875501, 10.54393981 ], [ -85.72872574, 10.54393139 ], [ -85.72869774, 10.54392277 ], [ -85.72867085, 10.54391578 ], [ -85.72864261, 10.54391232 ], [ -85.72861138, 10.54391339 ], [ -85.72858237, 10.54391916 ], [ -85.72855364, 10.54392618 ], [ -85.72852473, 10.5439352 ], [ -85.72849922, 10.54394546 ], [ -85.72847362, 10.54395771 ], [ -85.72844786, 10.54397321 ], [ -85.72842072, 10.54398773 ], [ -85.72839449, 10.5440008 ], [ -85.72837138, 10.54401575 ], [ -85.72834644, 10.54403179 ], [ -85.72832226, 10.54405153 ], [ -85.72830015, 10.54406819 ], [ -85.72827796, 10.54408494 ], [ -85.7282556, 10.54410368 ], [ -85.72823271, 10.5441264 ], [ -85.72821283, 10.54414793 ], [ -85.72819394, 10.54416792 ], [ -85.7281746, 10.54418863 ], [ -85.72815372, 10.54421161 ], [ -85.72813386, 10.5442363 ], [ -85.72811546, 10.54426198 ], [ -85.72809843, 10.54428747 ], [ -85.72808077, 10.54431368 ], [ -85.72806445, 10.54433636 ], [ -85.72804461, 10.5443644 ], [ -85.72802675, 10.54438935 ], [ -85.72800864, 10.54441629 ], [ -85.72799233, 10.54443898 ], [ -85.72797575, 10.54446374 ], [ -85.72795763, 10.54449068 ], [ -85.72794153, 10.54451788 ], [ -85.72792568, 10.54454309 ], [ -85.72791166, 10.5445673 ], [ -85.7278961, 10.54459377 ], [ -85.72788073, 10.54462142 ], [ -85.72786744, 10.54464617 ], [ -85.72785361, 10.54467164 ], [ -85.72783647, 10.54469379 ], [ -85.72781788, 10.54471829 ], [ -85.72780102, 10.54474179 ], [ -85.72778573, 10.54476618 ], [ -85.7277762, 10.54479344 ], [ -85.72776667, 10.5448206 ], [ -85.72776272, 10.54484928 ], [ -85.72776905, 10.54487075 ], [ -85.72778043, 10.54489762 ], [ -85.72779681, 10.54492031 ], [ -85.72781729, 10.54494017 ], [ -85.72783541, 10.54496185 ], [ -85.72784961, 10.54498626 ], [ -85.72786654, 10.54500822 ], [ -85.72788993, 10.54502689 ], [ -85.7279134, 10.54504231 ], [ -85.72794044, 10.54505897 ], [ -85.72796336, 10.54507512 ], [ -85.72798557, 10.54509406 ], [ -85.72800732, 10.54511365 ], [ -85.7280247, 10.54513488 ], [ -85.72802902, 10.54515601 ], [ -85.72802553, 10.54518395 ], [ -85.72802231, 10.54521316 ], [ -85.72801306, 10.54524159 ], [ -85.72800197, 10.54526777 ], [ -85.72798769, 10.54529397 ], [ -85.72797128, 10.54531674 ], [ -85.72795553, 10.54534195 ], [ -85.72795301, 10.5453651 ], [ -85.72795536, 10.54539256 ], [ -85.72796045, 10.54542073 ], [ -85.72795113, 10.54543615 ], [ -85.72793546, 10.54544319 ], [ -85.72790606, 10.54544643 ], [ -85.7278748, 10.54544099 ], [ -85.72784825, 10.54543011 ], [ -85.72782234, 10.54541841 ], [ -85.7278095, 10.54542617 ], [ -85.72780347, 10.54544165 ], [ -85.72779997, 10.5454696 ], [ -85.72780634, 10.54549749 ], [ -85.72781069, 10.54552512 ], [ -85.7278024, 10.54554559 ], [ -85.72778623, 10.54555987 ], [ -85.72775652, 10.5455716 ], [ -85.72772151, 10.54558318 ], [ -85.7276936, 10.54559065 ], [ -85.72766587, 10.54559623 ], [ -85.7276374, 10.54560126 ], [ -85.72761096, 10.54560972 ], [ -85.72758582, 10.54562125 ], [ -85.72756364, 10.54564125 ], [ -85.72754879, 10.54566492 ], [ -85.72753068, 10.54567568 ], [ -85.7274974, 10.54568626 ], [ -85.72747002, 10.54568975 ], [ -85.72744305, 10.54570228 ], [ -85.727428, 10.54572152 ], [ -85.72741492, 10.5457507 ], [ -85.7273953, 10.54577014 ], [ -85.72737561, 10.54577667 ], [ -85.72734438, 10.54577774 ], [ -85.72731516, 10.54577908 ], [ -85.72728742, 10.54578456 ], [ -85.72726759, 10.54579958 ], [ -85.72726284, 10.54581479 ], [ -85.7272696, 10.5458322 ], [ -85.72727952, 10.54585817 ], [ -85.72728636, 10.5458885 ], [ -85.7272857, 10.54591724 ], [ -85.72727763, 10.5459454 ], [ -85.72726581, 10.54597113 ], [ -85.72725683, 10.54599757 ], [ -85.72725806, 10.54602323 ], [ -85.72726823, 10.54604387 ], [ -85.72728363, 10.54607135 ], [ -85.72728671, 10.54609926 ], [ -85.72727788, 10.54612046 ], [ -85.72726111, 10.54614386 ], [ -85.72724069, 10.54616612 ], [ -85.72722208, 10.54618737 ], [ -85.72720825, 10.54621284 ], [ -85.72720402, 10.54624025 ], [ -85.72720837, 10.54626788 ], [ -85.72722229, 10.54629112 ], [ -85.72723567, 10.546315 ], [ -85.72723819, 10.54634038 ], [ -85.72723091, 10.54636265 ], [ -85.72721762, 10.54638731 ], [ -85.72719977, 10.54641226 ], [ -85.72718722, 10.54643754 ], [ -85.72716908, 10.54646123 ], [ -85.72714722, 10.54647273 ], [ -85.72712759, 10.54647275 ], [ -85.72709938, 10.5464758 ], [ -85.72708976, 10.54648679 ], [ -85.72707978, 10.54651468 ], [ -85.72708057, 10.54654115 ], [ -85.72708282, 10.54656852 ], [ -85.7270774, 10.54659621 ], [ -85.72706427, 10.54661571 ], [ -85.72704033, 10.54663021 ], [ -85.72702597, 10.54662722 ], [ -85.72700763, 10.54661403 ], [ -85.72698561, 10.54659644 ], [ -85.72696213, 10.54657777 ], [ -85.72694046, 10.5465581 ], [ -85.72692352, 10.54653288 ], [ -85.72691341, 10.54650573 ], [ -85.72690477, 10.54647957 ], [ -85.7269005, 10.54645194 ], [ -85.72689442, 10.54642522 ], [ -85.72687924, 10.5464056 ], [ -85.72685248, 10.54639011 ], [ -85.72682956, 10.54639015 ], [ -85.72679964, 10.54639745 ], [ -85.72677014, 10.54639752 ], [ -85.72674214, 10.54638882 ], [ -85.72671922, 10.54637267 ], [ -85.72669265, 10.54635854 ], [ -85.72667155, 10.54635757 ], [ -85.72663804, 10.54636028 ], [ -85.72661059, 10.54636712 ], [ -85.72658611, 10.54638235 ], [ -85.72656245, 10.54639811 ], [ -85.72653777, 10.54641208 ], [ -85.72651293, 10.54642812 ], [ -85.72648927, 10.54644388 ], [ -85.72646452, 10.5464611 ], [ -85.72644069, 10.54647885 ], [ -85.72641248, 10.54649808 ], [ -85.7263883, 10.54651782 ], [ -85.72636695, 10.54653827 ], [ -85.72634506, 10.54655954 ], [ -85.72632215, 10.546579 ], [ -85.72629293, 10.54659652 ], [ -85.72627102, 10.54661453 ], [ -85.72625519, 10.54664291 ], [ -85.72623514, 10.54666642 ], [ -85.72620919, 10.54668066 ], [ -85.72619177, 10.54670163 ], [ -85.72617776, 10.54672909 ], [ -85.72615884, 10.54674257 ], [ -85.7261324, 10.54675112 ], [ -85.72610449, 10.5467586 ], [ -85.72607881, 10.54677085 ], [ -85.7260556, 10.54678589 ], [ -85.72602745, 10.5467986 ], [ -85.72600045, 10.54680471 ], [ -85.72597632, 10.54681795 ], [ -85.7259579, 10.54684037 ], [ -85.72594737, 10.54686908 ], [ -85.72594113, 10.54689623 ], [ -85.7259369, 10.54692373 ], [ -85.72593723, 10.54695093 ], [ -85.72594178, 10.54697982 ], [ -85.72593911, 10.54700822 ], [ -85.72594619, 10.54703339 ], [ -85.7259553, 10.54706208 ], [ -85.72596869, 10.54708921 ], [ -85.72597906, 10.54711437 ], [ -85.72599447, 10.54714176 ], [ -85.72601613, 10.54716144 ], [ -85.72604186, 10.54717187 ], [ -85.72607008, 10.54717208 ], [ -85.72609857, 10.5471703 ], [ -85.72612732, 10.54716652 ], [ -85.72615603, 10.54715624 ], [ -85.72618448, 10.54714796 ], [ -85.72621043, 10.54714989 ], [ -85.72623031, 10.5471609 ], [ -85.72625008, 10.54718348 ], [ -85.72626118, 10.54720917 ], [ -85.726263, 10.54724062 ], [ -85.72625695, 10.54726903 ], [ -85.72624264, 10.54729197 ], [ -85.7262233, 10.54731268 ], [ -85.72621148, 10.54733841 ], [ -85.72621052, 10.54736264 ], [ -85.72621734, 10.54738981 ], [ -85.72621311, 10.54741721 ], [ -85.72620514, 10.54744536 ], [ -85.72620292, 10.54747312 ], [ -85.72621177, 10.54748753 ], [ -85.72623619, 10.54751117 ], [ -85.72625594, 10.54753058 ], [ -85.72627507, 10.54755398 ], [ -85.72629045, 10.54757821 ], [ -85.72629378, 10.54760087 ], [ -85.72628706, 10.54762558 ], [ -85.72626893, 10.54764927 ], [ -85.72624987, 10.54767124 ], [ -85.7262398, 10.54769913 ], [ -85.72623932, 10.54772905 ], [ -85.72624543, 10.54775902 ], [ -85.7262598, 10.54778145 ], [ -85.72627673, 10.54778714 ], [ -85.7263067, 10.5477896 ], [ -85.72632741, 10.54780105 ], [ -85.72633573, 10.54781944 ], [ -85.72633808, 10.54784691 ], [ -85.72633933, 10.54787582 ], [ -85.72635177, 10.54789473 ], [ -85.72637573, 10.54791584 ], [ -85.7263954, 10.54793851 ], [ -85.72640376, 10.5479635 ], [ -85.7264031, 10.54799215 ], [ -85.72640135, 10.54802234 ], [ -85.72640969, 10.54804399 ], [ -85.7264128, 10.5480784 ], [ -85.72640497, 10.54809806 ], [ -85.72639196, 10.54812407 ], [ -85.7263869, 10.54815103 ], [ -85.72639224, 10.54817396 ], [ -85.72640965, 10.54820161 ], [ -85.72643043, 10.54822599 ], [ -85.72644456, 10.54825365 ], [ -85.72644965, 10.54828182 ], [ -85.72645194, 10.5483157 ], [ -85.72645503, 10.54834687 ], [ -85.72645127, 10.5483768 ], [ -85.72644028, 10.54840298 ], [ -85.7264259, 10.54842918 ], [ -85.7264106, 10.54845366 ], [ -85.72639402, 10.54847834 ], [ -85.72637516, 10.54850158 ], [ -85.72635326, 10.54852284 ], [ -85.72633193, 10.54854655 ], [ -85.72631149, 10.54856555 ], [ -85.72628683, 10.54858277 ], [ -85.72626245, 10.54860124 ], [ -85.72623928, 10.5486227 ], [ -85.72621968, 10.54864549 ], [ -85.72620129, 10.54867117 ], [ -85.72617665, 10.54869164 ], [ -85.72614996, 10.54870543 ], [ -85.72612474, 10.54872012 ], [ -85.72610467, 10.54874038 ], [ -85.72608909, 10.5487636 ], [ -85.72607472, 10.5487898 ], [ -85.72605588, 10.54881946 ], [ -85.72603985, 10.5488435 ], [ -85.72602904, 10.54887094 ], [ -85.72603028, 10.5488966 ], [ -85.72604116, 10.54891452 ], [ -85.7260445, 10.54894044 ], [ -85.72603646, 10.54895567 ], [ -85.72601782, 10.54897041 ], [ -85.72598963, 10.54897671 ], [ -85.72596043, 10.54898121 ], [ -85.72593474, 10.54899346 ], [ -85.72591237, 10.5490122 ], [ -85.72588995, 10.54903745 ], [ -85.7258721, 10.5490624 ], [ -85.72585094, 10.54908412 ], [ -85.72582583, 10.54910215 ], [ -85.7257961, 10.54911062 ], [ -85.72576891, 10.54911538 ], [ -85.72574221, 10.54912592 ], [ -85.72571699, 10.5491407 ], [ -85.72569699, 10.54915134 ], [ -85.72569158, 10.54915421 ], [ -85.72566514, 10.54916267 ], [ -85.72563563, 10.54915949 ], [ -85.72561693, 10.5491483 ], [ -85.72559581, 10.5491279 ], [ -85.72558161, 10.54910348 ], [ -85.72557827, 10.54907756 ], [ -85.72557832, 10.54907399 ], [ -85.72557874, 10.54904764 ], [ -85.72558049, 10.54901745 ], [ -85.7255847, 10.54898679 ], [ -85.7255882, 10.54895884 ], [ -85.72558893, 10.54892693 ], [ -85.72559215, 10.54889782 ], [ -85.72559608, 10.54886589 ], [ -85.72560186, 10.54883622 ], [ -85.72560663, 10.54880799 ], [ -85.72561158, 10.54877778 ], [ -85.72561581, 10.54875037 ], [ -85.72562457, 10.54871625 ], [ -85.7256349, 10.54868628 ], [ -85.72564615, 10.54865486 ], [ -85.72565695, 10.54862741 ], [ -85.72566675, 10.54859817 ], [ -85.72567553, 10.5485673 ], [ -85.72568329, 10.54853463 ], [ -85.7256888, 10.54850695 ], [ -85.7256932, 10.54847746 ], [ -85.72569625, 10.54845033 ], [ -85.7256967, 10.54841716 ], [ -85.72569764, 10.54838968 ], [ -85.72570013, 10.54836002 ], [ -85.72570205, 10.54832784 ], [ -85.72570478, 10.54829294 ], [ -85.72570679, 10.54826075 ], [ -85.72571074, 10.54823208 ], [ -85.72572053, 10.54820293 ], [ -85.72573608, 10.5481732 ], [ -85.72575265, 10.54814853 ], [ -85.72577079, 10.54812475 ], [ -85.72578637, 10.54810162 ], [ -85.72579644, 10.54807364 ], [ -85.72580011, 10.5480437 ], [ -85.72580489, 10.54801557 ], [ -85.72581068, 10.54798906 ], [ -85.72581917, 10.54795693 ], [ -85.72582669, 10.5479295 ], [ -85.72583237, 10.54789983 ], [ -85.72583668, 10.54786907 ], [ -85.72584164, 10.54784221 ], [ -85.72584787, 10.54781171 ], [ -85.72585392, 10.5477833 ], [ -85.7258586, 10.54775517 ], [ -85.72586165, 10.54772795 ], [ -85.72586505, 10.54770001 ], [ -85.72586955, 10.54767061 ], [ -85.72587588, 10.54764337 ], [ -85.7258831, 10.54761143 ], [ -85.72588859, 10.54758058 ], [ -85.72589079, 10.54754966 ], [ -85.72588971, 10.54751866 ], [ -85.72588971, 10.54748631 ], [ -85.72589018, 10.54745639 ], [ -85.7258922, 10.54742547 ], [ -85.72589237, 10.54742222 ], [ -85.72589057, 10.54739403 ], [ -85.72588273, 10.54736515 ], [ -85.72587436, 10.547337 ], [ -85.72586399, 10.54731175 ], [ -85.72585005, 10.54728535 ], [ -85.72583064, 10.54726069 ], [ -85.72580539, 10.54723661 ], [ -85.7257859, 10.5472152 ], [ -85.72576522, 10.54719073 ], [ -85.72574853, 10.54716362 ], [ -85.72573488, 10.54713848 ], [ -85.7257172, 10.54711282 ], [ -85.7256998, 10.54708842 ], [ -85.72567964, 10.54705997 ], [ -85.72566243, 10.54703684 ], [ -85.72564548, 10.54701172 ], [ -85.7256278, 10.54698606 ], [ -85.72560742, 10.5469661 ], [ -85.72558267, 10.54695096 ], [ -85.72555492, 10.54693702 ], [ -85.72552991, 10.54692387 ], [ -85.72549137, 10.54690817 ], [ -85.72545456, 10.54690774 ], [ -85.72544467, 10.54692 ], [ -85.72542973, 10.5469433 ], [ -85.72541763, 10.54696849 ], [ -85.72540984, 10.54699583 ], [ -85.72539758, 10.54702446 ], [ -85.72537939, 10.54705465 ], [ -85.72536262, 10.54707752 ], [ -85.72534362, 10.54709335 ], [ -85.72532675, 10.54709877 ], [ -85.72529803, 10.5470917 ], [ -85.72527101, 10.54707666 ], [ -85.72524872, 10.54705997 ], [ -85.72522465, 10.54703444 ], [ -85.72520624, 10.54700996 ], [ -85.72519022, 10.546987 ], [ -85.72517493, 10.54696304 ], [ -85.72515999, 10.54693736 ], [ -85.7251455, 10.54691123 ], [ -85.72513428, 10.54688111 ], [ -85.72512635, 10.54685033 ], [ -85.72511969, 10.54681973 ], [ -85.72511333, 10.54679274 ], [ -85.72510687, 10.54676494 ], [ -85.72510004, 10.54673561 ], [ -85.7250953, 10.54670418 ], [ -85.72509431, 10.54667455 ], [ -85.72509634, 10.54664543 ], [ -85.72509703, 10.54663688 ], [ -85.72509882, 10.54661469 ], [ -85.72509975, 10.54658423 ], [ -85.72509985, 10.54655386 ], [ -85.72510141, 10.5465224 ], [ -85.7251038, 10.54649293 ], [ -85.72510509, 10.54646192 ], [ -85.72510256, 10.54643337 ], [ -85.72509574, 10.54640612 ], [ -85.72508127, 10.54638206 ], [ -85.72506107, 10.5463632 ], [ -85.72502531, 10.54633845 ], [ -85.72499931, 10.54632675 ], [ -85.72497313, 10.54631713 ], [ -85.72494312, 10.54630817 ], [ -85.72491659, 10.54630045 ], [ -85.72488814, 10.54629256 ], [ -85.72486015, 10.54628386 ], [ -85.72482813, 10.54627472 ], [ -85.72480013, 10.54626602 ], [ -85.72477296, 10.54625785 ], [ -85.72474598, 10.54625086 ], [ -85.72471415, 10.54624299 ], [ -85.72468497, 10.54623456 ], [ -85.7246534, 10.54622461 ], [ -85.72461414, 10.54621172 ], [ -85.72458359, 10.54620348 ], [ -85.72454727, 10.54619256 ], [ -85.72451681, 10.54618442 ], [ -85.72448453, 10.54617727 ], [ -85.72444896, 10.54617005 ], [ -85.7244185, 10.54616191 ], [ -85.72438951, 10.54615474 ], [ -85.72435777, 10.54614678 ], [ -85.72432795, 10.54613908 ], [ -85.72429896, 10.54613192 ], [ -85.72426696, 10.54612595 ], [ -85.72423496, 10.54612007 ], [ -85.72420698, 10.54611462 ], [ -85.72417855, 10.54610989 ], [ -85.72414802, 10.546105 ], [ -85.72411748, 10.54610001 ], [ -85.72408704, 10.54609512 ], [ -85.72405979, 10.54609011 ], [ -85.7240321, 10.54608593 ], [ -85.72400385, 10.54608247 ], [ -85.72397533, 10.54607783 ], [ -85.72394709, 10.54607437 ], [ -85.72391738, 10.54606992 ], [ -85.72388814, 10.546068 ], [ -85.72385765, 10.54606953 ], [ -85.72382997, 10.54606859 ], [ -85.72380019, 10.5460674 ], [ -85.72377023, 10.54606819 ], [ -85.72374073, 10.54606817 ], [ -85.7237105, 10.5460678 ], [ -85.72368254, 10.5460656 ], [ -85.72365457, 10.5460634 ], [ -85.72362453, 10.5460642 ], [ -85.72359685, 10.54606317 ], [ -85.72356359, 10.54606073 ], [ -85.7235349, 10.54605809 ], [ -85.72350583, 10.54605409 ], [ -85.72347484, 10.54604992 ], [ -85.7234466, 10.54604646 ], [ -85.72341543, 10.54604103 ], [ -85.72338764, 10.54603684 ], [ -85.72335391, 10.54603196 ], [ -85.72332311, 10.54602897 ], [ -85.72329013, 10.54602779 ], [ -85.72326245, 10.54602686 ], [ -85.72323267, 10.54602566 ], [ -85.72320343, 10.54602365 ], [ -85.72317474, 10.54602101 ], [ -85.72314221, 10.54601902 ], [ -85.72310923, 10.54601784 ], [ -85.72307644, 10.54601793 ], [ -85.72304521, 10.54601891 ], [ -85.72301344, 10.54602071 ], [ -85.72297838, 10.54602253 ], [ -85.72295098, 10.54602286 ], [ -85.72291646, 10.54602386 ], [ -85.72288842, 10.54602492 ], [ -85.72286103, 10.54602525 ], [ -85.72283254, 10.54602703 ], [ -85.7228036, 10.54602954 ], [ -85.7227753, 10.54603258 ], [ -85.72274161, 10.54603412 ], [ -85.72271331, 10.54603717 ], [ -85.72268511, 10.54604022 ], [ -85.72264384, 10.54604324 ], [ -85.72261133, 10.54604459 ], [ -85.72257928, 10.54604513 ], [ -85.72254731, 10.54604566 ], [ -85.72252403, 10.54604652 ], [ -85.7225148, 10.54604693 ], [ -85.72248303, 10.54604873 ], [ -85.72245153, 10.54605179 ], [ -85.72241329, 10.54605688 ], [ -85.72238026, 10.54606212 ], [ -85.72235307, 10.54606688 ], [ -85.72232514, 10.54607119 ], [ -85.72229814, 10.54607721 ], [ -85.72227069, 10.54608405 ], [ -85.72223976, 10.54608955 ], [ -85.72221228, 10.54609304 ], [ -85.72218408, 10.54609609 ], [ -85.72215559, 10.54609787 ], [ -85.72212656, 10.54610046 ], [ -85.72209589, 10.54610398 ], [ -85.7220656, 10.54611002 ], [ -85.72203668, 10.54611578 ], [ -85.72200639, 10.54612182 ], [ -85.72197693, 10.54612839 ], [ -85.7219482, 10.54613542 ], [ -85.72192157, 10.54614261 ], [ -85.7218943, 10.54615071 ], [ -85.7218654, 10.54615973 ], [ -85.7218364, 10.54616874 ], [ -85.72180795, 10.54617703 ], [ -85.72177877, 10.54618478 ], [ -85.72175131, 10.54619153 ], [ -85.72171099, 10.54619961 ], [ -85.72167824, 10.54620612 ], [ -85.7216505, 10.54621169 ], [ -85.72162231, 10.5462179 ], [ -85.72158958, 10.54622766 ], [ -85.72154955, 10.54624026 ], [ -85.72152257, 10.54624953 ], [ -85.72149057, 10.54625974 ], [ -85.72146341, 10.546271 ], [ -85.72143744, 10.54628208 ], [ -85.72140929, 10.5462948 ], [ -85.7213805, 10.54630833 ], [ -85.72135363, 10.54632086 ], [ -85.72132766, 10.54633184 ], [ -85.72130223, 10.5463421 ], [ -85.72127051, 10.54635366 ], [ -85.72124126, 10.54636467 ], [ -85.72121382, 10.54637467 ], [ -85.72118484, 10.54638694 ], [ -85.72115842, 10.54639865 ], [ -85.72112945, 10.54641092 ], [ -85.72110129, 10.54642372 ], [ -85.72107506, 10.5464367 ], [ -85.72104719, 10.54645068 ], [ -85.72101842, 10.54646746 ], [ -85.72099104, 10.54648723 ], [ -85.72096556, 10.54650399 ], [ -85.72094117, 10.54651922 ], [ -85.7209155, 10.54653472 ], [ -85.72089136, 10.54654796 ], [ -85.72086386, 10.54656121 ], [ -85.7208349, 10.54657673 ], [ -85.72080703, 10.54659071 ], [ -85.72077625, 10.54660724 ], [ -85.7207501, 10.54662022 ], [ -85.72072616, 10.54663472 ], [ -85.72069978, 10.54665303 ], [ -85.72067732, 10.54667168 ], [ -85.72065524, 10.54669168 ], [ -85.72063278, 10.54671042 ], [ -85.72061042, 10.54672916 ], [ -85.72058595, 10.54674764 ], [ -85.72056111, 10.54676368 ], [ -85.72053316, 10.54678091 ], [ -85.72051071, 10.54679965 ], [ -85.72048633, 10.54681813 ], [ -85.72046442, 10.54683615 ], [ -85.72044629, 10.54685983 ], [ -85.72043301, 10.54688774 ], [ -85.72042852, 10.54691723 ], [ -85.72042658, 10.54694616 ], [ -85.72042554, 10.54697355 ], [ -85.7204206, 10.54700376 ], [ -85.72041234, 10.54703065 ], [ -85.72040729, 10.54705761 ], [ -85.72039932, 10.54708585 ], [ -85.72038704, 10.54711222 ], [ -85.72037146, 10.54713544 ], [ -85.72035607, 10.54715992 ], [ -85.72034077, 10.54718441 ], [ -85.72032547, 10.54720889 ], [ -85.72030963, 10.54723411 ], [ -85.72029123, 10.54725978 ], [ -85.72027236, 10.54728302 ], [ -85.72025633, 10.54730697 ], [ -85.72023644, 10.54732841 ], [ -85.72020978, 10.54734545 ], [ -85.72018403, 10.54736421 ], [ -85.72016294, 10.54738267 ], [ -85.72014736, 10.54740589 ], [ -85.72014003, 10.54743458 ], [ -85.7201424, 10.54746521 ], [ -85.72014273, 10.54749241 ], [ -85.72014447, 10.54752701 ], [ -85.72015039, 10.54755572 ], [ -85.72015922, 10.54758315 ], [ -85.72016961, 10.54761156 ], [ -85.72017999, 10.54763997 ], [ -85.7201911, 10.54766558 ], [ -85.72019791, 10.54769275 ], [ -85.72019825, 10.54771995 ], [ -85.72019247, 10.54774962 ], [ -85.72018167, 10.54777707 ], [ -85.72016387, 10.5477956 ], [ -85.72014062, 10.54780404 ], [ -85.72012151, 10.54780008 ], [ -85.72009478, 10.54778793 ], [ -85.7200665, 10.54777796 ], [ -85.72004716, 10.5477825 ], [ -85.72003682, 10.54779629 ], [ -85.72001191, 10.54781549 ], [ -85.71999255, 10.54781678 ], [ -85.71996529, 10.54780861 ], [ -85.71995242, 10.54779368 ], [ -85.71994203, 10.54776526 ], [ -85.71994372, 10.54774158 ], [ -85.71994074, 10.54771367 ], [ -85.7199271, 10.54769169 ], [ -85.71990786, 10.54768122 ], [ -85.71988548, 10.54768053 ], [ -85.7198562, 10.54768837 ], [ -85.71983008, 10.5477046 ], [ -85.71981067, 10.54772856 ], [ -85.71979108, 10.54775452 ], [ -85.71977146, 10.54777396 ], [ -85.71974709, 10.54779244 ], [ -85.71972316, 10.5478102 ], [ -85.71970052, 10.54782767 ], [ -85.71967408, 10.5478524 ], [ -85.71965348, 10.54787664 ], [ -85.71963262, 10.54790287 ], [ -85.71961392, 10.54792412 ], [ -85.7195933, 10.54794502 ], [ -85.71957223, 10.54796683 ], [ -85.71954806, 10.54798974 ], [ -85.71950585, 10.54803642 ], [ -85.71948197, 10.54806059 ], [ -85.71945904, 10.54807689 ], [ -85.71943914, 10.5480789 ], [ -85.71941116, 10.54807345 ], [ -85.71938516, 10.54806175 ], [ -85.71935894, 10.54804562 ], [ -85.71933401, 10.54802913 ], [ -85.7192861, 10.548003 ], [ -85.71925417, 10.5479945 ], [ -85.7192093, 10.54798941 ], [ -85.71915438, 10.54800055 ], [ -85.71910436, 10.5480226 ], [ -85.71906081, 10.54804354 ], [ -85.71903366, 10.54805598 ], [ -85.71900826, 10.54807012 ], [ -85.71898323, 10.54808617 ], [ -85.71895792, 10.54810094 ], [ -85.71893462, 10.54811598 ], [ -85.71890569, 10.54813611 ], [ -85.71888359, 10.54815359 ], [ -85.71886132, 10.54817205 ], [ -85.71883986, 10.54818943 ], [ -85.71881568, 10.54820999 ], [ -85.71879186, 10.54823082 ], [ -85.71876805, 10.54825155 ], [ -85.71874344, 10.54827681 ], [ -85.71872611, 10.54829805 ], [ -85.71870554, 10.54832654 ], [ -85.71869004, 10.54834904 ], [ -85.71863907, 10.54841285 ], [ -85.71861364, 10.54843929 ], [ -85.71858844, 10.54845795 ], [ -85.7185635, 10.548473 ], [ -85.71853717, 10.54848598 ], [ -85.71851232, 10.54850103 ], [ -85.71848903, 10.54851769 ], [ -85.7184663, 10.54853535 ], [ -85.71844439, 10.54855409 ], [ -85.71842331, 10.54857336 ], [ -85.71840369, 10.54859308 ], [ -85.71838207, 10.54861471 ], [ -85.71836089, 10.54863335 ], [ -85.71833652, 10.54865327 ], [ -85.71831525, 10.54867128 ], [ -85.718294, 10.54869327 ], [ -85.71827677, 10.54871515 ], [ -85.71826045, 10.5487381 ], [ -85.71824167, 10.54876061 ], [ -85.71822508, 10.5487824 ], [ -85.71820841, 10.5488068 ], [ -85.71819265, 10.54883138 ], [ -85.71817672, 10.54885632 ], [ -85.71816131, 10.54887881 ], [ -85.7181451, 10.54890249 ], [ -85.71812897, 10.5489268 ], [ -85.71807483, 10.54906112 ], [ -85.71798156, 10.54928983 ], [ -85.71796529, 10.54933628 ], [ -85.71795558, 10.54938053 ], [ -85.71794871, 10.54942729 ], [ -85.7179414, 10.54947632 ], [ -85.7179167, 10.54953411 ], [ -85.7178937, 10.54958611 ], [ -85.71787979, 10.54964765 ], [ -85.71787328, 10.54970842 ], [ -85.71787246, 10.54977575 ], [ -85.71787528, 10.54983846 ], [ -85.71787743, 10.54989638 ], [ -85.71787463, 10.54995243 ], [ -85.71788094, 10.55000328 ], [ -85.71789043, 10.55003359 ], [ -85.71789777, 10.55005696 ], [ -85.71793395, 10.55010719 ], [ -85.71798682, 10.55015589 ], [ -85.71804254, 10.55020547 ], [ -85.71805766, 10.5502297 ], [ -85.71807395, 10.55025203 ], [ -85.71809261, 10.55027488 ], [ -85.71811538, 10.55029501 ], [ -85.71813631, 10.55031396 ], [ -85.71815971, 10.55033453 ], [ -85.71818246, 10.55035194 ], [ -85.71820584, 10.55036808 ], [ -85.71822967, 10.55038368 ], [ -85.71825515, 10.55039926 ], [ -85.71827971, 10.55041359 ], [ -85.71830363, 10.55042747 ], [ -85.71832754, 10.55044135 ], [ -85.71835475, 10.55045539 ], [ -85.71838277, 10.55046825 ], [ -85.71841034, 10.55048338 ], [ -85.71843911, 10.55049922 ], [ -85.71846797, 10.55051506 ], [ -85.71849445, 10.55053046 ], [ -85.71852222, 10.55054657 ], [ -85.7185477, 10.55056225 ], [ -85.71857273, 10.55058019 ], [ -85.71859678, 10.55060103 ], [ -85.71861707, 10.55061963 ], [ -85.71863636, 10.55064121 ], [ -85.7186533, 10.55066389 ], [ -85.71866696, 10.55069075 ], [ -85.71867683, 10.55072396 ], [ -85.71867609, 10.55075451 ], [ -85.71867827, 10.55080213 ], [ -85.71865773, 10.55083667 ], [ -85.71864368, 10.55085609 ], [ -85.71860532, 10.55092227 ], [ -85.71856759, 10.55100355 ], [ -85.71853537, 10.5510725 ], [ -85.71849776, 10.55114184 ], [ -85.71844473, 10.55123133 ], [ -85.71839601, 10.55130625 ], [ -85.71835902, 10.5513905 ], [ -85.71831997, 10.55144611 ], [ -85.71825633, 10.55149933 ], [ -85.71819496, 10.55155145 ], [ -85.71813457, 10.55159634 ], [ -85.71807746, 10.55164138 ], [ -85.71800527, 10.55168543 ], [ -85.71790694, 10.55170919 ], [ -85.71781887, 10.55170533 ], [ -85.71775324, 10.55171192 ], [ -85.71768051, 10.55172479 ], [ -85.71757396, 10.5517316 ], [ -85.71753416, 10.55173553 ], [ -85.71742271, 10.55174788 ], [ -85.71733449, 10.5517517 ], [ -85.71725173, 10.55178279 ], [ -85.71717608, 10.5518283 ], [ -85.71711687, 10.55192189 ], [ -85.71710211, 10.55194429 ], [ -85.71709517, 10.55201166 ], [ -85.71707872, 10.55207601 ], [ -85.71704845, 10.55210229 ], [ -85.71700515, 10.55211672 ], [ -85.71692355, 10.55212692 ], [ -85.716873, 10.55210361 ], [ -85.7168341, 10.55208873 ], [ -85.71679993, 10.55210247 ], [ -85.71678696, 10.55211989 ], [ -85.71677798, 10.55214814 ], [ -85.71676854, 10.55217449 ], [ -85.71675141, 10.55219889 ], [ -85.71672994, 10.55221311 ], [ -85.71670243, 10.55222727 ], [ -85.71667398, 10.55223565 ], [ -85.7166452, 10.55223445 ], [ -85.71662003, 10.5522241 ], [ -85.71659511, 10.5522105 ], [ -85.71651488, 10.55215535 ], [ -85.71642374, 10.55209213 ], [ -85.71631972, 10.55202744 ], [ -85.71622482, 10.55197925 ], [ -85.71616895, 10.55196662 ], [ -85.71613953, 10.55196498 ], [ -85.71610785, 10.55196723 ], [ -85.71607671, 10.55196984 ], [ -85.71604385, 10.5519739 ], [ -85.71601402, 10.55197894 ], [ -85.71599714, 10.55198319 ], [ -85.71598629, 10.55198605 ], [ -85.7159594, 10.55199623 ], [ -85.71593017, 10.55201193 ], [ -85.71590213, 10.55202835 ], [ -85.71587636, 10.55204259 ], [ -85.71584863, 10.5520497 ], [ -85.71581941, 10.55205077 ], [ -85.71578787, 10.55204542 ], [ -85.71576023, 10.55203626 ], [ -85.71573277, 10.55202548 ], [ -85.71570394, 10.55201388 ], [ -85.71567712, 10.55200346 ], [ -85.71564865, 10.55199295 ], [ -85.71561974, 10.55198307 ], [ -85.71559102, 10.55197582 ], [ -85.7155307, 10.55196918 ], [ -85.71545974, 10.55200536 ], [ -85.71543513, 10.55203071 ], [ -85.71540732, 10.55207198 ], [ -85.71539147, 10.55209557 ], [ -85.71534877, 10.55217054 ], [ -85.71531102, 10.55224738 ], [ -85.71527944, 10.55231679 ], [ -85.71524821, 10.55240182 ], [ -85.71521404, 10.55249889 ], [ -85.71519231, 10.55258252 ], [ -85.71516908, 10.55265982 ], [ -85.71514307, 10.55274474 ], [ -85.71512501, 10.55283232 ], [ -85.71510853, 10.55290697 ], [ -85.71509132, 10.55298289 ], [ -85.71507138, 10.55304437 ], [ -85.7150513, 10.55312817 ], [ -85.71503894, 10.55320614 ], [ -85.71500325, 10.55329282 ], [ -85.71496689, 10.5533731 ], [ -85.71493388, 10.55344937 ], [ -85.71491859, 10.55349121 ], [ -85.71491045, 10.55352262 ], [ -85.71490686, 10.55355056 ], [ -85.71490866, 10.5535783 ], [ -85.71491109, 10.55360639 ], [ -85.71491373, 10.55363711 ], [ -85.71491819, 10.55366636 ], [ -85.71492952, 10.55370128 ], [ -85.71494163, 10.55372634 ], [ -85.71495309, 10.55375104 ], [ -85.7149651, 10.5537761 ], [ -85.71498039, 10.5537987 ], [ -85.71500098, 10.55382272 ], [ -85.71502458, 10.55384582 ], [ -85.71504763, 10.55386702 ], [ -85.71506984, 10.55388669 ], [ -85.71509269, 10.55390682 ], [ -85.71511566, 10.55392965 ], [ -85.71513862, 10.55395248 ], [ -85.71516057, 10.5539755 ], [ -85.71517859, 10.55399627 ], [ -85.71519617, 10.55401941 ], [ -85.71521237, 10.55404336 ], [ -85.71522081, 10.55405807 ], [ -85.71522649, 10.55406796 ], [ -85.7152323, 10.55409621 ], [ -85.71522713, 10.55411811 ], [ -85.71521366, 10.55414385 ], [ -85.71519076, 10.55416494 ], [ -85.71516554, 10.55417954 ], [ -85.71514022, 10.55419152 ], [ -85.71511241, 10.55420025 ], [ -85.71508303, 10.55420728 ], [ -85.71505448, 10.55421304 ], [ -85.7150272, 10.55421952 ], [ -85.71499255, 10.55422955 ], [ -85.71496329, 10.55424092 ], [ -85.71493651, 10.55425372 ], [ -85.71490856, 10.55427023 ], [ -85.7148882, 10.55428841 ], [ -85.71487007, 10.55431319 ], [ -85.71485517, 10.55434409 ], [ -85.71484511, 10.55437433 ], [ -85.71483588, 10.55440592 ], [ -85.71482654, 10.55443489 ], [ -85.71481664, 10.55446178 ], [ -85.71480666, 10.5544904 ], [ -85.71479777, 10.55451711 ], [ -85.71478642, 10.55454654 ], [ -85.71477295, 10.55457228 ], [ -85.71475985, 10.5545973 ], [ -85.71474647, 10.55462132 ], [ -85.71473244, 10.55464498 ], [ -85.71471724, 10.55467055 ], [ -85.71469874, 10.55469596 ], [ -85.71467408, 10.55471263 ], [ -85.71464683, 10.55472345 ], [ -85.7146149, 10.55472895 ], [ -85.71458712, 10.55472747 ], [ -85.71455932, 10.55472157 ], [ -85.71452794, 10.55471288 ], [ -85.71449627, 10.55470049 ], [ -85.71447062, 10.55468653 ], [ -85.71444403, 10.55466842 ], [ -85.71441836, 10.55465012 ], [ -85.7143926, 10.55463345 ], [ -85.71436584, 10.55461706 ], [ -85.71433268, 10.55460124 ], [ -85.71430452, 10.55459606 ], [ -85.71427429, 10.55459568 ], [ -85.71424581, 10.55459981 ], [ -85.71421619, 10.55461019 ], [ -85.7141898, 10.55462832 ], [ -85.71416957, 10.55465355 ], [ -85.71415454, 10.55467749 ], [ -85.71414054, 10.5547055 ], [ -85.71412735, 10.55473223 ], [ -85.71411397, 10.55475625 ], [ -85.7140974, 10.55478273 ], [ -85.71408027, 10.55480723 ], [ -85.71406122, 10.55483056 ], [ -85.71404234, 10.55485217 ], [ -85.71402117, 10.55487171 ], [ -85.71399494, 10.55488659 ], [ -85.71396569, 10.55489795 ], [ -85.71394669, 10.55491532 ], [ -85.71393605, 10.55493924 ], [ -85.71393315, 10.55497622 ], [ -85.7139335, 10.55500649 ], [ -85.71393256, 10.55503433 ], [ -85.71392744, 10.55506653 ], [ -85.71391754, 10.55509352 ], [ -85.71389915, 10.55512155 ], [ -85.713881, 10.55514189 ], [ -85.71385918, 10.55516108 ], [ -85.71383336, 10.55518128 ], [ -85.71380925, 10.55519994 ], [ -85.71378314, 10.55521752 ], [ -85.71375867, 10.55523682 ], [ -85.71373703, 10.55525438 ], [ -85.71371852, 10.55527536 ], [ -85.71370396, 10.55530137 ], [ -85.71369213, 10.55532719 ], [ -85.71368059, 10.55535401 ], [ -85.71367072, 10.55538524 ], [ -85.71366394, 10.55541565 ], [ -85.71366173, 10.5554444 ], [ -85.71366417, 10.55547249 ], [ -85.71367163, 10.55550092 ], [ -85.71368312, 10.55552996 ], [ -85.71369505, 10.55555665 ], [ -85.71370771, 10.55558369 ], [ -85.71371836, 10.55560966 ], [ -85.71373966, 10.55564696 ], [ -85.7137593, 10.55567984 ], [ -85.71377269, 10.55570571 ], [ -85.71378362, 10.55573267 ], [ -85.71379491, 10.555759 ], [ -85.71380701, 10.55578406 ], [ -85.71382014, 10.55581318 ], [ -85.71383399, 10.55584103 ], [ -85.7138485, 10.55587087 ], [ -85.71385915, 10.55589684 ], [ -85.71386943, 10.55592345 ], [ -85.71387882, 10.55595295 ], [ -85.7138871, 10.55598011 ], [ -85.71389465, 10.55600691 ], [ -85.71390165, 10.55603326 ], [ -85.71390537, 10.55606207 ], [ -85.71390926, 10.55608926 ], [ -85.7139109, 10.55612025 ], [ -85.71390236, 10.55614632 ], [ -85.71388572, 10.55615979 ], [ -85.71386738, 10.55616287 ], [ -85.71383528, 10.55615545 ], [ -85.7138067, 10.5561406 ], [ -85.71378204, 10.55612366 ], [ -85.71376984, 10.55611577 ], [ -85.71375756, 10.55610779 ], [ -85.713733, 10.55609355 ], [ -85.71370398, 10.55608097 ], [ -85.7136726, 10.55607228 ], [ -85.71366182, 10.55607189 ], [ -85.71364447, 10.55607135 ], [ -85.71361018, 10.55608238 ], [ -85.71358259, 10.55609817 ], [ -85.7135593, 10.55611393 ], [ -85.71353289, 10.55612781 ], [ -85.71350354, 10.55613917 ], [ -85.71347627, 10.55614565 ], [ -85.71345627, 10.55614693 ], [ -85.71344823, 10.55614743 ], [ -85.71341708, 10.5561457 ], [ -85.71338529, 10.55614524 ], [ -85.7133579, 10.55614747 ], [ -85.71332878, 10.55615115 ], [ -85.71329785, 10.55615647 ], [ -85.71327897, 10.556161 ], [ -85.71326948, 10.55616322 ], [ -85.71324039, 10.55617124 ], [ -85.71321038, 10.55617791 ], [ -85.71318109, 10.55618494 ], [ -85.71315365, 10.55619304 ], [ -85.7131272, 10.55620096 ], [ -85.71310141, 10.55621086 ], [ -85.71307452, 10.55622103 ], [ -85.7130471, 10.55623356 ], [ -85.71302085, 10.5562441 ], [ -85.71299422, 10.55625093 ], [ -85.71296672, 10.55625045 ], [ -85.71293604, 10.55625242 ], [ -85.71290767, 10.55625917 ], [ -85.7128816, 10.55626808 ], [ -85.71285543, 10.55627699 ], [ -85.71282726, 10.55628645 ], [ -85.71279977, 10.55628597 ], [ -85.71277341, 10.55627752 ], [ -85.71274618, 10.55627379 ], [ -85.7127191, 10.55626661 ], [ -85.71269454, 10.55625238 ], [ -85.71266906, 10.55623679 ], [ -85.71264423, 10.55622147 ], [ -85.71261992, 10.55620389 ], [ -85.71259681, 10.55618711 ], [ -85.71249994, 10.55611027 ], [ -85.71240055, 10.55602586 ], [ -85.71231806, 10.55597452 ], [ -85.71223724, 10.55592769 ], [ -85.71216722, 10.55590077 ], [ -85.71210458, 10.55588765 ], [ -85.71207276, 10.55588122 ], [ -85.71204449, 10.55587333 ], [ -85.71201239, 10.55586591 ], [ -85.7119802, 10.55586012 ], [ -85.71195241, 10.55585431 ], [ -85.71192131, 10.55584661 ], [ -85.71188946, 10.55583585 ], [ -85.71186046, 10.5558276 ], [ -85.7118323, 10.55582242 ], [ -85.71180277, 10.55581644 ], [ -85.71177223, 10.55581082 ], [ -85.71174381, 10.55580889 ], [ -85.71171649, 10.55580678 ], [ -85.71170046, 10.55581473 ], [ -85.71168895, 10.55583124 ], [ -85.71168179, 10.55585794 ], [ -85.71167044, 10.55588584 ], [ -85.71165689, 10.55591312 ], [ -85.71163736, 10.55593283 ], [ -85.71161567, 10.55594163 ], [ -85.71158909, 10.55594259 ], [ -85.71156849, 10.55593321 ], [ -85.71155276, 10.55591287 ], [ -85.71154237, 10.55588364 ], [ -85.71153755, 10.55585511 ], [ -85.71152945, 10.55582632 ], [ -85.71152234, 10.55579726 ], [ -85.71151981, 10.55576916 ], [ -85.71151701, 10.55574171 ], [ -85.71150451, 10.55572758 ], [ -85.71147995, 10.55571335 ], [ -85.71145684, 10.55571284 ], [ -85.71144201, 10.55572313 ], [ -85.71142324, 10.55574745 ], [ -85.71140547, 10.55577159 ], [ -85.7113855, 10.55579348 ], [ -85.71136517, 10.55580145 ], [ -85.71134588, 10.55579885 ], [ -85.71132043, 10.55578751 ], [ -85.71129839, 10.55576612 ], [ -85.7112799, 10.55574163 ], [ -85.7112567, 10.55572649 ], [ -85.71122835, 10.5557186 ], [ -85.71119842, 10.555709 ], [ -85.71117058, 10.55569451 ], [ -85.71114982, 10.55567383 ], [ -85.71113225, 10.55565079 ], [ -85.71111422, 10.55562829 ], [ -85.71109601, 10.5556048 ], [ -85.71107907, 10.55558212 ], [ -85.71103968, 10.55554465 ], [ -85.71101267, 10.55553151 ], [ -85.71098492, 10.55551973 ], [ -85.71095981, 10.55550341 ], [ -85.71093659, 10.55548393 ], [ -85.71091411, 10.5554648 ], [ -85.71090483, 10.55545446 ], [ -85.71089472, 10.5554433 ], [ -85.7108705, 10.55542409 ], [ -85.71084448, 10.55541068 ], [ -85.7108211, 10.55539454 ], [ -85.71080051, 10.55537061 ], [ -85.71077883, 10.55534858 ], [ -85.71075545, 10.55533235 ], [ -85.71072782, 10.55532319 ], [ -85.71069675, 10.55532146 ], [ -85.71066926, 10.55532098 ], [ -85.71063936, 10.55531572 ], [ -85.71061172, 10.55530656 ], [ -85.71058488, 10.55529179 ], [ -85.71056102, 10.55527195 ], [ -85.71053909, 10.55525327 ], [ -85.71051733, 10.55523287 ], [ -85.71050129, 10.5552072 ], [ -85.71048319, 10.55518642 ], [ -85.71046025, 10.55516793 ], [ -85.71043513, 10.55515161 ], [ -85.71040374, 10.55514021 ], [ -85.71037066, 10.55513741 ], [ -85.71033922, 10.55513469 ], [ -85.71031243, 10.5551286 ], [ -85.71028661, 10.55511789 ], [ -85.71025921, 10.55510114 ], [ -85.71023399, 10.55508212 ], [ -85.71020913, 10.55506255 ], [ -85.71018518, 10.55504433 ], [ -85.71015842, 10.55502794 ], [ -85.71013341, 10.55501433 ], [ -85.71010585, 10.55500093 ], [ -85.71007592, 10.55499124 ], [ -85.71004813, 10.55498542 ], [ -85.71002041, 10.55497798 ], [ -85.70999361, 10.55497189 ], [ -85.7099659, 10.55496436 ], [ -85.70993301, 10.55496418 ], [ -85.70990535, 10.55496532 ], [ -85.70987457, 10.55498347 ], [ -85.70982959, 10.55500812 ], [ -85.70980694, 10.55502586 ], [ -85.70978889, 10.55504892 ], [ -85.70977863, 10.55507654 ], [ -85.70977697, 10.55510565 ], [ -85.70977905, 10.55513438 ], [ -85.7097792, 10.55516194 ], [ -85.70978583, 10.55518902 ], [ -85.70978927, 10.55521684 ], [ -85.70979381, 10.55524438 ], [ -85.70979734, 10.55527219 ], [ -85.70979916, 10.55530418 ], [ -85.7097975, 10.55533329 ], [ -85.70979355, 10.55536196 ], [ -85.70978977, 10.555389 ], [ -85.70977647, 10.55541131 ], [ -85.7097577, 10.55542108 ], [ -85.70971564, 10.55546279 ], [ -85.70968494, 10.55549396 ], [ -85.70966076, 10.55551433 ], [ -85.7096371, 10.55553073 ], [ -85.70960731, 10.55554436 ], [ -85.70957942, 10.55555481 ], [ -85.70955261, 10.55556327 ], [ -85.70952478, 10.55556776 ], [ -85.7094948, 10.55556412 ], [ -85.70946898, 10.55555342 ], [ -85.70944278, 10.5555391 ], [ -85.70941748, 10.55552179 ], [ -85.7093947, 10.55550005 ], [ -85.70937831, 10.55547501 ], [ -85.70936819, 10.55544506 ], [ -85.70936218, 10.55541581 ], [ -85.70935954, 10.555385 ], [ -85.70936257, 10.55535498 ], [ -85.70937161, 10.55532068 ], [ -85.70937846, 10.55528856 ], [ -85.70938233, 10.5552616 ], [ -85.70938611, 10.55523456 ], [ -85.70938998, 10.55520761 ], [ -85.7093955, 10.55518074 ], [ -85.70940115, 10.55514618 ], [ -85.70939484, 10.55511151 ], [ -85.70937863, 10.55508756 ], [ -85.70935578, 10.55506744 ], [ -85.70933348, 10.5550493 ], [ -85.7093079, 10.555031 ], [ -85.70928314, 10.55501405 ], [ -85.7092592, 10.55499584 ], [ -85.70924009, 10.55497533 ], [ -85.70922406, 10.55494966 ], [ -85.70920755, 10.55492038 ], [ -85.70919397, 10.55489352 ], [ -85.70917994, 10.5548673 ], [ -85.7091593, 10.55483469 ], [ -85.70914145, 10.55481066 ], [ -85.70911921, 10.55478656 ], [ -85.70908939, 10.5547606 ], [ -85.7090648, 10.55474202 ], [ -85.70903768, 10.55472626 ], [ -85.7090069, 10.55470935 ], [ -85.7089819, 10.55469737 ], [ -85.70895717, 10.55468476 ], [ -85.7089306, 10.55467099 ], [ -85.70890559, 10.55465739 ], [ -85.70888221, 10.55464125 ], [ -85.70885899, 10.55462176 ], [ -85.70883832, 10.55459946 ], [ -85.70881902, 10.55457787 ], [ -85.70879999, 10.55455574 ], [ -85.70878024, 10.55453479 ], [ -85.7087594, 10.55451583 ], [ -85.70873657, 10.55449996 ], [ -85.70871126, 10.55448265 ], [ -85.70868735, 10.55446877 ], [ -85.70866133, 10.55445545 ], [ -85.70863539, 10.55443778 ], [ -85.70861127, 10.5544212 ], [ -85.70858772, 10.55440668 ], [ -85.70856478, 10.55438828 ], [ -85.70854895, 10.55436523 ], [ -85.70853502, 10.55434171 ], [ -85.70852583, 10.55431492 ], [ -85.7085202, 10.55428757 ], [ -85.70851812, 10.55425884 ], [ -85.70852694, 10.55423385 ], [ -85.70853848, 10.55420703 ], [ -85.70853961, 10.55418018 ], [ -85.70853097, 10.55415375 ], [ -85.70852507, 10.55412703 ], [ -85.70851807, 10.55410068 ], [ -85.70851544, 10.55409439 ], [ -85.70850623, 10.55407236 ], [ -85.70848911, 10.55404859 ], [ -85.70846605, 10.55402576 ], [ -85.70844019, 10.55400647 ], [ -85.70841717, 10.5539897 ], [ -85.70839323, 10.55397148 ], [ -85.70836948, 10.55395426 ], [ -85.70834928, 10.55393566 ], [ -85.70834195, 10.55391419 ], [ -85.70834768, 10.55389436 ], [ -85.70836336, 10.55387078 ], [ -85.70837892, 10.55384458 ], [ -85.70838279, 10.55381753 ], [ -85.70837505, 10.55378811 ], [ -85.70836292, 10.55375871 ], [ -85.70835227, 10.55373283 ], [ -85.70834399, 10.55370567 ], [ -85.70834284, 10.55367829 ], [ -85.70834523, 10.55364792 ], [ -85.70834608, 10.55362007 ], [ -85.708344, 10.55359135 ], [ -85.70834128, 10.55356226 ], [ -85.7083382, 10.55353381 ], [ -85.70833275, 10.55350482 ], [ -85.70832721, 10.55347756 ], [ -85.70832201, 10.55344532 ], [ -85.70831569, 10.55340902 ], [ -85.70831068, 10.55337941 ], [ -85.70830841, 10.55334806 ], [ -85.70830725, 10.55332068 ], [ -85.7083071, 10.55329312 ], [ -85.70830675, 10.55326284 ], [ -85.70830303, 10.55323403 ], [ -85.70829685, 10.55320641 ], [ -85.70828874, 10.55317762 ], [ -85.7082799, 10.55314848 ], [ -85.7082718, 10.55311969 ], [ -85.7082647, 10.55309063 ], [ -85.70825815, 10.55306355 ], [ -85.70824923, 10.55303603 ], [ -85.70823694, 10.55300998 ], [ -85.70822244, 10.55298014 ], [ -85.70820822, 10.55295293 ], [ -85.70819475, 10.55292878 ], [ -85.70818128, 10.55290463 ], [ -85.70816533, 10.55287733 ], [ -85.7081575, 10.55286508 ], [ -85.7081458, 10.55284707 ], [ -85.70812731, 10.55282259 ], [ -85.70810737, 10.55280073 ], [ -85.70808725, 10.55278042 ], [ -85.70806594, 10.55275776 ], [ -85.70804454, 10.55273672 ], [ -85.70802361, 10.55271768 ], [ -85.70792328, 10.55264465 ], [ -85.70789943, 10.55262671 ], [ -85.70784525, 10.55258922 ], [ -85.70781728, 10.55257048 ], [ -85.70778988, 10.55255373 ], [ -85.70776038, 10.55253744 ], [ -85.70773061, 10.55252188 ], [ -85.70770524, 10.55250891 ], [ -85.70767758, 10.55249541 ], [ -85.70765294, 10.5524828 ], [ -85.70762565, 10.55246867 ], [ -85.70762076, 10.55246625 ], [ -85.70759615, 10.5524541 ], [ -85.70756942, 10.55244204 ], [ -85.70754112, 10.55242818 ], [ -85.70751374, 10.55241577 ], [ -85.70748764, 10.55240407 ], [ -85.707462, 10.55239174 ], [ -85.70743462, 10.55237923 ], [ -85.70740696, 10.55236582 ], [ -85.70737766, 10.55235225 ], [ -85.707349, 10.55233902 ], [ -85.70732026, 10.55232752 ], [ -85.70729142, 10.55231593 ], [ -85.70726524, 10.55230595 ], [ -85.70723906, 10.55229588 ], [ -85.70720758, 10.55228448 ], [ -85.70717719, 10.5522728 ], [ -85.70714727, 10.5522632 ], [ -85.70711479, 10.55225208 ], [ -85.70708213, 10.55224259 ], [ -85.70704984, 10.55223417 ], [ -85.70702066, 10.55222755 ], [ -85.7069903, 10.55222022 ], [ -85.70691943, 10.55220487 ], [ -85.70688629, 10.55220803 ], [ -85.70686253, 10.55222172 ], [ -85.70684783, 10.55224069 ], [ -85.70682597, 10.5522512 ], [ -85.70680641, 10.5522476 ], [ -85.7067898, 10.55223449 ], [ -85.70677259, 10.55221082 ], [ -85.70674765, 10.55219288 ], [ -85.70672644, 10.5521891 ], [ -85.70670045, 10.55218012 ], [ -85.70668748, 10.55216392 ], [ -85.70667638, 10.55213858 ], [ -85.70666071, 10.55211237 ], [ -85.70664051, 10.55209368 ], [ -85.70662102, 10.55208845 ], [ -85.70660151, 10.55209344 ], [ -85.70657481, 10.55210632 ], [ -85.70654196, 10.55211048 ], [ -85.70652465, 10.55210298 ], [ -85.70650035, 10.5520854 ], [ -85.70647878, 10.55206608 ], [ -85.70646048, 10.55204422 ], [ -85.70644145, 10.552022 ], [ -85.70641852, 10.5520036 ], [ -85.70639103, 10.55198847 ], [ -85.70636494, 10.55197677 ], [ -85.70634164, 10.55195891 ], [ -85.70633093, 10.55193891 ], [ -85.70632813, 10.55190982 ], [ -85.70633281, 10.5518816 ], [ -85.70634187, 10.55185163 ], [ -85.70634711, 10.55182368 ], [ -85.70634796, 10.55179584 ], [ -85.70634568, 10.55176449 ], [ -85.70634288, 10.55173703 ], [ -85.70633678, 10.55170769 ], [ -85.70632622, 10.55168009 ], [ -85.70631658, 10.55165384 ], [ -85.70631185, 10.55162531 ], [ -85.70631845, 10.55159653 ], [ -85.70633242, 10.55157883 ], [ -85.70635544, 10.55156208 ], [ -85.70638056, 10.55154739 ], [ -85.70640615, 10.55153216 ], [ -85.70642687, 10.55151325 ], [ -85.70644382, 10.55149047 ], [ -85.70646118, 10.55145839 ], [ -85.70647585, 10.55143508 ], [ -85.70649342, 10.55140832 ], [ -85.70650907, 10.55138049 ], [ -85.70652097, 10.55135304 ], [ -85.70652985, 10.551322 ], [ -85.70653891, 10.55129203 ], [ -85.70654632, 10.55126199 ], [ -85.70655217, 10.55123014 ], [ -85.70655403, 10.55120202 ], [ -85.70655547, 10.55116586 ], [ -85.70655111, 10.5511367 ], [ -85.70654493, 10.55110898 ], [ -85.70654112, 10.55108017 ], [ -85.70653611, 10.55105065 ], [ -85.70653066, 10.55102167 ], [ -85.70650024, 10.55090597 ], [ -85.70648293, 10.55086331 ], [ -85.70646982, 10.55083853 ], [ -85.70645543, 10.55081294 ], [ -85.70644104, 10.55078744 ], [ -85.70642637, 10.55076086 ], [ -85.70641262, 10.55073572 ], [ -85.70640014, 10.55070695 ], [ -85.70639139, 10.55067781 ], [ -85.70638421, 10.55065037 ], [ -85.706379, 10.55061814 ], [ -85.70637821, 10.55059021 ], [ -85.70637758, 10.55055895 ], [ -85.70637813, 10.55052568 ], [ -85.70637924, 10.55049459 ], [ -85.70638098, 10.55046376 ], [ -85.70638147, 10.55043655 ], [ -85.70637429, 10.55040912 ], [ -85.70635884, 10.55038986 ], [ -85.7063338, 10.55037192 ], [ -85.70630989, 10.55035804 ], [ -85.70628397, 10.55034471 ], [ -85.70625092, 10.55033151 ], [ -85.70622357, 10.55032344 ], [ -85.70619585, 10.55031591 ], [ -85.70616476, 10.55030984 ], [ -85.7061345, 10.55030521 ], [ -85.70610078, 10.55030196 ], [ -85.70607245, 10.55029841 ], [ -85.70604421, 10.55029485 ], [ -85.70597487, 10.55027661 ], [ -85.70584855, 10.5502424 ], [ -85.70580128, 10.55023344 ], [ -85.70565679, 10.55020241 ], [ -85.70560724, 10.55017619 ], [ -85.70548821, 10.55012342 ], [ -85.70542294, 10.55009756 ], [ -85.70523932, 10.55002454 ], [ -85.7052095, 10.55001656 ], [ -85.7050987, 10.54998336 ], [ -85.70498263, 10.54996989 ], [ -85.70496107, 10.54996792 ], [ -85.70481328, 10.5499511 ], [ -85.7047058, 10.54993839 ], [ -85.70454701, 10.54993075 ], [ -85.70445026, 10.54992675 ], [ -85.7043007, 10.54993479 ], [ -85.70427166, 10.54993648 ], [ -85.70418464, 10.54994102 ], [ -85.70411131, 10.54994313 ], [ -85.70398934, 10.549954 ], [ -85.70386933, 10.54997037 ], [ -85.70377625, 10.54998678 ], [ -85.70367173, 10.54999747 ], [ -85.703577, 10.55001208 ], [ -85.70347873, 10.55002987 ], [ -85.70339585, 10.55003935 ], [ -85.70336399, 10.55004323 ], [ -85.70327, 10.5500582 ], [ -85.70317589, 10.55006892 ], [ -85.70308893, 10.55008376 ], [ -85.7029711, 10.55011684 ], [ -85.70288779, 10.55014756 ], [ -85.70279645, 10.5501814 ], [ -85.70269176, 10.55020999 ], [ -85.70259091, 10.5502409 ], [ -85.70248671, 10.55027752 ], [ -85.70240286, 10.5503105 ], [ -85.70229184, 10.55035268 ], [ -85.70219371, 10.55037905 ], [ -85.70209855, 10.55041499 ], [ -85.70200547, 10.55044604 ], [ -85.70190494, 10.55048653 ], [ -85.70180359, 10.55052567 ], [ -85.70168235, 10.55056771 ], [ -85.7016756, 10.55057001 ], [ -85.70155454, 10.55061323 ], [ -85.70148014, 10.55063731 ], [ -85.70142562, 10.55065613 ], [ -85.70138104, 10.55066993 ], [ -85.70128729, 10.55069619 ], [ -85.70121117, 10.55072299 ], [ -85.70115446, 10.55074291 ], [ -85.70107852, 10.55076844 ], [ -85.70102729, 10.55078598 ], [ -85.70100186, 10.55079587 ], [ -85.70089879, 10.55083855 ], [ -85.70086005, 10.5508524 ], [ -85.70077007, 10.55088425 ], [ -85.7007358, 10.55089808 ], [ -85.70063957, 10.55093737 ], [ -85.70053296, 10.55098385 ], [ -85.70043001, 10.55103149 ], [ -85.70032808, 10.55108229 ], [ -85.70030876, 10.55109089 ], [ -85.70024934, 10.55111489 ], [ -85.70017929, 10.55114817 ], [ -85.70014167, 10.55116762 ], [ -85.70011607, 10.55117851 ], [ -85.70004324, 10.55115694 ], [ -85.70001926, 10.55114695 ], [ -85.69999828, 10.55113685 ], [ -85.69994141, 10.5511095 ], [ -85.69990052, 10.55109679 ], [ -85.69987622, 10.5510962 ], [ -85.69985283, 10.55109443 ], [ -85.69982897, 10.55109076 ], [ -85.69980583, 10.55108619 ], [ -85.69977922, 10.55108072 ], [ -85.69975647, 10.55107868 ], [ -85.69973794, 10.55108004 ], [ -85.69973145, 10.55108053 ], [ -85.69971122, 10.55108787 ], [ -85.69970131, 10.55109678 ], [ -85.69970087, 10.55110031 ], [ -85.69969911, 10.55111279 ], [ -85.69970992, 10.5511337 ], [ -85.69972528, 10.55115413 ], [ -85.69974301, 10.55117166 ], [ -85.69976219, 10.55118846 ], [ -85.69978208, 10.551202 ], [ -85.69980443, 10.55121353 ], [ -85.69982387, 10.55122726 ], [ -85.69984367, 10.55124107 ], [ -85.69985657, 10.55126043 ], [ -85.69986383, 10.55128534 ], [ -85.69986587, 10.55130828 ], [ -85.69986493, 10.55133667 ], [ -85.69986068, 10.55136118 ], [ -85.69985234, 10.55138943 ], [ -85.69984251, 10.5514118 ], [ -85.69983048, 10.5514331 ], [ -85.69981662, 10.55145397 ], [ -85.69980011, 10.55147403 ], [ -85.69978112, 10.55149365 ], [ -85.69976404, 10.55150875 ], [ -85.69974403, 10.55152422 ], [ -85.69971937, 10.55154107 ], [ -85.69969853, 10.55155447 ], [ -85.69967532, 10.55157005 ], [ -85.69965166, 10.5515869 ], [ -85.69962938, 10.55160328 ], [ -85.69960855, 10.55161876 ], [ -85.69958953, 10.55163269 ], [ -85.69957052, 10.55164617 ], [ -85.69949023, 10.5516964 ], [ -85.69943651, 10.5517266 ], [ -85.69941162, 10.55173406 ], [ -85.6993869, 10.55174151 ], [ -85.69936228, 10.5517486 ], [ -85.69933492, 10.55175679 ], [ -85.69931122, 10.55176433 ], [ -85.69928815, 10.55177196 ], [ -85.69926536, 10.55177922 ], [ -85.69923563, 10.55178878 ], [ -85.69920773, 10.55179742 ], [ -85.69914088, 10.5518155 ], [ -85.69911927, 10.55182176 ], [ -85.69909518, 10.55182704 ], [ -85.69907064, 10.55183269 ], [ -85.69904583, 10.55183806 ], [ -85.69902038, 10.55184353 ], [ -85.69899438, 10.55184927 ], [ -85.69896783, 10.55185592 ], [ -85.69894029, 10.5518633 ], [ -85.69891275, 10.55187203 ], [ -85.69888522, 10.55188113 ], [ -85.69885504, 10.5518916 ], [ -85.69882824, 10.5519006 ], [ -85.69880126, 10.55190978 ], [ -85.69877418, 10.55191932 ], [ -85.6987441, 10.55193051 ], [ -85.69871776, 10.55194041 ], [ -85.69869214, 10.55194986 ], [ -85.69866652, 10.5519584 ], [ -85.69864145, 10.5519664 ], [ -85.69861711, 10.5519744 ], [ -85.69859313, 10.55198266 ], [ -85.6985698, 10.55199146 ], [ -85.69854473, 10.55200136 ], [ -85.69852304, 10.55200997 ], [ -85.69849452, 10.5520216 ], [ -85.69846754, 10.55203313 ], [ -85.69844203, 10.55204448 ], [ -85.69841761, 10.55205536 ], [ -85.69839429, 10.55206597 ], [ -85.69837297, 10.55207657 ], [ -85.69834884, 10.55208899 ], [ -85.69832816, 10.55209931 ], [ -85.69830657, 10.55210928 ], [ -85.69828325, 10.55212097 ], [ -85.69826048, 10.55213267 ], [ -85.69823752, 10.55214418 ], [ -85.69821503, 10.55215569 ], [ -85.69819252, 10.5521662 ], [ -85.69817048, 10.55217635 ], [ -85.69814861, 10.55218578 ], [ -85.69812673, 10.55219466 ], [ -85.69809831, 10.55220765 ], [ -85.69807052, 10.55222126 ], [ -85.69804375, 10.55223578 ], [ -85.69801689, 10.55225083 ], [ -85.69798948, 10.55226598 ], [ -85.69796389, 10.55228058 ], [ -85.69794086, 10.55229417 ], [ -85.6979171, 10.55230957 ], [ -85.69789474, 10.55232795 ], [ -85.69787347, 10.55234677 ], [ -85.69785364, 10.55236251 ], [ -85.69783034, 10.55237737 ], [ -85.6978053, 10.55239115 ], [ -85.69778444, 10.55240166 ], [ -85.69776312, 10.55241208 ], [ -85.69773753, 10.55242459 ], [ -85.69771566, 10.55243465 ], [ -85.69768978, 10.552446 ], [ -85.69766745, 10.55245507 ], [ -85.69764521, 10.55246305 ], [ -85.69761786, 10.55247278 ], [ -85.69759225, 10.55248259 ], [ -85.69756635, 10.55249041 ], [ -85.69754209, 10.55249641 ], [ -85.69751464, 10.5525037 ], [ -85.69748958, 10.55251432 ], [ -85.69743174, 10.55254391 ], [ -85.69740252, 10.5525616 ], [ -85.69737829, 10.55257393 ], [ -85.69735195, 10.55258492 ], [ -85.69732689, 10.55259445 ], [ -85.69730155, 10.55260498 ], [ -85.69727623, 10.55261705 ], [ -85.69725036, 10.55263038 ], [ -85.69722477, 10.55264426 ], [ -85.69719918, 10.55265732 ], [ -85.69717066, 10.55267067 ], [ -85.69714514, 10.55268147 ], [ -85.69711917, 10.55269155 ], [ -85.69709328, 10.55270136 ], [ -85.69706758, 10.55271126 ], [ -85.69703896, 10.55272316 ], [ -85.69701409, 10.5527345 ], [ -85.69698986, 10.55274665 ], [ -85.69696637, 10.55275961 ], [ -85.6969397, 10.55277602 ], [ -85.69691512, 10.55279161 ], [ -85.69688991, 10.55280756 ], [ -85.69686451, 10.55282306 ], [ -85.69683919, 10.55283721 ], [ -85.69681461, 10.55285098 ], [ -85.69679011, 10.55286458 ], [ -85.69676617, 10.55287836 ], [ -85.69673949, 10.55289314 ], [ -85.69671663, 10.55290619 ], [ -85.69669368, 10.5529186 ], [ -85.69667082, 10.55293039 ], [ -85.6966455, 10.55294345 ], [ -85.69662255, 10.55295496 ], [ -85.69659896, 10.55296692 ], [ -85.69657473, 10.55297962 ], [ -85.69654977, 10.55299231 ], [ -85.69652499, 10.55300456 ], [ -85.6965003, 10.55301572 ], [ -85.69647588, 10.55302642 ], [ -85.69644873, 10.55303795 ], [ -85.69642495, 10.55304857 ], [ -85.69640145, 10.55306026 ], [ -85.69637804, 10.55307195 ], [ -85.69635217, 10.55308484 ], [ -85.69632958, 10.55309616 ], [ -85.69630744, 10.5531074 ], [ -85.69628531, 10.55311863 ], [ -85.69626017, 10.55313196 ], [ -85.69623704, 10.55314501 ], [ -85.69621274, 10.5531596 ], [ -85.69618789, 10.55317519 ], [ -85.69616322, 10.55319114 ], [ -85.69613937, 10.55320618 ], [ -85.69611662, 10.55322022 ], [ -85.69609514, 10.55323407 ], [ -85.69607239, 10.55324965 ], [ -85.69605346, 10.55326268 ], [ -85.69603053, 10.55327952 ], [ -85.69600799, 10.55329871 ], [ -85.69599025, 10.55331299 ], [ -85.69597016, 10.55332883 ], [ -85.69595233, 10.55334293 ], [ -85.69593178, 10.55335913 ], [ -85.69590686, 10.55337951 ], [ -85.69588358, 10.55339861 ], [ -85.69585976, 10.55341799 ], [ -85.69583594, 10.55343746 ], [ -85.69581811, 10.55345211 ], [ -85.69579529, 10.55347139 ], [ -85.69577302, 10.55349004 ], [ -85.69574819, 10.55351059 ], [ -85.69572591, 10.5535287 ], [ -85.69570336, 10.55354617 ], [ -85.69568053, 10.5535632 ], [ -85.69565714, 10.55358013 ], [ -85.69563313, 10.55359807 ], [ -85.69560848, 10.55361645 ], [ -85.69558992, 10.55363011 ], [ -85.69556536, 10.55364778 ], [ -85.69554115, 10.55366508 ], [ -85.69551677, 10.5536822 ], [ -85.69548984, 10.55370105 ], [ -85.69546617, 10.553717 ], [ -85.6954426, 10.55373267 ], [ -85.69541931, 10.55374852 ], [ -85.69539383, 10.55376637 ], [ -85.69537154, 10.55378222 ], [ -85.69534953, 10.55379851 ], [ -85.69532798, 10.55381643 ], [ -85.69530607, 10.55383508 ], [ -85.69528407, 10.55385453 ], [ -85.69526235, 10.55387517 ], [ -85.69524027, 10.55389589 ], [ -85.69521583, 10.55391907 ], [ -85.69519429, 10.55393898 ], [ -85.69517256, 10.55395816 ], [ -85.69515111, 10.55397717 ], [ -85.69512675, 10.55399854 ], [ -85.69510539, 10.5540179 ], [ -85.69508404, 10.55403763 ], [ -85.69506241, 10.55405781 ], [ -85.69504024, 10.55407863 ], [ -85.69501733, 10.55409971 ], [ -85.69499461, 10.55412081 ], [ -85.69497199, 10.5541418 ], [ -85.69494755, 10.55416543 ], [ -85.69492629, 10.55418679 ], [ -85.69490549, 10.55420823 ], [ -85.69488551, 10.55422894 ], [ -85.69486362, 10.55425129 ], [ -85.69484473, 10.55427046 ], [ -85.69482628, 10.55428891 ], [ -85.69480793, 10.55430726 ], [ -85.69478695, 10.55432789 ], [ -85.69476914, 10.5543457 ], [ -85.69475234, 10.55436287 ], [ -85.69473627, 10.55437977 ], [ -85.69471511, 10.55440248 ], [ -85.69466273, 10.55446114 ], [ -85.69465493, 10.55447149 ], [ -85.69463977, 10.55448838 ], [ -85.69462297, 10.55450591 ], [ -85.6946038, 10.55452554 ], [ -85.69458364, 10.55454706 ], [ -85.69456803, 10.55456441 ], [ -85.69455259, 10.55458212 ], [ -85.69453463, 10.55460345 ], [ -85.69451566, 10.5546266 ], [ -85.69449706, 10.55464902 ], [ -85.694478, 10.55467145 ], [ -85.6944584, 10.55469415 ], [ -85.69443862, 10.55471802 ], [ -85.69442174, 10.55473899 ], [ -85.69440723, 10.55475742 ], [ -85.69438872, 10.55478065 ], [ -85.69437094, 10.55480217 ], [ -85.69435488, 10.55482114 ], [ -85.69433672, 10.55484212 ], [ -85.6943183, 10.55486318 ], [ -85.69429859, 10.55488453 ], [ -85.6942827, 10.55490097 ], [ -85.69426607, 10.55491751 ], [ -85.69424381, 10.55493896 ], [ -85.69422292, 10.5549595 ], [ -85.69420348, 10.55497949 ], [ -85.69418486, 10.55499884 ], [ -85.69416606, 10.55501792 ], [ -85.69414617, 10.55503809 ], [ -85.6941251, 10.55506025 ], [ -85.69410939, 10.55507769 ], [ -85.69409414, 10.55509467 ], [ -85.69407462, 10.55511647 ], [ -85.69405692, 10.55513708 ], [ -85.69403995, 10.55515768 ], [ -85.69402235, 10.55517947 ], [ -85.69400439, 10.55520216 ], [ -85.69398561, 10.55522522 ], [ -85.69397055, 10.55524319 ], [ -85.6939554, 10.55526153 ], [ -85.69393534, 10.55528523 ], [ -85.69391656, 10.55530774 ], [ -85.69390059, 10.5553278 ], [ -85.69388318, 10.55535049 ], [ -85.69386522, 10.55537444 ], [ -85.69385008, 10.55539459 ], [ -85.69383584, 10.55541346 ], [ -85.69382152, 10.55543288 ], [ -85.69380792, 10.55545139 ], [ -85.6937906, 10.55547507 ], [ -85.69377364, 10.5554974 ], [ -85.69375659, 10.55551963 ], [ -85.69373964, 10.5555425 ], [ -85.69372287, 10.55556609 ], [ -85.69370692, 10.55558895 ], [ -85.69369142, 10.55561081 ], [ -85.69367773, 10.55562941 ], [ -85.69365986, 10.55565301 ], [ -85.69364272, 10.55567506 ], [ -85.69362567, 10.55569666 ], [ -85.69360825, 10.55571908 ], [ -85.69359084, 10.55574204 ], [ -85.69357298, 10.5557659 ], [ -85.69355911, 10.55578496 ], [ -85.69354506, 10.55580401 ], [ -85.69352674, 10.55582833 ], [ -85.69351068, 10.55584911 ], [ -85.69349327, 10.55587153 ], [ -85.69347622, 10.55589403 ], [ -85.6934589, 10.55591699 ], [ -85.69344412, 10.55593696 ], [ -85.69343034, 10.55595592 ], [ -85.69341647, 10.55597543 ], [ -85.69340333, 10.55599429 ], [ -85.69338639, 10.55601852 ], [ -85.69336989, 10.55604174 ], [ -85.69335357, 10.55606469 ], [ -85.69333744, 10.55608819 ], [ -85.69332286, 10.55611041 ], [ -85.69330946, 10.55613145 ], [ -85.69329696, 10.55615167 ], [ -85.69328456, 10.55617189 ], [ -85.69326853, 10.55619783 ], [ -85.69325314, 10.5562224 ], [ -85.69323775, 10.55624662 ], [ -85.69322253, 10.55627083 ], [ -85.69320796, 10.55629486 ], [ -85.69319312, 10.55632006 ], [ -85.69318135, 10.55633964 ], [ -85.69316542, 10.55636657 ], [ -85.69315175, 10.55638888 ], [ -85.69313708, 10.55641218 ], [ -85.69312214, 10.55643486 ], [ -85.69310719, 10.5564579 ], [ -85.69309234, 10.55648129 ], [ -85.69307722, 10.55650596 ], [ -85.69306428, 10.5565279 ], [ -85.6930527, 10.55654784 ], [ -85.69303822, 10.5565735 ], [ -85.69302437, 10.55659626 ], [ -85.69301142, 10.55661603 ], [ -85.6929962, 10.55663816 ], [ -85.69298034, 10.55666139 ], [ -85.69296494, 10.5566856 ], [ -85.69294956, 10.55671126 ], [ -85.69293752, 10.55673139 ], [ -85.6929253, 10.55675152 ], [ -85.69290918, 10.55677718 ], [ -85.69289333, 10.55680176 ], [ -85.69287784, 10.55682633 ], [ -85.69286508, 10.55684683 ], [ -85.69285123, 10.55686986 ], [ -85.69283612, 10.55689552 ], [ -85.69282417, 10.55691537 ], [ -85.69281168, 10.55693614 ], [ -85.69279963, 10.55695581 ], [ -85.69278425, 10.55698147 ], [ -85.69276922, 10.55700659 ], [ -85.69275438, 10.55703224 ], [ -85.69273909, 10.55705854 ], [ -85.69272389, 10.55708492 ], [ -85.69271077, 10.55710758 ], [ -85.69269855, 10.55712834 ], [ -85.69268688, 10.5571482 ], [ -85.69267176, 10.55717377 ], [ -85.69265883, 10.55719652 ], [ -85.69264481, 10.55722181 ], [ -85.69263107, 10.55724764 ], [ -85.69261751, 10.55727393 ], [ -85.69260693, 10.55729405 ], [ -85.69259455, 10.55731779 ], [ -85.69258361, 10.55733864 ], [ -85.69256969, 10.55736537 ], [ -85.69255722, 10.55739057 ], [ -85.69254439, 10.5574154 ], [ -85.69253055, 10.55744087 ], [ -85.69251781, 10.55746462 ], [ -85.69250343, 10.55749126 ], [ -85.6924923, 10.55751139 ], [ -85.69248054, 10.55753161 ], [ -85.69246497, 10.55755772 ], [ -85.69245058, 10.55758211 ], [ -85.69243683, 10.55760568 ], [ -85.69242298, 10.55762925 ], [ -85.69240895, 10.55765282 ], [ -85.69239502, 10.55767694 ], [ -85.69238045, 10.55770241 ], [ -85.69236507, 10.55772907 ], [ -85.6923506, 10.55775481 ], [ -85.69233875, 10.55777711 ], [ -85.69232628, 10.55780122 ], [ -85.69231426, 10.55782505 ], [ -85.69230243, 10.55784907 ], [ -85.69229114, 10.55787317 ], [ -85.69227923, 10.55789863 ], [ -85.69226622, 10.55792635 ], [ -85.69225376, 10.55795281 ], [ -85.69224239, 10.55797736 ], [ -85.69223128, 10.55800092 ], [ -85.69221963, 10.55802448 ], [ -85.69220842, 10.55804605 ], [ -85.69219604, 10.55806971 ], [ -85.69218311, 10.55809391 ], [ -85.69216964, 10.55811965 ], [ -85.69215635, 10.55814539 ], [ -85.69214425, 10.55817021 ], [ -85.69213296, 10.55819422 ], [ -85.69212204, 10.55821796 ], [ -85.69211084, 10.5582417 ], [ -85.69209956, 10.55826571 ], [ -85.69208791, 10.55829 ], [ -85.69207698, 10.55831319 ], [ -85.6920647, 10.55833956 ], [ -85.69205279, 10.5583652 ], [ -85.69204123, 10.55839048 ], [ -85.69202996, 10.55841593 ], [ -85.69201922, 10.55844112 ], [ -85.69200931, 10.55846602 ], [ -85.69199931, 10.55849084 ], [ -85.69198867, 10.55851629 ], [ -85.69197703, 10.55854284 ], [ -85.69196594, 10.55856874 ], [ -85.69195638, 10.55859121 ], [ -85.69194619, 10.55861548 ], [ -85.69193655, 10.55863931 ], [ -85.69192718, 10.55866285 ], [ -85.69191781, 10.5586864 ], [ -85.69190862, 10.5587104 ], [ -85.6918989, 10.55873576 ], [ -85.69188826, 10.55876212 ], [ -85.69187781, 10.55878757 ], [ -85.69186862, 10.55881166 ], [ -85.69185836, 10.55883856 ], [ -85.6918498, 10.55886038 ], [ -85.69184087, 10.55888194 ], [ -85.69183176, 10.55890296 ], [ -85.69182283, 10.55892379 ], [ -85.69181336, 10.55894554 ], [ -85.69180325, 10.55896674 ], [ -85.6917916, 10.55899039 ], [ -85.69178103, 10.55901277 ], [ -85.69177156, 10.55903379 ], [ -85.69176464, 10.55905543 ], [ -85.69175537, 10.55908114 ], [ -85.69174709, 10.55910333 ], [ -85.69173763, 10.55912652 ], [ -85.69172717, 10.55915161 ], [ -85.69171672, 10.5591776 ], [ -85.69170699, 10.55920341 ], [ -85.69169818, 10.55922822 ], [ -85.69168954, 10.55925285 ], [ -85.69168117, 10.5592754 ], [ -85.69167181, 10.55930003 ], [ -85.69166317, 10.55932448 ], [ -85.69165508, 10.55934848 ], [ -85.69164617, 10.55937329 ], [ -85.69163691, 10.55939919 ], [ -85.69162819, 10.55942481 ], [ -85.69162029, 10.55944943 ], [ -85.69161302, 10.55947306 ], [ -85.69160629, 10.55949596 ], [ -85.69160002, 10.55951859 ], [ -85.69159303, 10.55954267 ], [ -85.69158235, 10.55957806 ], [ -85.69157444, 10.55960206 ], [ -85.69156599, 10.55962687 ], [ -85.69155718, 10.55965123 ], [ -85.69154835, 10.55967414 ], [ -85.69153924, 10.55969606 ], [ -85.69152977, 10.55971735 ], [ -85.69151822, 10.5597438 ], [ -85.69150767, 10.55976853 ], [ -85.69149757, 10.55979281 ], [ -85.69148479, 10.55982659 ], [ -85.69147607, 10.55985248 ], [ -85.69146753, 10.55987774 ], [ -85.69145908, 10.55990264 ], [ -85.69145017, 10.55992709 ], [ -85.69144117, 10.559951 ], [ -85.69143218, 10.55997653 ], [ -85.69142024, 10.5600151 ], [ -85.69141261, 10.5600399 ], [ -85.69140416, 10.56006508 ], [ -85.69139608, 10.56008979 ], [ -85.69138908, 10.56011378 ], [ -85.691383, 10.56013713 ], [ -85.69137701, 10.56016057 ], [ -85.69137038, 10.5601841 ], [ -85.6913632, 10.56020755 ], [ -85.69135639, 10.56023127 ], [ -85.69134958, 10.56025561 ], [ -85.69134294, 10.56027825 ], [ -85.69133576, 10.56030106 ], [ -85.69132614, 10.56033021 ], [ -85.69131868, 10.56035194 ], [ -85.69131032, 10.56037531 ], [ -85.69130186, 10.56039858 ], [ -85.69129394, 10.56042158 ], [ -85.69128621, 10.56044421 ], [ -85.69127867, 10.56046829 ], [ -85.69127186, 10.56049192 ], [ -85.69126622, 10.56051382 ], [ -85.69125979, 10.5605397 ], [ -85.6912548, 10.5605626 ], [ -85.69124991, 10.5605873 ], [ -85.69124511, 10.56061154 ], [ -85.69123985, 10.56063534 ], [ -85.69123441, 10.56065869 ], [ -85.69122841, 10.56068149 ], [ -85.69122142, 10.56070503 ], [ -85.69121379, 10.56072947 ], [ -85.69120698, 10.56075346 ], [ -85.69120098, 10.56077654 ], [ -85.69119345, 10.56080279 ], [ -85.69118554, 10.5608247 ], [ -85.69117716, 10.56084599 ], [ -85.69116743, 10.56087035 ], [ -85.69115807, 10.56089679 ], [ -85.69115134, 10.56091879 ], [ -85.6911448, 10.56094214 ], [ -85.69113854, 10.56096703 ], [ -85.69113293, 10.56099228 ], [ -85.69112886, 10.56101733 ], [ -85.69112644, 10.56104202 ], [ -85.69112467, 10.56106968 ], [ -85.69112334, 10.56109256 ], [ -85.6911222, 10.56111931 ], [ -85.69112163, 10.56114806 ], [ -85.69112075, 10.56117084 ], [ -85.69111923, 10.56119371 ], [ -85.69111707, 10.56121641 ], [ -85.69111403, 10.5612448 ], [ -85.6911108, 10.56127293 ], [ -85.6911062, 10.56129889 ], [ -85.69110075, 10.56132106 ], [ -85.69109475, 10.56134306 ], [ -85.69108886, 10.5613684 ], [ -85.69108435, 10.56139544 ], [ -85.69108036, 10.56141779 ], [ -85.69107546, 10.56144149 ], [ -85.69107012, 10.56146619 ], [ -85.6910645, 10.56149117 ], [ -85.69105906, 10.56151542 ], [ -85.69105344, 10.56153922 ], [ -85.69104637, 10.56156673 ], [ -85.69104001, 10.56158936 ], [ -85.6910341, 10.56161145 ], [ -85.69102794, 10.56163724 ], [ -85.69102276, 10.56165959 ], [ -85.69101759, 10.56168212 ], [ -85.69101324, 10.56170438 ], [ -85.69100791, 10.56173233 ], [ -85.6910013, 10.56175993 ], [ -85.6909946, 10.56178663 ], [ -85.6909897, 10.56181024 ], [ -85.69098565, 10.56183783 ], [ -85.6909834, 10.56186134 ], [ -85.6909807, 10.56188449 ], [ -85.69097509, 10.56191164 ], [ -85.69096909, 10.56193381 ], [ -85.69096319, 10.56195599 ], [ -85.69095819, 10.56197834 ], [ -85.69095402, 10.56200059 ], [ -85.6909497, 10.56202863 ], [ -85.69094609, 10.56205396 ], [ -85.69094239, 10.56207856 ], [ -85.69093906, 10.56210397 ], [ -85.69093672, 10.56212767 ], [ -85.69093503, 10.56215235 ], [ -85.69093499, 10.56219419 ], [ -85.69093786, 10.56221813 ], [ -85.69094082, 10.56224152 ], [ -85.690940867820487, 10.56224437639982 ], [ -85.684926975769471, 10.560227483520745 ], [ -85.68272328628656, 10.558707291310609 ], [ -85.680301643608288, 10.556163033813197 ], [ -85.680270989903505, 10.555366037488708 ], [ -85.679765203774494, 10.553726064282545 ], [ -85.678922226892823, 10.551718246618924 ], [ -85.678140557420733, 10.550216215084307 ], [ -85.677021697195926, 10.549036047449963 ], [ -85.676715160148049, 10.547871206668015 ], [ -85.676684506443266, 10.547012902933949 ], [ -85.677174965719871, 10.544836489893992 ], [ -85.676991043491142, 10.543334458359377 ], [ -85.676255354576227, 10.541341967548149 ], [ -85.675856856413986, 10.540636932338023 ], [ -85.673281945211784, 10.541250006433785 ], [ -85.6706457266, 10.541280660138574 ], [ -85.669557520080033, 10.540008531389866 ], [ -85.668867811722308, 10.53904293968904 ], [ -85.667549702416409, 10.538153982250183 ], [ -85.665955709767417, 10.537694176678363 ], [ -85.664652927313924, 10.537326332220905 ], [ -85.663120242074527, 10.536222798848534 ], [ -85.661250366082456, 10.535379821966862 ], [ -85.660330754938812, 10.534276288594489 ], [ -85.65942647064756, 10.533479292269998 ], [ -85.657449306688719, 10.530843073658222 ], [ -85.655993255711294, 10.529647579171487 ], [ -85.653694227852171, 10.527302570755195 ], [ -85.652866577822891, 10.526888745740555 ], [ -85.650981374978414, 10.529310388418814 ], [ -85.649693919377327, 10.532896871879021 ], [ -85.648406463776226, 10.536881853501475 ], [ -85.647456198927799, 10.538291923921726 ], [ -85.646659202603345, 10.538782383198342 ], [ -85.642858143209608, 10.538904998017493 ], [ -85.631600590310839, 10.541696126835371 ], [ -85.630382085360836, 10.54172513885799 ], [ -85.627132792653299, 10.541357294400534 ], [ -85.623025196211699, 10.540744220304772 ], [ -85.613829084775261, 10.542460827772905 ], [ -85.609476258695352, 10.546261887166628 ], [ -85.606043043759072, 10.549265950235862 ], [ -85.602241984365349, 10.551963476257216 ], [ -85.601751525088744, 10.554783617097721 ], [ -85.600525376897224, 10.559749517273392 ], [ -85.601383680631272, 10.564102343353303 ], [ -85.6008319139451, 10.567351636060842 ], [ -85.598743427897404, 10.577219732636161 ], [ -85.589842560778592, 10.576463449809072 ], [ -85.588340529243979, 10.577965481343689 ], [ -85.58374247352576, 10.578885092487331 ], [ -85.578071538139966, 10.581521311099108 ], [ -85.573963941698338, 10.581490657394323 ], [ -85.566269861796528, 10.58363641672949 ], [ -85.560537619001153, 10.585322370492836 ], [ -85.562039650535766, 10.589215391000925 ], [ -85.541471014622957, 10.596602933854857 ], [ -85.542677134431017, 10.601250907749378 ], [ -85.537409398738532, 10.603063202138994 ], [ -85.523002157488136, 10.606619031894414 ], [ -85.500931490040699, 10.614650302548897 ], [ -85.491071704798799, 10.616833388167557 ], [ -85.460591214539562, 10.622405689860287 ], [ -85.460437946015617, 10.626666554825832 ], [ -85.458108264451724, 10.629088197504093 ], [ -85.453295632799993, 10.631847030935022 ], [ -85.448768296689195, 10.634483439783059 ], [ -85.453557342994472, 10.641855485194066 ], [ -85.452559943885092, 10.64321955541141 ], [ -85.452743866113821, 10.644047205440689 ], [ -85.452253406837201, 10.644445703602933 ], [ -85.449985032682889, 10.646009042547124 ], [ -85.441064804589544, 10.649380950073816 ], [ -85.437141130376673, 10.651496055704195 ], [ -85.432435786691713, 10.654116947463578 ], [ -85.431454868138488, 10.65548103732665 ], [ -85.43004479771821, 10.655986823455649 ], [ -85.426596255929553, 10.650346541774638 ], [ -85.419392635304334, 10.648553300044536 ], [ -85.416419225939862, 10.646284925890217 ], [ -85.418595638979824, 10.6422079831534 ], [ -85.422948465059733, 10.639050651560225 ], [ -85.427239983730075, 10.636720969996329 ], [ -85.428190248578503, 10.635617436623958 ], [ -85.428435478216812, 10.634360634727646 ], [ -85.428251555988084, 10.633011871716969 ], [ -85.428251555988084, 10.632030953163749 ], [ -85.430427969028045, 10.631632455001508 ], [ -85.432757650591938, 10.630743497562653 ], [ -85.433156148754179, 10.629823886419009 ], [ -85.434872756222319, 10.628137932655664 ], [ -85.43527125438456, 10.625593675158251 ], [ -85.440635652722477, 10.621240849078342 ], [ -85.44878953819611, 10.616274948902667 ], [ -85.452130792018011, 10.615171415530297 ], [ -85.463564623903977, 10.611523624660512 ], [ -85.468223987031791, 10.608396946772125 ], [ -85.477389444763432, 10.60668033930399 ], [ -85.492346754458126, 10.605728282740509 ], [ -85.519262405503966, 10.591843946186552 ], [ -85.530849505913864, 10.586142357095966 ], [ -85.532877663916523, 10.584412715855596 ], [ -85.533674273166781, 10.584426217707296 ], [ -85.535600830156028, 10.589230717853322 ], [ -85.540045617350316, 10.588188491890525 ], [ -85.550544511240233, 10.583375860238794 ], [ -85.555418450301531, 10.58230298057121 ], [ -85.558483820780339, 10.582057750932906 ], [ -85.568400294279286, 10.579482839730707 ], [ -85.571956124034713, 10.579268263797191 ], [ -85.575220743594642, 10.578593882291852 ], [ -85.578102191844764, 10.577643617443423 ], [ -85.579573569674565, 10.575068706241222 ], [ -85.580615795637371, 10.573505367297029 ], [ -85.580646449342154, 10.570991763504404 ], [ -85.582056519762403, 10.568983945840783 ], [ -85.584294240211932, 10.570623919046948 ], [ -85.586256077318353, 10.568026017566162 ], [ -85.585060582831616, 10.565221203578052 ], [ -85.583696492968542, 10.565405125806778 ], [ -85.583389955920666, 10.562584984966273 ], [ -85.583911068902054, 10.561833969198965 ], [ -85.584539469850213, 10.561634720117842 ], [ -85.585183197650764, 10.561833969198965 ], [ -85.586348038432718, 10.561818642346571 ], [ -85.587543532919454, 10.561481451593902 ], [ -85.58745157180509, 10.561266875660385 ], [ -85.587037746790443, 10.559918112649708 ], [ -85.584891987455308, 10.558109544067211 ], [ -85.583175379987168, 10.554615021721366 ], [ -85.582041192909998, 10.552668511467322 ], [ -85.581458772519014, 10.550936577146794 ], [ -85.579864779870036, 10.548468953911353 ], [ -85.580370565999047, 10.548147090011078 ], [ -85.582562305891386, 10.547641303882074 ], [ -85.583757800378123, 10.547181498310252 ], [ -85.588202587572397, 10.545710120480424 ], [ -85.585137217093575, 10.539058266541407 ], [ -85.584003030016419, 10.535931588653019 ], [ -85.583941722606838, 10.533111447812514 ], [ -85.584462835588241, 10.528911890256545 ], [ -85.583297994806287, 10.527072667969259 ], [ -85.582715574415332, 10.52655155498786 ], [ -85.581826616976471, 10.52609174941604 ], [ -85.579619550231726, 10.525202791977184 ], [ -85.574255151893809, 10.524313834538329 ], [ -85.571618933282011, 10.522443958546255 ], [ -85.569902325813885, 10.520328852915876 ], [ -85.568522909098419, 10.515179030511474 ], [ -85.568798792441513, 10.513094578585884 ], [ -85.570576707319219, 10.510366398859743 ], [ -85.570760629547948, 10.507822141362333 ], [ -85.569289251718118, 10.503775852330303 ], [ -85.570975205481474, 10.499637602183908 ], [ -85.570515399909652, 10.4986260299259 ], [ -85.569227944308551, 10.494058627912473 ], [ -85.566530418287201, 10.490012338880444 ], [ -85.563618316332324, 10.48685500728727 ], [ -85.561411249587579, 10.481367994130199 ], [ -85.559725295824236, 10.477873471784356 ], [ -85.559357451366779, 10.475237253172578 ], [ -85.559572027300277, 10.471190964140551 ], [ -85.559081568023672, 10.467451212156403 ], [ -85.558345879108757, 10.464600417611109 ], [ -85.556414695707105, 10.461749623065815 ], [ -85.553809130800119, 10.458500330358277 ], [ -85.551939254808033, 10.4520017449432 ], [ -85.550283954749489, 10.44924291151227 ], [ -85.547831658366434, 10.445595120642487 ], [ -85.545839167555215, 10.443480015012108 ], [ -85.543478832286524, 10.442192559411007 ], [ -85.542373915288564, 10.44217742356172 ], [ -85.541241111836996, 10.44216190570622 ], [ -85.541087843313051, 10.44148752420088 ], [ -85.541363726656144, 10.440261376009357 ], [ -85.542477389347368, 10.439881131593276 ], [ -85.545035890089522, 10.439007567606257 ], [ -85.545646693483405, 10.439305630057639 ], [ -85.549762841768086, 10.438452807426858 ], [ -85.553594554866592, 10.437379927759274 ], [ -85.557211692031601, 10.436644238844361 ], [ -85.562269553321627, 10.434682401737922 ], [ -85.566990223858994, 10.430329575658012 ], [ -85.567174146087723, 10.425976749578101 ], [ -85.569871672109088, 10.421562616088636 ], [ -85.573427501864515, 10.417393712237455 ], [ -85.575542607494882, 10.414910762149617 ], [ -85.576125027885851, 10.412550426880934 ], [ -85.576492872343309, 10.41019009161225 ], [ -85.577749674239627, 10.409607671221277 ], [ -85.578975822431147, 10.408963943420726 ], [ -85.579987394689155, 10.407891063753143 ], [ -85.582930150348815, 10.406205109989797 ], [ -85.585872906008461, 10.405101576617426 ], [ -85.586148789351554, 10.403875428425902 ], [ -85.585995520827623, 10.401453785747641 ], [ -85.584616104112172, 10.397499457829978 ], [ -85.583696492968528, 10.396579846686334 ], [ -85.583696492968528, 10.395047161446929 ], [ -85.582746228120087, 10.388027463050454 ], [ -85.582439691072196, 10.383368099922663 ], [ -85.581152235471095, 10.381436916521013 ], [ -85.577443137191736, 10.380272075739066 ], [ -85.576186335295404, 10.378923312728391 ], [ -85.575787837133163, 10.376900168212376 ], [ -85.575757183428365, 10.37441721812454 ], [ -85.576554179752861, 10.372700610656405 ], [ -85.576799409391171, 10.3704015827973 ], [ -85.576308950114566, 10.36825582346213 ], [ -85.574868225989519, 10.365527643735989 ], [ -85.573611424093215, 10.363719075153492 ], [ -85.573029003702246, 10.361389393589596 ], [ -85.5708219369575, 10.360255206512436 ], [ -85.569105329489375, 10.359642132416674 ], [ -85.566223881239296, 10.357588334195871 ], [ -85.565273616390854, 10.355963687842101 ], [ -85.564231390428105, 10.354308387783544 ], [ -85.563863545970648, 10.350446020980243 ], [ -85.56643845717285, 10.345786657852452 ], [ -85.57079128325276, 10.339288072437375 ], [ -85.573856653731568, 10.331318109192468 ], [ -85.575634568609274, 10.324145142272053 ], [ -85.576983331619942, 10.318443553181465 ], [ -85.582010539205186, 10.31286457891003 ], [ -85.58415629854035, 10.310044438069525 ], [ -85.585934213418057, 10.306120763856647 ], [ -85.58562767637018, 10.297476419106403 ], [ -85.585259831912722, 10.292939670797765 ], [ -85.583359302215868, 10.292387904111578 ], [ -85.583175379987139, 10.288985342880098 ], [ -85.582531652186603, 10.286042587220441 ], [ -85.58225576884351, 10.282915909332054 ], [ -85.582317076253076, 10.280432959244218 ], [ -85.58381910778769, 10.27782739433723 ], [ -85.582991457758411, 10.276172094278673 ], [ -85.581887924386052, 10.275650981297273 ], [ -85.581550733633378, 10.27298410898071 ], [ -85.581090928061556, 10.272616264523252 ], [ -85.579496935412578, 10.273873066419565 ], [ -85.579037129840756, 10.273413260847743 ], [ -85.579527589117362, 10.27154338485567 ], [ -85.579251705774269, 10.270409197778511 ], [ -85.577841635354019, 10.267926247690671 ], [ -85.576339603819392, 10.264738262392708 ], [ -85.574776264875197, 10.264002573477795 ], [ -85.573366194454948, 10.263450806791608 ], [ -85.572753120359195, 10.262010082666567 ], [ -85.572753120359195, 10.259527132578731 ], [ -85.573335540750165, 10.258392945501571 ], [ -85.575144109332655, 10.257503988062716 ], [ -85.577167253848671, 10.256431108395134 ], [ -85.578730592792894, 10.253948158307297 ], [ -85.580140663213143, 10.252875278639713 ], [ -85.582531652186617, 10.251618476743403 ], [ -85.587528206067077, 10.251465208219461 ], [ -85.590560424801978, 10.251898664554108 ], [ -85.59280064329063, 10.252813971230138 ], [ -85.59270868217628, 10.258086408453689 ], [ -85.592279530309241, 10.260845241884619 ], [ -85.594425289644406, 10.261979428961778 ], [ -85.599697726867959, 10.266424216156052 ], [ -85.601291719516951, 10.268631282900795 ], [ -85.608955145714006, 10.269765469977958 ], [ -85.611070251344387, 10.272003190427489 ], [ -85.613185356974753, 10.273934373829139 ], [ -85.614901964442893, 10.274363525696172 ], [ -85.617170338597219, 10.273995681238716 ], [ -85.621645779496276, 10.272309727475371 ], [ -85.622381468411191, 10.270869003350329 ], [ -85.623638270307495, 10.270470505188085 ], [ -85.624956379613394, 10.272830840456768 ], [ -85.628328287140079, 10.272830840456768 ], [ -85.638321394900984, 10.271083579283843 ], [ -85.642612913571313, 10.269428279225286 ], [ -85.645647630345337, 10.267558403233211 ], [ -85.646076782212376, 10.26550460501241 ], [ -85.647425545223044, 10.264584993868766 ], [ -85.650920067568904, 10.265290029078892 ], [ -85.652851250970556, 10.267037290251814 ], [ -85.653678900999836, 10.270010699616259 ], [ -85.654751780667411, 10.270409197778505 ], [ -85.656958847412156, 10.270163968140201 ], [ -85.662721743912314, 10.269458932930075 ], [ -85.665020771771424, 10.268999127358253 ], [ -85.665664499571974, 10.266393562451263 ], [ -85.670323862699775, 10.265412643898044 ], [ -85.676914409229212, 10.265841795765079 ], [ -85.681022005670812, 10.268140823624185 ], [ -85.68203357792882, 10.271267501512572 ], [ -85.682677305729371, 10.273781105305197 ], [ -85.688378894819948, 10.275742942411634 ], [ -85.690831191203003, 10.276969090603158 ], [ -85.695030748758981, 10.277061051717522 ], [ -85.696655395112742, 10.276018825754727 ], [ -85.699414228543674, 10.271543384855663 ], [ -85.701958486041093, 10.26918304958698 ], [ -85.703736400918757, 10.264002573477788 ], [ -85.708953411337959, 10.258992177332633 ], [ -85.710909367839179, 10.257258758424408 ], [ -85.709867141876387, 10.255756726889791 ], [ -85.707960656206538, 10.253761567467864 ], [ -85.707230923264603, 10.252997893458861 ], [ -85.704349475014524, 10.251679784152973 ], [ -85.701008221192623, 10.25140390080988 ], [ -85.698463963695204, 10.250300367437509 ], [ -85.698310695171273, 10.248828989607679 ], [ -85.698341348876056, 10.246591269158149 ], [ -85.700180571163344, 10.245610350604929 ], [ -85.703950976852283, 10.24462943205171 ], [ -85.706055495123678, 10.243723690010855 ], [ -85.706372619530541, 10.243587206088915 ], [ -85.70925406778062, 10.242943478288364 ], [ -85.712288784554644, 10.242054520849509 ], [ -85.715752653195679, 10.240889680067561 ], [ -85.717009455091997, 10.238866535551546 ], [ -85.717462063915562, 10.237470991678896 ], [ -85.720089975853568, 10.237429305292878 ], [ -85.722266565463144, 10.238445047110682 ], [ -85.723370098835517, 10.23960988789263 ], [ -85.723523367359462, 10.241878262046949 ], [ -85.720733880223747, 10.246690893698682 ], [ -85.717591875483009, 10.249756264177494 ], [ -85.717959719940467, 10.251472871645626 ], [ -85.719431097770297, 10.252882942065879 ], [ -85.721392934876732, 10.254293012486132 ], [ -85.721944701562919, 10.26076094419642 ], [ -85.722557775658672, 10.262201668321461 ], [ -85.724519612765093, 10.264500696180569 ], [ -85.727370407310389, 10.265818805486457 ], [ -85.733746377906314, 10.265788151781669 ], [ -85.738712278081991, 10.266523840696584 ], [ -85.742145493018256, 10.267259529611497 ], [ -85.744996287563552, 10.266155996239126 ], [ -85.748337541385453, 10.264163505427899 ], [ -85.752690367465362, 10.264408735066205 ], [ -85.758606532489466, 10.265113770276331 ], [ -85.762131708540096, 10.264807233228449 ], [ -85.763541778960359, 10.264592657294934 ], [ -85.765932767933833, 10.263795660970443 ], [ -85.768967484707858, 10.263979583199172 ], [ -85.770101671785014, 10.264653964704509 ], [ -85.770561477356836, 10.268485677803023 ], [ -85.768906177298277, 10.271305818643528 ], [ -85.769611212508408, 10.272041507558441 ], [ -85.773565540426077, 10.272869157587721 ], [ -85.777857059096405, 10.277007407734114 ], [ -85.781167659213509, 10.27869336149746 ], [ -85.783405379663051, 10.278294863335214 ], [ -85.786746633484952, 10.277283291077207 ], [ -85.786777287189736, 10.27593452806653 ], [ -85.787083824237612, 10.275321453970768 ], [ -85.789290890982357, 10.275045570627675 ], [ -85.791252728088793, 10.276302372523988 ], [ -85.792478876280327, 10.278018979992121 ], [ -85.796249281969267, 10.283444685739608 ], [ -85.801460411783239, 10.294357404644174 ], [ -85.803177019251379, 10.30036553078264 ], [ -85.808633378703647, 10.300426838192216 ], [ -85.810717830629244, 10.301714293793317 ], [ -85.812373130687803, 10.308396801437123 ], [ -85.812311823278222, 10.310879751524958 ], [ -85.811913325116009, 10.320014555551813 ], [ -85.789352198391938, 10.347771485237434 ], [ -85.787942127971689, 10.352676078003531 ], [ -85.787942127971689, 10.359542507876066 ], [ -85.7894748132111, 10.367880315578429 ], [ -85.791988417003722, 10.383023245743752 ], [ -85.794931172663382, 10.393752042419585 ], [ -85.798425695009186, 10.401476776026184 ], [ -85.799628383183816, 10.40641638817198 ], [ -85.79962224, 10.40642239 ], [ -85.79959691, 10.40644676 ], [ -85.79957149, 10.40647121 ], [ -85.79954616, 10.40649557 ], [ -85.79952111, 10.40652255 ], [ -85.79949942, 10.40654509 ], [ -85.79947447, 10.40657207 ], [ -85.79944835, 10.4066005 ], [ -85.79942222, 10.40662885 ], [ -85.79939609, 10.40665728 ], [ -85.79937369, 10.40668389 ], [ -85.79934312, 10.40671813 ], [ -85.79931156, 10.40675382 ], [ -85.79928099, 10.40678807 ], [ -85.79925415, 10.40682048 ], [ -85.79922694, 10.40685037 ], [ -85.79920525, 10.4068729 ], [ -85.79917912, 10.40690134 ], [ -85.79915455, 10.40693085 ], [ -85.79912989, 10.40696036 ], [ -85.79910376, 10.40698879 ], [ -85.799085, 10.40701357 ], [ -85.79906143, 10.40704163 ], [ -85.79903794, 10.40706959 ], [ -85.79901437, 10.40709765 ], [ -85.79899197, 10.40712426 ], [ -85.7989684, 10.40715231 ], [ -85.79894818, 10.40717602 ], [ -85.79892361, 10.40720552 ], [ -85.79889932, 10.40723756 ], [ -85.7988714, 10.40727143 ], [ -85.7988423, 10.40730675 ], [ -85.7988191, 10.40733734 ], [ -85.79879265, 10.40737228 ], [ -85.79876874, 10.40740694 ], [ -85.79874375, 10.40744295 ], [ -85.79871985, 10.40747761 ], [ -85.79869557, 10.40750965 ], [ -85.79867464, 10.40753733 ], [ -85.79865144, 10.40756792 ], [ -85.79862678, 10.40759743 ], [ -85.79860476, 10.40762656 ], [ -85.79858384, 10.40765424 ], [ -85.79856617, 10.40767757 ], [ -85.79854259, 10.40770563 ], [ -85.79852058, 10.40773476 ], [ -85.79849847, 10.4077639 ], [ -85.79847683, 10.40779556 ], [ -85.79845146, 10.40782905 ], [ -85.79843044, 10.40785673 ], [ -85.79840436, 10.40789429 ], [ -85.79837829, 10.40793176 ], [ -85.79835065, 10.40796825 ], [ -85.79832566, 10.40800427 ], [ -85.79830511, 10.40803448 ], [ -85.79828003, 10.40807059 ], [ -85.79825504, 10.40810661 ], [ -85.79823114, 10.40814126 ], [ -85.79820615, 10.40817728 ], [ -85.79818225, 10.40821185 ], [ -85.79816132, 10.40823953 ], [ -85.79813741, 10.40827419 ], [ -85.79811351, 10.40830876 ], [ -85.79808961, 10.40834341 ], [ -85.79806679, 10.40837653 ], [ -85.79804733, 10.40840529 ], [ -85.79802007, 10.4084443 ], [ -85.79799438, 10.4084843 ], [ -85.7979675, 10.40852584 ], [ -85.7979418, 10.40856593 ], [ -85.7979171, 10.40860457 ], [ -85.79789802, 10.40863586 ], [ -85.79787558, 10.40867159 ], [ -85.79785315, 10.40870723 ], [ -85.7978318, 10.40874151 ], [ -85.79781201, 10.40877678 ], [ -85.79779619, 10.4088038 ], [ -85.79777593, 10.40883654 ], [ -85.79775722, 10.40887045 ], [ -85.79773696, 10.40890318 ], [ -85.79771561, 10.40893747 ], [ -85.79769436, 10.40897166 ], [ -85.79767745, 10.40900004 ], [ -85.79765501, 10.40903577 ], [ -85.79763257, 10.40907151 ], [ -85.79761052, 10.40910968 ], [ -85.79758846, 10.40914794 ], [ -85.79757038, 10.40917777 ], [ -85.79755097, 10.40921566 ], [ -85.79752744, 10.40925285 ], [ -85.79750501, 10.40928858 ], [ -85.79748404, 10.4093253 ], [ -85.79746416, 10.40936066 ], [ -85.79744725, 10.40938904 ], [ -85.79742883, 10.40942547 ], [ -85.79741013, 10.40945938 ], [ -85.79739171, 10.40949581 ], [ -85.79737301, 10.40952963 ], [ -85.7973561, 10.4095581 ], [ -85.79733622, 10.40959336 ], [ -85.79731634, 10.40962872 ], [ -85.7972991, 10.4096637 ], [ -85.79727813, 10.40970051 ], [ -85.79725863, 10.40973831 ], [ -85.79723984, 10.40977221 ], [ -85.79721192, 10.40982434 ], [ -85.79719431, 10.4098567 ], [ -85.79717481, 10.40989459 ], [ -85.79715275, 10.40993285 ], [ -85.79713216, 10.40997218 ], [ -85.79711228, 10.41000754 ], [ -85.7970924, 10.41004281 ], [ -85.79707851, 10.41007343 ], [ -85.79706119, 10.41010842 ], [ -85.7970413, 10.41014368 ], [ -85.79702298, 10.41018012 ], [ -85.79700348, 10.410218 ], [ -85.79698586, 10.41025046 ], [ -85.79696489, 10.41028727 ], [ -85.79694539, 10.41032506 ], [ -85.79692371, 10.41036594 ], [ -85.79689977, 10.41040964 ], [ -85.7968763, 10.41045586 ], [ -85.79685642, 10.41049122 ], [ -85.79683512, 10.41053454 ], [ -85.79681335, 10.41057533 ], [ -85.79679277, 10.41061466 ], [ -85.79677335, 10.41065255 ], [ -85.79675673, 10.41068346 ], [ -85.7967395, 10.41071844 ], [ -85.79672364, 10.4107545 ], [ -85.79670749, 10.41078803 ], [ -85.79669025, 10.41082301 ], [ -85.79667292, 10.41085799 ], [ -85.79665748, 10.41088745 ], [ -85.79663798, 10.41092534 ], [ -85.79662003, 10.4109643 ], [ -85.79660053, 10.41100218 ], [ -85.79657994, 10.41104152 ], [ -85.79656261, 10.4110765 ], [ -85.79654094, 10.41111729 ], [ -85.79651964, 10.41116061 ], [ -85.79649905, 10.41119995 ], [ -85.7964821, 10.41123746 ], [ -85.79646487, 10.41127244 ], [ -85.79645307, 10.41130007 ], [ -85.79644094, 10.4113343 ], [ -85.79642843, 10.411366 ], [ -85.79641445, 10.41139663 ], [ -85.79640086, 10.41142978 ], [ -85.79638768, 10.41145634 ], [ -85.79637253, 10.41148841 ], [ -85.79635383, 10.41152223 ], [ -85.79633659, 10.41155721 ], [ -85.79631709, 10.4115951 ], [ -85.79629867, 10.41163153 ], [ -85.79628106, 10.41166398 ], [ -85.7962582, 10.41170622 ], [ -85.79623652, 10.41174701 ], [ -85.79621664, 10.41178228 ], [ -85.79619062, 10.41182897 ], [ -85.796174, 10.41185988 ], [ -85.79615676, 10.41189486 ], [ -85.7961424, 10.41192287 ], [ -85.7961229, 10.41196076 ], [ -85.79610784, 10.41199283 ], [ -85.79609466, 10.41201939 ], [ -85.79608069, 10.41205001 ], [ -85.79606742, 10.41207657 ], [ -85.7960498, 10.41210902 ], [ -85.79603248, 10.412144 ], [ -85.79601377, 10.41217781 ], [ -85.7959928, 10.41221462 ], [ -85.79597292, 10.41224998 ], [ -85.79595601, 10.41227836 ], [ -85.79593395, 10.41231663 ], [ -85.79591043, 10.41235381 ], [ -85.79588464, 10.41239381 ], [ -85.79586003, 10.41243245 ], [ -85.7958383, 10.41246411 ], [ -85.7958144, 10.41249877 ], [ -85.79579167, 10.41253188 ], [ -85.79576886, 10.412565 ], [ -85.79574604, 10.4125982 ], [ -85.79572285, 10.41262879 ], [ -85.79570447, 10.41265609 ], [ -85.79568392, 10.4126863 ], [ -85.79566475, 10.41271768 ], [ -85.79564566, 10.41274897 ], [ -85.7956254, 10.41278171 ], [ -85.79561222, 10.41280835 ], [ -85.79559452, 10.41284071 ], [ -85.79557581, 10.41287462 ], [ -85.7955582, 10.41290707 ], [ -85.79553355, 10.41295475 ], [ -85.79551546, 10.41298458 ], [ -85.7954934, 10.41302284 ], [ -85.79547135, 10.41306111 ], [ -85.79545482, 10.41309211 ], [ -85.79543276, 10.41313028 ], [ -85.79541326, 10.41316816 ], [ -85.79539493, 10.4132046 ], [ -85.79537761, 10.41323958 ], [ -85.79536184, 10.41327564 ], [ -85.79535041, 10.41330589 ], [ -85.79533573, 10.41334049 ], [ -85.79532252, 10.41337617 ], [ -85.79530774, 10.41341078 ], [ -85.79529453, 10.41344646 ], [ -85.7952831, 10.41347671 ], [ -85.79526951, 10.41350977 ], [ -85.79525629, 10.41354545 ], [ -85.7952427, 10.41357861 ], [ -85.79522693, 10.41361466 ], [ -85.79520851, 10.4136511 ], [ -85.79519198, 10.4136821 ], [ -85.79517286, 10.41372251 ], [ -85.79515265, 10.41376438 ], [ -85.79513499, 10.41380587 ], [ -85.79511587, 10.41384638 ], [ -85.79510228, 10.41387944 ], [ -85.79508571, 10.41391957 ], [ -85.79506885, 10.41395708 ], [ -85.7950519, 10.41399459 ], [ -85.79503169, 10.41403645 ], [ -85.79501474, 10.41407396 ], [ -85.79499897, 10.41411002 ], [ -85.79498094, 10.41414898 ], [ -85.79496696, 10.41417961 ], [ -85.79494893, 10.41421857 ], [ -85.79492952, 10.41425646 ], [ -85.79490893, 10.41429579 ], [ -85.79488834, 10.41433513 ], [ -85.79486804, 10.414377 ], [ -85.79485189, 10.41441053 ], [ -85.79483385, 10.41444949 ], [ -85.79481591, 10.41448845 ], [ -85.79480004, 10.41452451 ], [ -85.79478683, 10.41456019 ], [ -85.79477394, 10.41458936 ], [ -85.79476181, 10.41462359 ], [ -85.79475077, 10.41465637 ], [ -85.79473982, 10.41468915 ], [ -85.79472916, 10.41472445 ], [ -85.79471888, 10.41476229 ], [ -85.79470892, 10.41479361 ], [ -85.79469609, 10.41483191 ], [ -85.79468463, 10.4148712 ], [ -85.79467179, 10.41490941 ], [ -85.79465815, 10.41495169 ], [ -85.79464749, 10.414987 ], [ -85.7946306, 10.41503364 ], [ -85.79461153, 10.41508318 ], [ -85.79459383, 10.4151338 ], [ -85.79452276, 10.41552161 ], [ -85.79450202, 10.41563454 ], [ -85.79447367, 10.41579582 ], [ -85.79446788, 10.41582542 ], [ -85.79445982, 10.41586947 ], [ -85.79445314, 10.41591461 ], [ -85.79444579, 10.41595469 ], [ -85.79443812, 10.41600127 ], [ -85.79443044, 10.41604786 ], [ -85.79442159, 10.41609599 ], [ -85.79441391, 10.41614257 ], [ -85.79440765, 10.4161812 ], [ -85.79439959, 10.41622526 ], [ -85.79439107, 10.41626679 ], [ -85.79438528, 10.41630794 ], [ -85.79437793, 10.41634802 ], [ -85.7943727, 10.41637606 ], [ -85.79436574, 10.41641867 ], [ -85.79436027, 10.41645322 ], [ -85.79435142, 10.41650126 ], [ -85.7943434, 10.41653628 ], [ -85.79433785, 10.41657083 ], [ -85.79433121, 10.41660693 ], [ -85.79432319, 10.41664186 ], [ -85.79431743, 10.41667271 ], [ -85.79431537, 10.41671271 ], [ -85.79430621, 10.41692835 ], [ -85.79429551, 10.41705385 ], [ -85.79429383, 10.41707889 ], [ -85.79429371, 10.41710492 ], [ -85.79429311, 10.41712842 ], [ -85.79429251, 10.41715192 ], [ -85.79429431, 10.41719448 ], [ -85.79429627, 10.41721751 ], [ -85.79430109, 10.41726204 ], [ -85.79430205, 10.41728662 ], [ -85.79430531, 10.41733016 ], [ -85.79430727, 10.4173532 ], [ -85.79430667, 10.4173767 ], [ -85.79430608, 10.4174002 ], [ -85.79430486, 10.41742768 ], [ -85.79430722, 10.41747276 ], [ -85.79431157, 10.41751485 ], [ -85.794315, 10.41753887 ], [ -85.79431742, 10.41756434 ], [ -85.79431829, 10.41758892 ], [ -85.79432112, 10.41763644 ], [ -85.79432208, 10.41766093 ], [ -85.79432296, 10.41768551 ], [ -85.79432482, 10.41770854 ], [ -85.79432515, 10.41775002 ], [ -85.79432595, 10.41779412 ], [ -85.79432628, 10.4178356 ], [ -85.79432869, 10.41787418 ], [ -85.79433304, 10.41791618 ], [ -85.79433639, 10.41795972 ], [ -85.79434018, 10.41799928 ], [ -85.79434609, 10.41804236 ], [ -85.79435252, 10.41808145 ], [ -85.79436188, 10.41812252 ], [ -85.79437333, 10.41816059 ], [ -85.79438076, 10.41819815 ], [ -85.79438866, 10.41823823 ], [ -85.79439755, 10.41827677 ], [ -85.79440498, 10.41831432 ], [ -85.79441141, 10.41835342 ], [ -85.7944213, 10.41839042 ], [ -85.7944318, 10.41842353 ], [ -85.79444533, 10.41845861 ], [ -85.79445783, 10.41848872 ], [ -85.79447435, 10.41851927 ], [ -85.79448528, 10.41854831 ], [ -85.79448619, 10.41857939 ], [ -85.79448053, 10.41861033 ], [ -85.7944804, 10.41863636 ], [ -85.79449395, 10.41865851 ], [ -85.79451861, 10.41867708 ], [ -85.79454427, 10.4186942 ], [ -85.79456345, 10.41871135 ], [ -85.79457847, 10.41873441 ], [ -85.79458491, 10.41876049 ], [ -85.79458838, 10.41879102 ], [ -85.79459374, 10.41881855 ], [ -85.79460426, 10.41883855 ], [ -85.79461994, 10.41885121 ], [ -85.79464305, 10.41886879 ], [ -85.7946546, 10.41889385 ], [ -85.79465395, 10.41892386 ], [ -85.79464277, 10.41894688 ], [ -85.79462089, 10.41896923 ], [ -85.79460011, 10.41899023 ], [ -85.79458834, 10.41902364 ], [ -85.7945881, 10.41906268 ], [ -85.79459406, 10.41909925 ], [ -85.79460196, 10.41913933 ], [ -85.7946058, 10.41917239 ], [ -85.79460019, 10.41919682 ], [ -85.79458902, 10.41920683 ], [ -85.79456414, 10.41921419 ], [ -85.79453585, 10.41921706 ], [ -85.79451409, 10.4192265 ], [ -85.79449685, 10.41924539 ], [ -85.79448155, 10.41926789 ], [ -85.79445321, 10.41927727 ], [ -85.79442744, 10.41927316 ], [ -85.79439975, 10.41925253 ], [ -85.79436801, 10.41922487 ], [ -85.7943388, 10.41920967 ], [ -85.79430082, 10.41921052 ], [ -85.79426236, 10.41922185 ], [ -85.79423966, 10.41922623 ], [ -85.79421639, 10.41922816 ], [ -85.79417189, 10.41922245 ], [ -85.79413508, 10.41920232 ], [ -85.79409424, 10.41918158 ], [ -85.79407103, 10.41917701 ], [ -85.79404573, 10.41917535 ], [ -85.79400028, 10.41917768 ], [ -85.79397346, 10.41918154 ], [ -85.79394764, 10.41918394 ], [ -85.79392082, 10.4191878 ], [ -85.79389509, 10.4191902 ], [ -85.79385356, 10.41919305 ], [ -85.79380911, 10.41919385 ], [ -85.79378437, 10.41919471 ], [ -85.79373878, 10.41920355 ], [ -85.79371096, 10.41920886 ], [ -85.7936847, 10.41921524 ], [ -85.7936568, 10.41922064 ], [ -85.79362799, 10.41922758 ], [ -85.79360519, 10.41923195 ], [ -85.79357591, 10.41923627 ], [ -85.79354701, 10.41924322 ], [ -85.7935172, 10.41925161 ], [ -85.79348787, 10.41926243 ], [ -85.79346455, 10.41927088 ], [ -85.79343621, 10.41928026 ], [ -85.79340933, 10.41929062 ], [ -85.79338, 10.41930145 ], [ -85.79335313, 10.4193119 ], [ -85.79332635, 10.41932226 ], [ -85.79330203, 10.41933216 ], [ -85.79327416, 10.41934407 ], [ -85.79324729, 10.41935443 ], [ -85.79322098, 10.41936732 ], [ -85.79319311, 10.41937922 ], [ -85.79317134, 10.41938865 ], [ -85.79314447, 10.41939902 ], [ -85.79311816, 10.41941191 ], [ -85.79309076, 10.41942634 ], [ -85.79306393, 10.41944321 ], [ -85.79303653, 10.41945755 ], [ -85.79301424, 10.41947096 ], [ -85.7929894, 10.41948493 ], [ -85.79296356, 10.41950026 ], [ -85.79293724, 10.41951315 ], [ -85.7929124, 10.41952711 ], [ -85.79288864, 10.41953945 ], [ -85.7928638, 10.41955341 ], [ -85.79283796, 10.41956874 ], [ -85.79281103, 10.4195857 ], [ -85.79278519, 10.41960103 ], [ -85.79275836, 10.41961799 ], [ -85.79273753, 10.41963239 ], [ -85.7927107, 10.41964926 ], [ -85.79268533, 10.4196672 ], [ -85.79265849, 10.41968407 ], [ -85.79262858, 10.41970548 ], [ -85.79260066, 10.4197238 ], [ -85.79257529, 10.41974175 ], [ -85.79254845, 10.41975861 ], [ -85.79252663, 10.41977455 ], [ -85.79250127, 10.41979241 ], [ -85.7924759, 10.41981035 ], [ -85.79245053, 10.41982821 ], [ -85.79242525, 10.41984616 ], [ -85.79240343, 10.41986209 ], [ -85.79237707, 10.41988149 ], [ -85.7923517, 10.41989935 ], [ -85.79232633, 10.41991729 ], [ -85.79229996, 10.41993669 ], [ -85.79227615, 10.41995553 ], [ -85.7922548, 10.419974 ], [ -85.79223099, 10.41999293 ], [ -85.7922051, 10.42001476 ], [ -85.79218176, 10.42003622 ], [ -85.79215733, 10.42005913 ], [ -85.79213707, 10.42007606 ], [ -85.79211373, 10.42009742 ], [ -85.79209091, 10.42011481 ], [ -85.79206757, 10.42013627 ], [ -85.79204423, 10.42015764 ], [ -85.79201933, 10.42017812 ], [ -85.79200054, 10.42019602 ], [ -85.79198075, 10.42021548 ], [ -85.7919584, 10.42023539 ], [ -85.79193307, 10.42025976 ], [ -85.79190964, 10.42028121 ], [ -85.79189193, 10.42029758 ], [ -85.79187006, 10.42032003 ], [ -85.79185126, 10.42033794 ], [ -85.79182948, 10.42036038 ], [ -85.7918076, 10.42038283 ], [ -85.79178682, 10.42040373 ], [ -85.79176594, 10.42042463 ], [ -85.7917487, 10.42044362 ], [ -85.79172791, 10.42046452 ], [ -85.79170504, 10.42048842 ], [ -85.79168317, 10.42051086 ], [ -85.79166186, 10.42053574 ], [ -85.79164055, 10.42056071 ], [ -85.79162222, 10.42058115 ], [ -85.79160091, 10.42060603 ], [ -85.79158059, 10.42062946 ], [ -85.79155611, 10.42065888 ], [ -85.79153887, 10.42067778 ], [ -85.79152211, 10.42069929 ], [ -85.79150179, 10.42072272 ], [ -85.79148247, 10.42074461 ], [ -85.79146215, 10.42076804 ], [ -85.79144184, 10.42079147 ], [ -85.79142398, 10.42081443 ], [ -85.79140675, 10.42083333 ], [ -85.79138898, 10.42085629 ], [ -85.79137013, 10.42088071 ], [ -85.79135284, 10.4209062 ], [ -85.79133399, 10.42093062 ], [ -85.79131978, 10.42095157 ], [ -85.79130395, 10.42097796 ], [ -85.79128775, 10.42100191 ], [ -85.79127145, 10.42102586 ], [ -85.79125515, 10.42104981 ], [ -85.79123786, 10.4210753 ], [ -85.79122356, 10.42109626 ], [ -85.79120782, 10.42112265 ], [ -85.79119153, 10.4211466 ], [ -85.7911757, 10.42117308 ], [ -85.7911594, 10.42119703 ], [ -85.79114774, 10.42121752 ], [ -85.791134, 10.42124091 ], [ -85.79112017, 10.42126439 ], [ -85.79110443, 10.42129087 ], [ -85.79108969, 10.42131581 ], [ -85.79107534, 10.42134327 ], [ -85.79106367, 10.42136367 ], [ -85.7910504, 10.42138968 ], [ -85.79103566, 10.42141462 ], [ -85.79102083, 10.42143955 ], [ -85.7910051, 10.42146603 ], [ -85.79099335, 10.42148652 ], [ -85.79098008, 10.42151244 ], [ -85.7909668, 10.42153846 ], [ -85.79095462, 10.42156283 ], [ -85.79094135, 10.42158885 ], [ -85.79092907, 10.42161332 ], [ -85.79091888, 10.42163479 ], [ -85.7909076, 10.42165772 ], [ -85.79089688, 10.42168318 ], [ -85.79088361, 10.42170919 ], [ -85.79087142, 10.42173366 ], [ -85.79084995, 10.42177806 ], [ -85.79083776, 10.42180253 ], [ -85.79082704, 10.42182799 ], [ -85.79081576, 10.421851 ], [ -85.79080713, 10.42187347 ], [ -85.79078712, 10.42191885 ], [ -85.79077749, 10.42194286 ], [ -85.79076776, 10.42196686 ], [ -85.79075904, 10.42198932 ], [ -85.79074575, 10.42202826 ], [ -85.79073747, 10.42206626 ], [ -85.79073782, 10.42209482 ], [ -85.79074631, 10.4221114 ], [ -85.79076446, 10.42212341 ], [ -85.7907922, 10.42213762 ], [ -85.79080684, 10.42215815 ], [ -85.79081276, 10.42218821 ], [ -85.79081712, 10.42221728 ], [ -85.79082613, 10.42224281 ], [ -85.79084427, 10.42225491 ], [ -85.79086597, 10.422265 ], [ -85.79089168, 10.42227561 ], [ -85.79091238, 10.42228724 ], [ -85.79093246, 10.42230286 ], [ -85.79095519, 10.42231791 ], [ -85.79097631, 10.42233858 ], [ -85.79097729, 10.42235005 ], [ -85.79097012, 10.42237359 ], [ -85.79096342, 10.42239957 ], [ -85.79096021, 10.42243004 ], [ -85.79096264, 10.4224556 ], [ -85.79097869, 10.42248371 ], [ -85.79099176, 10.42250325 ], [ -85.79100375, 10.42252433 ], [ -85.79101228, 10.42254733 ], [ -85.79100966, 10.4225674 ], [ -85.79099796, 10.4225813 ], [ -85.79097719, 10.42258927 ], [ -85.79094588, 10.42259008 ], [ -85.79091959, 10.42258996 ], [ -85.79091044, 10.42260348 ], [ -85.79091283, 10.42262244 ], [ -85.79092586, 10.42264858 ], [ -85.79094645, 10.42267313 ], [ -85.79096918, 10.42268828 ], [ -85.79099337, 10.42270441 ], [ -85.79100744, 10.4227225 ], [ -85.79101999, 10.42274602 ], [ -85.79102588, 10.42276957 ], [ -85.79103488, 10.42279519 ], [ -85.79103131, 10.42281012 ], [ -85.79102266, 10.42281315 ], [ -85.79099636, 10.42281303 ], [ -85.79096913, 10.42280785 ], [ -85.79093939, 10.42279672 ], [ -85.79091306, 10.42279009 ], [ -85.79089537, 10.42279353 ], [ -85.79088315, 10.42281149 ], [ -85.79087149, 10.42283198 ], [ -85.79085474, 10.42284039 ], [ -85.7908325, 10.42284729 ], [ -85.79082227, 10.42286226 ], [ -85.79081968, 10.42288875 ], [ -85.79080799, 10.42290274 ], [ -85.79079384, 10.42290417 ], [ -85.79077047, 10.42291903 ], [ -85.79077144, 10.4229306 ], [ -85.79077992, 10.4229601 ], [ -85.79077219, 10.42298111 ], [ -85.79076154, 10.42298705 ], [ -85.79072824, 10.42299094 ], [ -85.7907009, 10.42299877 ], [ -85.79069119, 10.42300976 ], [ -85.79068658, 10.42303274 ], [ -85.79068035, 10.42306125 ], [ -85.79066458, 10.42308122 ], [ -85.79063879, 10.42309013 ], [ -85.79060592, 10.42308995 ], [ -85.79057103, 10.42308626 ], [ -85.7905418, 10.42308417 ], [ -85.79051797, 10.42308358 ], [ -85.79049723, 10.42309797 ], [ -85.79050071, 10.42311548 ], [ -85.79051526, 10.4231361 ], [ -85.79054597, 10.4231587 ], [ -85.7905807, 10.42318191 ], [ -85.79060848, 10.42320254 ], [ -85.79062505, 10.42322667 ], [ -85.7906325, 10.42325121 ], [ -85.79063795, 10.42327874 ], [ -85.79064284, 10.42330375 ], [ -85.79064474, 10.42333329 ], [ -85.79064864, 10.42335984 ], [ -85.7906531, 10.42338892 ], [ -85.79065652, 10.42341294 ], [ -85.79067215, 10.42343201 ], [ -85.79068729, 10.42342903 ], [ -85.79071108, 10.42342321 ], [ -85.79074442, 10.42342582 ], [ -85.79076204, 10.4234419 ], [ -85.79077653, 10.42346902 ], [ -85.79079011, 10.42349759 ], [ -85.79081431, 10.42351373 ], [ -85.79083899, 10.42351928 ], [ -85.79086679, 10.42352699 ], [ -85.79088796, 10.42354106 ], [ -85.79089795, 10.42356513 ], [ -85.79090189, 10.42359819 ], [ -85.79089915, 10.42363119 ], [ -85.79090663, 10.42366224 ], [ -85.79091915, 10.42367934 ], [ -85.79093932, 10.42369486 ], [ -85.79096504, 10.42370556 ], [ -85.79098724, 10.4237246 ], [ -85.79099213, 10.42374969 ], [ -85.79098944, 10.4237892 ], [ -85.79098728, 10.42381172 ], [ -85.79098558, 10.42384968 ], [ -85.79099755, 10.42388378 ], [ -85.79101865, 10.42391737 ], [ -85.79104482, 10.42394352 ], [ -85.79107, 10.42397122 ], [ -85.79108546, 10.42400981 ], [ -85.79108997, 10.42403229 ], [ -85.79109079, 10.42406337 ], [ -85.79108107, 10.42408729 ], [ -85.79107795, 10.42411785 ], [ -85.79108888, 10.4241599 ], [ -85.79108868, 10.42420545 ], [ -85.79108444, 10.42423096 ], [ -85.79107878, 10.4242619 ], [ -85.79107255, 10.42429041 ], [ -85.7910684, 10.42431592 ], [ -85.79106373, 10.4243454 ], [ -85.79105803, 10.42436993 ], [ -85.79105133, 10.4243959 ], [ -85.7910427, 10.42441836 ], [ -85.79103397, 10.42444092 ], [ -85.79103995, 10.42446438 ], [ -85.79105664, 10.42446248 ], [ -85.79109161, 10.42444665 ], [ -85.7911256, 10.42441925 ], [ -85.79115702, 10.42440543 ], [ -85.79117465, 10.4244085 ], [ -85.7912049, 10.42442866 ], [ -85.79121082, 10.42445863 ], [ -85.79119657, 10.42447308 ], [ -85.79117584, 10.42448757 ], [ -85.79115146, 10.42450397 ], [ -85.79112718, 10.42452038 ], [ -85.79110426, 10.42455078 ], [ -85.79110821, 10.42457082 ], [ -85.79113124, 10.42460793 ], [ -85.79114186, 10.42462802 ], [ -85.79114262, 10.42466552 ], [ -85.79113253, 10.42467398 ], [ -85.79110816, 10.42469039 ], [ -85.79110501, 10.42471435 ], [ -85.79111506, 10.42473192 ], [ -85.79112245, 10.42476297 ], [ -85.79111789, 10.42477953 ], [ -85.79109142, 10.42481194 ], [ -85.79105701, 10.4248303 ], [ -85.79102653, 10.42484918 ], [ -85.7910225, 10.42486167 ], [ -85.79102489, 10.42488064 ], [ -85.79098502, 10.42496482 ], [ -85.7910051, 10.42502752 ], [ -85.79101733, 10.42506044 ], [ -85.79103321, 10.42509135 ], [ -85.79105071, 10.42511691 ], [ -85.79107416, 10.42513106 ], [ -85.79110518, 10.4251439 ], [ -85.79113583, 10.42515421 ], [ -85.79116221, 10.42517042 ], [ -85.79118302, 10.42518504 ], [ -85.79120454, 10.42519567 ], [ -85.79122657, 10.42520224 ], [ -85.79125079, 10.4252059 ], [ -85.79128366, 10.42520671 ], [ -85.79130717, 10.42519889 ], [ -85.79133177, 10.42518945 ], [ -85.79136185, 10.42518178 ], [ -85.79139378, 10.42517762 ], [ -85.79142372, 10.42517637 ], [ -85.79145357, 10.42517521 ], [ -85.79147901, 10.42517082 ], [ -85.79150654, 10.42516353 ], [ -85.79153369, 10.4251537 ], [ -85.7915643, 10.42514205 ], [ -85.79159841, 10.4251349 ], [ -85.79163043, 10.42513075 ], [ -85.79165672, 10.42513141 ], [ -85.79168349, 10.4251347 ], [ -85.79170662, 10.42513981 ], [ -85.79173717, 10.42513458 ], [ -85.79174598, 10.42512531 ], [ -85.79176121, 10.42510715 ], [ -85.79177929, 10.42509114 ], [ -85.79179816, 10.42508661 ], [ -85.79181603, 10.42509907 ], [ -85.79183168, 10.42512104 ], [ -85.79184345, 10.42515142 ], [ -85.79185701, 10.42517638 ], [ -85.79187767, 10.42519741 ], [ -85.79189895, 10.42521456 ], [ -85.791918, 10.42524111 ], [ -85.79193048, 10.42526743 ], [ -85.79193785, 10.42529468 ], [ -85.79195302, 10.42531421 ], [ -85.79197119, 10.42531365 ], [ -85.79199933, 10.42530238 ], [ -85.79203135, 10.42529822 ], [ -85.79206593, 10.4252936 ], [ -85.79209493, 10.42528739 ], [ -85.79212108, 10.42529456 ], [ -85.7921258, 10.42530673 ], [ -85.79211374, 10.42532045 ], [ -85.79207996, 10.42533654 ], [ -85.79205281, 10.42534636 ], [ -85.79203233, 10.42535633 ], [ -85.79202475, 10.42537318 ], [ -85.79203042, 10.42539041 ], [ -85.79204333, 10.42539721 ], [ -85.79206485, 10.42540784 ], [ -85.79208102, 10.42542583 ], [ -85.79209264, 10.42544718 ], [ -85.79211052, 10.42545964 ], [ -85.79213535, 10.42545932 ], [ -85.79216179, 10.42545348 ], [ -85.79219296, 10.42544427 ], [ -85.79222296, 10.4254366 ], [ -85.79224826, 10.42543872 ], [ -85.79228037, 10.4254501 ], [ -85.79230449, 10.42545377 ], [ -85.79233088, 10.42545443 ], [ -85.79235803, 10.42546015 ], [ -85.79238054, 10.42546934 ], [ -85.79240267, 10.4254759 ], [ -85.79242679, 10.42547956 ], [ -85.79244514, 10.42549455 ], [ -85.79246287, 10.42551352 ], [ -85.79246598, 10.42553121 ], [ -85.79245694, 10.42554699 ], [ -85.79244265, 10.42557012 ], [ -85.79244505, 10.42559179 ], [ -85.79245413, 10.42561352 ], [ -85.7924543, 10.42564461 ], [ -85.79245973, 10.42566835 ], [ -85.79247823, 10.42567683 ], [ -85.7925015, 10.42567543 ], [ -85.7925295, 10.42567067 ], [ -85.79256299, 10.4256675 ], [ -85.79259222, 10.42567032 ], [ -85.79261984, 10.42567857 ], [ -85.79264499, 10.42568728 ], [ -85.79266982, 10.42570242 ], [ -85.79268963, 10.42571848 ], [ -85.79270883, 10.42573853 ], [ -85.79272741, 10.42576255 ], [ -85.79272139, 10.42578048 ], [ -85.79270965, 10.42580323 ], [ -85.79271778, 10.42581991 ], [ -85.79273551, 10.42583897 ], [ -85.79274156, 10.42585863 ], [ -85.79273276, 10.42588345 ], [ -85.79271955, 10.42590521 ], [ -85.79271538, 10.42592665 ], [ -85.79273211, 10.42594707 ], [ -85.79275169, 10.42596965 ], [ -85.79275613, 10.42599484 ], [ -85.79276349, 10.42602209 ], [ -85.79278354, 10.42604719 ], [ -85.79280444, 10.42606171 ], [ -85.7928271, 10.42606439 ], [ -85.79284805, 10.42605686 ], [ -85.79287752, 10.42605317 ], [ -85.79289454, 10.42606067 ], [ -85.79291033, 10.42607603 ], [ -85.79292551, 10.42609556 ], [ -85.79294664, 10.42611912 ], [ -85.79296731, 10.42614024 ], [ -85.79297993, 10.42616005 ], [ -85.7929828, 10.42618426 ], [ -85.79297523, 10.42620102 ], [ -85.7929669, 10.42622836 ], [ -85.79297294, 10.42624812 ], [ -85.79298689, 10.42627551 ], [ -85.79300764, 10.42629663 ], [ -85.79301113, 10.42631677 ], [ -85.79300465, 10.42633208 ], [ -85.79301008, 10.42635582 ], [ -85.79302748, 10.42636575 ], [ -85.79304574, 10.42636528 ], [ -85.79306182, 10.42635218 ], [ -85.79306784, 10.42633425 ], [ -85.79306241, 10.4263106 ], [ -85.7930531, 10.42627975 ], [ -85.79304635, 10.42624852 ], [ -85.79303945, 10.42622379 ], [ -85.7930406, 10.42620029 ], [ -85.79305536, 10.42619515 ], [ -85.79308019, 10.42619483 ], [ -85.7931105, 10.4261961 ], [ -85.79313557, 10.42618927 ], [ -85.79315837, 10.42618535 ], [ -85.79317502, 10.42619032 ], [ -85.79317804, 10.42620792 ], [ -85.79316777, 10.42623175 ], [ -85.79315603, 10.42625441 ], [ -85.79316246, 10.42626115 ], [ -85.79317414, 10.42626045 ], [ -85.79319865, 10.4262511 ], [ -85.79322169, 10.42624067 ], [ -85.79324652, 10.42624035 ], [ -85.79324613, 10.42625336 ], [ -85.79324253, 10.42627724 ], [ -85.79324749, 10.42629845 ], [ -85.79325964, 10.42631583 ], [ -85.79326871, 10.42633755 ], [ -85.79326052, 10.42635839 ], [ -85.7932467, 10.42638413 ], [ -85.79325128, 10.42640281 ], [ -85.79325771, 10.42642501 ], [ -85.79325146, 10.42644935 ], [ -85.79323825, 10.42647103 ], [ -85.79321545, 10.4264905 ], [ -85.79319179, 10.42650491 ], [ -85.79316975, 10.42651389 ], [ -85.79314331, 10.42651964 ], [ -85.79313233, 10.4265319 ], [ -85.79313582, 10.42655204 ], [ -85.79314466, 10.42658036 ], [ -85.7931542, 10.42660462 ], [ -85.79317037, 10.42662261 ], [ -85.79318948, 10.42662711 ], [ -85.79321284, 10.42662571 ], [ -85.79324014, 10.42662493 ], [ -85.79326676, 10.42663463 ], [ -85.79328912, 10.42665032 ], [ -85.79331187, 10.42666844 ], [ -85.79333826, 10.42668465 ], [ -85.79335916, 10.42669927 ], [ -85.7933662, 10.42671748 ], [ -85.79336259, 10.42674145 ], [ -85.79334968, 10.42675011 ], [ -85.79332323, 10.42675595 ], [ -85.79329523, 10.42676072 ], [ -85.79326979, 10.42676502 ], [ -85.79325015, 10.42678004 ], [ -85.79325341, 10.42679114 ], [ -85.79326712, 10.42680959 ], [ -85.79328708, 10.42681906 ], [ -85.79331229, 10.42682127 ], [ -85.79333797, 10.42682591 ], [ -85.79336715, 10.42683524 ], [ -85.79339174, 10.42684143 ], [ -85.79340351, 10.42685627 ], [ -85.79340251, 10.42687327 ], [ -85.79339063, 10.42690253 ], [ -85.79338793, 10.42692495 ], [ -85.79339521, 10.42693666 ], [ -85.79340939, 10.42695764 ], [ -85.79340777, 10.42697861 ], [ -85.7933958, 10.42699233 ], [ -85.79337376, 10.42700131 ], [ -85.79335365, 10.4270138 ], [ -85.79334972, 10.42702874 ], [ -85.79336102, 10.42704105 ], [ -85.79338206, 10.42704907 ], [ -85.79340898, 10.42704576 ], [ -85.79343651, 10.42703855 ], [ -85.79346342, 10.42703524 ], [ -85.79348778, 10.42703239 ], [ -85.79351663, 10.42703259 ], [ -85.79353938, 10.42703517 ], [ -85.7935547, 10.42704819 ], [ -85.79355271, 10.42706664 ], [ -85.79353941, 10.42708831 ], [ -85.79351817, 10.42710886 ], [ -85.79349451, 10.42712318 ], [ -85.7934693, 10.42713661 ], [ -85.79344905, 10.42715561 ], [ -85.7934568, 10.42716984 ], [ -85.79347661, 10.42718591 ], [ -85.79349997, 10.42720006 ], [ -85.79352087, 10.42721458 ], [ -85.79353751, 10.42723509 ], [ -85.79353041, 10.42725447 ], [ -85.79351271, 10.42727301 ], [ -85.79349199, 10.42728948 ], [ -85.79348428, 10.42731284 ], [ -85.79347765, 10.42733475 ], [ -85.79345678, 10.42735773 ], [ -85.79343383, 10.42738371 ], [ -85.793422, 10.42740637 ], [ -85.79340539, 10.42742354 ], [ -85.79340571, 10.42744803 ], [ -85.79341516, 10.42747238 ], [ -85.79342509, 10.42749917 ], [ -85.79342952, 10.42752436 ], [ -85.79343495, 10.427548 ], [ -85.79344966, 10.427565 ], [ -85.7934717, 10.42757157 ], [ -85.79349638, 10.42757775 ], [ -85.7935117, 10.42759068 ], [ -85.79352077, 10.42761241 ], [ -85.79354399, 10.42763307 ], [ -85.79356967, 10.4276378 ], [ -85.79359852, 10.42763809 ], [ -85.79362629, 10.42763983 ], [ -85.79365367, 10.42763905 ], [ -85.79367888, 10.42764117 ], [ -85.79370665, 10.42764291 ], [ -85.79373744, 10.42764671 ], [ -85.79376421, 10.42765 ], [ -85.79379452, 10.42765127 ], [ -85.79382385, 10.427654 ], [ -85.79385208, 10.42765827 ], [ -85.79387876, 10.42766146 ], [ -85.7938937, 10.42767195 ], [ -85.7938917, 10.4276904 ], [ -85.79387803, 10.42770955 ], [ -85.79385135, 10.4277219 ], [ -85.79382807, 10.42773884 ], [ -85.79381936, 10.42776365 ], [ -85.79382247, 10.4277968 ], [ -85.79382118, 10.42782681 ], [ -85.7938058, 10.42785148 ], [ -85.79378858, 10.42787254 ], [ -85.79378233, 10.42789698 ], [ -85.7937801, 10.42792193 ], [ -85.79378614, 10.42794169 ], [ -85.79380241, 10.42795959 ], [ -85.7938216, 10.42797963 ], [ -85.79381512, 10.42799503 ], [ -85.79379534, 10.42801656 ], [ -85.79377594, 10.42804062 ], [ -85.7937676, 10.42806796 ], [ -85.79376878, 10.42809751 ], [ -85.79378187, 10.42811994 ], [ -85.79380471, 10.42813806 ], [ -85.79382953, 10.42815329 ], [ -85.79384873, 10.42817333 ], [ -85.79386584, 10.42819628 ], [ -85.79388604, 10.42819933 ], [ -85.79390846, 10.42819288 ], [ -85.79393182, 10.42819148 ], [ -85.79393499, 10.42820267 ], [ -85.79394392, 10.42823091 ], [ -85.79395971, 10.42824637 ], [ -85.79398577, 10.42825354 ], [ -85.79401254, 10.42825682 ], [ -85.79403893, 10.42827303 ], [ -85.79406655, 10.42828128 ], [ -85.79408982, 10.42827989 ], [ -85.79411195, 10.42828645 ], [ -85.79413006, 10.42830804 ], [ -85.79415592, 10.42832823 ], [ -85.79418137, 10.42833947 ], [ -85.79420279, 10.42833447 ], [ -85.79421438, 10.42831823 ], [ -85.79422466, 10.42829449 ], [ -85.79423446, 10.42826814 ], [ -85.79424975, 10.42824356 ], [ -85.79427108, 10.42822302 ], [ -85.79429791, 10.42820425 ], [ -85.79432558, 10.42819045 ], [ -85.79435127, 10.42817955 ], [ -85.79437833, 10.42816982 ], [ -85.79440037, 10.42816084 ], [ -85.79442681, 10.428155 ], [ -85.794433, 10.42816825 ], [ -85.79443635, 10.42819489 ], [ -85.79445035, 10.42820023 ], [ -85.79447419, 10.42820136 ], [ -85.79450048, 10.42820203 ], [ -85.79450218, 10.42821214 ], [ -85.79448851, 10.42823129 ], [ -85.79446679, 10.4282493 ], [ -85.79444739, 10.42827336 ], [ -85.79443087, 10.42830599 ], [ -85.79443072, 10.42832804 ], [ -85.79444666, 10.4283369 ], [ -85.79447211, 10.4283326 ], [ -85.79450219, 10.42832484 ], [ -85.79450838, 10.42833809 ], [ -85.7945071, 10.4283681 ], [ -85.79450425, 10.42839713 ], [ -85.79451091, 10.42841281 ], [ -85.79452817, 10.42841371 ], [ -85.79455376, 10.4284029 ], [ -85.79458059, 10.42838405 ], [ -85.79460486, 10.42836565 ], [ -85.79463362, 10.4283504 ], [ -85.79465969, 10.42834203 ], [ -85.79468258, 10.4283382 ], [ -85.79468557, 10.42833393 ], [ -85.79471704, 10.42829733 ], [ -85.79472318, 10.4282851 ], [ -85.79474921, 10.42828721 ], [ -85.79477038, 10.42830128 ], [ -85.79478543, 10.42833084 ], [ -85.79480057, 10.42834422 ], [ -85.79483415, 10.42834159 ], [ -85.79486174, 10.42832851 ], [ -85.79487945, 10.42832832 ], [ -85.79489204, 10.42834208 ], [ -85.79488662, 10.42836787 ], [ -85.79487165, 10.42838503 ], [ -85.79486899, 10.42841478 ], [ -85.79487465, 10.42843056 ], [ -85.7948543, 10.42846376 ], [ -85.79484313, 10.42849003 ], [ -85.79484449, 10.42852029 ], [ -85.79483576, 10.42854276 ], [ -85.79482258, 10.4285525 ], [ -85.79478546, 10.42854403 ], [ -85.79474636, 10.42853865 ], [ -85.79473003, 10.42857236 ], [ -85.79475013, 10.42859095 ], [ -85.79474937, 10.42860153 ], [ -85.79475418, 10.42862916 ], [ -85.79476515, 10.42863244 ], [ -85.79477807, 10.42862378 ], [ -85.79480267, 10.42861443 ], [ -85.7948152, 10.42861879 ], [ -85.79482541, 10.42863256 ], [ -85.79483231, 10.42865728 ], [ -85.79484185, 10.42868163 ], [ -85.79485192, 10.42870191 ], [ -85.79486639, 10.42870978 ], [ -85.79489113, 10.42870946 ], [ -85.79491426, 10.42869903 ], [ -85.79494326, 10.42869281 ], [ -85.794967, 10.42869394 ], [ -85.79498153, 10.42867976 ], [ -85.79498446, 10.42866637 ], [ -85.79498414, 10.42864179 ], [ -85.79499626, 10.42862157 ], [ -85.79501111, 10.42861642 ], [ -85.79503679, 10.42862116 ], [ -85.79505992, 10.42862627 ], [ -85.79508343, 10.42861836 ], [ -85.79510647, 10.42860793 ], [ -85.79512264, 10.42861037 ], [ -85.795146, 10.42862452 ], [ -85.79516629, 10.42864311 ], [ -85.79518974, 10.42865726 ], [ -85.7952043, 10.42868068 ], [ -85.79520864, 10.42870587 ], [ -85.79522126, 10.42872568 ], [ -85.79522135, 10.42874122 ], [ -85.79520961, 10.42876397 ], [ -85.79519098, 10.42877754 ], [ -85.79518387, 10.42879692 ], [ -85.79519247, 10.42881612 ], [ -85.79519667, 10.42884782 ], [ -85.79519406, 10.42887034 ], [ -85.79520034, 10.42889904 ], [ -85.79521892, 10.42892307 ], [ -85.79523463, 10.42892298 ], [ -85.79524707, 10.4289118 ], [ -85.7952712, 10.42889991 ], [ -85.7952992, 10.42889515 ], [ -85.79531575, 10.42890011 ], [ -85.79533046, 10.42891702 ], [ -85.79533163, 10.42893102 ], [ -85.79534666, 10.42895706 ], [ -85.79536104, 10.42896493 ], [ -85.79538279, 10.42898451 ], [ -85.79538737, 10.42900319 ], [ -85.7953867, 10.42902922 ], [ -85.79538191, 10.42905464 ], [ -85.79536894, 10.42908535 ], [ -85.79536023, 10.42911016 ], [ -85.79535142, 10.42913498 ], [ -85.79536079, 10.42914378 ], [ -85.79537602, 10.42914117 ], [ -85.79539853, 10.4291348 ], [ -85.79542048, 10.42912582 ], [ -85.79544801, 10.42911853 ], [ -85.79546712, 10.42912303 ], [ -85.79549536, 10.4291273 ], [ -85.79552189, 10.42912146 ], [ -85.79553125, 10.42913026 ], [ -85.79553328, 10.42914932 ], [ -85.79553493, 10.42918148 ], [ -85.79554021, 10.42921164 ], [ -85.79553505, 10.42923462 ], [ -85.79552298, 10.42924825 ], [ -85.79551891, 10.42926969 ], [ -85.79552704, 10.42928645 ], [ -85.79553185, 10.42931417 ], [ -85.79552073, 10.42933294 ], [ -85.79550133, 10.42935691 ], [ -85.7954824, 10.42938349 ], [ -85.79546239, 10.42941153 ], [ -85.79545018, 10.42943175 ], [ -85.79543683, 10.42945993 ], [ -85.79542802, 10.42948475 ], [ -85.7954326, 10.42950343 ], [ -85.79544211, 10.42950573 ], [ -85.79547011, 10.42950096 ], [ -85.79549168, 10.42948945 ], [ -85.79551457, 10.42948553 ], [ -85.79552763, 10.42947036 ], [ -85.79553999, 10.42944363 ], [ -85.79555026, 10.42941989 ], [ -85.79556247, 10.42939967 ], [ -85.79557459, 10.42937945 ], [ -85.7955885, 10.42935371 ], [ -85.79559622, 10.42933044 ], [ -85.79560091, 10.42930492 ], [ -85.79560059, 10.42928044 ], [ -85.79560173, 10.42925693 ], [ -85.79561332, 10.42924069 ], [ -85.79563868, 10.42922075 ], [ -85.79566272, 10.42920887 ], [ -85.79568491, 10.42919347 ], [ -85.79570307, 10.42917737 ], [ -85.79572077, 10.42915884 ], [ -85.79572285, 10.4291403 ], [ -85.7957301, 10.4291145 ], [ -85.79574146, 10.42910477 ], [ -85.79576544, 10.42909939 ], [ -85.79578856, 10.4291045 ], [ -85.79580497, 10.42911598 ], [ -85.79582734, 10.42913158 ], [ -85.79584847, 10.42915523 ], [ -85.79586805, 10.42917771 ], [ -85.79588748, 10.42919134 ], [ -85.79589453, 10.42920956 ], [ -85.79588913, 10.42922341 ], [ -85.79587933, 10.42924968 ], [ -85.79587648, 10.4292787 ], [ -85.79586342, 10.42929387 ], [ -85.79584123, 10.42930936 ], [ -85.79582803, 10.42933103 ], [ -85.79582958, 10.42934756 ], [ -85.79584367, 10.42936854 ], [ -85.79586187, 10.42939004 ], [ -85.79585894, 10.42940352 ], [ -85.79584705, 10.42943278 ], [ -85.79584335, 10.42945666 ], [ -85.79584755, 10.42948836 ], [ -85.79584626, 10.42951837 ], [ -85.79583661, 10.42953821 ], [ -85.79581891, 10.42955675 ], [ -85.79580027, 10.42957032 ], [ -85.79578713, 10.42956994 ], [ -85.79577374, 10.42956053 ], [ -85.79574295, 10.42955672 ], [ -85.79572455, 10.42956379 ], [ -85.79569688, 10.42957759 ], [ -85.79567701, 10.42959912 ], [ -85.79567246, 10.42961803 ], [ -85.79567055, 10.42965202 ], [ -85.79566222, 10.42967936 ], [ -85.79564731, 10.42970656 ], [ -85.79564153, 10.42973343 ], [ -85.7956427, 10.42976307 ], [ -85.79564814, 10.42978672 ], [ -85.7956364, 10.42980947 ], [ -85.79562002, 10.42983559 ], [ -85.7956106, 10.42986438 ], [ -85.7956131, 10.42988605 ], [ -85.79561451, 10.42990909 ], [ -85.7956163, 10.42993466 ], [ -85.79562528, 10.42994093 ], [ -85.79564051, 10.42993832 ], [ -85.79566866, 10.42992704 ], [ -85.79569572, 10.42991722 ], [ -85.79571582, 10.42990473 ], [ -85.79571621, 10.42989171 ], [ -85.79571494, 10.42986217 ], [ -85.79572847, 10.42984953 ], [ -85.79575089, 10.42984308 ], [ -85.79576073, 10.42985432 ], [ -85.7957708, 10.42987469 ], [ -85.79578735, 10.42987956 ], [ -85.79579818, 10.4298739 ], [ -85.79580505, 10.42986103 ], [ -85.79581494, 10.42983476 ], [ -85.79582985, 10.42980757 ], [ -85.79584196, 10.42978735 ], [ -85.79585928, 10.42976628 ], [ -85.79587721, 10.42975669 ], [ -85.7958923, 10.42976058 ], [ -85.79592247, 10.42976846 ], [ -85.79594228, 10.42978452 ], [ -85.7959488, 10.42980672 ], [ -85.79594085, 10.42982104 ], [ -85.79592391, 10.42982909 ], [ -85.79589175, 10.42983975 ], [ -85.79586251, 10.42985257 ], [ -85.79584737, 10.42987064 ], [ -85.7958459, 10.4298852 ], [ -85.79585228, 10.4299139 ], [ -85.79585809, 10.42994008 ], [ -85.79585269, 10.42995403 ], [ -85.79583537, 10.42997509 ], [ -85.79581644, 10.43000159 ], [ -85.79581236, 10.43002303 ], [ -85.79581169, 10.43004906 ], [ -85.79581202, 10.43007364 ], [ -85.79581172, 10.4301022 ], [ -85.79580958, 10.43012724 ], [ -85.79581076, 10.43015679 ], [ -85.795809, 10.43018427 ], [ -85.79579864, 10.43019256 ], [ -85.79577622, 10.43019901 ], [ -85.79576113, 10.43019512 ], [ -85.79575092, 10.43018126 ], [ -85.79573844, 10.43015485 ], [ -85.79572852, 10.43012806 ], [ -85.79571598, 10.4301237 ], [ -85.79570903, 10.43013658 ], [ -85.79569568, 10.43016476 ], [ -85.79568168, 10.43017496 ], [ -85.79566096, 10.43017589 ], [ -85.79563938, 10.43018731 ], [ -85.79563035, 10.43020317 ], [ -85.7956152, 10.43022124 ], [ -85.79559926, 10.43022784 ], [ -85.79557869, 10.43022235 ], [ -85.7955725, 10.4302091 ], [ -85.7955779, 10.43019524 ], [ -85.79557208, 10.43018452 ], [ -85.79556489, 10.43018836 ], [ -85.7955437, 10.43018685 ], [ -85.79554006, 10.43017322 ], [ -85.79553927, 10.43014612 ], [ -85.79552371, 10.4301397 ], [ -85.7955064, 10.43014522 ], [ -85.7954791, 10.43016155 ], [ -85.79546542, 10.43018069 ], [ -85.79545468, 10.43020199 ], [ -85.79544101, 10.43022114 ], [ -85.7954226, 10.4302282 ], [ -85.79541386, 10.43021541 ], [ -85.79541292, 10.4301949 ], [ -85.79541761, 10.43016948 ], [ -85.79542084, 10.43014299 ], [ -85.79541256, 10.43013273 ], [ -85.795398, 10.43010931 ], [ -85.79539078, 10.43007555 ], [ -85.79538497, 10.43004929 ], [ -85.79537135, 10.43004647 ], [ -85.79535342, 10.43005597 ], [ -85.79532333, 10.43006373 ], [ -85.79530167, 10.4300597 ], [ -85.79528124, 10.43004761 ], [ -85.79525656, 10.43004142 ], [ -85.79523816, 10.43004849 ], [ -85.79521403, 10.43006037 ], [ -85.79519246, 10.43007179 ], [ -85.79516469, 10.43007005 ], [ -85.79514829, 10.43005857 ], [ -85.79512994, 10.43004358 ], [ -85.79511183, 10.43002208 ], [ -85.7950907, 10.42999843 ], [ -85.79507065, 10.42997333 ], [ -85.79504843, 10.42995122 ], [ -85.79502375, 10.42992958 ], [ -85.79500091, 10.42991136 ], [ -85.79497514, 10.42989117 ], [ -85.79494984, 10.42987351 ], [ -85.79492152, 10.4298537 ], [ -85.7948887, 10.42983075 ], [ -85.79485891, 10.42980995 ], [ -85.7948251, 10.42978854 ], [ -85.79478958, 10.42977256 ], [ -85.79475492, 10.42976155 ], [ -85.79471462, 10.42975554 ], [ -85.79467711, 10.42975801 ], [ -85.79464386, 10.42977013 ], [ -85.79460937, 10.42979029 ], [ -85.794579, 10.42981107 ], [ -85.79454768, 10.42982679 ], [ -85.79451149, 10.42983684 ], [ -85.79448217, 10.42983402 ], [ -85.79445308, 10.4298247 ], [ -85.79442229, 10.42982089 ], [ -85.79438928, 10.42982659 ], [ -85.79434921, 10.42984507 ], [ -85.79432873, 10.42985504 ], [ -85.79430616, 10.42986791 ], [ -85.79427886, 10.42988424 ], [ -85.79425459, 10.42990263 ], [ -85.79422876, 10.42992004 ], [ -85.79420449, 10.42993843 ], [ -85.7941735, 10.42996319 ], [ -85.79414497, 10.42998748 ], [ -85.79412264, 10.43000938 ], [ -85.79409667, 10.4300333 ], [ -85.7940696, 10.43005857 ], [ -85.79404874, 10.43008164 ], [ -85.79403042, 10.43010416 ], [ -85.79400747, 10.43013014 ], [ -85.79398282, 10.43016154 ], [ -85.79396134, 10.43018851 ], [ -85.79394303, 10.43021111 ], [ -85.79392935, 10.43023026 ], [ -85.7939125, 10.43025385 ], [ -85.79389674, 10.43027599 ], [ -85.79388098, 10.43029813 ], [ -85.79386513, 10.43032027 ], [ -85.79384985, 10.43034494 ], [ -85.7938313, 10.43037396 ], [ -85.79381346, 10.43039909 ], [ -85.79380016, 10.43042077 ], [ -85.79378487, 10.43044544 ], [ -85.7937685, 10.43047156 ], [ -85.79375203, 10.43049768 ], [ -85.79373565, 10.4305238 ], [ -85.79371564, 10.43055183 ], [ -85.79370035, 10.43057641 ], [ -85.7936808, 10.43060698 ], [ -85.79366481, 10.43063563 ], [ -85.79364735, 10.4306632 ], [ -85.79363035, 10.4306933 ], [ -85.79361753, 10.43071759 ], [ -85.79360262, 10.43074469 ], [ -85.79358672, 10.43077334 ], [ -85.79357219, 10.43080307 ], [ -85.79355628, 10.43083171 ], [ -85.79354029, 10.43086027 ], [ -85.79353001, 10.4308841 ], [ -85.79351719, 10.4309083 ], [ -85.79350384, 10.43093648 ], [ -85.7934904, 10.43096475 ], [ -85.79347804, 10.43099148 ], [ -85.7934646, 10.43101967 ], [ -85.79345371, 10.43104738 ], [ -85.793445, 10.43107228 ], [ -85.79343558, 10.43110108 ], [ -85.79342469, 10.43112879 ], [ -85.79341536, 10.43115767 ], [ -85.79340338, 10.43118693 ], [ -85.79339358, 10.43121319 ], [ -85.79337791, 10.43125088 ], [ -85.79336556, 10.43127761 ], [ -85.79335297, 10.43131085 ], [ -85.79334255, 10.43134109 ], [ -85.79332958, 10.4313718 ], [ -85.79332186, 10.43139516 ], [ -85.79331144, 10.43142549 ], [ -85.79329947, 10.43145466 ], [ -85.79328905, 10.431485 ], [ -85.79327963, 10.43151379 ], [ -85.79326836, 10.43153907 ], [ -85.79325894, 10.43156786 ], [ -85.79324706, 10.43159712 ], [ -85.79323617, 10.43162492 ], [ -85.79322428, 10.43165418 ], [ -85.79321122, 10.43168489 ], [ -85.79320398, 10.43171069 ], [ -85.79319356, 10.43174102 ], [ -85.79318569, 10.43177089 ], [ -85.79317821, 10.43180319 ], [ -85.79317073, 10.43183559 ], [ -85.79316495, 10.43186255 ], [ -85.79315538, 10.43189785 ], [ -85.79314581, 10.43193315 ], [ -85.79313625, 10.43196845 ], [ -85.79312422, 10.43200422 ], [ -85.79311465, 10.43203952 ], [ -85.79310523, 10.4320684 ], [ -85.79309675, 10.43210225 ], [ -85.79308818, 10.4321361 ], [ -85.79307823, 10.43216887 ], [ -85.79306975, 10.43220272 ], [ -85.79306289, 10.43223113 ], [ -85.79305687, 10.43226451 ], [ -85.79304948, 10.43229691 ], [ -85.79304455, 10.43232884 ], [ -85.79304217, 10.4323603 ], [ -85.79303833, 10.43239078 ], [ -85.7930351, 10.43241728 ], [ -85.79303017, 10.43244921 ], [ -85.79302524, 10.43248114 ], [ -85.79302031, 10.43251307 ], [ -85.79301439, 10.43254645 ], [ -85.79300861, 10.43257341 ], [ -85.79300514, 10.43260633 ], [ -85.79300021, 10.43263826 ], [ -85.79299575, 10.43267272 ], [ -85.79299021, 10.43270872 ], [ -85.79298475, 10.43274463 ], [ -85.79298238, 10.43277609 ], [ -85.79297939, 10.43281162 ], [ -85.79297531, 10.43284861 ], [ -85.79297085, 10.43288307 ], [ -85.79296786, 10.43291851 ], [ -85.79296401, 10.43294899 ], [ -85.792957, 10.43298391 ], [ -85.79295145, 10.43301982 ], [ -85.79294699, 10.43305428 ], [ -85.79294254, 10.43308874 ], [ -85.79293954, 10.43312418 ], [ -85.79293778, 10.43315176 ], [ -85.79293432, 10.43318467 ], [ -85.79293133, 10.43322021 ], [ -85.79292942, 10.4332542 ], [ -85.79292752, 10.43328828 ], [ -85.79292576, 10.43331576 ], [ -85.79292385, 10.43334976 ], [ -85.79292186, 10.43338384 ], [ -85.79291886, 10.43341928 ], [ -85.79291696, 10.43345327 ], [ -85.79291652, 10.43348834 ], [ -85.79291268, 10.43351882 ], [ -85.7929086, 10.4335558 ], [ -85.79290461, 10.43359279 ], [ -85.79290162, 10.43362832 ], [ -85.79290118, 10.4336633 ], [ -85.79289989, 10.4336934 ], [ -85.7928969, 10.43372885 ], [ -85.79289537, 10.43376537 ], [ -85.79289541, 10.43380296 ], [ -85.7928928, 10.43384102 ], [ -85.79289136, 10.43387754 ], [ -85.79288998, 10.43390756 ], [ -85.79288855, 10.43394408 ], [ -85.79288702, 10.4339806 ], [ -85.79288805, 10.43401674 ], [ -85.79288662, 10.43405326 ], [ -85.79288524, 10.43408327 ], [ -85.7928838, 10.43411988 ], [ -85.79288336, 10.43415495 ], [ -85.7928833, 10.43419245 ], [ -85.79288442, 10.4342286 ], [ -85.79288484, 10.43426872 ], [ -85.79288648, 10.4343008 ], [ -85.79289006, 10.43433647 ], [ -85.79289156, 10.43437506 ], [ -85.79289306, 10.43441373 ], [ -85.79289456, 10.43445231 ], [ -85.79289512, 10.43448592 ], [ -85.792896, 10.43452858 ], [ -85.79289542, 10.43457006 ], [ -85.7928963, 10.43461271 ], [ -85.79289563, 10.43465429 ], [ -85.79289504, 10.43469587 ], [ -85.79289413, 10.43472841 ], [ -85.79289308, 10.43476745 ], [ -85.79289202, 10.4348065 ], [ -85.7928895, 10.43484456 ], [ -85.79288954, 10.43488207 ], [ -85.79288971, 10.43491316 ], [ -85.79288966, 10.43495075 ], [ -85.79289007, 10.43499088 ], [ -85.79288901, 10.43502992 ], [ -85.79289051, 10.4350685 ], [ -85.79288946, 10.43510755 ], [ -85.79289119, 10.43513972 ], [ -85.79289114, 10.43517731 ], [ -85.79289372, 10.43521444 ], [ -85.79289267, 10.43525349 ], [ -85.79289455, 10.4352946 ], [ -85.79289666, 10.4353292 ], [ -85.79289854, 10.4353704 ], [ -85.79290051, 10.43541151 ], [ -85.79290139, 10.43545416 ], [ -85.79290436, 10.43549382 ], [ -85.79290879, 10.43553446 ], [ -85.792912, 10.43556761 ], [ -85.79291643, 10.43560835 ], [ -85.7929184, 10.43564946 ], [ -85.79292028, 10.43569066 ], [ -85.79292372, 10.43573284 ], [ -85.79292683, 10.43576599 ], [ -85.79293088, 10.43580411 ], [ -85.7929354, 10.43584484 ], [ -85.79293937, 10.43588305 ], [ -85.79294489, 10.43592224 ], [ -85.79294941, 10.43596297 ], [ -85.79295214, 10.43599359 ], [ -85.79295511, 10.43603325 ], [ -85.79295699, 10.43607436 ], [ -85.79296151, 10.4361151 ], [ -85.79296547, 10.4361533 ], [ -85.79296759, 10.4361879 ], [ -85.79297056, 10.43622756 ], [ -85.79297352, 10.43626722 ], [ -85.79297549, 10.43630842 ], [ -85.79297993, 10.43634906 ], [ -85.79298289, 10.43638872 ], [ -85.79298501, 10.43642341 ], [ -85.79299053, 10.4364626 ], [ -85.79299761, 10.43650287 ], [ -85.79300351, 10.43654459 ], [ -85.79300803, 10.43658532 ], [ -85.79301417, 10.43662054 ], [ -85.79301907, 10.4366638 ], [ -85.79302497, 10.43670552 ], [ -85.79303096, 10.43674724 ], [ -85.79303795, 10.43678751 ], [ -85.79304541, 10.4368303 ], [ -85.7930541, 10.43686514 ], [ -85.79306557, 10.43690854 ], [ -85.79307705, 10.43695195 ], [ -85.79308806, 10.43699283 ], [ -85.79309916, 10.4370337 ], [ -85.79310785, 10.43706845 ], [ -85.79311839, 10.43710689 ], [ -85.7931301, 10.4371437 ], [ -85.79313917, 10.43718106 ], [ -85.79314871, 10.43722086 ], [ -85.79315934, 10.43725921 ], [ -85.79316756, 10.43729152 ], [ -85.79317965, 10.43733095 ], [ -85.79318929, 10.43737075 ], [ -85.79319982, 10.4374091 ], [ -85.79321092, 10.43744997 ], [ -85.7932217, 10.43748191 ], [ -85.79323426, 10.43752377 ], [ -85.79324527, 10.43756465 ], [ -85.79325783, 10.4376066 ], [ -85.79326884, 10.43764748 ], [ -85.79328141, 10.43768934 ], [ -85.79329156, 10.43772525 ], [ -85.79330404, 10.43776712 ], [ -85.79331807, 10.43781015 ], [ -85.79333419, 10.43785009 ], [ -85.79334628, 10.43788952 ], [ -85.79335753, 10.43792389 ], [ -85.79336962, 10.43796331 ], [ -85.79337916, 10.43800312 ], [ -85.79339126, 10.43804254 ], [ -85.79340188, 10.43808089 ], [ -85.79341398, 10.43812032 ], [ -85.79342475, 10.43815216 ], [ -85.79343794, 10.43819004 ], [ -85.79345112, 10.43822802 ], [ -85.79346421, 10.4382659 ], [ -85.79347531, 10.43830678 ], [ -85.79348391, 10.43834161 ], [ -85.79349647, 10.43838357 ], [ -85.79350648, 10.4384259 ], [ -85.79352151, 10.43846738 ], [ -85.79353408, 10.43850925 ], [ -85.79354664, 10.4385512 ], [ -85.7935568, 10.43858702 ], [ -85.79356928, 10.43862898 ], [ -85.79357726, 10.43865225 ], [ -85.7935989, 10.43871593 ], [ -85.79361184, 10.43876041 ], [ -85.79362347, 10.43879722 ], [ -85.79363603, 10.43883917 ], [ -85.79364898, 10.43888366 ], [ -85.79366263, 10.43892407 ], [ -85.79367875, 10.4389641 ], [ -85.7936934, 10.43900306 ], [ -85.79370564, 10.43903589 ], [ -85.79372029, 10.43907494 ], [ -85.7937364, 10.43911489 ], [ -85.7937536, 10.43915347 ], [ -85.79377072, 10.43919196 ], [ -85.7937856, 10.43922441 ], [ -85.79380271, 10.439263 ], [ -85.793821, 10.43930004 ], [ -85.79383821, 10.43933853 ], [ -85.7938564, 10.43937566 ], [ -85.79387314, 10.43941163 ], [ -85.7938901, 10.43944118 ], [ -85.79391039, 10.43947522 ], [ -85.79393123, 10.43951189 ], [ -85.79394943, 10.43954893 ], [ -85.79396725, 10.43958353 ], [ -85.79398266, 10.43961192 ], [ -85.79399892, 10.43964544 ], [ -85.7940138, 10.4396779 ], [ -85.79402959, 10.4397089 ], [ -85.79404448, 10.43974135 ], [ -85.79405781, 10.43977281 ], [ -85.79408267, 10.43982554 ], [ -85.79409553, 10.43985448 ], [ -85.79410654, 10.43987981 ], [ -85.79411235, 10.43990599 ], [ -85.79411631, 10.43992865 ], [ -85.79411664, 10.43995323 ], [ -85.79411402, 10.43997566 ], [ -85.79411033, 10.43999963 ], [ -85.79410772, 10.44002215 ], [ -85.79410657, 10.44004565 ], [ -85.79410637, 10.44008975 ], [ -85.79410679, 10.44011433 ], [ -85.79410711, 10.44013882 ], [ -85.79411154, 10.44017956 ], [ -85.79411697, 10.4402033 ], [ -85.7941224, 10.44022694 ], [ -85.79412977, 10.44025419 ], [ -85.79413568, 10.44028037 ], [ -85.79414305, 10.44030762 ], [ -85.79414848, 10.44033136 ], [ -85.79415693, 10.44035716 ], [ -85.79416421, 10.44038441 ], [ -85.79417314, 10.44041265 ], [ -85.79418051, 10.4404399 ], [ -85.79418693, 10.44046219 ], [ -85.79419577, 10.44049042 ], [ -85.79420423, 10.44051622 ], [ -85.79421514, 10.44054156 ], [ -85.79422762, 10.44056797 ], [ -85.79423901, 10.44059583 ], [ -85.79424908, 10.44061611 ], [ -85.79426156, 10.44064252 ], [ -85.79427503, 10.44066738 ], [ -85.79428859, 10.44069234 ], [ -85.79430098, 10.44071866 ], [ -85.79431005, 10.44074048 ], [ -85.79432352, 10.44076544 ], [ -85.79433917, 10.44078731 ], [ -85.79435619, 10.44081035 ], [ -85.79437439, 10.44083185 ], [ -85.79439359, 10.4408519 ], [ -85.79443175, 10.44088304 ], [ -85.79445558, 10.44089963 ], [ -85.79447895, 10.44091377 ], [ -85.7945034, 10.44092647 ], [ -85.79454851, 10.44094474 ], [ -85.79457405, 10.4409559 ], [ -85.79460058, 10.4409656 ], [ -85.79462612, 10.44097684 ], [ -85.79465157, 10.440988 ], [ -85.79469058, 10.44100856 ], [ -85.794712, 10.4410192 ], [ -85.79474629, 10.44104313 ], [ -85.79477546, 10.441068 ], [ -85.7948045, 10.44109929 ], [ -85.79483561, 10.44112767 ], [ -85.79487259, 10.44114473 ], [ -85.79491577, 10.4411594 ], [ -85.79495129, 10.44117537 ], [ -85.79498425, 10.44119173 ], [ -85.79501721, 10.44120817 ], [ -85.79504724, 10.44122246 ], [ -85.79508035, 10.4412324 ], [ -85.79511246, 10.44124369 ], [ -85.79514155, 10.44125302 ], [ -85.795166, 10.44126572 ], [ -85.79518264, 10.44128614 ], [ -85.79518708, 10.44131133 ], [ -85.79519946, 10.44133774 ], [ -85.795211, 10.44134355 ], [ -85.79523862, 10.4413518 ], [ -85.79527282, 10.44136019 ], [ -85.79530654, 10.44136614 ], [ -85.79533052, 10.44137631 ], [ -85.79535421, 10.4413995 ], [ -85.79537373, 10.44142849 ], [ -85.79539316, 10.44145757 ], [ -85.79541879, 10.44148436 ], [ -85.79544518, 10.44150057 ], [ -85.7954762, 10.44151341 ], [ -85.79550382, 10.44152165 ], [ -85.79552525, 10.44153229 ], [ -85.79554004, 10.4415492 ], [ -85.79554756, 10.44156994 ], [ -85.79556018, 10.44158975 ], [ -85.79558122, 10.44159786 ], [ -85.79560327, 10.44160442 ], [ -85.79562942, 10.44161168 ], [ -85.79566546, 10.44160814 ], [ -85.79569602, 10.4416029 ], [ -85.79572951, 10.44159982 ], [ -85.79575519, 10.44160447 ], [ -85.79577723, 10.44161103 ], [ -85.79578853, 10.44162335 ], [ -85.79579954, 10.44164878 ], [ -85.79581812, 10.4416728 ], [ -85.79584342, 10.44169046 ], [ -85.79586433, 10.44170508 ], [ -85.79588035, 10.44172957 ], [ -85.79587935, 10.44174656 ], [ -85.79586856, 10.44177428 ], [ -85.79586586, 10.4417968 ], [ -85.79587469, 10.44180958 ], [ -85.79589583, 10.44183314 ], [ -85.79591091, 10.44185258 ], [ -85.79590977, 10.44187617 ], [ -85.79589084, 10.44190267 ], [ -85.79587153, 10.44192672 ], [ -85.79585824, 10.4419484 ], [ -85.79585803, 10.44197696 ], [ -85.79586129, 10.4420036 ], [ -85.79586549, 10.4420353 ], [ -85.79586993, 10.44206049 ], [ -85.79587985, 10.44208727 ], [ -85.79589224, 10.44211368 ], [ -85.79590216, 10.44214047 ], [ -85.79590504, 10.44216458 ], [ -85.79589107, 10.44219683 ], [ -85.79587739, 10.44221598 ], [ -85.7958508, 10.44224387 ], [ -85.79583334, 10.44227145 ], [ -85.79582779, 10.44230736 ], [ -85.7958405, 10.4423428 ], [ -85.79585421, 10.44236116 ], [ -85.79588069, 10.44239291 ], [ -85.79589223, 10.44241427 ], [ -85.79590479, 10.44245622 ], [ -85.79591022, 10.44247987 ], [ -85.79591712, 10.44250468 ], [ -85.79594005, 10.44253835 ], [ -85.79597448, 10.44255578 ], [ -85.79599274, 10.44255523 ], [ -85.79603195, 10.44254724 ], [ -85.79607471, 10.44253742 ], [ -85.79611795, 10.44253003 ], [ -85.79614874, 10.44253384 ], [ -85.7961581, 10.44254255 ], [ -85.79618132, 10.4425632 ], [ -85.79619447, 10.44256358 ], [ -85.79622215, 10.44254978 ], [ -85.79624396, 10.44253185 ], [ -85.79626591, 10.44252287 ], [ -85.79629746, 10.44251619 ], [ -85.79632182, 10.44251334 ], [ -85.7963353, 10.44252275 ], [ -85.79635326, 10.44255076 ], [ -85.79637539, 10.44257287 ], [ -85.79640363, 10.44257714 ], [ -85.79644431, 10.44257022 ], [ -85.79648352, 10.44256223 ], [ -85.79651786, 10.44256411 ], [ -85.79654704, 10.44257344 ], [ -85.79657783, 10.44257724 ], [ -85.79660319, 10.44257294 ], [ -85.79662244, 10.44255539 ], [ -85.79663016, 10.44253203 ], [ -85.79664847, 10.44250942 ], [ -85.79666016, 10.44250882 ], [ -85.79669147, 10.44250864 ], [ -85.79670841, 10.4425005 ], [ -85.79672975, 10.44248005 ], [ -85.79672502, 10.44246787 ], [ -85.79670559, 10.44243879 ], [ -85.79670394, 10.44242226 ], [ -85.79670664, 10.44239974 ], [ -85.79671606, 10.4423865 ], [ -85.79673716, 10.44237255 ], [ -85.79675882, 10.44237659 ], [ -85.79677717, 10.44239157 ], [ -85.79679173, 10.44241508 ], [ -85.79680899, 10.44243152 ], [ -85.79683174, 10.4424341 ], [ -85.79685393, 10.44241871 ], [ -85.79687309, 10.44240116 ], [ -85.79689381, 10.44238468 ], [ -85.7969126, 10.44238015 ], [ -85.79693426, 10.44238427 ], [ -85.79694154, 10.44239598 ], [ -85.79694016, 10.44241045 ], [ -85.79692733, 10.44243465 ], [ -85.79690694, 10.44246016 ], [ -85.79687278, 10.44248936 ], [ -85.79684571, 10.44251464 ], [ -85.79682887, 10.44253832 ], [ -85.79683539, 10.44256052 ], [ -85.79684683, 10.44256633 ], [ -85.79688297, 10.44257833 ], [ -85.79691153, 10.44259154 ], [ -85.79692756, 10.44261603 ], [ -85.79695811, 10.44262634 ], [ -85.79697552, 10.44262082 ], [ -85.79701317, 10.44261184 ], [ -85.79704373, 10.44260661 ], [ -85.7970749, 10.44261294 ], [ -85.79707669, 10.44262305 ], [ -85.79707384, 10.44265199 ], [ -85.79706853, 10.44268139 ], [ -85.79707643, 10.44268912 ], [ -85.79710528, 10.44268941 ], [ -85.79713575, 10.44268418 ], [ -85.79715996, 10.44268784 ], [ -85.79717306, 10.44271027 ], [ -85.7971757, 10.44274089 ], [ -85.79719281, 10.44276384 ], [ -85.79720837, 10.44277026 ], [ -85.79724867, 10.44277636 ], [ -85.7972875, 10.44278138 ], [ -85.79732619, 10.442793 ], [ -85.7973627, 10.44279189 ], [ -85.79739743, 10.44278085 ], [ -85.79743182, 10.44276068 ], [ -85.79746097, 10.44273241 ], [ -85.79748051, 10.44270185 ], [ -85.79749665, 10.44266669 ], [ -85.79750854, 10.44263743 ], [ -85.79752151, 10.44260672 ], [ -85.79752582, 10.44257877 ], [ -85.79751537, 10.44255597 ], [ -85.79749377, 10.44252979 ], [ -85.79747434, 10.44250071 ], [ -85.79746541, 10.44247247 ], [ -85.79746958, 10.44245103 ], [ -85.79748496, 10.44242636 ], [ -85.7975001, 10.4424082 ], [ -85.79751184, 10.44238554 ], [ -85.79752358, 10.44236279 ], [ -85.79754089, 10.44234164 ], [ -85.79755557, 10.44232104 ], [ -85.79757303, 10.44229338 ], [ -85.7975912, 10.44227737 ], [ -85.79760628, 10.44228126 ], [ -85.79762099, 10.44229817 ], [ -85.79762131, 10.44232275 ], [ -85.79761198, 10.44235154 ], [ -85.79760095, 10.44238585 ], [ -85.79759749, 10.44241886 ], [ -85.79760911, 10.44245576 ], [ -85.79762831, 10.4424758 ], [ -85.79765787, 10.44248756 ], [ -85.79768719, 10.44249038 ], [ -85.79771079, 10.44249802 ], [ -85.79773671, 10.4425117 ], [ -85.79775946, 10.44251429 ], [ -85.79778652, 10.44250446 ], [ -85.79781225, 10.44248715 ], [ -85.79783747, 10.44247381 ], [ -85.7978633, 10.44247195 ], [ -85.79788737, 10.44248212 ], [ -85.79791167, 10.44250132 ], [ -85.7979427, 10.44251416 ], [ -85.79805276, 10.44252258 ], [ -85.798124, 10.44251043 ], [ -85.79814448, 10.44250046 ], [ -85.79816412, 10.44248544 ], [ -85.79817164, 10.44249064 ], [ -85.79817357, 10.44250969 ], [ -85.79816826, 10.44253919 ], [ -85.79816603, 10.44256414 ], [ -85.79817317, 10.44258236 ], [ -85.79818902, 10.44257576 ], [ -85.79821059, 10.44256434 ], [ -85.79823117, 10.44255438 ], [ -85.79825591, 10.44255397 ], [ -85.79826683, 10.44256385 ], [ -85.79828996, 10.44256896 ], [ -85.79829923, 10.44256213 ], [ -85.79831446, 10.44254406 ], [ -85.79833912, 10.4425281 ], [ -85.79835514, 10.44253705 ], [ -85.79836621, 10.44255588 ], [ -85.79839175, 10.44256712 ], [ -85.79841162, 10.44256113 ], [ -85.7984417, 10.44255337 ], [ -85.79846019, 10.44256194 ], [ -85.79848464, 10.442559 ], [ -85.79850721, 10.44254613 ], [ -85.79852887, 10.44255017 ], [ -85.79853213, 10.44256127 ], [ -85.79853586, 10.44259044 ], [ -85.79854896, 10.44261287 ], [ -85.79855955, 10.44261362 ], [ -85.79858306, 10.44260571 ], [ -85.79860719, 10.44259383 ], [ -85.79863264, 10.44258953 ], [ -85.79864077, 10.44260629 ], [ -85.79865935, 10.44263032 ], [ -85.79868394, 10.44263651 ], [ -85.7987118, 10.44263825 ], [ -85.79873176, 10.44264771 ], [ -85.79873974, 10.44267099 ], [ -85.79874201, 10.44269917 ], [ -85.79874829, 10.44272787 ], [ -85.7987654, 10.44275082 ], [ -85.7987846, 10.44277087 ], [ -85.79879027, 10.4427881 ], [ -85.79877759, 10.44280579 ], [ -85.79875393, 10.4428202 ], [ -85.79873415, 10.44284173 ], [ -85.79873448, 10.44286631 ], [ -85.79874237, 10.44287404 ], [ -85.79876791, 10.44288519 ], [ -85.79879133, 10.44287729 ], [ -85.7988085, 10.44286273 ], [ -85.79883286, 10.44285989 ], [ -85.79884246, 10.44287764 ], [ -85.79884519, 10.44290826 ], [ -85.79884329, 10.44294234 ], [ -85.79884285, 10.44297741 ], [ -85.79884156, 10.44300742 ], [ -85.79883569, 10.44303429 ], [ -85.79882589, 10.44306065 ], [ -85.79881524, 10.44308185 ], [ -85.79880133, 10.4431076 ], [ -85.79878751, 10.44313325 ], [ -85.79878513, 10.44316472 ], [ -85.79879411, 10.44317099 ], [ -85.79881578, 10.44317512 ], [ -85.79884445, 10.44315977 ], [ -85.79885505, 10.44314507 ], [ -85.7988701, 10.44311137 ], [ -85.79888879, 10.44307584 ], [ -85.79890819, 10.44305178 ], [ -85.79893006, 10.44302725 ], [ -85.79894899, 10.44300076 ], [ -85.79897032, 10.44298021 ], [ -85.79899715, 10.44296144 ], [ -85.79901849, 10.4429409 ], [ -85.79903812, 10.44292597 ], [ -85.79906263, 10.44291652 ], [ -85.79907355, 10.4429264 ], [ -85.79907898, 10.44295005 ], [ -85.79907296, 10.44298343 ], [ -85.79905365, 10.44302303 ], [ -85.79903203, 10.4430565 ], [ -85.79902431, 10.44307986 ], [ -85.7990411, 10.44307832 ], [ -85.79907024, 10.4430656 ], [ -85.79909962, 10.44304627 ], [ -85.79912607, 10.44302497 ], [ -85.79914764, 10.44301347 ], [ -85.79916273, 10.44301745 ], [ -85.79917441, 10.4430322 ], [ -85.7991814, 10.44305702 ], [ -85.79919091, 10.44305922 ], [ -85.79921077, 10.44305324 ], [ -85.79922023, 10.44306204 ], [ -85.79922666, 10.44308423 ], [ -85.79922877, 10.44311884 ], [ -85.79923406, 10.44314908 ], [ -85.79924621, 10.44316646 ], [ -85.79926248, 10.44318435 ], [ -85.79927912, 10.44320486 ], [ -85.7992802, 10.44321895 ], [ -85.79929004, 10.44323019 ], [ -85.79930554, 10.44325866 ], [ -85.79930407, 10.44327313 ], [ -85.79929233, 10.44329588 ], [ -85.79927062, 10.4433139 ], [ -85.79924039, 10.44332808 ], [ -85.79921564, 10.44334403 ], [ -85.79919818, 10.4433716 ], [ -85.79919372, 10.44340606 ], [ -85.79919684, 10.44343921 ], [ -85.79920946, 10.44345911 ], [ -85.79923012, 10.4434646 ], [ -85.79925486, 10.44346428 ], [ -85.79926772, 10.44347767 ], [ -85.79926881, 10.44349168 ], [ -85.79925792, 10.44351948 ], [ -85.79923459, 10.44354293 ], [ -85.799209, 10.44356928 ], [ -85.79919711, 10.44359854 ], [ -85.79920254, 10.44362219 ], [ -85.7992198, 10.44363872 ], [ -85.79924194, 10.44364528 ], [ -85.79926507, 10.44365048 ], [ -85.79928379, 10.443668 ], [ -85.79929835, 10.44369142 ], [ -85.79931376, 10.44371989 ], [ -85.79933537, 10.44374597 ], [ -85.79935821, 10.4437641 ], [ -85.79938521, 10.44377642 ], [ -85.79941222, 10.44378865 ], [ -85.79943667, 10.44380126 ], [ -85.79945795, 10.4438184 ], [ -85.79946314, 10.44383301 ], [ -85.79946106, 10.44385155 ], [ -85.79945745, 10.44387552 ], [ -85.79945778, 10.4439001 ], [ -85.79946453, 10.44393133 ], [ -85.79948605, 10.44395741 ], [ -85.79950577, 10.44395794 ], [ -85.79952332, 10.44394591 ], [ -85.79953298, 10.44392606 ], [ -85.79954339, 10.44389582 ], [ -85.79955381, 10.44386548 ], [ -85.79957236, 10.44383646 ], [ -85.79959308, 10.44381998 ], [ -85.79961565, 10.44380702 ], [ -85.79963793, 10.44380708 ], [ -85.79965883, 10.44382169 ], [ -85.79966913, 10.44385101 ], [ -85.79966676, 10.44388256 ], [ -85.79966438, 10.44391402 ], [ -85.79967284, 10.44393982 ], [ -85.79969436, 10.44395037 ], [ -85.79972018, 10.44394859 ], [ -85.79974502, 10.44394827 ], [ -85.79975731, 10.44395905 ], [ -85.79976686, 10.44398339 ], [ -85.79977267, 10.44400957 ], [ -85.79978515, 10.44403598 ], [ -85.79980217, 10.44404348 ], [ -85.79981911, 10.44403534 ], [ -85.79984291, 10.44401442 ], [ -85.79986348, 10.44400445 ], [ -85.79988103, 10.44400797 ], [ -85.79989744, 10.44401944 ], [ -85.79990798, 10.44404225 ], [ -85.79991937, 10.44407011 ], [ -85.7999231, 10.44409928 ], [ -85.79991647, 10.44412109 ], [ -85.79990265, 10.44414684 ], [ -85.79989493, 10.4441702 ], [ -85.79990074, 10.44419637 ], [ -85.7999242, 10.44421052 ], [ -85.79994369, 10.44420201 ], [ -85.79996611, 10.44419555 ], [ -85.7999795, 10.44420497 ], [ -85.79997736, 10.44422992 ], [ -85.79996245, 10.44425712 ], [ -85.79994243, 10.44428516 ], [ -85.79994904, 10.4443229 ], [ -85.79996096, 10.44433124 ], [ -85.79999042, 10.44434309 ], [ -85.80001194, 10.44435363 ], [ -85.80003161, 10.4443762 ], [ -85.80004996, 10.44440674 ], [ -85.80006607, 10.44443123 ], [ -85.80007591, 10.44445801 ], [ -85.80007206, 10.44448849 ], [ -85.80006552, 10.44452594 ], [ -85.80005936, 10.44456583 ], [ -85.8000594, 10.44460343 ], [ -85.80006809, 10.44463817 ], [ -85.80008118, 10.44467615 ], [ -85.80008925, 10.44471496 ], [ -85.80009747, 10.44474718 ], [ -85.80010787, 10.44477658 ], [ -85.80011306, 10.44480674 ], [ -85.80010861, 10.4448412 ], [ -85.80010121, 10.44487359 ], [ -85.80009388, 10.44489948 ], [ -85.80008554, 10.44492682 ], [ -85.80007962, 10.4449602 ], [ -85.80007213, 10.4449926 ], [ -85.80005561, 10.44502523 ], [ -85.80003437, 10.44506123 ], [ -85.80001118, 10.44509371 ], [ -85.79998491, 10.44513055 ], [ -85.79995917, 10.44516341 ], [ -85.79993755, 10.44519697 ], [ -85.79992528, 10.44523925 ], [ -85.79993156, 10.44526795 ], [ -85.79995014, 10.44529197 ], [ -85.79996726, 10.44531501 ], [ -85.79996937, 10.44534961 ], [ -85.79996019, 10.4453719 ], [ -85.79994736, 10.4453961 ], [ -85.79993014, 10.44543271 ], [ -85.79992298, 10.44547414 ], [ -85.79991928, 10.44549811 ], [ -85.79991019, 10.44553594 ], [ -85.79989869, 10.44556772 ], [ -85.79988648, 10.44558795 ], [ -85.79987582, 10.44560915 ], [ -85.79987885, 10.44562676 ], [ -85.7998893, 10.44563411 ], [ -85.79991498, 10.44563876 ], [ -85.79994313, 10.44562748 ], [ -85.79996447, 10.44560703 ], [ -85.79997975, 10.44558236 ], [ -85.79999461, 10.44557722 ], [ -85.80000104, 10.44558396 ], [ -85.80000902, 10.44560723 ], [ -85.80000618, 10.44563616 ], [ -85.80001061, 10.44566135 ], [ -85.8000195, 10.44566763 ], [ -85.80004689, 10.44566684 ], [ -85.80007736, 10.44566161 ], [ -85.80009949, 10.44566817 ], [ -85.80009972, 10.44567721 ], [ -85.80008931, 10.44570754 ], [ -85.80007317, 10.4457427 ], [ -85.80005471, 10.44577172 ], [ -85.80003214, 10.44580023 ], [ -85.80001708, 10.44583384 ], [ -85.80001253, 10.4458683 ], [ -85.80000902, 10.44590781 ], [ -85.79999789, 10.44594213 ], [ -85.79997286, 10.44597101 ], [ -85.79994093, 10.44599071 ], [ -85.79991472, 10.44600559 ], [ -85.799894, 10.44602206 ], [ -85.79988402, 10.44601724 ], [ -85.79988038, 10.44600361 ], [ -85.79987571, 10.44596948 ], [ -85.79987685, 10.44594588 ], [ -85.79986957, 10.44593418 ], [ -85.79984805, 10.44592363 ], [ -85.7998236, 10.44591094 ], [ -85.7998, 10.4459033 ], [ -85.79977843, 10.44591472 ], [ -85.7997595, 10.4459413 ], [ -85.79973764, 10.44596583 ], [ -85.79971413, 10.44597364 ], [ -85.79969408, 10.44596418 ], [ -85.79967852, 10.44594221 ], [ -85.79966698, 10.44592086 ], [ -85.79964755, 10.44590732 ], [ -85.79962125, 10.44590657 ], [ -85.79958984, 10.44590674 ], [ -85.79956733, 10.44589765 ], [ -85.79954922, 10.44587615 ], [ -85.79953017, 10.4458496 ], [ -85.7995044, 10.44582932 ], [ -85.79946935, 10.44581587 ], [ -85.79944017, 10.44580664 ], [ -85.79941543, 10.44580696 ], [ -85.79939679, 10.44582053 ], [ -85.79938567, 10.44583921 ], [ -85.79936395, 10.44585723 ], [ -85.79933959, 10.44586007 ], [ -85.79931684, 10.44585749 ], [ -85.79929225, 10.4458513 ], [ -85.79927134, 10.44583669 ], [ -85.79924898, 10.44582109 ], [ -85.79922467, 10.44580189 ], [ -85.79919984, 10.44578676 ], [ -85.79917189, 10.44576947 ], [ -85.79915974, 10.4457521 ], [ -85.79915578, 10.44572944 ], [ -85.79916118, 10.44570003 ], [ -85.79917259, 10.44566825 ], [ -85.79919114, 10.44563913 ], [ -85.79921007, 10.44561264 ], [ -85.79921538, 10.44558324 ], [ -85.79921614, 10.4455572 ], [ -85.79922703, 10.4455294 ], [ -85.79923877, 10.44550665 ], [ -85.79924648, 10.44548329 ], [ -85.79924399, 10.4454617 ], [ -85.79923415, 10.44545046 ], [ -85.79921566, 10.44544189 ], [ -85.79918487, 10.44543809 ], [ -85.79916547, 10.4454466 ], [ -85.79914862, 10.44547019 ], [ -85.79913055, 10.44550174 ], [ -85.79911223, 10.44552435 ], [ -85.79909383, 10.44553141 ], [ -85.79908191, 10.44552308 ], [ -85.79908088, 10.44550248 ], [ -85.79908581, 10.44547055 ], [ -85.79909183, 10.44543716 ], [ -85.79909056, 10.44540753 ], [ -85.799076, 10.44538411 ], [ -85.79904668, 10.44536575 ], [ -85.79901618, 10.44534893 ], [ -85.79897773, 10.44533089 ], [ -85.79894236, 10.44530841 ], [ -85.79892193, 10.44529632 ], [ -85.79890258, 10.44528279 ], [ -85.79888324, 10.44526925 ], [ -85.79886381, 10.44525571 ], [ -85.79883146, 10.44523529 ], [ -85.79880408, 10.44522062 ], [ -85.79878147, 10.44521144 ], [ -85.79876818, 10.44521766 ], [ -85.79876155, 10.44523948 ], [ -85.79875051, 10.44527379 ], [ -85.79872941, 10.44530328 ], [ -85.79870769, 10.44532121 ], [ -85.79868272, 10.44532813 ], [ -85.79866422, 10.44531956 ], [ -85.79865321, 10.44529422 ], [ -85.79865474, 10.4452577 ], [ -85.79865811, 10.4452247 ], [ -85.79865755, 10.44519117 ], [ -85.79864616, 10.44516331 ], [ -85.79862526, 10.4451487 ], [ -85.79859068, 10.44513778 ], [ -85.798552, 10.44512625 ], [ -85.79850882, 10.44511158 ], [ -85.79848631, 10.44510249 ], [ -85.79844615, 10.44508988 ], [ -85.79840089, 10.44507812 ], [ -85.79835416, 10.44506537 ], [ -85.79833212, 10.4450588 ], [ -85.79828941, 10.44504666 ], [ -85.7982607, 10.44503986 ], [ -85.79823611, 10.44503368 ], [ -85.79820485, 10.44502735 ], [ -85.7981777, 10.44502162 ], [ -85.79815201, 10.44501698 ], [ -85.79812827, 10.44501585 ], [ -85.79809942, 10.44501556 ], [ -85.79807203, 10.44501634 ], [ -85.79804062, 10.44501652 ], [ -85.79801286, 10.44501478 ], [ -85.79798547, 10.44501557 ], [ -85.7979526, 10.44501467 ], [ -85.79792374, 10.44501438 ], [ -85.79789891, 10.44501479 ], [ -85.79784338, 10.44501131 ], [ -85.79781708, 10.44501055 ], [ -85.79778969, 10.44501134 ], [ -85.79776486, 10.44501175 ], [ -85.79771482, 10.44500986 ], [ -85.79767343, 10.4450053 ], [ -85.79762911, 10.4449986 ], [ -85.79760698, 10.44499203 ], [ -85.79756668, 10.44498593 ], [ -85.79752785, 10.44498091 ], [ -85.79750108, 10.44497772 ], [ -85.79747833, 10.44497504 ], [ -85.79745203, 10.44497438 ], [ -85.79741916, 10.44497348 ], [ -85.79739394, 10.44497136 ], [ -85.79735743, 10.44497238 ], [ -85.79732077, 10.44497991 ], [ -85.79728945, 10.44499563 ], [ -85.79725591, 10.44502076 ], [ -85.79722236, 10.44504598 ], [ -85.79719189, 10.44506667 ], [ -85.79715911, 10.4450814 ], [ -85.797125, 10.44508847 ], [ -85.79709213, 10.44508757 ], [ -85.79705878, 10.44508423 ], [ -85.79702832, 10.44508946 ], [ -85.79700481, 10.44509737 ], [ -85.7969847, 10.44510986 ], [ -85.79696119, 10.44511767 ], [ -85.79693026, 10.44512038 ], [ -85.7969014, 10.44512018 ], [ -85.79687558, 10.44512195 ], [ -85.79684341, 10.44513262 ], [ -85.79680821, 10.44514122 ], [ -85.79677728, 10.44514392 ], [ -85.79674602, 10.44513759 ], [ -85.79672157, 10.4451249 ], [ -85.79669688, 10.44510317 ], [ -85.7966913, 10.44508603 ], [ -85.7966933, 10.44506758 ], [ -85.79670069, 10.44503518 ], [ -85.79670741, 10.44501327 ], [ -85.79671721, 10.44498701 ], [ -85.79672895, 10.44496426 ], [ -85.79674533, 10.44493814 ], [ -85.79676132, 10.44490949 ], [ -85.79677321, 10.44488023 ], [ -85.79678372, 10.44484999 ], [ -85.79678803, 10.44482204 ], [ -85.79678104, 10.44479732 ], [ -85.79676454, 10.4447703 ], [ -85.79673986, 10.44474857 ], [ -85.79670704, 10.44472571 ], [ -85.79667275, 10.44470177 ], [ -85.79663539, 10.44468219 ], [ -85.7965916, 10.4446715 ], [ -85.79654874, 10.44466586 ], [ -85.796525, 10.44466473 ], [ -85.79649614, 10.44466444 ], [ -85.79647278, 10.44466584 ], [ -85.79643782, 10.44466794 ], [ -85.79641384, 10.44467331 ], [ -85.79637874, 10.44468191 ], [ -85.79635121, 10.44468921 ], [ -85.7963277, 10.44469711 ], [ -85.79629993, 10.44471092 ], [ -85.79628138, 10.4447244 ], [ -85.79625905, 10.44474639 ], [ -85.79624135, 10.44476493 ], [ -85.79621259, 10.44478027 ], [ -85.79619069, 10.44478266 ], [ -85.79617267, 10.4447767 ], [ -85.79615541, 10.44476017 ], [ -85.79613304, 10.44474457 ], [ -85.79610031, 10.44473716 ], [ -85.79606644, 10.44473781 ], [ -85.79602629, 10.44474074 ], [ -85.79598461, 10.44474911 ], [ -85.79594733, 10.44476071 ], [ -85.79591308, 10.44477428 ], [ -85.79587666, 10.44479093 ], [ -85.79585617, 10.4448009 ], [ -85.79582022, 10.44481999 ], [ -85.79579084, 10.44483922 ], [ -85.79576037, 10.44486 ], [ -85.79573548, 10.44488237 ], [ -85.79571376, 10.4449003 ], [ -85.79569451, 10.44491785 ], [ -85.79568277, 10.4449406 ], [ -85.79567907, 10.44496457 ], [ -85.79567329, 10.44499144 ], [ -85.79567092, 10.44502299 ], [ -85.79567729, 10.4450517 ], [ -85.79568712, 10.44507848 ], [ -85.79569752, 10.4451078 ], [ -85.7957038, 10.44513659 ], [ -85.7957036, 10.44516515 ], [ -85.79569456, 10.44518093 ], [ -85.79567791, 10.44517596 ], [ -85.79566283, 10.44515652 ], [ -85.79564694, 10.44512552 ], [ -85.7956268, 10.44510042 ], [ -85.79560074, 10.44509325 ], [ -85.79557066, 10.44510101 ], [ -85.79554474, 10.44510278 ], [ -85.79551906, 10.44509814 ], [ -85.79550174, 10.44510366 ], [ -85.79549208, 10.44512341 ], [ -85.79549203, 10.44514546 ], [ -85.79549528, 10.44517211 ], [ -85.79549702, 10.44520427 ], [ -85.79548807, 10.44523559 ], [ -85.79548073, 10.44526148 ], [ -85.79547604, 10.4452869 ], [ -85.79548, 10.44530947 ], [ -85.79548969, 10.44534285 ], [ -85.79549002, 10.44536743 ], [ -85.79548702, 10.44540288 ], [ -85.79548063, 10.44543382 ], [ -85.79547338, 10.44545962 ], [ -85.79546032, 10.44547488 ], [ -85.79543496, 10.44549472 ], [ -85.79541462, 10.44549818 ], [ -85.79540928, 10.44548998 ], [ -85.79541283, 10.44547261 ], [ -85.79542301, 10.44544879 ], [ -85.79543437, 10.44542351 ], [ -85.79544928, 10.4453964 ], [ -85.79545808, 10.44537159 ], [ -85.79546278, 10.44534617 ], [ -85.79546345, 10.44532014 ], [ -85.79546691, 10.44528713 ], [ -85.79547075, 10.44525665 ], [ -85.79547398, 10.44523015 ], [ -85.79547574, 10.44520267 ], [ -85.79547054, 10.44517252 ], [ -85.79545915, 10.44516011 ], [ -85.79543834, 10.44514558 ], [ -85.79543523, 10.44512798 ], [ -85.79544295, 10.44510462 ], [ -85.79545724, 10.4450814 ], [ -85.79546056, 10.44505499 ], [ -85.79544368, 10.44504099 ], [ -85.79542325, 10.44502891 ], [ -85.79540452, 10.44501139 ], [ -85.79538679, 10.44499242 ], [ -85.79536745, 10.44497888 ], [ -85.79533936, 10.4449681 ], [ -85.79531097, 10.44497034 ], [ -85.795286, 10.44497717 ], [ -85.79525559, 10.44497589 ], [ -85.79523099, 10.44496971 ], [ -85.79520639, 10.44497906 ], [ -85.79520052, 10.44499048 ], [ -85.79519375, 10.44501881 ], [ -85.79518835, 10.4450483 ], [ -85.79517623, 10.44508398 ], [ -85.79515545, 10.44512259 ], [ -85.79513969, 10.44514464 ], [ -85.79511929, 10.44517015 ], [ -85.79510159, 10.44518878 ], [ -85.79507723, 10.44520717 ], [ -85.79504908, 10.44521845 ], [ -85.79502784, 10.4452389 ], [ -85.79500262, 10.44525233 ], [ -85.79498081, 10.44525471 ], [ -85.79494917, 10.44524585 ], [ -85.79492023, 10.44523011 ], [ -85.79489238, 10.44521282 ], [ -85.79487086, 10.44520219 ], [ -85.79484092, 10.4451879 ], [ -85.79481893, 10.44517473 ], [ -85.79480787, 10.44515591 ], [ -85.79480584, 10.44513685 ], [ -85.79480396, 10.44511129 ], [ -85.79479598, 10.44508801 ], [ -85.79478335, 10.44506811 ], [ -85.79476974, 10.44504975 ], [ -85.79474628, 10.44503561 ], [ -85.79471998, 10.44503485 ], [ -85.79468711, 10.44503404 ], [ -85.79466289, 10.44503038 ], [ -85.79463111, 10.44502803 ], [ -85.79460102, 10.4450357 ], [ -85.79457434, 10.44504805 ], [ -85.79454666, 10.44506185 ], [ -85.79451611, 10.44506708 ], [ -85.79448849, 10.44505883 ], [ -85.79447718, 10.44504652 ], [ -85.7944586, 10.4450224 ], [ -85.79443747, 10.44499884 ], [ -85.79440706, 10.44498202 ], [ -85.79437239, 10.44497101 ], [ -85.79434988, 10.44496192 ], [ -85.79432434, 10.44495077 ], [ -85.79430098, 10.44493662 ], [ -85.79428008, 10.444922 ], [ -85.79425175, 10.44490219 ], [ -85.79422281, 10.44488645 ], [ -85.79419287, 10.44487207 ], [ -85.79417036, 10.44486297 ], [ -85.79413569, 10.44485205 ], [ -85.79411209, 10.44484441 ], [ -85.79408495, 10.44483869 ], [ -85.79406281, 10.44483213 ], [ -85.79404456, 10.44481705 ], [ -85.79404532, 10.44480656 ], [ -85.79405706, 10.44478381 ], [ -85.79405673, 10.44475923 ], [ -85.79404543, 10.44474691 ], [ -85.79402879, 10.44472649 ], [ -85.79401631, 10.44470008 ], [ -85.79401249, 10.44467091 ], [ -85.7940117, 10.4446438 ], [ -85.79401246, 10.44461777 ], [ -85.79400457, 10.44461004 ], [ -85.79398097, 10.44460241 ], [ -85.79395722, 10.44460127 ], [ -85.79395141, 10.44459064 ], [ -85.79393732, 10.44456975 ], [ -85.79391703, 10.44455116 ], [ -85.7938984, 10.44454919 ], [ -85.79388804, 10.44455738 ], [ -85.79388155, 10.44457278 ], [ -85.79387917, 10.44460424 ], [ -85.79387595, 10.44463074 ], [ -85.79386923, 10.44465256 ], [ -85.7938554, 10.4446783 ], [ -85.79383686, 10.44469178 ], [ -85.79381661, 10.44471078 ], [ -85.79380029, 10.44471494 ], [ -85.7937913, 10.44470867 ], [ -85.79377513, 10.44469068 ], [ -85.79376412, 10.44466535 ], [ -85.79375637, 10.44463557 ], [ -85.79375255, 10.4446064 ], [ -85.79376089, 10.44457906 ], [ -85.79377471, 10.44455341 ], [ -85.79378815, 10.44452522 ], [ -85.79380438, 10.44450561 ], [ -85.79382255, 10.44448951 ], [ -85.79383731, 10.44446883 ], [ -85.79385198, 10.44444823 ], [ -85.79387905, 10.44442286 ], [ -85.79390734, 10.44440508 ], [ -85.793931, 10.44439067 ], [ -85.7939521, 10.44437672 ], [ -85.79397259, 10.44435121 ], [ -85.79399213, 10.44432065 ], [ -85.79401702, 10.44429827 ], [ -85.79404943, 10.4442811 ], [ -85.79408174, 10.44426393 ], [ -85.79410809, 10.44424254 ], [ -85.79413577, 10.4442132 ], [ -85.79416383, 10.44418638 ], [ -85.794182, 10.44417037 ], [ -85.79420055, 10.4441568 ], [ -85.7942191, 10.44414323 ], [ -85.7942542, 10.44411917 ], [ -85.79428164, 10.44409633 ], [ -85.79430762, 10.44407242 ], [ -85.79432338, 10.44405028 ], [ -85.79433427, 10.44402256 ], [ -85.79433394, 10.44399798 ], [ -85.79432974, 10.44396629 ], [ -85.79431935, 10.44393697 ], [ -85.79430517, 10.44390054 ], [ -85.79429463, 10.44387774 ], [ -85.79427969, 10.4438517 ], [ -85.79426187, 10.44381719 ], [ -85.79424731, 10.44379377 ], [ -85.79422982, 10.44376821 ], [ -85.79421881, 10.44374287 ], [ -85.79420439, 10.44371295 ], [ -85.79418511, 10.44367736 ], [ -85.7941618, 10.44364116 ], [ -85.794134, 10.44360191 ], [ -85.79411783, 10.44358393 ], [ -85.79410156, 10.44356594 ], [ -85.79408237, 10.4435459 ], [ -85.79406024, 10.44352379 ], [ -85.79403896, 10.44350665 ], [ -85.79401565, 10.44348599 ], [ -85.7939895, 10.44346328 ], [ -85.79396628, 10.44344262 ], [ -85.79394297, 10.44342197 ], [ -85.79392122, 10.4434023 ], [ -85.79389545, 10.44338211 ], [ -85.7938727, 10.44336398 ], [ -85.79384925, 10.44334983 ], [ -85.79382541, 10.44333316 ], [ -85.79379756, 10.44331587 ], [ -85.79377117, 10.44329966 ], [ -85.79374625, 10.44328444 ], [ -85.79371839, 10.44326715 ], [ -85.79369347, 10.44325202 ], [ -85.79366902, 10.44323932 ], [ -85.79364557, 10.44322518 ], [ -85.79361818, 10.44321042 ], [ -85.7935952, 10.4431988 ], [ -85.79357075, 10.4431861 ], [ -85.7935463, 10.44317341 ], [ -85.79351627, 10.44315911 ], [ -85.79348927, 10.44314689 ], [ -85.79346226, 10.44313466 ], [ -85.79342868, 10.44312219 ], [ -85.79339813, 10.44311188 ], [ -85.79336649, 10.44310302 ], [ -85.79333584, 10.44309271 ], [ -85.79330018, 10.44308324 ], [ -85.79326854, 10.44307438 ], [ -85.79323837, 10.4430666 ], [ -85.79320672, 10.44305774 ], [ -85.79317059, 10.44304574 ], [ -85.79313895, 10.44303688 ], [ -85.79310575, 10.44302703 ], [ -85.79307118, 10.44301602 ], [ -85.79303845, 10.4430087 ], [ -85.79300728, 10.44300237 ], [ -85.79297649, 10.44299857 ], [ -85.79294168, 10.44299406 ], [ -85.79291041, 10.44298773 ], [ -85.79287972, 10.44298393 ], [ -85.79284737, 10.44297905 ], [ -85.79280962, 10.44297257 ], [ -85.79277992, 10.44296723 ], [ -85.79275462, 10.44296511 ], [ -85.79271479, 10.44296154 ], [ -85.7926778, 10.44296003 ], [ -85.79264091, 10.44295861 ], [ -85.7926095, 10.44295879 ], [ -85.79257819, 10.44295896 ], [ -85.79254531, 10.44295806 ], [ -85.79252148, 10.44295693 ], [ -85.79248969, 10.44295458 ], [ -85.79245024, 10.44295354 ], [ -85.79242394, 10.44295287 ], [ -85.792394, 10.44295403 ], [ -85.79236368, 10.44295276 ], [ -85.79233336, 10.44295148 ], [ -85.79230304, 10.44295011 ], [ -85.79227774, 10.442948 ], [ -85.79224742, 10.44294663 ], [ -85.7922171, 10.44294535 ], [ -85.79218678, 10.44294408 ], [ -85.79215793, 10.44294379 ], [ -85.79212799, 10.44294504 ], [ -85.79210316, 10.44294536 ], [ -85.79207586, 10.44294615 ], [ -85.79204739, 10.44294839 ], [ -85.79202156, 10.44295016 ], [ -85.79199318, 10.44295249 ], [ -85.79194498, 10.4429542 ], [ -85.79191915, 10.44295597 ], [ -85.79189224, 10.44295929 ], [ -85.79186934, 10.44296321 ], [ -85.79184545, 10.44296859 ], [ -85.79180416, 10.44297948 ], [ -85.79176224, 10.44299445 ], [ -85.79172535, 10.44300849 ], [ -85.7916866, 10.44301901 ], [ -85.79165165, 10.4430211 ], [ -85.79161026, 10.44301645 ], [ -85.79157351, 10.44300852 ], [ -85.79153383, 10.44299844 ], [ -85.79149755, 10.44299295 ], [ -85.79146421, 10.44298953 ], [ -85.79142476, 10.44298848 ], [ -85.7913908, 10.44298913 ], [ -85.7913539, 10.44298761 ], [ -85.79131895, 10.44298971 ], [ -85.79128375, 10.44299831 ], [ -85.79125707, 10.44301066 ], [ -85.79123342, 10.44302507 ], [ -85.79121827, 10.44304314 ], [ -85.791208, 10.44306697 ], [ -85.79120113, 10.44309529 ], [ -85.7911928, 10.44312263 ], [ -85.79118555, 10.44314852 ], [ -85.79117977, 10.4431754 ], [ -85.79117182, 10.44320526 ], [ -85.79115714, 10.44322595 ], [ -85.79113874, 10.44323301 ], [ -85.79112365, 10.44322903 ], [ -85.79110114, 10.44321994 ], [ -85.7910766, 10.44320724 ], [ -85.79104813, 10.44319403 ], [ -85.79102415, 10.44318386 ], [ -85.79099521, 10.44316803 ], [ -85.7909692, 10.44315435 ], [ -85.79094328, 10.44314057 ], [ -85.79092077, 10.44313148 ], [ -85.7908957, 10.44312286 ], [ -85.79087163, 10.44311269 ], [ -85.79086204, 10.44309485 ], [ -85.79086101, 10.44307434 ], [ -85.79086688, 10.44304737 ], [ -85.79087157, 10.44302195 ], [ -85.7908748, 10.44299554 ], [ -85.79087462, 10.44296446 ], [ -85.79087383, 10.44293735 ], [ -85.79087474, 10.44290481 ], [ -85.79087773, 10.44286927 ], [ -85.79087646, 10.44283973 ], [ -85.79086909, 10.44281248 ], [ -85.79085671, 10.44278607 ], [ -85.79084726, 10.44276181 ], [ -85.79084197, 10.44273156 ], [ -85.79083971, 10.44270347 ], [ -85.79083636, 10.44267683 ], [ -85.79082691, 10.44265248 ], [ -85.79082039, 10.44263028 ], [ -85.79080791, 10.44260387 ], [ -85.79079444, 10.44257901 ], [ -85.79078244, 10.44255512 ], [ -85.79076532, 10.44253208 ], [ -85.79074783, 10.44250661 ], [ -85.79073265, 10.44248717 ], [ -85.79071701, 10.44246521 ], [ -85.79070339, 10.44244685 ], [ -85.79068504, 10.44243177 ], [ -85.79066414, 10.44241724 ], [ -85.79064224, 10.44240408 ], [ -85.79061633, 10.4423904 ], [ -85.79058932, 10.44237817 ], [ -85.79056487, 10.44236547 ], [ -85.79054057, 10.44234627 ], [ -85.7905148, 10.44232608 ], [ -85.79048694, 10.44230879 ], [ -85.79045885, 10.44229802 ], [ -85.79042513, 10.44229215 ], [ -85.79039665, 10.44229439 ], [ -85.79037314, 10.44230229 ], [ -85.79034949, 10.4423167 ], [ -85.79032886, 10.44233318 ], [ -85.79031603, 10.44235738 ], [ -85.79030018, 10.44237952 ], [ -85.79027567, 10.44238888 ], [ -85.79024744, 10.44238461 ], [ -85.79021239, 10.44237116 ], [ -85.79017787, 10.44235373 ], [ -85.79015853, 10.44234019 ], [ -85.79012912, 10.44230637 ], [ -85.79010572, 10.44227017 ], [ -85.79008955, 10.44225219 ], [ -85.79005588, 10.44222427 ], [ -85.79002377, 10.44221288 ], [ -85.78999298, 10.44220908 ], [ -85.78997032, 10.4422064 ], [ -85.78994611, 10.44220274 ], [ -85.78992336, 10.44220016 ], [ -85.78988097, 10.44219705 ], [ -85.78985723, 10.44219592 ], [ -85.78983348, 10.44219479 ], [ -85.78981012, 10.44219619 ], [ -85.78978675, 10.44219758 ], [ -85.78974546, 10.44220848 ], [ -85.78970316, 10.44222092 ], [ -85.78968112, 10.44222981 ], [ -85.78964734, 10.44224599 ], [ -85.78960851, 10.44225651 ], [ -85.78956906, 10.44225547 ], [ -85.78952729, 10.44224829 ], [ -85.78950199, 10.44224617 ], [ -85.78947824, 10.44224504 ], [ -85.78945535, 10.44224888 ], [ -85.78941112, 10.4422578 ], [ -85.78938614, 10.44226463 ], [ -85.78936154, 10.44227398 ], [ -85.78933657, 10.44228081 ], [ -85.78931197, 10.44229026 ], [ -85.78926774, 10.44229909 ], [ -85.7892245, 10.44230647 ], [ -85.78918529, 10.44231447 ], [ -85.78914508, 10.44232391 ], [ -85.78911121, 10.44234 ], [ -85.78909181, 10.44236406 ], [ -85.78908248, 10.44239285 ], [ -85.78907707, 10.44242226 ], [ -85.78906921, 10.44245212 ], [ -85.78905506, 10.44246883 ], [ -85.78903666, 10.4424758 ], [ -85.78901022, 10.44248165 ], [ -85.78898864, 10.44249306 ], [ -85.78897047, 10.44250916 ], [ -85.78895826, 10.44252938 ], [ -85.78894057, 10.44254792 ], [ -85.78891753, 10.44255835 ], [ -85.78889, 10.44256564 ], [ -85.78886516, 10.44256596 ], [ -85.78884156, 10.44255832 ], [ -85.78882075, 10.4425438 ], [ -85.78880813, 10.4425239 ], [ -85.78879202, 10.44249941 ], [ -85.78877343, 10.44247538 ], [ -85.78875277, 10.44245426 ], [ -85.78873196, 10.44243973 ], [ -85.78870387, 10.44242896 ], [ -85.78867734, 10.44241925 ], [ -85.7886528, 10.44240656 ], [ -85.78863298, 10.44239049 ], [ -85.78861247, 10.44236286 ], [ -85.78859412, 10.44233233 ], [ -85.78857058, 10.44230264 ], [ -85.78854651, 10.44227692 ], [ -85.78852476, 10.44225734 ], [ -85.78849937, 10.44223959 ], [ -85.78847709, 10.44222399 ], [ -85.78845572, 10.44220694 ], [ -85.78844055, 10.4421875 ], [ -85.78842608, 10.442164 ], [ -85.78841398, 10.44214021 ], [ -85.78840245, 10.44211885 ], [ -85.78839191, 10.44209596 ], [ -85.78838184, 10.44207568 ], [ -85.78837788, 10.44205302 ], [ -85.788375, 10.4420289 ], [ -85.78836076, 10.44201452 ], [ -85.7883445, 10.44199654 ], [ -85.78834054, 10.44197388 ], [ -85.78833728, 10.44194723 ], [ -85.78832797, 10.44191638 ], [ -85.78831148, 10.44188945 ], [ -85.78829985, 10.44186809 ], [ -85.788286, 10.44184061 ], [ -85.78828559, 10.44181612 ], [ -85.78829988, 10.4417929 ], [ -85.78831564, 10.44177076 ], [ -85.78832785, 10.44175054 ], [ -85.7883368, 10.44171922 ], [ -85.78834111, 10.44169127 ], [ -85.78833445, 10.44167558 ], [ -85.7883161, 10.44166059 ], [ -85.78829127, 10.44164537 ], [ -85.78826016, 10.44163253 ], [ -85.78823216, 10.44162175 ], [ -85.78820856, 10.44161411 ], [ -85.788179, 10.44160235 ], [ -85.78815687, 10.44159569 ], [ -85.78812972, 10.44158997 ], [ -85.78810659, 10.44158486 ], [ -85.78808299, 10.44157722 ], [ -85.78805986, 10.44157211 ], [ -85.78803773, 10.44156554 ], [ -85.78801569, 10.44155889 ], [ -85.78798845, 10.44155317 ], [ -85.78795728, 10.44154683 ], [ -85.78793159, 10.44154219 ], [ -85.78789678, 10.44153768 ], [ -85.78786368, 10.44152784 ], [ -85.78783218, 10.44151247 ], [ -85.78780788, 10.44149326 ], [ -85.78778466, 10.44147261 ], [ -85.78776035, 10.4414534 ], [ -85.78773813, 10.4414313 ], [ -85.78772064, 10.44140582 ], [ -85.78770655, 10.44138484 ], [ -85.78769648, 10.44136456 ], [ -85.78767999, 10.44133754 ], [ -85.78766349, 10.44131061 ], [ -85.78764746, 10.44128612 ], [ -85.78762647, 10.44125596 ], [ -85.78761286, 10.4412376 ], [ -85.78759721, 10.44121564 ], [ -85.78758374, 10.44119068 ], [ -85.78757367, 10.4411704 ], [ -85.78756058, 10.44114806 ], [ -85.78754904, 10.44112671 ], [ -85.78753401, 10.44110067 ], [ -85.78752139, 10.44108086 ], [ -85.78750536, 10.44105637 ], [ -85.78749019, 10.44103693 ], [ -85.78747014, 10.44101183 ], [ -85.78745303, 10.44098888 ], [ -85.78743847, 10.44096537 ], [ -85.78742438, 10.44094449 ], [ -85.78740982, 10.44092107 ], [ -85.78739541, 10.44089115 ], [ -85.78737744, 10.44086305 ], [ -85.78736397, 10.44083818 ], [ -85.78735088, 10.44081575 ], [ -85.78733523, 10.44079379 ], [ -85.7873237, 10.44077243 ], [ -85.78731122, 10.44074611 ], [ -85.78730541, 10.44071985 ], [ -85.78731204, 10.44069803 ], [ -85.7873268, 10.44067734 ], [ -85.78734403, 10.44065628 ], [ -85.78736816, 10.44064439 ], [ -85.78738277, 10.44064576 ], [ -85.78740661, 10.44064689 ], [ -85.78743376, 10.44065261 ], [ -85.78745613, 10.44066821 ], [ -85.78747424, 10.4406898 ], [ -85.78748686, 10.44070961 ], [ -85.78750095, 10.44073059 ], [ -85.78751551, 10.44075401 ], [ -85.78752505, 10.44077827 ], [ -85.78753838, 10.44080973 ], [ -85.78755416, 10.44084073 ], [ -85.78756371, 10.44086499 ], [ -85.78757571, 10.44088887 ], [ -85.78759018, 10.44091229 ], [ -85.78760289, 10.44093219 ], [ -85.78761845, 10.44095415 ], [ -85.78763348, 10.4409801 ], [ -85.78764989, 10.44100712 ], [ -85.787666, 10.44103152 ], [ -85.78768156, 10.44105348 ], [ -85.78769418, 10.44107339 ], [ -85.78770727, 10.44109582 ], [ -85.78772075, 10.44112068 ], [ -85.78773469, 10.44114808 ], [ -85.78774972, 10.44117411 ], [ -85.78776527, 10.44119599 ], [ -85.78778579, 10.44122362 ], [ -85.78780206, 10.4412416 ], [ -85.78781931, 10.44125804 ], [ -85.7878423, 10.44126976 ], [ -85.78786496, 10.44127234 ], [ -85.7878904, 10.44126795 ], [ -85.78791879, 10.44126571 ], [ -85.78794238, 10.44127335 ], [ -85.78795926, 10.44128736 ], [ -85.78797652, 10.4413038 ], [ -85.78799572, 10.44132393 ], [ -85.788017, 10.44134099 ], [ -85.78804594, 10.44135682 ], [ -85.78807148, 10.44136797 ], [ -85.78809593, 10.44138067 ], [ -85.78811636, 10.44139276 ], [ -85.78813934, 10.44140438 ], [ -85.78816634, 10.44141661 ], [ -85.78819396, 10.44142486 ], [ -85.78822003, 10.44143203 ], [ -85.7882492, 10.44144136 ], [ -85.78827318, 10.44145153 ], [ -85.7882974, 10.4414551 ], [ -85.78830218, 10.44144522 ], [ -85.78829784, 10.44142012 ], [ -85.78828266, 10.44140059 ], [ -85.78825859, 10.44137497 ], [ -85.78823893, 10.4413524 ], [ -85.78823449, 10.44132721 ], [ -85.78823975, 10.44130431 ], [ -85.78825248, 10.44128011 ], [ -85.78826323, 10.44125881 ], [ -85.78828301, 10.44123728 ], [ -85.78829824, 10.44123467 ], [ -85.78831635, 10.44124071 ], [ -85.78834799, 10.44124957 ], [ -85.78837902, 10.44126241 ], [ -85.78840408, 10.44127104 ], [ -85.78843681, 10.44127845 ], [ -85.78845994, 10.44128356 ], [ -85.78848463, 10.44128975 ], [ -85.78851192, 10.44128896 ], [ -85.78852592, 10.44127885 ], [ -85.78853804, 10.44125863 ], [ -85.78854685, 10.44123373 ], [ -85.78855565, 10.44120891 ], [ -85.78855826, 10.44118649 ], [ -85.78855941, 10.44116298 ], [ -85.78856055, 10.44113939 ], [ -85.78856069, 10.441126 ], [ -85.78856361, 10.4411038 ], [ -85.78857164, 10.44108311 ], [ -85.78858764, 10.44105447 ], [ -85.78860548, 10.44102942 ], [ -85.78861429, 10.44100452 ], [ -85.78861411, 10.44097352 ], [ -85.78861696, 10.4409445 ], [ -85.78861957, 10.44092207 ], [ -85.78862473, 10.44089908 ], [ -85.78863415, 10.44087029 ], [ -85.78864906, 10.4408431 ], [ -85.78866799, 10.4408166 ], [ -85.78868167, 10.44079736 ], [ -85.78868598, 10.44076951 ], [ -85.78869517, 10.44074713 ], [ -85.78870899, 10.44072148 ], [ -85.78872537, 10.44069536 ], [ -85.78873819, 10.44067116 ], [ -85.78875211, 10.44064541 ], [ -85.78875935, 10.44061961 ], [ -85.7887666, 10.44059373 ], [ -85.78877928, 10.44055084 ], [ -85.78881675, 10.44042318 ], [ -85.78883929, 10.44035717 ], [ -85.78884763, 10.44032983 ], [ -85.78885558, 10.44029996 ], [ -85.78886236, 10.44027155 ], [ -85.78887434, 10.44024229 ], [ -85.78888522, 10.44021457 ], [ -85.7888955, 10.44019075 ], [ -85.78890677, 10.44016556 ], [ -85.78891595, 10.44014319 ], [ -85.7889249, 10.44011187 ], [ -85.78893177, 10.44008354 ], [ -85.78893547, 10.44005957 ], [ -85.78894574, 10.44003574 ], [ -85.7889485, 10.44000681 ], [ -85.78894268, 10.43998054 ], [ -85.78892813, 10.43995713 ], [ -85.78892014, 10.43993385 ], [ -85.78891873, 10.43991082 ], [ -85.78890781, 10.43990103 ], [ -85.7888853, 10.43989184 ], [ -85.78885413, 10.43988551 ], [ -85.78882395, 10.43987773 ], [ -85.78879231, 10.43986887 ], [ -85.78876384, 10.43985556 ], [ -85.7887359, 10.43983828 ], [ -85.7887157, 10.43981977 ], [ -85.78869457, 10.43979612 ], [ -85.78867405, 10.43976849 ], [ -85.788655, 10.43974194 ], [ -85.7886351, 10.43971042 ], [ -85.78861761, 10.43968485 ], [ -85.78859964, 10.43965684 ], [ -85.78858315, 10.43962982 ], [ -85.78856797, 10.43961039 ], [ -85.78854319, 10.43958866 ], [ -85.7885152, 10.43957797 ], [ -85.78848488, 10.4395766 ], [ -85.78845811, 10.43957341 ], [ -85.78842476, 10.43957007 ], [ -85.7884004, 10.43957292 ], [ -85.78837396, 10.43957867 ], [ -85.7883434, 10.4395839 ], [ -85.7883144, 10.43959012 ], [ -85.78828541, 10.43959642 ], [ -85.78825949, 10.4395982 ], [ -85.78823745, 10.43959163 ], [ -85.78821129, 10.43958437 ], [ -85.78818197, 10.43958164 ], [ -85.78815103, 10.43958434 ], [ -85.78811499, 10.43958789 ], [ -85.78807795, 10.43959289 ], [ -85.78804701, 10.43959559 ], [ -85.78801622, 10.43959179 ], [ -85.78799116, 10.43958307 ], [ -85.78796245, 10.43957636 ], [ -85.78793166, 10.43957247 ], [ -85.78790243, 10.43956974 ], [ -85.78787017, 10.43956486 ], [ -85.78783782, 10.43955998 ], [ -85.78781214, 10.43955533 ], [ -85.7877839, 10.43955106 ], [ -85.78775321, 10.43954726 ], [ -85.78772327, 10.43954842 ], [ -85.78769039, 10.43954761 ], [ -85.78766362, 10.43954433 ], [ -85.78763245, 10.43953799 ], [ -85.78759925, 10.43952815 ], [ -85.78757721, 10.43952149 ], [ -85.78754496, 10.43951661 ], [ -85.78751417, 10.43951281 ], [ -85.78748484, 10.43951008 ], [ -85.78745831, 10.43950029 ], [ -85.78743178, 10.43949059 ], [ -85.78740803, 10.43948945 ], [ -85.7873815, 10.4394953 ], [ -85.78735822, 10.43949669 ], [ -85.78733131, 10.4395 ], [ -85.78731522, 10.43951311 ], [ -85.78730301, 10.43953333 ], [ -85.78728532, 10.43955187 ], [ -85.78728285, 10.43956788 ], [ -85.78729013, 10.43957958 ], [ -85.78731443, 10.4395987 ], [ -85.78733656, 10.4396209 ], [ -85.78734819, 10.43964225 ], [ -85.78735688, 10.439677 ], [ -85.7873572, 10.43970158 ], [ -85.78735676, 10.43973664 ], [ -85.78735817, 10.43975977 ], [ -85.78737297, 10.43979222 ], [ -85.78738668, 10.43981058 ], [ -85.78740076, 10.43983147 ], [ -85.78741107, 10.43986088 ], [ -85.78741697, 10.43988705 ], [ -85.78742079, 10.43991622 ], [ -85.78742768, 10.43994095 ], [ -85.78743799, 10.43997026 ], [ -85.78745302, 10.4399962 ], [ -85.78747292, 10.44002781 ], [ -85.78748299, 10.44004818 ], [ -85.78749934, 10.44008162 ], [ -85.78751768, 10.44011215 ], [ -85.78753565, 10.44014025 ], [ -85.78755346, 10.44017476 ], [ -85.7875657, 10.44020768 ], [ -85.78758073, 10.44023363 ], [ -85.78760125, 10.44026126 ], [ -85.78761534, 10.44028214 ], [ -85.78762077, 10.44030579 ], [ -85.7876122, 10.4403241 ], [ -85.78758916, 10.44033453 ], [ -85.78756239, 10.44033133 ], [ -85.78753733, 10.44032262 ], [ -85.78750947, 10.44030542 ], [ -85.78749221, 10.44028889 ], [ -85.78747108, 10.44026533 ], [ -85.78745558, 10.44023686 ], [ -85.78743785, 10.44020225 ], [ -85.78742344, 10.44017233 ], [ -85.78740756, 10.44014133 ], [ -85.7873947, 10.44011248 ], [ -85.78737929, 10.44008401 ], [ -85.78736171, 10.44005844 ], [ -85.78734398, 10.44003947 ], [ -85.78732648, 10.4400139 ], [ -85.78731401, 10.43998758 ], [ -85.78730115, 10.43995864 ], [ -85.7872917, 10.43993439 ], [ -85.7872779, 10.43990039 ], [ -85.78726736, 10.43987759 ], [ -85.78725791, 10.43985324 ], [ -85.78724591, 10.43982945 ], [ -85.78723182, 10.43980847 ], [ -85.7872192, 10.43978866 ], [ -85.78720464, 10.43976515 ], [ -85.78719216, 10.43973883 ], [ -85.78718526, 10.43971411 ], [ -85.78718045, 10.43968639 ], [ -85.78718112, 10.43966036 ], [ -85.78718335, 10.43963531 ], [ -85.78717953, 10.43960623 ], [ -85.78716785, 10.43959138 ], [ -85.78714161, 10.43956858 ], [ -85.78711972, 10.4395555 ], [ -85.78709929, 10.43954342 ], [ -85.78707839, 10.43952889 ], [ -85.78706004, 10.43951381 ], [ -85.78704046, 10.43949124 ], [ -85.78702846, 10.43946736 ], [ -85.78701854, 10.43944057 ], [ -85.78702162, 10.43942058 ], [ -85.78703383, 10.43940036 ], [ -85.78705508, 10.43937991 ], [ -85.78708029, 10.43936657 ], [ -85.78711184, 10.43935989 ], [ -85.78713559, 10.43936102 ], [ -85.78715834, 10.4393636 ], [ -85.78718402, 10.43936834 ], [ -85.78720814, 10.43937191 ], [ -85.78723453, 10.43937267 ], [ -85.78727048, 10.43936912 ], [ -85.78730615, 10.43936305 ], [ -85.7873315, 10.43935866 ], [ -85.78736755, 10.43935511 ], [ -85.78739138, 10.43935624 ], [ -85.78742062, 10.43935906 ], [ -85.78745094, 10.43936034 ], [ -85.78748126, 10.43936161 ], [ -85.78750803, 10.4393649 ], [ -85.78753626, 10.43936908 ], [ -85.78756596, 10.43937443 ], [ -85.78759576, 10.43937968 ], [ -85.78762291, 10.4393854 ], [ -85.78765006, 10.43939113 ], [ -85.78768487, 10.43939563 ], [ -85.78771627, 10.43939546 ], [ -85.78774513, 10.43939566 ], [ -85.78777351, 10.43939342 ], [ -85.78779981, 10.43939417 ], [ -85.78782573, 10.43939231 ], [ -85.78785519, 10.43938862 ], [ -85.78788396, 10.43938882 ], [ -85.78791437, 10.43939019 ], [ -85.78795064, 10.43939559 ], [ -85.78798243, 10.43939794 ], [ -85.78802088, 10.43940053 ], [ -85.78806288, 10.43940111 ], [ -85.78809831, 10.43940154 ], [ -85.78813629, 10.43940151 ], [ -85.78816917, 10.43940241 ], [ -85.78820753, 10.4394049 ], [ -85.78824745, 10.43940848 ], [ -85.78828481, 10.43941252 ], [ -85.78832572, 10.43941455 ], [ -85.78836626, 10.43941414 ], [ -85.78840315, 10.43941565 ], [ -85.78844151, 10.43941815 ], [ -85.7884819, 10.43942425 ], [ -85.78852074, 10.43942927 ], [ -85.78856103, 10.43943537 ], [ -85.78859987, 10.43944039 ], [ -85.78863212, 10.43944527 ], [ -85.788664, 10.43944763 ], [ -85.78869432, 10.4394489 ], [ -85.78872015, 10.43944704 ], [ -85.78874498, 10.43944672 ], [ -85.78876773, 10.43944931 ], [ -85.78879682, 10.43945863 ], [ -85.78882165, 10.43945831 ], [ -85.78884554, 10.43945294 ], [ -85.78887113, 10.43944204 ], [ -85.78889426, 10.43943161 ], [ -85.78892473, 10.43942646 ], [ -85.78895822, 10.43942329 ], [ -85.78898645, 10.43942756 ], [ -85.78901601, 10.43943942 ], [ -85.78904046, 10.43945203 ], [ -85.78907257, 10.43946341 ], [ -85.78909097, 10.43945635 ], [ -85.78911572, 10.43944049 ], [ -85.78913356, 10.43941544 ], [ -85.78914956, 10.4393868 ], [ -85.78915727, 10.43936344 ], [ -85.78916816, 10.43933572 ], [ -85.78917943, 10.43931044 ], [ -85.78919179, 10.43928371 ], [ -85.78920159, 10.43925736 ], [ -85.78920992, 10.43923002 ], [ -85.78921934, 10.43920123 ], [ -85.78922512, 10.43917435 ], [ -85.78922885, 10.43915457 ], [ -85.78922991, 10.43914893 ], [ -85.78923206, 10.43913188 ], [ -85.78923375, 10.43911845 ], [ -85.78923613, 10.43908699 ], [ -85.7892368, 10.43906087 ], [ -85.78923918, 10.4390294 ], [ -85.78924155, 10.43899794 ], [ -85.78924346, 10.43896386 ], [ -85.78924437, 10.43893132 ], [ -85.78924117, 10.43889817 ], [ -85.78923891, 10.43887008 ], [ -85.78925235, 10.43884189 ], [ -85.78927454, 10.4388264 ], [ -85.78929611, 10.43881499 ], [ -85.78931636, 10.43879599 ], [ -85.78933018, 10.43877024 ], [ -85.78934424, 10.43873808 ], [ -85.7893583, 10.43870583 ], [ -85.78937421, 10.43867727 ], [ -85.78939058, 10.43865115 ], [ -85.78940643, 10.43862901 ], [ -85.78942768, 10.43860847 ], [ -85.78944949, 10.43859054 ], [ -85.7894757, 10.43857566 ], [ -85.78949921, 10.43856776 ], [ -85.78952116, 10.43855887 ], [ -85.78954482, 10.43854446 ], [ -85.78956554, 10.43852798 ], [ -85.78958565, 10.43851549 ], [ -85.78960807, 10.43850904 ], [ -85.78963754, 10.43850535 ], [ -85.78966029, 10.43850793 ], [ -85.7896828, 10.43851702 ], [ -85.78970352, 10.43851609 ], [ -85.78976574, 10.43850888 ], [ -85.78976413, 10.43846569 ], [ -85.78970308, 10.43842292 ], [ -85.78968009, 10.43841121 ], [ -85.78964969, 10.43839439 ], [ -85.78961819, 10.43837902 ], [ -85.78958585, 10.43835869 ], [ -85.78955752, 10.43833887 ], [ -85.78953113, 10.43832266 ], [ -85.78950668, 10.43830997 ], [ -85.78947712, 10.43829811 ], [ -85.78944563, 10.43828275 ], [ -85.7894122, 10.43826386 ], [ -85.78938713, 10.43825515 ], [ -85.78936509, 10.43824858 ], [ -85.7893404, 10.4382424 ], [ -85.78931387, 10.43823269 ], [ -85.78929027, 10.43822505 ], [ -85.78926521, 10.43821634 ], [ -85.78924114, 10.43820626 ], [ -85.78921569, 10.43819502 ], [ -85.78919417, 10.43818447 ], [ -85.78917213, 10.43817782 ], [ -85.78912787, 10.4381646 ], [ -85.78910521, 10.43816202 ], [ -85.789081, 10.43815836 ], [ -85.78905531, 10.43815371 ], [ -85.78903063, 10.43814752 ], [ -85.78900457, 10.43814035 ], [ -85.7889805, 10.43813018 ], [ -85.78895458, 10.4381165 ], [ -85.78893268, 10.43810333 ], [ -85.78891178, 10.43808881 ], [ -85.78889088, 10.4380742 ], [ -85.78886752, 10.43806005 ], [ -85.78884454, 10.43804843 ], [ -85.78882203, 10.43803925 ], [ -85.78879587, 10.43803207 ], [ -85.78877019, 10.43802743 ], [ -85.7887456, 10.43802124 ], [ -85.78871982, 10.4380165 ], [ -85.78869074, 10.43800727 ], [ -85.78866567, 10.43799855 ], [ -85.7886406, 10.43798992 ], [ -85.7886102, 10.43797301 ], [ -85.78858721, 10.43796139 ], [ -85.7885657, 10.43795085 ], [ -85.78853916, 10.43794115 ], [ -85.78851665, 10.43793196 ], [ -85.78847054, 10.43791523 ], [ -85.78842945, 10.43789766 ], [ -85.78839076, 10.43787049 ], [ -85.78835346, 10.43784449 ], [ -85.78833156, 10.43783142 ], [ -85.78830602, 10.43782017 ], [ -85.78828204, 10.43781001 ], [ -85.78825542, 10.4378003 ], [ -85.78822742, 10.43778953 ], [ -85.78820127, 10.43778235 ], [ -85.78817559, 10.43777762 ], [ -85.7881499, 10.43777297 ], [ -85.78812167, 10.4377687 ], [ -85.78809537, 10.43776803 ], [ -85.78807016, 10.43776582 ], [ -85.78804485, 10.43776371 ], [ -85.78801856, 10.43776295 ], [ -85.78797509, 10.4377613 ], [ -85.78794113, 10.43776194 ], [ -85.78790059, 10.43776235 ], [ -85.78787368, 10.43776566 ], [ -85.78784723, 10.4377715 ], [ -85.78781568, 10.43777818 ], [ -85.78778668, 10.4377844 ], [ -85.78776355, 10.43779483 ], [ -85.78773503, 10.43780358 ], [ -85.78771384, 10.43780198 ], [ -85.78768962, 10.43779832 ], [ -85.78766077, 10.43779812 ], [ -85.78762619, 10.43780265 ], [ -85.78759355, 10.43781088 ], [ -85.78756441, 10.4378236 ], [ -85.78753603, 10.43784139 ], [ -85.78750858, 10.43786422 ], [ -85.78748672, 10.43788866 ], [ -85.78746121, 10.4379151 ], [ -85.78743609, 10.43794398 ], [ -85.78741267, 10.43796743 ], [ -85.78738825, 10.43799232 ], [ -85.7873663, 10.43801676 ], [ -85.7873459, 10.43804227 ], [ -85.78732697, 10.43806885 ], [ -85.78731159, 10.43809352 ], [ -85.78730132, 10.43811726 ], [ -85.78729662, 10.43814268 ], [ -85.78729184, 10.4381681 ], [ -85.78728714, 10.43819352 ], [ -85.78728576, 10.43822353 ], [ -85.78728594, 10.43825462 ], [ -85.78728659, 10.43828824 ], [ -85.78728738, 10.43831535 ], [ -85.78728917, 10.43834091 ], [ -85.78729284, 10.43837659 ], [ -85.78729208, 10.43840262 ], [ -85.78729141, 10.43842865 ], [ -85.78729111, 10.43845721 ], [ -85.78729082, 10.43848577 ], [ -85.78729124, 10.43851035 ], [ -85.78728839, 10.43853929 ], [ -85.78728663, 10.43856686 ], [ -85.78728596, 10.4385929 ], [ -85.7872876, 10.43862497 ], [ -85.78728731, 10.43865353 ], [ -85.78728872, 10.43867657 ], [ -85.78729268, 10.43869923 ], [ -85.7872992, 10.43872151 ], [ -85.78730803, 10.43874975 ], [ -85.78731029, 10.43877794 ], [ -85.78730915, 10.43880144 ], [ -85.78730692, 10.4388264 ], [ -85.78730625, 10.43885243 ], [ -85.78730704, 10.43887954 ], [ -85.78730892, 10.4389051 ], [ -85.78731094, 10.43893979 ], [ -85.78730672, 10.43896765 ], [ -85.78730302, 10.43899162 ], [ -85.78730041, 10.43901414 ], [ -85.78729454, 10.43904102 ], [ -85.78728218, 10.43906775 ], [ -85.78726302, 10.4390853 ], [ -85.78723998, 10.43909573 ], [ -85.78721307, 10.43909904 ], [ -85.78718691, 10.43909178 ], [ -85.78716601, 10.43907725 ], [ -85.78715495, 10.43905834 ], [ -85.78714696, 10.43903515 ], [ -85.78714315, 10.43900598 ], [ -85.78714391, 10.43897995 ], [ -85.7871435, 10.43895537 ], [ -85.78714332, 10.43892428 ], [ -85.7871412, 10.43888968 ], [ -85.78714258, 10.43885967 ], [ -85.78714402, 10.43882306 ], [ -85.78714507, 10.43878401 ], [ -85.7871466, 10.43874749 ], [ -85.78714642, 10.43871641 ], [ -85.78714587, 10.43868288 ], [ -85.78714375, 10.43864819 ], [ -85.78714419, 10.43861312 ], [ -85.78714354, 10.43857959 ], [ -85.78714507, 10.43854307 ], [ -85.78714404, 10.43850693 ], [ -85.78714363, 10.43848235 ], [ -85.78714245, 10.4384528 ], [ -85.78714133, 10.43841666 ], [ -85.78714224, 10.43838412 ], [ -85.78714206, 10.43835303 ], [ -85.78714297, 10.43832049 ], [ -85.78714388, 10.43828795 ], [ -85.78714215, 10.43825588 ], [ -85.787145, 10.43822685 ], [ -85.78715092, 10.43819347 ], [ -85.78715694, 10.43816 ], [ -85.78716627, 10.43813121 ], [ -85.78717522, 10.43809989 ], [ -85.78718194, 10.43807798 ], [ -85.78718934, 10.43804567 ], [ -85.78719412, 10.43802025 ], [ -85.78720454, 10.43798992 ], [ -85.78721117, 10.4379681 ], [ -85.78721596, 10.43794268 ], [ -85.78721833, 10.43791112 ], [ -85.78721768, 10.43787751 ], [ -85.78720436, 10.43784613 ], [ -85.7871785, 10.4378104 ], [ -85.78716233, 10.43779241 ], [ -85.78714313, 10.43777237 ], [ -85.7871045, 10.43773878 ], [ -85.78708128, 10.43771813 ], [ -85.78705745, 10.43770145 ], [ -85.78703362, 10.43768478 ], [ -85.78701272, 10.43767016 ], [ -85.7869878, 10.43765503 ], [ -85.78696188, 10.43764126 ], [ -85.78693743, 10.43762865 ], [ -85.78691298, 10.43761595 ], [ -85.78688853, 10.43760326 ], [ -85.78684086, 10.43758545 ], [ -85.78681433, 10.43757575 ], [ -85.78678624, 10.43756497 ], [ -85.78675715, 10.43755573 ], [ -85.78673209, 10.43754701 ], [ -85.786703, 10.43753769 ], [ -85.78667089, 10.43752639 ], [ -85.78663878, 10.437515 ], [ -85.7866052, 10.43750254 ], [ -85.78657318, 10.43749115 ], [ -85.78654656, 10.43748145 ], [ -85.78651445, 10.43747006 ], [ -85.78648342, 10.43745722 ], [ -85.78645031, 10.43744737 ], [ -85.78641674, 10.43743491 ], [ -85.78638912, 10.43742666 ], [ -85.78635701, 10.43741536 ], [ -85.7863239, 10.43740542 ], [ -85.78629117, 10.43739801 ], [ -85.78625906, 10.43738662 ], [ -85.78622742, 10.43737785 ], [ -85.78620136, 10.43737059 ], [ -85.78617118, 10.4373628 ], [ -85.78614101, 10.43735493 ], [ -85.78610937, 10.43734616 ], [ -85.78607919, 10.43733828 ], [ -85.78605205, 10.43733256 ], [ -85.78601932, 10.43732515 ], [ -85.78598768, 10.43731638 ], [ -85.78595348, 10.4373079 ], [ -85.78591782, 10.43729843 ], [ -85.78588363, 10.43729003 ], [ -85.78585237, 10.4372837 ], [ -85.78581609, 10.43727821 ], [ -85.78578128, 10.4372738 ], [ -85.785745, 10.43726831 ], [ -85.78571275, 10.43726343 ], [ -85.78567429, 10.43726093 ], [ -85.78563546, 10.4372559 ], [ -85.78560368, 10.43725355 ], [ -85.78556669, 10.43725204 ], [ -85.78552724, 10.437251 ], [ -85.78549182, 10.43725056 ], [ -85.78545748, 10.43724867 ], [ -85.78542862, 10.43724838 ], [ -85.78539466, 10.43724903 ], [ -85.78536335, 10.4372492 ], [ -85.78533596, 10.43724999 ], [ -85.78530711, 10.4372497 ], [ -85.78527424, 10.4372488 ], [ -85.78524028, 10.43724944 ], [ -85.78520594, 10.43724755 ], [ -85.78517562, 10.43724618 ], [ -85.78514374, 10.43724383 ], [ -85.78510685, 10.43724241 ], [ -85.78506887, 10.43724235 ], [ -85.785035, 10.43724299 ], [ -85.7850025, 10.43724462 ], [ -85.78496244, 10.43724756 ], [ -85.78490459, 10.43725357 ], [ -85.7848711, 10.43725665 ], [ -85.78483203, 10.43725813 ], [ -85.78479306, 10.43725962 ], [ -85.78476567, 10.4372604 ], [ -85.78472561, 10.43726334 ], [ -85.78468408, 10.43726529 ], [ -85.78464292, 10.43726968 ], [ -85.78460844, 10.4372743 ], [ -85.78456776, 10.43728121 ], [ -85.78452807, 10.43728667 ], [ -85.78449567, 10.4372883 ], [ -85.78446318, 10.43729002 ], [ -85.78443078, 10.43729165 ], [ -85.78439582, 10.43729374 ], [ -85.78435576, 10.43729667 ], [ -85.78431205, 10.43730153 ], [ -85.78426943, 10.43730484 ], [ -85.78423192, 10.4373074 ], [ -85.78419697, 10.43730949 ], [ -85.78415946, 10.43731196 ], [ -85.78413098, 10.4373142 ], [ -85.78408335, 10.43731853 ], [ -85.78404475, 10.43732245 ], [ -85.78399556, 10.43732571 ], [ -85.78394528, 10.43733033 ], [ -85.78389107, 10.43733443 ], [ -85.78385602, 10.43733652 ], [ -85.78381085, 10.4373403 ], [ -85.78376677, 10.43734271 ], [ -85.78363434, 10.43735556 ], [ -85.78293757, 10.4374219 ], [ -85.78288621, 10.43742815 ], [ -85.78275721, 10.43744622 ], [ -85.78272055, 10.43745375 ], [ -85.78269657, 10.43745912 ], [ -85.78265991, 10.43746665 ], [ -85.78262334, 10.43747417 ], [ -85.78258814, 10.43748278 ], [ -85.78255697, 10.43749199 ], [ -85.78252078, 10.43750204 ], [ -85.78248313, 10.43751111 ], [ -85.78244585, 10.43752261 ], [ -85.78240711, 10.43753313 ], [ -85.78238104, 10.43754141 ], [ -85.78234183, 10.4375494 ], [ -85.78230162, 10.43755884 ], [ -85.78225985, 10.4375673 ], [ -85.7822222, 10.43757628 ], [ -85.78217835, 10.43758764 ], [ -85.78213194, 10.43759947 ], [ -85.78210186, 10.43760722 ], [ -85.78205446, 10.4376205 ], [ -85.78200999, 10.43763584 ], [ -85.78196505, 10.43764866 ], [ -85.78193544, 10.43765894 ], [ -85.7819062, 10.43767167 ], [ -85.78186183, 10.43768701 ], [ -85.78181774, 10.43770488 ], [ -85.78177336, 10.43772022 ], [ -85.78174474, 10.43772896 ], [ -85.78170136, 10.43774285 ], [ -85.78166045, 10.43775637 ], [ -85.78163339, 10.4377661 ], [ -85.78159038, 10.43778251 ], [ -85.7815576, 10.43779716 ], [ -85.78152945, 10.43780852 ], [ -85.78149667, 10.43782316 ], [ -85.78146497, 10.43783635 ], [ -85.78143782, 10.43784618 ], [ -85.78140002, 10.43786166 ], [ -85.78136567, 10.43787532 ], [ -85.78134008, 10.43788612 ], [ -85.7813134, 10.43789847 ], [ -85.78128061, 10.43791312 ], [ -85.78125355, 10.43792294 ], [ -85.7812193, 10.4379365 ], [ -85.78118643, 10.43795124 ], [ -85.78115326, 10.43796335 ], [ -85.78112001, 10.43797547 ], [ -85.78108065, 10.43798997 ], [ -85.78104739, 10.43800217 ], [ -85.78101314, 10.43801574 ], [ -85.78098755, 10.43802664 ], [ -85.78096195, 10.43803744 ], [ -85.78092917, 10.43805209 ], [ -85.78090348, 10.43806298 ], [ -85.78087226, 10.4380787 ], [ -85.78083947, 10.43809334 ], [ -85.78080915, 10.43810752 ], [ -85.78077892, 10.43812179 ], [ -85.78074613, 10.43813643 ], [ -85.7807159, 10.4381507 ], [ -85.7806913, 10.43816005 ], [ -85.7806606, 10.43817179 ], [ -85.78063657, 10.43818368 ], [ -85.78060989, 10.43819593 ], [ -85.78057091, 10.43821296 ], [ -85.78053968, 10.43822868 ], [ -85.78050836, 10.4382444 ], [ -85.78048277, 10.43825521 ], [ -85.78045036, 10.43827238 ], [ -85.7804206, 10.43828917 ], [ -85.78038928, 10.43830489 ], [ -85.78036407, 10.43831823 ], [ -85.78032811, 10.43833732 ], [ -85.78030299, 10.43835065 ], [ -85.78026751, 10.43837227 ], [ -85.78024485, 10.43838523 ], [ -85.78021499, 10.43840193 ], [ -85.78019243, 10.43841489 ], [ -85.78016977, 10.43842785 ], [ -85.78014256, 10.43844418 ], [ -85.78010807, 10.43846425 ], [ -85.78007978, 10.43848204 ], [ -85.78005603, 10.43849645 ], [ -85.78003237, 10.43851086 ], [ -85.78000872, 10.43852527 ], [ -85.77998042, 10.43854305 ], [ -85.77995057, 10.43855985 ], [ -85.77992119, 10.43857908 ], [ -85.77989181, 10.43859831 ], [ -85.77986352, 10.43861609 ], [ -85.77983986, 10.4386305 ], [ -85.77981001, 10.4386473 ], [ -85.77978271, 10.43866354 ], [ -85.77975295, 10.43868033 ], [ -85.77973076, 10.43869573 ], [ -85.77970857, 10.43871122 ], [ -85.77967919, 10.43873045 ], [ -85.77965601, 10.43874739 ], [ -85.77962956, 10.43876877 ], [ -85.77960637, 10.43878571 ], [ -85.77958418, 10.43880111 ], [ -85.77955627, 10.43882142 ], [ -85.77952798, 10.4388392 ], [ -85.77950068, 10.43885553 ], [ -85.77948576, 10.43886458 ], [ -85.77948385, 10.43886574 ], [ -85.7794652, 10.43887715 ], [ -85.77944145, 10.43889156 ], [ -85.77941779, 10.43890597 ], [ -85.77938122, 10.43892904 ], [ -85.77935184, 10.43894827 ], [ -85.77932293, 10.43897003 ], [ -85.77929255, 10.43899081 ], [ -85.77926781, 10.43900667 ], [ -85.7792327, 10.43903081 ], [ -85.77919869, 10.43905342 ], [ -85.77916576, 10.43907466 ], [ -85.77914612, 10.43908968 ], [ -85.77911456, 10.43911182 ], [ -85.77909029, 10.43913021 ], [ -85.77906602, 10.43914869 ], [ -85.77904638, 10.43916362 ], [ -85.77902249, 10.43918454 ], [ -85.77900441, 10.43920064 ], [ -85.77897697, 10.43922347 ], [ -85.7789588, 10.43923948 ], [ -85.77893136, 10.43926232 ], [ -85.77890491, 10.4392837 ], [ -85.77886502, 10.43931772 ], [ -85.77884184, 10.43933457 ], [ -85.77883838, 10.43933752 ], [ -85.77881412, 10.43935817 ], [ -85.7788133, 10.43935886 ], [ -85.77878795, 10.4393788 ], [ -85.77876258, 10.43939864 ], [ -85.77873306, 10.43942438 ], [ -85.77870244, 10.43945166 ], [ -85.77867964, 10.43947113 ], [ -85.77865375, 10.43949495 ], [ -85.77862097, 10.43952514 ], [ -85.77860071, 10.43954414 ], [ -85.7785691, 10.43957288 ], [ -85.77854104, 10.43959969 ], [ -85.77851615, 10.43962206 ], [ -85.77849164, 10.43964696 ], [ -85.77847395, 10.43966559 ], [ -85.7784448, 10.43969386 ], [ -85.77842563, 10.43971141 ], [ -85.7783706, 10.43976359 ], [ -85.77832646, 10.43980342 ], [ -85.77829901, 10.43982625 ], [ -85.77828084, 10.43984235 ], [ -85.77825449, 10.43986365 ], [ -85.77823059, 10.43988457 ], [ -85.77820571, 10.43990703 ], [ -85.77817254, 10.43993469 ], [ -85.77814618, 10.43995598 ], [ -85.77811765, 10.43998027 ], [ -85.77809385, 10.44000119 ], [ -85.77806532, 10.44002557 ], [ -85.77803579, 10.44005131 ], [ -85.77800054, 10.44008196 ], [ -85.77797163, 10.44010372 ], [ -85.77794883, 10.44012319 ], [ -85.77791566, 10.44015085 ], [ -85.77789394, 10.44016877 ], [ -85.77787369, 10.44018777 ], [ -85.77784624, 10.44021061 ], [ -85.7778259, 10.44022961 ], [ -85.77780101, 10.44025198 ], [ -85.77777513, 10.4402759 ], [ -85.77775014, 10.44029827 ], [ -85.77772989, 10.44031727 ], [ -85.77770964, 10.44033627 ], [ -85.77768522, 10.44036117 ], [ -85.77766497, 10.44038017 ], [ -85.77763691, 10.44040699 ], [ -85.7776114, 10.44043334 ], [ -85.77758334, 10.44046016 ], [ -85.77755992, 10.4404836 ], [ -85.77752443, 10.44052076 ], [ -85.77750001, 10.44054566 ], [ -85.77746878, 10.44057693 ], [ -85.77744536, 10.44060037 ], [ -85.77742094, 10.44062527 ], [ -85.77739326, 10.44065462 ], [ -85.77736884, 10.44067952 ], [ -85.77734797, 10.4407025 ], [ -85.77732029, 10.44073184 ], [ -85.77729905, 10.44075229 ], [ -85.77726928, 10.44078454 ], [ -85.77724794, 10.44080509 ], [ -85.77722499, 10.44083097 ], [ -85.77720521, 10.4408525 ], [ -85.77718642, 10.44087258 ], [ -85.77716092, 10.44089893 ], [ -85.77713016, 10.44093272 ], [ -85.77710929, 10.4409557 ], [ -85.77708842, 10.44097868 ], [ -85.77706121, 10.44101056 ], [ -85.77703826, 10.44103653 ], [ -85.77701522, 10.44106242 ], [ -85.7769881, 10.44109429 ], [ -85.7769687, 10.44111835 ], [ -85.77694612, 10.44114676 ], [ -85.7769289, 10.44116791 ], [ -85.77691522, 10.44118706 ], [ -85.77689752, 10.44120559 ], [ -85.77687812, 10.44122965 ], [ -85.77685995, 10.44124575 ], [ -85.77671167, 10.44142909 ], [ -85.77656872, 10.4416054 ], [ -85.77605955, 10.44223344 ], [ -85.77587322, 10.44246326 ], [ -85.77576653, 10.44259485 ], [ -85.77555688, 10.44285354 ], [ -85.77553652, 10.44288583 ], [ -85.77551451, 10.44291704 ], [ -85.7754926, 10.44294825 ], [ -85.77547494, 10.44297347 ], [ -85.77545548, 10.44300422 ], [ -85.77543465, 10.44303398 ], [ -85.77541126, 10.4430642 ], [ -85.77539034, 10.44309387 ], [ -85.77536279, 10.44313 ], [ -85.77533832, 10.44316167 ], [ -85.77531432, 10.44319588 ], [ -85.77529193, 10.44322456 ], [ -85.77526376, 10.44326475 ], [ -85.77523597, 10.44330738 ], [ -85.77520681, 10.44334903 ], [ -85.77518111, 10.44338867 ], [ -85.77516221, 10.44342194 ], [ -85.7751329, 10.44347009 ], [ -85.77511184, 10.44350636 ], [ -85.77509503, 10.44353673 ], [ -85.77507405, 10.44357299 ], [ -85.77505199, 10.44361071 ], [ -85.77503309, 10.44364399 ], [ -85.7750152, 10.44367581 ], [ -85.7749963, 10.44370908 ], [ -85.77497424, 10.4437468 ], [ -85.77495535, 10.44378007 ], [ -85.77493537, 10.44381489 ], [ -85.77491439, 10.44385115 ], [ -85.7748954, 10.44388443 ], [ -85.77487026, 10.44392659 ], [ -85.77483617, 10.44398471 ], [ -85.77481619, 10.44401944 ], [ -85.77479568, 10.44405823 ], [ -85.77477462, 10.4440945 ], [ -85.77475619, 10.4441303 ], [ -85.77473621, 10.44416511 ], [ -85.7747194, 10.44419539 ], [ -85.77470051, 10.44422867 ], [ -85.77468162, 10.44426194 ], [ -85.77466419, 10.44429629 ], [ -85.77464629, 10.44432811 ], [ -85.77462886, 10.44436237 ], [ -85.77460628, 10.44440416 ], [ -85.77458421, 10.44444188 ], [ -85.77456532, 10.44447515 ], [ -85.77454372, 10.4445154 ], [ -85.77451318, 10.4445716 ], [ -85.77449212, 10.44460786 ], [ -85.77447099, 10.44465064 ], [ -85.7744494, 10.44469089 ], [ -85.77443245, 10.44472776 ], [ -85.77441511, 10.44476202 ], [ -85.77440185, 10.44479038 ], [ -85.77438296, 10.44482375 ], [ -85.77436553, 10.444858 ], [ -85.77434493, 10.4448968 ], [ -85.7743275, 10.44493115 ], [ -85.77431117, 10.44496396 ], [ -85.77429374, 10.4449983 ], [ -85.7742737, 10.44503954 ], [ -85.77425774, 10.44507487 ], [ -85.77423823, 10.44511222 ], [ -85.77421773, 10.44515101 ], [ -85.77419883, 10.44518428 ], [ -85.77417771, 10.44522706 ], [ -85.7741565, 10.44526983 ], [ -85.77413646, 10.44531115 ], [ -85.77411842, 10.44534948 ], [ -85.77409886, 10.44539324 ], [ -85.77408034, 10.44542904 ], [ -85.77406192, 10.44546485 ], [ -85.77404766, 10.44549475 ], [ -85.7740229, 10.44553944 ], [ -85.77401358, 10.445559 ], [ -85.77400864, 10.44556935 ], [ -85.77399221, 10.44560215 ], [ -85.77397634, 10.44563749 ], [ -85.77396038, 10.44567282 ], [ -85.77394343, 10.4457097 ], [ -85.77392547, 10.44574803 ], [ -85.77391169, 10.44578037 ], [ -85.77389156, 10.44582169 ], [ -85.77386883, 10.4458699 ], [ -85.77384809, 10.4459152 ], [ -85.77382805, 10.44595652 ], [ -85.77381048, 10.44599738 ], [ -85.773793, 10.44603824 ], [ -85.77377959, 10.44607311 ], [ -85.7737658, 10.44610554 ], [ -85.77375093, 10.44613933 ], [ -85.77374022, 10.44616731 ], [ -85.77372535, 10.44620111 ], [ -85.77371048, 10.44623499 ], [ -85.77369561, 10.44626887 ], [ -85.77368073, 10.44630276 ], [ -85.77366316, 10.44634361 ], [ -85.7736462, 10.4463804 ], [ -85.77362925, 10.44641728 ], [ -85.7736139, 10.44644863 ], [ -85.77358809, 10.44650128 ], [ -85.77356796, 10.44654261 ], [ -85.77354954, 10.44657841 ], [ -85.77352941, 10.44661973 ], [ -85.77351038, 10.44665951 ], [ -85.77349342, 10.44669639 ], [ -85.77347755, 10.44673172 ], [ -85.77346429, 10.44676008 ], [ -85.77344786, 10.44679289 ], [ -85.77342721, 10.44683819 ], [ -85.77341248, 10.44686557 ], [ -85.77339761, 10.44689945 ], [ -85.77338127, 10.44693226 ], [ -85.77336322, 10.44697059 ], [ -85.7733458, 10.44700494 ], [ -85.77332993, 10.44704027 ], [ -85.7733125, 10.44707453 ], [ -85.77329285, 10.44711838 ], [ -85.77327381, 10.44715816 ], [ -85.77325268, 10.44720094 ], [ -85.77323426, 10.44723674 ], [ -85.77320627, 10.44729247 ], [ -85.77318823, 10.4473308 ], [ -85.77317653, 10.44736024 ], [ -85.77316165, 10.44739403 ], [ -85.77314834, 10.44742899 ], [ -85.77313138, 10.44746578 ], [ -85.77311651, 10.44749966 ], [ -85.77310055, 10.44753499 ], [ -85.77308567, 10.44756888 ], [ -85.77306772, 10.44760721 ], [ -85.77305432, 10.44764208 ], [ -85.77304053, 10.44767451 ], [ -85.77302827, 10.44770133 ], [ -85.77301017, 10.44774625 ], [ -85.77299785, 10.44777958 ], [ -85.77298459, 10.44780803 ], [ -85.77296919, 10.44784589 ], [ -85.77295115, 10.44788422 ], [ -85.77292841, 10.44793243 ], [ -85.77290876, 10.44797628 ], [ -85.77289227, 10.44801559 ], [ -85.77287678, 10.44805355 ], [ -85.77286077, 10.44809539 ], [ -85.7728449, 10.44813072 ], [ -85.7728305, 10.44816714 ], [ -85.7728187, 10.44819648 ], [ -85.77279999, 10.44824539 ], [ -85.77278705, 10.44828279 ], [ -85.7727779, 10.44831176 ], [ -85.77276605, 10.4483477 ], [ -85.7727542, 10.44838356 ], [ -85.77274227, 10.4484195 ], [ -85.77273042, 10.44845545 ], [ -85.77271919, 10.44848741 ], [ -85.77270819, 10.44852832 ], [ -85.7726898, 10.44858627 ], [ -85.77267695, 10.44862366 ], [ -85.77266179, 10.44867056 ], [ -85.7726488, 10.44871455 ], [ -85.7726351, 10.44876244 ], [ -85.77262273, 10.44880245 ], [ -85.77261235, 10.44883939 ], [ -85.77260343, 10.44887739 ], [ -85.77259144, 10.44891984 ], [ -85.77258261, 10.44895785 ], [ -85.77257526, 10.44899684 ], [ -85.77256904, 10.44902788 ], [ -85.77255945, 10.44907637 ], [ -85.77255163, 10.44911293 ], [ -85.77254442, 10.44914541 ], [ -85.77253304, 10.44918388 ], [ -85.77252313, 10.44922334 ], [ -85.77251052, 10.44926978 ], [ -85.77249852, 10.44931223 ], [ -85.77248445, 10.44935768 ], [ -85.77247193, 10.44940411 ], [ -85.77245615, 10.44945508 ], [ -85.77244633, 10.44949453 ], [ -85.77243741, 10.44953254 ], [ -85.7724302, 10.44956503 ], [ -85.77242237, 10.44960158 ], [ -85.77241601, 10.44963912 ], [ -85.77240827, 10.44967559 ], [ -85.77240191, 10.44971313 ], [ -85.77239564, 10.44975067 ], [ -85.77238767, 10.44979373 ], [ -85.77238131, 10.44983127 ], [ -85.77237519, 10.44986231 ], [ -85.77236882, 10.44989985 ], [ -85.77235871, 10.44995241 ], [ -85.77235141, 10.4499849 ], [ -85.77234405, 10.45002389 ], [ -85.7723357, 10.45006442 ], [ -85.77232726, 10.45010496 ], [ -85.77231682, 10.4501484 ], [ -85.77230852, 10.45018242 ], [ -85.77229908, 10.45022441 ], [ -85.77229172, 10.4502634 ], [ -85.77228276, 10.45030801 ], [ -85.7722754, 10.450347 ], [ -85.77226757, 10.45038347 ], [ -85.77226121, 10.4504211 ], [ -85.77225177, 10.45046308 ], [ -85.7722455, 10.45050063 ], [ -85.77223767, 10.45053709 ], [ -85.77223032, 10.45057617 ], [ -85.7722241, 10.45060712 ], [ -85.7722193, 10.45064573 ], [ -85.77221294, 10.45068327 ], [ -85.77220667, 10.45072081 ], [ -85.7722003, 10.45075836 ], [ -85.77219134, 10.45080287 ], [ -85.77218251, 10.45084088 ], [ -85.77217419, 10.45087191 ], [ -85.77217151, 10.45088188 ], [ -85.77216331, 10.45091581 ], [ -85.77215102, 10.45097137 ], [ -85.77214381, 10.45100386 ], [ -85.77213489, 10.45104187 ], [ -85.77212607, 10.45107987 ], [ -85.77211569, 10.4511168 ], [ -85.77210786, 10.45115327 ], [ -85.77210259, 10.45118936 ], [ -85.77209746, 10.45121894 ], [ -85.77209218, 10.45125494 ], [ -85.77208421, 10.451298 ], [ -85.77207638, 10.45133447 ], [ -85.77207011, 10.45137201 ], [ -85.7720639, 10.45140304 ], [ -85.77205431, 10.45145162 ], [ -85.77204804, 10.45148916 ], [ -85.77204168, 10.45152671 ], [ -85.77203641, 10.4515627 ], [ -85.77203028, 10.45159374 ], [ -85.77202392, 10.45163128 ], [ -85.7720151, 10.45166929 ], [ -85.77200566, 10.45171127 ], [ -85.77199575, 10.45175073 ], [ -85.77198522, 10.45179426 ], [ -85.77197739, 10.45183081 ], [ -85.77196857, 10.45186873 ], [ -85.77196235, 10.45189976 ], [ -85.7719523, 10.45194582 ], [ -85.77194603, 10.45198336 ], [ -85.77193934, 10.45201187 ], [ -85.77193407, 10.45204787 ], [ -85.77192827, 10.45208793 ], [ -85.77192191, 10.45212548 ], [ -85.77191517, 10.45216049 ], [ -85.77190734, 10.45219704 ], [ -85.77190268, 10.45222906 ], [ -85.77189471, 10.45227213 ], [ -85.77188702, 10.45230208 ], [ -85.77188066, 10.45233962 ], [ -85.77187553, 10.4523692 ], [ -85.77186557, 10.45241517 ], [ -85.77185874, 10.45245018 ], [ -85.77185214, 10.45247869 ], [ -85.77184323, 10.4525167 ], [ -85.77183587, 10.45255569 ], [ -85.77182913, 10.4525907 ], [ -85.771824, 10.45262028 ], [ -85.77181826, 10.45265384 ], [ -85.77181143, 10.45268886 ], [ -85.77180563, 10.45272893 ], [ -85.77179879, 10.45276394 ], [ -85.77179205, 10.45279895 ], [ -85.77178678, 10.45283504 ], [ -85.77178103, 10.45286851 ], [ -85.77177591, 10.45289809 ], [ -85.77177172, 10.45293264 ], [ -85.77176389, 10.4529691 ], [ -85.77175606, 10.45300566 ], [ -85.77174554, 10.45304919 ], [ -85.77173771, 10.45308565 ], [ -85.77173244, 10.45312174 ], [ -85.77173233, 10.45312248 ], [ -85.77172716, 10.45315774 ], [ -85.77172392, 10.45319734 ], [ -85.77172219, 10.45323152 ], [ -85.77172156, 10.45326414 ], [ -85.77171898, 10.45329317 ], [ -85.77171294, 10.45333975 ], [ -85.77170937, 10.45337031 ], [ -85.77170363, 10.45340387 ], [ -85.77169789, 10.45343744 ], [ -85.77169214, 10.453471 ], [ -85.77168848, 10.45350156 ], [ -85.77168382, 10.45353358 ], [ -85.77168031, 10.45355764 ], [ -85.7716782, 10.45358919 ], [ -85.77167554, 10.45361831 ], [ -85.77167187, 10.45364888 ], [ -85.7716693, 10.4536779 ], [ -85.77166687, 10.45370051 ], [ -85.77166245, 10.45374156 ], [ -85.77165987, 10.45377068 ], [ -85.77165536, 10.45379619 ], [ -85.7716527, 10.45382522 ], [ -85.77165059, 10.45385686 ], [ -85.77164949, 10.45388696 ], [ -85.77164582, 10.45391753 ], [ -85.77164387, 10.45394257 ], [ -85.7716402, 10.45397314 ], [ -85.77163734, 10.45401527 ], [ -85.77163638, 10.45403886 ], [ -85.77163527, 10.45406897 ], [ -85.77163416, 10.45409907 ], [ -85.77163414, 10.45412772 ], [ -85.7716345, 10.45415889 ], [ -85.77163354, 10.4541824 ], [ -85.77163353, 10.4541891 ], [ -85.77163352, 10.45421104 ], [ -85.77163605, 10.45423923 ], [ -85.77163494, 10.45426933 ], [ -85.77163639, 10.45429896 ], [ -85.77163528, 10.45432916 ], [ -85.77163479, 10.45435519 ], [ -85.77163368, 10.45438529 ], [ -85.77163149, 10.45441693 ], [ -85.77163038, 10.45444703 ], [ -85.77163083, 10.45447821 ], [ -85.77163134, 10.45450279 ], [ -85.77163278, 10.45453242 ], [ -85.77163532, 10.45456061 ], [ -85.77163776, 10.45458879 ], [ -85.77163921, 10.45461843 ], [ -85.77163966, 10.4546496 ], [ -85.77164172, 10.45467526 ], [ -85.77164208, 10.45470635 ], [ -85.77164499, 10.45473706 ], [ -85.77164644, 10.45476669 ], [ -85.77164944, 10.4547974 ], [ -85.77165151, 10.45482306 ], [ -85.77165187, 10.45485424 ], [ -85.77165378, 10.4548864 ], [ -85.77165315, 10.45491903 ], [ -85.77165506, 10.45495119 ], [ -85.77165845, 10.45498443 ], [ -85.77166051, 10.45501009 ], [ -85.77166645, 10.45504277 ], [ -85.77166983, 10.45507601 ], [ -85.77167331, 10.45510925 ], [ -85.77167925, 10.45514202 ], [ -85.77168278, 10.45516866 ], [ -85.77168725, 10.45520036 ], [ -85.77169163, 10.45523215 ], [ -85.77169719, 10.45526239 ], [ -85.77170119, 10.45529156 ], [ -85.77171277, 10.45533796 ], [ -85.77173789, 10.45543587 ], [ -85.77176002, 10.45548988 ], [ -85.77176846, 10.45551423 ], [ -85.77177968, 10.45554454 ], [ -85.77179358, 10.45558079 ], [ -85.77180602, 10.45561606 ], [ -85.7718217, 10.45565971 ], [ -85.77183491, 10.45570401 ], [ -85.77185059, 10.45574767 ], [ -85.77186004, 10.45577048 ], [ -85.77187004, 10.45579582 ], [ -85.77187749, 10.45582172 ], [ -85.77188503, 10.45584761 ], [ -85.77190037, 10.45589534 ], [ -85.77190782, 10.45592114 ], [ -85.77191683, 10.45594802 ], [ -85.77192593, 10.45597481 ], [ -85.77193373, 10.45599673 ], [ -85.77194127, 10.45602263 ], [ -85.77195127, 10.45604788 ], [ -85.77196028, 10.45607476 ], [ -85.77196938, 10.45610155 ], [ -85.77197939, 10.45612689 ], [ -85.77199818, 10.45617243 ], [ -85.77200918, 10.45619622 ], [ -85.77202074, 10.45622246 ], [ -85.77203075, 10.4562478 ], [ -85.77204954, 10.45629333 ], [ -85.7720611, 10.45631957 ], [ -85.77207111, 10.45634491 ], [ -85.77208367, 10.4563696 ], [ -85.77209367, 10.45639494 ], [ -85.77210402, 10.45641621 ], [ -85.77211493, 10.45643992 ], [ -85.77212403, 10.4564668 ], [ -85.77213403, 10.45649205 ], [ -85.77214494, 10.45651585 ], [ -85.77215438, 10.45653866 ], [ -85.77216694, 10.45656336 ], [ -85.7721785, 10.45658959 ], [ -85.77219006, 10.45661583 ], [ -85.77220253, 10.45664052 ], [ -85.77221565, 10.45666774 ], [ -85.77222609, 10.45668901 ], [ -85.77224011, 10.45671469 ], [ -85.77225423, 10.45674037 ], [ -85.77226891, 10.45676848 ], [ -85.77228393, 10.45679262 ], [ -85.77229583, 10.45681479 ], [ -85.7723115, 10.45684145 ], [ -85.77232709, 10.45686802 ], [ -85.77234375, 10.45689315 ], [ -85.77236189, 10.45691916 ], [ -85.77237847, 10.4569442 ], [ -85.77239548, 10.45696525 ], [ -85.77241361, 10.45699127 ], [ -85.77243274, 10.45701574 ], [ -85.77245088, 10.45704185 ], [ -85.77247001, 10.45706633 ], [ -85.77248537, 10.45708639 ], [ -85.77250295, 10.45710988 ], [ -85.77252052, 10.45713347 ], [ -85.77253653, 10.45715606 ], [ -85.77255501, 10.45717801 ], [ -85.77257103, 10.4572006 ], [ -85.77258492, 10.45721978 ], [ -85.77260184, 10.45724083 ], [ -85.77261786, 10.45726334 ], [ -85.77263387, 10.45728593 ], [ -85.77265089, 10.45730698 ], [ -85.77268105, 10.45734468 ], [ -85.77269806, 10.45736574 ], [ -85.77271663, 10.45738769 ], [ -85.77273454, 10.4574072 ], [ -85.77275246, 10.45742671 ], [ -85.77278461, 10.45746133 ], [ -85.77280197, 10.45747831 ], [ -85.77283502, 10.45751138 ], [ -85.7728654, 10.45753851 ], [ -85.77290088, 10.45756452 ], [ -85.77293727, 10.4575889 ], [ -85.77297201, 10.45761239 ], [ -85.77299226, 10.45762474 ], [ -85.7730312, 10.45764857 ], [ -85.77306481, 10.457667 ], [ -85.77310064, 10.45768894 ], [ -85.77313737, 10.45770934 ], [ -85.77317098, 10.45772777 ], [ -85.7732065, 10.45774321 ], [ -85.77324154, 10.45775612 ], [ -85.77328207, 10.45777035 ], [ -85.77330465, 10.45777556 ], [ -85.77332714, 10.45778086 ], [ -85.77336738, 10.45778856 ], [ -85.77336755, 10.45778859 ], [ -85.77341131, 10.45779411 ], [ -85.77341141, 10.45779413 ], [ -85.77343385, 10.45779941 ], [ -85.7734339, 10.45779942 ], [ -85.77347504, 10.45780549 ], [ -85.7734752, 10.45780552 ], [ -85.77352111, 10.45781454 ], [ -85.77352127, 10.45781457 ], [ -85.77354376, 10.45781987 ], [ -85.77356626, 10.45782517 ], [ -85.77360688, 10.45783931 ], [ -85.77364772, 10.45786005 ], [ -85.77366797, 10.4578725 ], [ -85.7737028, 10.45789589 ], [ -85.77373875, 10.45792434 ], [ -85.77377012, 10.45794993 ], [ -85.77379795, 10.4579777 ], [ -85.77382231, 10.45800748 ], [ -85.77384634, 10.45804141 ], [ -85.77386824, 10.45807184 ], [ -85.77389317, 10.45810414 ], [ -85.7739213, 10.45813842 ], [ -85.77394623, 10.45817073 ], [ -85.77397281, 10.45820402 ], [ -85.77399851, 10.45822828 ], [ -85.77402767, 10.45825044 ], [ -85.77405661, 10.458266 ], [ -85.77408655, 10.45828011 ], [ -85.7741196, 10.45829611 ], [ -85.77415455, 10.45830902 ], [ -85.77418739, 10.45831841 ], [ -85.77422356, 10.45832578 ], [ -85.77422368, 10.4583258 ], [ -85.77426286, 10.45832848 ], [ -85.77428613, 10.45832564 ], [ -85.77432298, 10.45831838 ], [ -85.77435805, 10.45830364 ], [ -85.77439648, 10.45828679 ], [ -85.77443099, 10.45826952 ], [ -85.77446351, 10.45825542 ], [ -85.77450316, 10.45824354 ], [ -85.77453745, 10.45823685 ], [ -85.77457296, 10.45823511 ], [ -85.77460903, 10.4582359 ], [ -85.77464264, 10.45823734 ], [ -85.77467565, 10.45824274 ], [ -85.77467582, 10.45824276 ], [ -85.77470843, 10.45824565 ], [ -85.77473481, 10.45824478 ], [ -85.77476443, 10.45823522 ], [ -85.77479629, 10.45821859 ], [ -85.77483171, 10.45819987 ], [ -85.77485164, 10.45818864 ], [ -85.77488861, 10.45817081 ], [ -85.77492869, 10.45815487 ], [ -85.77496688, 10.458142 ], [ -85.77500718, 10.45813265 ], [ -85.7750506, 10.45812518 ], [ -85.77508701, 10.4581219 ], [ -85.77512754, 10.45811905 ], [ -85.77516594, 10.45811279 ], [ -85.77520214, 10.458103 ], [ -85.77524032, 10.45809014 ], [ -85.77527417, 10.45807043 ], [ -85.77529959, 10.45804345 ], [ -85.77532176, 10.45800799 ], [ -85.77533848, 10.4579778 ], [ -85.77535407, 10.45794256 ], [ -85.77537057, 10.45790586 ], [ -85.7753914, 10.45787601 ], [ -85.77541781, 10.45784749 ], [ -85.77544799, 10.45782337 ], [ -85.77547773, 10.45780323 ], [ -85.77551348, 10.45778044 ], [ -85.77554933, 10.45775764 ], [ -85.77558409, 10.45773639 ], [ -85.77562049, 10.45771604 ], [ -85.7756518, 10.45769688 ], [ -85.77568253, 10.45767529 ], [ -85.77571293, 10.45765768 ], [ -85.77574445, 10.45764504 ], [ -85.77578164, 10.45763371 ], [ -85.77581982, 10.45762094 ], [ -85.77585022, 10.45760332 ], [ -85.77587784, 10.45757976 ], [ -85.7758988, 10.45755642 ], [ -85.77591073, 10.45753394 ], [ -85.7759134, 10.45750573 ], [ -85.7759113, 10.45747465 ], [ -85.77590865, 10.45744105 ], [ -85.775905, 10.45740898 ], [ -85.77590545, 10.45737735 ], [ -85.77591327, 10.45735444 ], [ -85.7759312, 10.45732922 ], [ -85.7759478, 10.45730951 ], [ -85.77595851, 10.45728207 ], [ -85.77595797, 10.45725189 ], [ -85.77595744, 10.4572218 ], [ -85.77595512, 10.45718412 ], [ -85.77595947, 10.45714632 ], [ -85.77597174, 10.45711977 ], [ -85.77599067, 10.45709301 ], [ -85.77600873, 10.45707429 ], [ -85.77602533, 10.45705468 ], [ -85.7760357, 10.45703121 ], [ -85.77604585, 10.45700124 ], [ -85.77605687, 10.45698021 ], [ -85.77607346, 10.4569606 ], [ -85.77609274, 10.45694684 ], [ -85.77611423, 10.4569366 ], [ -85.77614986, 10.45692438 ], [ -85.77617758, 10.4569179 ], [ -85.77621054, 10.45691682 ], [ -85.77623797, 10.45692089 ], [ -85.77623814, 10.45692091 ], [ -85.77626063, 10.45692612 ], [ -85.77628434, 10.45693638 ], [ -85.7763067, 10.45695225 ], [ -85.77632562, 10.45697022 ], [ -85.77634721, 10.45699414 ], [ -85.77637201, 10.45701994 ], [ -85.7763936, 10.45704386 ], [ -85.77641307, 10.45706426 ], [ -85.77643731, 10.45708763 ], [ -85.77646548, 10.45711124 ], [ -85.77649663, 10.45713031 ], [ -85.77651844, 10.45714366 ], [ -85.77655049, 10.45716119 ], [ -85.7765761, 10.45716837 ], [ -85.77660008, 10.45717455 ], [ -85.77660015, 10.45717456 ], [ -85.77662307, 10.45717588 ], [ -85.77664889, 10.45717249 ], [ -85.77667497, 10.45716502 ], [ -85.77670057, 10.45715512 ], [ -85.77672396, 10.45714179 ], [ -85.77674267, 10.4571256 ], [ -85.77676528, 10.45710324 ], [ -85.77678244, 10.45708607 ], [ -85.77680661, 10.45706469 ], [ -85.77683445, 10.45704764 ], [ -85.77686127, 10.4570427 ], [ -85.776887, 10.4570393 ], [ -85.77691528, 10.45703535 ], [ -85.77693677, 10.45702511 ], [ -85.77695047, 10.45701003 ], [ -85.77696084, 10.45698656 ], [ -85.77696441, 10.45695681 ], [ -85.77696331, 10.45692419 ], [ -85.77695798, 10.45690181 ], [ -85.77695243, 10.45687283 ], [ -85.77695367, 10.45685013 ], [ -85.77696304, 10.45682821 ], [ -85.77697964, 10.4568086 ], [ -85.77699901, 10.45679484 ], [ -85.77702084, 10.45678053 ], [ -85.77704012, 10.45676687 ], [ -85.77706105, 10.4567541 ], [ -85.77708655, 10.45672712 ], [ -85.77710604, 10.45670279 ], [ -85.77712654, 10.45669409 ], [ -85.77714676, 10.45669586 ], [ -85.77714691, 10.45669587 ], [ -85.77717641, 10.45671405 ], [ -85.77719286, 10.45673258 ], [ -85.77720598, 10.4567598 ], [ -85.77720876, 10.45678283 ], [ -85.77719874, 10.45680223 ], [ -85.77718192, 10.45681533 ], [ -85.77716009, 10.45682964 ], [ -85.77714081, 10.4568434 ], [ -85.77712222, 10.4568661 ], [ -85.77712387, 10.45688416 ], [ -85.77714123, 10.45690115 ], [ -85.77716961, 10.45691427 ], [ -85.77719275, 10.45692201 ], [ -85.77722147, 10.45693115 ], [ -85.77723416, 10.45694527 ], [ -85.77723516, 10.45696081 ], [ -85.7772289, 10.45698462 ], [ -85.77722009, 10.45700907 ], [ -85.77721374, 10.45703287 ], [ -85.77720516, 10.45706383 ], [ -85.77720124, 10.45709765 ], [ -85.77720243, 10.45713027 ], [ -85.77720698, 10.45716079 ], [ -85.77720596, 10.45718999 ], [ -85.77720083, 10.45721875 ], [ -85.77719168, 10.45724727 ], [ -85.77718754, 10.4572745 ], [ -85.77717562, 10.45729707 ], [ -85.7771626, 10.45730401 ], [ -85.777138, 10.45731237 ], [ -85.77711326, 10.45731423 ], [ -85.77708433, 10.45731565 ], [ -85.77705851, 10.45731905 ], [ -85.77703555, 10.4573284 ], [ -85.77700827, 10.45734789 ], [ -85.77698267, 10.45735779 ], [ -85.77695305, 10.45736736 ], [ -85.77692088, 10.45737748 ], [ -85.7768948, 10.45738485 ], [ -85.77687176, 10.4573942 ], [ -85.77685394, 10.45740885 ], [ -85.77683523, 10.45742504 ], [ -85.7768262, 10.45744289 ], [ -85.77683866, 10.4574506 ], [ -85.77686759, 10.45745556 ], [ -85.77686772, 10.45745559 ], [ -85.77689411, 10.45745472 ], [ -85.77692874, 10.45744404 ], [ -85.77695936, 10.45743293 ], [ -85.77698997, 10.45742183 ], [ -85.77701614, 10.45741445 ], [ -85.77704943, 10.45740929 ], [ -85.77708149, 10.45740975 ], [ -85.77711345, 10.4574102 ], [ -85.77714428, 10.4574056 ], [ -85.7771701, 10.4574023 ], [ -85.77719617, 10.45739483 ], [ -85.77721888, 10.45738955 ], [ -85.77724567, 10.4573912 ], [ -85.77724582, 10.45739121 ], [ -85.77725539, 10.45740345 ], [ -85.77725982, 10.45742737 ], [ -85.77725715, 10.45745558 ], [ -85.77725301, 10.4574829 ], [ -85.77725398, 10.45750901 ], [ -85.7772661, 10.45753778 ], [ -85.77728078, 10.45756589 ], [ -85.77729135, 10.45759367 ], [ -85.77729422, 10.4576167 ], [ -85.77728787, 10.4576405 ], [ -85.77727249, 10.45766517 ], [ -85.77725901, 10.45768675 ], [ -85.77725677, 10.4577109 ], [ -85.77726958, 10.45771453 ], [ -85.77729527, 10.45772171 ], [ -85.77732365, 10.45773483 ], [ -85.77734157, 10.45775435 ], [ -85.77734491, 10.45777981 ], [ -85.77733831, 10.45780769 ], [ -85.77732194, 10.45783389 ], [ -85.77730244, 10.45785813 ], [ -85.77729151, 10.45787916 ], [ -85.77729597, 10.4578926 ], [ -85.77730999, 10.45790111 ], [ -85.77732735, 10.45791818 ], [ -85.77732778, 10.4579312 ], [ -85.7773172, 10.45794816 ], [ -85.77730315, 10.45796721 ], [ -85.77728176, 10.45799453 ], [ -85.77726672, 10.45801513 ], [ -85.77724857, 10.45803385 ], [ -85.77724843, 10.45803381 ], [ -85.77723421, 10.45802932 ], [ -85.77722187, 10.45801114 ], [ -85.77721653, 10.45798866 ], [ -85.77720442, 10.45797707 ], [ -85.77720429, 10.45797709 ], [ -85.77719028, 10.45797905 ], [ -85.77717601, 10.4579916 ], [ -85.77717044, 10.45800736 ], [ -85.77716375, 10.45803523 ], [ -85.77715048, 10.45804624 ], [ -85.77715035, 10.45804619 ], [ -85.7771417, 10.45804294 ], [ -85.77712089, 10.45802806 ], [ -85.77709774, 10.45800324 ], [ -85.77707493, 10.45799144 ], [ -85.77707486, 10.45799147 ], [ -85.77706391, 10.4579953 ], [ -85.77705086, 10.45801281 ], [ -85.77704205, 10.45803726 ], [ -85.77704349, 10.4580659 ], [ -85.77704381, 10.45808949 ], [ -85.77703634, 10.45810833 ], [ -85.77702276, 10.45811283 ], [ -85.77699236, 10.45811327 ], [ -85.77699228, 10.45811325 ], [ -85.77696354, 10.45810422 ], [ -85.77694105, 10.45809892 ], [ -85.77694101, 10.45809893 ], [ -85.77691523, 10.45810232 ], [ -85.7769004, 10.45811234 ], [ -85.77688783, 10.45813238 ], [ -85.77686777, 10.45815419 ], [ -85.77684762, 10.45815891 ], [ -85.77682834, 10.45817257 ], [ -85.77682333, 10.45819085 ], [ -85.77681954, 10.4582141 ], [ -85.77680584, 10.45822909 ], [ -85.77679169, 10.45823116 ], [ -85.77679153, 10.45823113 ], [ -85.77675852, 10.45822565 ], [ -85.77675846, 10.45822564 ], [ -85.77673002, 10.4582231 ], [ -85.77671108, 10.45823278 ], [ -85.77669894, 10.45824885 ], [ -85.77669358, 10.45827111 ], [ -85.77668066, 10.45829513 ], [ -85.77666575, 10.45830515 ], [ -85.77664569, 10.45832696 ], [ -85.77662776, 10.45835218 ], [ -85.77660524, 10.45837454 ], [ -85.77659677, 10.45839492 ], [ -85.77659454, 10.45841915 ], [ -85.7765894, 10.45844801 ], [ -85.77657969, 10.45847391 ], [ -85.7765602, 10.45849824 ], [ -85.77653771, 10.45851002 ], [ -85.77651086, 10.45852545 ], [ -85.77648358, 10.45854503 ], [ -85.77646231, 10.45856178 ], [ -85.77643659, 10.45858226 ], [ -85.77642311, 10.45860384 ], [ -85.77641452, 10.4586348 ], [ -85.7764097, 10.45867007 ], [ -85.77640254, 10.45871259 ], [ -85.77639573, 10.45875094 ], [ -85.77639194, 10.45877419 ], [ -85.77638512, 10.45881264 ], [ -85.7763742, 10.45885075 ], [ -85.77636649, 10.45889065 ], [ -85.77636058, 10.45892755 ], [ -85.77635999, 10.45895268 ], [ -85.77636956, 10.458982 ], [ -85.77637511, 10.45901098 ], [ -85.77636631, 10.45903543 ], [ -85.77634971, 10.45905504 ], [ -85.77632943, 10.45907034 ], [ -85.77630972, 10.45908807 ], [ -85.77629935, 10.45911153 ], [ -85.77629297, 10.45914591 ], [ -85.77628673, 10.45918689 ], [ -85.77628047, 10.45922777 ], [ -85.77627422, 10.45925158 ], [ -85.77626852, 10.45927791 ], [ -85.77626184, 10.45930578 ], [ -85.77624867, 10.45935095 ], [ -85.77624142, 10.4593763 ], [ -85.77623516, 10.45940019 ], [ -85.77622981, 10.45942245 ], [ -85.77622602, 10.4594457 ], [ -85.77621787, 10.45948967 ], [ -85.77621563, 10.4595139 ], [ -85.77621339, 10.45953813 ], [ -85.77621025, 10.45956382 ], [ -85.77620802, 10.45958805 ], [ -85.77620298, 10.4596339 ], [ -85.77620075, 10.45965813 ], [ -85.77619761, 10.45968391 ], [ -85.77619291, 10.45970869 ], [ -85.77618631, 10.45975356 ], [ -85.77618152, 10.45977835 ], [ -85.77617929, 10.45980258 ], [ -85.77617559, 10.45982583 ], [ -85.77617435, 10.45984852 ], [ -85.77617221, 10.45988974 ], [ -85.77616717, 10.45993568 ], [ -85.77616148, 10.45997909 ], [ -85.77615769, 10.46000234 ], [ -85.77615554, 10.46002648 ], [ -85.77615231, 10.46005226 ], [ -85.77615073, 10.46007893 ], [ -85.77614815, 10.46010723 ], [ -85.77614591, 10.46013137 ], [ -85.77614412, 10.46016861 ], [ -85.77614344, 10.46019374 ], [ -85.77614242, 10.46022294 ], [ -85.77614551, 10.46025248 ], [ -85.77614695, 10.46028112 ], [ -85.77614749, 10.46031121 ], [ -85.77614902, 10.46033985 ], [ -85.77614834, 10.46036498 ], [ -85.77614822, 10.46039263 ], [ -85.7761482, 10.46042029 ], [ -85.77615063, 10.4604473 ], [ -85.77615463, 10.46047538 ], [ -85.7761624, 10.46052486 ], [ -85.77616795, 10.46055384 ], [ -85.7761735, 10.46058273 ], [ -85.77617759, 10.46061081 ], [ -85.77618214, 10.46064125 ], [ -85.77618557, 10.4606668 ], [ -85.77618857, 10.46069634 ], [ -85.77619166, 10.46072587 ], [ -85.77619376, 10.46075695 ], [ -85.77619676, 10.46078658 ], [ -85.77619863, 10.46081106 ], [ -85.77620163, 10.46084069 ], [ -85.77620472, 10.46087022 ], [ -85.77620927, 10.46090074 ], [ -85.77621236, 10.46093028 ], [ -85.77621692, 10.4609608 ], [ -85.77622291, 10.46098571 ], [ -85.77622746, 10.46101623 ], [ -85.77623211, 10.46104666 ], [ -85.77623667, 10.46107718 ], [ -85.77624032, 10.46110925 ], [ -85.77624375, 10.46113471 ], [ -85.77624731, 10.46116678 ], [ -85.77625096, 10.46119884 ], [ -85.77625462, 10.4612309 ], [ -85.77625827, 10.46126296 ], [ -85.77626282, 10.4612934 ], [ -85.77627037, 10.46131929 ], [ -85.77627648, 10.4613508 ], [ -85.77628515, 10.46138166 ], [ -85.77629226, 10.46141153 ], [ -85.77629846, 10.46144304 ], [ -85.77630579, 10.46147942 ], [ -85.77631035, 10.46150994 ], [ -85.776314, 10.461542 ], [ -85.77631899, 10.46156846 ], [ -85.7763261, 10.46159842 ], [ -85.77633221, 10.46162984 ], [ -85.77633842, 10.46166125 ], [ -85.77634363, 10.4616943 ], [ -85.77634853, 10.46172075 ], [ -85.7763553, 10.4617547 ], [ -85.7763615, 10.46178611 ], [ -85.77636861, 10.46181608 ], [ -85.77637728, 10.46184694 ], [ -85.77638594, 10.4618778 ], [ -85.77639249, 10.46190524 ], [ -85.77640116, 10.4619361 ], [ -85.77640883, 10.4619685 ], [ -85.77641806, 10.46200189 ], [ -85.77642838, 10.46203373 ], [ -85.77643483, 10.46206108 ], [ -85.77644472, 10.46209699 ], [ -85.77645394, 10.46213029 ], [ -85.77646383, 10.4621662 ], [ -85.77647315, 10.46219959 ], [ -85.77648394, 10.46223387 ], [ -85.7764945, 10.46226165 ], [ -85.77650417, 10.46229097 ], [ -85.77651751, 10.46232469 ], [ -85.77653085, 10.46235842 ], [ -85.77654696, 10.46239809 ], [ -85.77656208, 10.46243931 ], [ -85.77657264, 10.46246709 ], [ -85.77658499, 10.46250236 ], [ -85.77659677, 10.4625351 ], [ -85.77660899, 10.46256386 ], [ -85.77662077, 10.46259669 ], [ -85.77663312, 10.46263196 ], [ -85.77664399, 10.46266624 ], [ -85.77665578, 10.46269898 ], [ -85.776666, 10.46273083 ], [ -85.77667345, 10.46275672 ], [ -85.77668268, 10.46279011 ], [ -85.77669568, 10.46282781 ], [ -85.77670413, 10.46285217 ], [ -85.77671591, 10.462885 ], [ -85.77672492, 10.46291179 ], [ -85.77673826, 10.46294552 ], [ -85.7767516, 10.46297924 ], [ -85.77676404, 10.46301451 ], [ -85.77677638, 10.46304978 ], [ -85.77678972, 10.4630835 ], [ -85.77680038, 10.46311128 ], [ -85.77681272, 10.46314655 ], [ -85.77682706, 10.46317873 ], [ -85.7768404, 10.46321246 ], [ -85.77685465, 10.46324464 ], [ -85.7768653, 10.46327242 ], [ -85.77687899, 10.46330216 ], [ -85.77689177, 10.46333336 ], [ -85.77690511, 10.46336709 ], [ -85.77691567, 10.46339487 ], [ -85.77692624, 10.46342273 ], [ -85.77693435, 10.46345106 ], [ -85.77694491, 10.46347884 ], [ -85.77695436, 10.46350165 ], [ -85.77696592, 10.46352789 ], [ -85.77697805, 10.46355665 ], [ -85.77699272, 10.46358477 ], [ -85.77700494, 10.46361353 ], [ -85.77701862, 10.46364327 ], [ -85.77702953, 10.46366698 ], [ -85.77704175, 10.46369574 ], [ -85.77705543, 10.4637254 ], [ -85.77706911, 10.46375515 ], [ -85.77708289, 10.46378481 ], [ -85.77709535, 10.4638095 ], [ -85.77710813, 10.46384079 ], [ -85.77712337, 10.46387143 ], [ -85.77713871, 10.46390207 ], [ -85.77715395, 10.46393271 ], [ -85.77716919, 10.46396336 ], [ -85.77718174, 10.46398805 ], [ -85.77719854, 10.46401968 ], [ -85.77721444, 10.46405276 ], [ -85.77723024, 10.46408593 ], [ -85.77724981, 10.4641235 ], [ -85.77734832, 10.46430171 ], [ -85.77736736, 10.46433812 ], [ -85.77738008, 10.46436228 ], [ -85.77743287, 10.46445705 ], [ -85.7774501, 10.46448461 ], [ -85.77747157, 10.4645191 ], [ -85.77749338, 10.46454953 ], [ -85.77751874, 10.46457786 ], [ -85.77754311, 10.46460763 ], [ -85.7775728, 10.4646429 ], [ -85.77759873, 10.46467366 ], [ -85.77762465, 10.46470442 ], [ -85.77762552, 10.46470528 ], [ -85.7776578, 10.4647375 ], [ -85.77768308, 10.46476582 ], [ -85.77770878, 10.46479008 ], [ -85.77773582, 10.46480873 ], [ -85.77776698, 10.4648278 ], [ -85.7777957, 10.46483695 ], [ -85.77782542, 10.46484447 ], [ -85.77785686, 10.46484888 ], [ -85.77785703, 10.4648489 ], [ -85.7778829, 10.46485208 ], [ -85.77788308, 10.4648521 ], [ -85.77791707, 10.46485596 ], [ -85.77791725, 10.46485598 ], [ -85.77796651, 10.46486282 ], [ -85.77796668, 10.46486284 ], [ -85.77799861, 10.46487387 ], [ -85.77801687, 10.46488931 ], [ -85.77803467, 10.4649194 ], [ -85.77805134, 10.46496151 ], [ -85.77806269, 10.46498124 ], [ -85.77809173, 10.46501397 ], [ -85.77811197, 10.46502633 ], [ -85.77813412, 10.46503561 ], [ -85.77815874, 10.46504433 ], [ -85.77818534, 10.46504996 ], [ -85.77823469, 10.46505689 ], [ -85.77823487, 10.46505691 ], [ -85.77826437, 10.46505793 ], [ -85.77829231, 10.46505795 ], [ -85.77832171, 10.46505896 ], [ -85.77834564, 10.46505874 ], [ -85.77837202, 10.46505778 ], [ -85.77839485, 10.46505909 ], [ -85.7784177, 10.46506032 ], [ -85.77841778, 10.46506032 ], [ -85.77846064, 10.4650674 ], [ -85.77849248, 10.46507843 ], [ -85.77851862, 10.46509862 ], [ -85.77853018, 10.46512485 ], [ -85.77854131, 10.46515516 ], [ -85.7785611, 10.46518216 ], [ -85.7785906, 10.46520025 ], [ -85.77863023, 10.46521603 ], [ -85.77867431, 10.46522807 ], [ -85.77871839, 10.46524021 ], [ -85.77874097, 10.4652455 ], [ -85.77876502, 10.4652517 ], [ -85.77880057, 10.46525654 ], [ -85.77880068, 10.46525655 ], [ -85.77880075, 10.46525656 ], [ -85.77884132, 10.4652602 ], [ -85.77884149, 10.46526022 ], [ -85.77888604, 10.46525771 ], [ -85.77892856, 10.46525178 ], [ -85.77896497, 10.4652485 ], [ -85.77900247, 10.46525027 ], [ -85.7790026, 10.46525028 ], [ -85.77902821, 10.46525746 ], [ -85.77905347, 10.46526861 ], [ -85.77907593, 10.46528448 ], [ -85.77910388, 10.46530168 ], [ -85.77912939, 10.46530883 ], [ -85.77912949, 10.46530886 ], [ -85.77916344, 10.46530614 ], [ -85.77919617, 10.46529854 ], [ -85.77923713, 10.46529163 ], [ -85.77927099, 10.465289 ], [ -85.77929993, 10.46528748 ], [ -85.77932943, 10.46528858 ], [ -85.77935775, 10.46529112 ], [ -85.77935793, 10.46529113 ], [ -85.77938108, 10.46529887 ], [ -85.77941158, 10.46531542 ], [ -85.77943828, 10.46533813 ], [ -85.77944953, 10.46535786 ], [ -85.77945162, 10.46538894 ], [ -85.77945082, 10.46539124 ], [ -85.77944057, 10.46542054 ], [ -85.77942385, 10.46545073 ], [ -85.77941283, 10.46547167 ], [ -85.77939745, 10.46549633 ], [ -85.77938964, 10.46551924 ], [ -85.77938195, 10.46554866 ], [ -85.77937246, 10.46558106 ], [ -85.77936054, 10.46562072 ], [ -85.77934949, 10.46565223 ], [ -85.77933713, 10.46567878 ], [ -85.77931262, 10.46570422 ], [ -85.77929023, 10.465716 ], [ -85.77925939, 10.4657206 ], [ -85.77924413, 10.4657347 ], [ -85.77924747, 10.46574308 ], [ -85.77926271, 10.46577372 ], [ -85.77927116, 10.46579808 ], [ -85.77926879, 10.46581581 ], [ -85.7792493, 10.46584004 ], [ -85.77922168, 10.46586361 ], [ -85.77919963, 10.4658884 ], [ -85.7791858, 10.46591405 ], [ -85.77917076, 10.46593465 ], [ -85.77915382, 10.46595834 ], [ -85.77915426, 10.46597135 ], [ -85.77916573, 10.4659805 ], [ -85.77918907, 10.46598423 ], [ -85.77918922, 10.46598426 ], [ -85.77921592, 10.46597941 ], [ -85.77921594, 10.46597941 ], [ -85.77923943, 10.46598307 ], [ -85.77924355, 10.46600058 ], [ -85.77923539, 10.46602747 ], [ -85.77922023, 10.46605864 ], [ -85.77919473, 10.46608563 ], [ -85.77916866, 10.46611008 ], [ -85.77915639, 10.46613663 ], [ -85.77915929, 10.46614909 ], [ -85.77917375, 10.46617079 ], [ -85.77918475, 10.46619449 ], [ -85.77918264, 10.46620815 ], [ -85.77918041, 10.46623239 ], [ -85.77918605, 10.46626127 ], [ -85.77919466, 10.46626454 ], [ -85.77919474, 10.46626457 ], [ -85.77922056, 10.46626117 ], [ -85.77924573, 10.46625525 ], [ -85.77926748, 10.46625809 ], [ -85.77926766, 10.46625811 ], [ -85.77928691, 10.46627201 ], [ -85.77930894, 10.46629186 ], [ -85.77932842, 10.46631235 ], [ -85.77933496, 10.4663397 ], [ -85.77932718, 10.46635204 ], [ -85.77929732, 10.46638275 ], [ -85.77926736, 10.46641337 ], [ -85.77923905, 10.46644498 ], [ -85.77921666, 10.46647385 ], [ -85.77919751, 10.46649411 ], [ -85.779172, 10.46650401 ], [ -85.77914774, 10.4665083 ], [ -85.77912846, 10.46652206 ], [ -85.77911965, 10.46654651 ], [ -85.7791143, 10.46656877 ], [ -85.77909861, 10.46658693 ], [ -85.77908602, 10.4665898 ], [ -85.7790612, 10.46659166 ], [ -85.77903737, 10.46659197 ], [ -85.77901475, 10.46659725 ], [ -85.77899906, 10.46661532 ], [ -85.77898813, 10.46663635 ], [ -85.77897153, 10.46665597 ], [ -85.77894883, 10.46666124 ], [ -85.77892344, 10.46666057 ], [ -85.77889861, 10.46666243 ], [ -85.77888123, 10.4666731 ], [ -85.7788741, 10.46668787 ], [ -85.77887999, 10.4666957 ], [ -85.7789047, 10.46672159 ], [ -85.77890692, 10.46674209 ], [ -85.77890101, 10.46676192 ], [ -85.77888696, 10.46678097 ], [ -85.77886491, 10.46678869 ], [ -85.77886476, 10.46678866 ], [ -85.77883419, 10.46678271 ], [ -85.77880771, 10.4667665 ], [ -85.77878267, 10.46676185 ], [ -85.77878264, 10.46676186 ], [ -85.77875815, 10.46677022 ], [ -85.77873433, 10.46678761 ], [ -85.77872275, 10.46680602 ], [ -85.77872718, 10.46683004 ], [ -85.7787412, 10.46685571 ], [ -85.77875254, 10.46687544 ], [ -85.7787562, 10.46690742 ], [ -85.77874717, 10.46692536 ], [ -85.77872655, 10.46694464 ], [ -85.77871151, 10.46696523 ], [ -85.77868902, 10.46697702 ], [ -85.77866386, 10.46698294 ], [ -85.77863514, 10.46699088 ], [ -85.77860751, 10.46699736 ], [ -85.77857724, 10.46700439 ], [ -85.77854861, 10.46701242 ], [ -85.778524, 10.46702078 ], [ -85.77849962, 10.46703565 ], [ -85.77847579, 10.46705304 ], [ -85.77838639, 10.46713162 ], [ -85.77837044, 10.46715169 ], [ -85.77835551, 10.46717671 ], [ -85.77833855, 10.46721142 ], [ -85.77832351, 10.46724955 ], [ -85.77830848, 10.46728768 ], [ -85.77829302, 10.46732989 ], [ -85.77828566, 10.46735351 ], [ -85.7782712, 10.46739417 ], [ -85.77826393, 10.4674178 ], [ -85.77825767, 10.46743989 ], [ -85.77825187, 10.46746459 ], [ -85.77824863, 10.46748874 ], [ -85.77824548, 10.46751289 ], [ -85.77824271, 10.46753947 ], [ -85.77824051, 10.46756868 ], [ -85.7782383, 10.46759788 ], [ -85.77823656, 10.46762961 ], [ -85.77823738, 10.46766079 ], [ -85.77823716, 10.467687 ], [ -85.77824053, 10.46771771 ], [ -85.7782439, 10.46774842 ], [ -85.77824827, 10.46777767 ], [ -85.77825264, 10.46780693 ], [ -85.77825706, 10.46782959 ], [ -85.77825887, 10.46785931 ], [ -85.77826078, 10.46788903 ], [ -85.77826212, 10.46791623 ], [ -85.77826435, 10.46795499 ], [ -85.77826672, 10.46798724 ], [ -85.77826807, 10.46801443 ], [ -85.77826935, 10.46804814 ], [ -85.77826917, 10.46808094 ], [ -85.77827146, 10.46811311 ], [ -85.77827228, 10.46814437 ], [ -85.77827461, 10.46817002 ], [ -85.77827652, 10.46819975 ], [ -85.77827886, 10.46822549 ], [ -85.77827967, 10.46825667 ], [ -85.77828304, 10.46828737 ], [ -85.77828533, 10.46831963 ], [ -85.7782877, 10.46835188 ], [ -85.7782916, 10.46837861 ], [ -85.77829743, 10.46840885 ], [ -85.77830491, 10.46844008 ], [ -85.77831231, 10.4684714 ], [ -85.77831823, 10.46850164 ], [ -85.77832562, 10.46853287 ], [ -85.77833207, 10.46855913 ], [ -85.77833691, 10.46859082 ], [ -85.77834439, 10.46862214 ], [ -85.77835325, 10.46865436 ], [ -85.7783622, 10.46868666 ], [ -85.77836974, 10.46871138 ], [ -85.7783786, 10.46874369 ], [ -85.77838708, 10.46877346 ], [ -85.77839702, 10.46880423 ], [ -85.77840706, 10.46883499 ], [ -85.778417, 10.46886575 ], [ -85.77842445, 10.46889047 ], [ -85.77843548, 10.46891978 ], [ -85.77844387, 10.46894947 ], [ -85.77845235, 10.46897924 ], [ -85.778453985983759, 10.468986048718547 ] ] ] ] } }
]
}
