{
"type": "FeatureCollection",
"name": "moraviasanisidro",
"crs": { "type": "name", "properties": { "name": "urn:ogc:def:crs:OGC:1.3:CRS84" } },
"xy_coordinate_resolution": 1e-15,
"features": [
{ "type": "Feature", "properties": { "fid": null, "CÓDIGO_DTA": null }, "geometry": { "type": "MultiPolygon", "coordinates": [ [ [ [ -84.03485985, 9.96796013 ], [ -84.03485584, 9.9679416 ], [ -84.03484916, 9.96792373 ], [ -84.03484049, 9.96790653 ], [ -84.03483514, 9.96789396 ], [ -84.0348278, 9.96788139 ], [ -84.03481551, 9.96786813 ], [ -84.03476551, 9.96781406 ], [ -84.03470858, 9.96774916 ], [ -84.0346502, 9.96769578 ], [ -84.03452018, 9.96757617 ], [ -84.03445755, 9.96752012 ], [ -84.03445226, 9.96751535 ], [ -84.03444763, 9.9675112 ], [ -84.03444259, 9.96750617 ], [ -84.03443821, 9.96750175 ], [ -84.03443344, 9.96749647 ], [ -84.03442933, 9.96749181 ], [ -84.03442484, 9.96748629 ], [ -84.034421, 9.9674814 ], [ -84.0344168, 9.96747566 ], [ -84.03441326, 9.96747055 ], [ -84.03440936, 9.96746462 ], [ -84.03440576, 9.96745849 ], [ -84.03440253, 9.96745318 ], [ -84.03439925, 9.96744688 ], [ -84.03439634, 9.96744139 ], [ -84.03439339, 9.96743493 ], [ -84.0343908, 9.96742929 ], [ -84.03438819, 9.96742268 ], [ -84.03438594, 9.9674169 ], [ -84.03438367, 9.96741017 ], [ -84.03438176, 9.96740426 ], [ -84.03437984, 9.96739743 ], [ -84.03437827, 9.96739142 ], [ -84.03437671, 9.9673845 ], [ -84.0343755, 9.96737841 ], [ -84.03437429, 9.96737141 ], [ -84.03437344, 9.96736527 ], [ -84.03437259, 9.96735822 ], [ -84.03437211, 9.96735203 ], [ -84.03437162, 9.96734494 ], [ -84.0343715, 9.96733874 ], [ -84.03437137, 9.96733164 ], [ -84.03437161, 9.96732453 ], [ -84.03437185, 9.96731833 ], [ -84.03437245, 9.96731125 ], [ -84.03437306, 9.96730507 ], [ -84.03437402, 9.96729803 ], [ -84.03437499, 9.96729189 ], [ -84.03437631, 9.9672849 ], [ -84.03437763, 9.96727883 ], [ -84.03437931, 9.96727192 ], [ -84.03438099, 9.96726593 ], [ -84.03438302, 9.96725911 ], [ -84.03438505, 9.96725323 ], [ -84.03438742, 9.96724652 ], [ -84.03438979, 9.96724077 ], [ -84.0343925, 9.96723418 ], [ -84.0343952, 9.96722857 ], [ -84.03439825, 9.96722213 ], [ -84.03440127, 9.96721669 ], [ -84.03440465, 9.96721041 ], [ -84.03440799, 9.96720515 ], [ -84.03441167, 9.96719905 ], [ -84.03441532, 9.96719398 ], [ -84.03441931, 9.96718807 ], [ -84.0344236, 9.96718237 ], [ -84.03442753, 9.96717753 ], [ -84.03443211, 9.96717205 ], [ -84.03443632, 9.96716744 ], [ -84.03444117, 9.9671622 ], [ -84.03444444, 9.96715895 ], [ -84.03444496, 9.96715842 ], [ -84.03445588, 9.96714668 ], [ -84.03445594, 9.96714662 ], [ -84.03437146, 9.96709583 ], [ -84.03433466, 9.9670757 ], [ -84.03431307, 9.96707262 ], [ -84.03429892, 9.96707059 ], [ -84.03428806, 9.9670726 ], [ -84.03426933, 9.96707606 ], [ -84.03426018, 9.96708213 ], [ -84.03424339, 9.96709325 ], [ -84.03423775, 9.96710238 ], [ -84.0342268, 9.96712011 ], [ -84.03422537, 9.96714488 ], [ -84.0342243, 9.96716338 ], [ -84.03422517, 9.96719385 ], [ -84.03422605, 9.96722483 ], [ -84.03421852, 9.96729567 ], [ -84.0342112, 9.9673645 ], [ -84.03420136, 9.96742447 ], [ -84.03419127, 9.96748597 ], [ -84.03418568, 9.96750767 ], [ -84.03417873, 9.96753467 ], [ -84.03416447, 9.96755268 ], [ -84.03415501, 9.96756462 ], [ -84.03414681, 9.96757028 ], [ -84.03413214, 9.96758041 ], [ -84.0341094, 9.96758462 ], [ -84.03409529, 9.96758723 ], [ -84.03406865, 9.96758208 ], [ -84.03404946, 9.96757837 ], [ -84.03402797, 9.96756644 ], [ -84.03401185, 9.96755749 ], [ -84.03399291, 9.96753966 ], [ -84.03396984, 9.96751795 ], [ -84.03394962, 9.96748432 ], [ -84.03393091, 9.96745322 ], [ -84.03389011, 9.96738551 ], [ -84.03384868, 9.96731675 ], [ -84.0338386, 9.96730364 ], [ -84.03382567, 9.96728684 ], [ -84.0338151, 9.96727965 ], [ -84.0337985, 9.96726837 ], [ -84.03378226, 9.96726427 ], [ -84.03377286, 9.9672619 ], [ -84.03375519, 9.96726271 ], [ -84.03374379, 9.96726322 ], [ -84.03373085, 9.9672676 ], [ -84.03371167, 9.96727409 ], [ -84.03369364, 9.96728771 ], [ -84.03367949, 9.96729841 ], [ -84.03366638, 9.96731117 ], [ -84.03365056, 9.96732657 ], [ -84.03362547, 9.9673656 ], [ -84.03360179, 9.96740244 ], [ -84.03358795, 9.96742473 ], [ -84.03357311, 9.96744862 ], [ -84.03356556, 9.96746671 ], [ -84.03355658, 9.96748821 ], [ -84.03355029, 9.96751784 ], [ -84.03354441, 9.96754555 ], [ -84.03353406, 9.96759382 ], [ -84.03352303, 9.96764526 ], [ -84.03351841, 9.96765348 ], [ -84.0335106, 9.96766737 ], [ -84.0335022, 9.96767528 ], [ -84.03349837, 9.96767889 ], [ -84.03347866, 9.96768915 ], [ -84.03346267, 9.96769748 ], [ -84.03343652, 9.96770761 ], [ -84.03341216, 9.96771704 ], [ -84.03338668, 9.96772504 ], [ -84.03335793, 9.96773406 ], [ -84.03332515, 9.96773588 ], [ -84.03329614, 9.96773749 ], [ -84.0332668, 9.9677363 ], [ -84.03323931, 9.96773518 ], [ -84.03317379, 9.96772769 ], [ -84.0331064, 9.96771999 ], [ -84.03309102, 9.96772203 ], [ -84.03306999, 9.96772484 ], [ -84.03305394, 9.96773177 ], [ -84.03303225, 9.96774115 ], [ -84.03301234, 9.96775773 ], [ -84.03299641, 9.967771 ], [ -84.03298772, 9.9677816 ], [ -84.03297483, 9.96779734 ], [ -84.03297137, 9.96781016 ], [ -84.03296544, 9.96783208 ], [ -84.03297096, 9.96786142 ], [ -84.03297529, 9.96788445 ], [ -84.03298806, 9.96792138 ], [ -84.03300036, 9.96795696 ], [ -84.03301444, 9.96799953 ], [ -84.0330293, 9.96804444 ], [ -84.03303219, 9.96807266 ], [ -84.03303602, 9.96811007 ], [ -84.03302633, 9.96812669 ], [ -84.03302164, 9.96813472 ], [ -84.03301007, 9.96814582 ], [ -84.03299401, 9.96816123 ], [ -84.03297255, 9.96817208 ], [ -84.03295572, 9.96818059 ], [ -84.03293456, 9.96818687 ], [ -84.03290851, 9.9681946 ], [ -84.03288688, 9.96819462 ], [ -84.03287058, 9.96819464 ], [ -84.03284172, 9.96818886 ], [ -84.0328166, 9.96818382 ], [ -84.03276586, 9.9681654 ], [ -84.03271506, 9.96814695 ], [ -84.03262084, 9.96812874 ], [ -84.03252911, 9.96811102 ], [ -84.03250535, 9.96810826 ], [ -84.03247924, 9.96810523 ], [ -84.032454, 9.96810592 ], [ -84.03242345, 9.96810676 ], [ -84.03236418, 9.96812963 ], [ -84.03230891, 9.96815097 ], [ -84.03226604, 9.96817001 ], [ -84.03222136, 9.96818985 ], [ -84.03215381, 9.96823123 ], [ -84.03208821, 9.96827141 ], [ -84.03206825, 9.96828595 ], [ -84.03204604, 9.96830212 ], [ -84.03202569, 9.96832339 ], [ -84.03200784, 9.96834204 ], [ -84.03197729, 9.9683862 ], [ -84.03194833, 9.96842807 ], [ -84.03190338, 9.96850952 ], [ -84.03185898, 9.96858997 ], [ -84.03182248, 9.96865705 ], [ -84.03178437, 9.96872709 ], [ -84.03177219, 9.96879018 ], [ -84.03176071, 9.96884972 ], [ -84.0317565, 9.96887547 ], [ -84.03175191, 9.96890357 ], [ -84.03174545, 9.96891833 ], [ -84.03173537, 9.96894136 ], [ -84.03171969, 9.96895166 ], [ -84.03171275, 9.96895622 ], [ -84.03169428, 9.96896017 ], [ -84.03168315, 9.96896254 ], [ -84.03166383, 9.96896056 ], [ -84.03165078, 9.96895922 ], [ -84.03163583, 9.96895351 ], [ -84.03162448, 9.96894919 ], [ -84.0316125, 9.96894331 ], [ -84.03159721, 9.96893582 ], [ -84.03157848, 9.96891997 ], [ -84.03156085, 9.96890504 ], [ -84.03148307, 9.96885328 ], [ -84.03140278, 9.96879985 ], [ -84.03136471, 9.96878263 ], [ -84.03132942, 9.96876667 ], [ -84.03127614, 9.96874985 ], [ -84.03122408, 9.96873341 ], [ -84.03114933, 9.96870974 ], [ -84.03107259, 9.96868544 ], [ -84.03104578, 9.96867089 ], [ -84.03101489, 9.96865413 ], [ -84.0309969, 9.96863788 ], [ -84.03098252, 9.96862491 ], [ -84.03097761, 9.96861807 ], [ -84.03096948, 9.96860675 ], [ -84.03096709, 9.96859964 ], [ -84.03096224, 9.9685852 ], [ -84.03096391, 9.96856783 ], [ -84.03096494, 9.96855712 ], [ -84.03097123, 9.96853665 ], [ -84.03097691, 9.96851817 ], [ -84.03100381, 9.96842791 ], [ -84.03103188, 9.96833378 ], [ -84.03102935, 9.96830189 ], [ -84.03102741, 9.96827739 ], [ -84.03102262, 9.96826611 ], [ -84.03101402, 9.96824585 ], [ -84.03099658, 9.96823399 ], [ -84.03098756, 9.96822786 ], [ -84.03097052, 9.9682236 ], [ -84.03095807, 9.96822048 ], [ -84.03093014, 9.96821579 ], [ -84.03090315, 9.96821126 ], [ -84.03081731, 9.96819764 ], [ -84.03072879, 9.9681836 ], [ -84.03071791, 9.96817882 ], [ -84.03070032, 9.9681711 ], [ -84.03069988, 9.96817061 ], [ -84.03069268, 9.96816283 ], [ -84.03068848, 9.96814616 ], [ -84.03068618, 9.96813702 ], [ -84.03068527, 9.96810455 ], [ -84.03068444, 9.96807492 ], [ -84.03068674, 9.96796309 ], [ -84.03068909, 9.96784877 ], [ -84.03068546, 9.96783517 ], [ -84.03068007, 9.96781495 ], [ -84.03066459, 9.96779313 ], [ -84.03065298, 9.96777678 ], [ -84.03062426, 9.96775309 ], [ -84.03059965, 9.9677328 ], [ -84.03057524, 9.96772066 ], [ -84.03054597, 9.96770611 ], [ -84.03048437, 9.96769418 ], [ -84.03042572, 9.96768282 ], [ -84.03029434, 9.96765801 ], [ -84.03016278, 9.96763317 ], [ -84.03012946, 9.96762612 ], [ -84.03009308, 9.96761841 ], [ -84.03004672, 9.967623 ], [ -84.03000668, 9.96762697 ], [ -84.02991874, 9.96766112 ], [ -84.02983241, 9.96769465 ], [ -84.02977754, 9.96770902 ], [ -84.02972327, 9.96772323 ], [ -84.0297091, 9.96772781 ], [ -84.0296929, 9.96773305 ], [ -84.02967906, 9.96773389 ], [ -84.02966896, 9.9677345 ], [ -84.02965384, 9.96773406 ], [ -84.02963535, 9.96773351 ], [ -84.02961604, 9.96772863 ], [ -84.02960042, 9.96772467 ], [ -84.02958189, 9.9677173 ], [ -84.02956057, 9.96770883 ], [ -84.02955385, 9.96770494 ], [ -84.02954406, 9.96769929 ], [ -84.02953932, 9.96769525 ], [ -84.02953155, 9.96768863 ], [ -84.02952242, 9.96767731 ], [ -84.02951519, 9.96766834 ], [ -84.02951351, 9.9676658 ], [ -84.02951044, 9.96766115 ], [ -84.02950491, 9.96764948 ], [ -84.02950046, 9.96764007 ], [ -84.02949498, 9.9676251 ], [ -84.02948987, 9.96761116 ], [ -84.02947863, 9.96757936 ], [ -84.0294672, 9.96754702 ], [ -84.02946077, 9.96753197 ], [ -84.0294529, 9.96751355 ], [ -84.0294437, 9.96750217 ], [ -84.02943069, 9.96748609 ], [ -84.02941086, 9.96747233 ], [ -84.02939523, 9.96746148 ], [ -84.02937618, 9.96745298 ], [ -84.02935328, 9.96744277 ], [ -84.02932449, 9.96743633 ], [ -84.02929011, 9.96742865 ], [ -84.02927256, 9.96743047 ], [ -84.02926119, 9.96743164 ], [ -84.02924622, 9.96743705 ], [ -84.029226, 9.96744435 ], [ -84.02920484, 9.96745927 ], [ -84.02918731, 9.96747162 ], [ -84.02914826, 9.96750847 ], [ -84.02910945, 9.9675451 ], [ -84.02909684, 9.96755456 ], [ -84.0290819, 9.96756577 ], [ -84.02905427, 9.96758039 ], [ -84.02902945, 9.96759352 ], [ -84.02900539, 9.96760232 ], [ -84.02898398, 9.96761016 ], [ -84.02895321, 9.9676173 ], [ -84.02892403, 9.96762407 ], [ -84.02887618, 9.96763384 ], [ -84.028825, 9.96764429 ], [ -84.02880592, 9.96765563 ], [ -84.02879142, 9.96766426 ], [ -84.02877205, 9.96768025 ], [ -84.02874959, 9.96769879 ], [ -84.02872951, 9.96772443 ], [ -84.02871028, 9.96774898 ], [ -84.02870074, 9.96775916 ], [ -84.02868876, 9.96777194 ], [ -84.02866917, 9.96778467 ], [ -84.02865284, 9.96779529 ], [ -84.02862828, 9.96780744 ], [ -84.02860062, 9.96782114 ], [ -84.02859543, 9.96782295 ], [ -84.02854786, 9.96783259 ], [ -84.0285101, 9.9678312 ], [ -84.0284913, 9.96782747 ], [ -84.02846632, 9.96782251 ], [ -84.0284325, 9.96780697 ], [ -84.0284019, 9.96779292 ], [ -84.02835694, 9.96776703 ], [ -84.02831354, 9.96774204 ], [ -84.02830008, 9.96773289 ], [ -84.02828511, 9.96772271 ], [ -84.02826931, 9.96770964 ], [ -84.02825117, 9.96769464 ], [ -84.02822998, 9.96766911 ], [ -84.02820845, 9.96764315 ], [ -84.02817786, 9.96762034 ], [ -84.0281509, 9.96760023 ], [ -84.02810318, 9.9675766 ], [ -84.02805735, 9.9675539 ], [ -84.02801314, 9.96753276 ], [ -84.02796767, 9.96751101 ], [ -84.02792268, 9.96749555 ], [ -84.02787523, 9.96747926 ], [ -84.02786192, 9.96747644 ], [ -84.02784362, 9.96747257 ], [ -84.02783322, 9.96747396 ], [ -84.02781313, 9.96747665 ], [ -84.0277964, 9.96749001 ], [ -84.02778737, 9.96749723 ], [ -84.02776926, 9.96752721 ], [ -84.02775382, 9.96755278 ], [ -84.027738, 9.96758832 ], [ -84.02772083, 9.96762688 ], [ -84.02771087, 9.9676687 ], [ -84.02770097, 9.96771027 ], [ -84.02768874, 9.96773961 ], [ -84.0276748, 9.96777309 ], [ -84.02764339, 9.96781427 ], [ -84.02761398, 9.96785283 ], [ -84.02758464, 9.96788753 ], [ -84.02755381, 9.96792399 ], [ -84.02754583, 9.96793078 ], [ -84.02753436, 9.96794056 ], [ -84.02751762, 9.96794854 ], [ -84.02750467, 9.9679547 ], [ -84.02748656, 9.96796068 ], [ -84.02746474, 9.96796788 ], [ -84.02743056, 9.9679709 ], [ -84.02739949, 9.96797364 ], [ -84.02734828, 9.96797532 ], [ -84.02729761, 9.96797698 ], [ -84.027259, 9.96797846 ], [ -84.02721842, 9.96798002 ], [ -84.02718752, 9.96797543 ], [ -84.0271515, 9.96797007 ], [ -84.027134, 9.96796196 ], [ -84.02712055, 9.96795572 ], [ -84.02710765, 9.9679477 ], [ -84.02709227, 9.96793814 ], [ -84.02707643, 9.9679247 ], [ -84.02706097, 9.96791158 ], [ -84.02703269, 9.96789213 ], [ -84.0270026, 9.96787144 ], [ -84.02697794, 9.96785794 ], [ -84.02695435, 9.96784501 ], [ -84.02693748, 9.96783599 ], [ -84.02691729, 9.96782519 ], [ -84.02689905, 9.96782228 ], [ -84.02688793, 9.96782051 ], [ -84.02687423, 9.96782281 ], [ -84.02686661, 9.96782408 ], [ -84.02685959, 9.9678271 ], [ -84.02684542, 9.96783318 ], [ -84.02683255, 9.96784858 ], [ -84.02682342, 9.9678595 ], [ -84.0268149, 9.96787112 ], [ -84.02680696, 9.96788196 ], [ -84.02679639, 9.96789724 ], [ -84.02678537, 9.96791317 ], [ -84.02677528, 9.96792933 ], [ -84.02676484, 9.96794603 ], [ -84.02674465, 9.96797177 ], [ -84.0267219, 9.96800078 ], [ -84.02670364, 9.96801402 ], [ -84.02668022, 9.96803102 ], [ -84.02666218, 9.96803699 ], [ -84.02664996, 9.96804103 ], [ -84.02661842, 9.96804317 ], [ -84.02658858, 9.96804519 ], [ -84.02654394, 9.96805265 ], [ -84.02649428, 9.96806094 ], [ -84.02647375, 9.96807303 ], [ -84.02645937, 9.96808149 ], [ -84.02644653, 9.96809523 ], [ -84.02643789, 9.96810448 ], [ -84.02642533, 9.96812922 ], [ -84.02641542, 9.96814872 ], [ -84.02640679, 9.96819018 ], [ -84.02639819, 9.96823147 ], [ -84.02639546, 9.96823705 ], [ -84.02639009, 9.96824807 ], [ -84.02638637, 9.96825192 ], [ -84.02637768, 9.96826091 ], [ -84.02636782, 9.96826577 ], [ -84.02636267, 9.9682683 ], [ -84.02635539, 9.96827072 ], [ -84.02634286, 9.96827488 ], [ -84.02633199, 9.96827438 ], [ -84.02632697, 9.96827415 ], [ -84.02631213, 9.96827096 ], [ -84.02629911, 9.96826816 ], [ -84.02626886, 9.96826154 ], [ -84.02623847, 9.96825489 ], [ -84.02618369, 9.96824232 ], [ -84.02612815, 9.96822959 ], [ -84.02611857, 9.96822819 ], [ -84.02610622, 9.96822639 ], [ -84.02609154, 9.96822686 ], [ -84.02607223, 9.96822748 ], [ -84.02605266, 9.96823308 ], [ -84.0260261, 9.96823781 ], [ -84.0259642, 9.96825853 ], [ -84.02590352, 9.96829203 ], [ -84.02584217, 9.96832617 ], [ -84.02578618, 9.96836633 ], [ -84.02575078, 9.96839064 ], [ -84.02571789, 9.96841096 ], [ -84.02568853, 9.96843128 ], [ -84.02565219, 9.9684488 ], [ -84.02562869, 9.96846361 ], [ -84.02559973, 9.96847305 ], [ -84.02558947, 9.9684776 ], [ -84.02557135, 9.96847818 ], [ -84.02556668, 9.96847887 ], [ -84.0255565, 9.96847706 ], [ -84.02554917, 9.96847582 ], [ -84.025538, 9.96847122 ], [ -84.02552602, 9.96846342 ], [ -84.02551739, 9.96845779 ], [ -84.02550865, 9.96844951 ], [ -84.02550188, 9.96844311 ], [ -84.02549779, 9.96843863 ], [ -84.02549026, 9.9684304 ], [ -84.02546449, 9.96835809 ], [ -84.02544024, 9.96829006 ], [ -84.02538529, 9.96812513 ], [ -84.02532979, 9.96795856 ], [ -84.02528871, 9.96788402 ], [ -84.02524915, 9.96781224 ], [ -84.02520243, 9.96774626 ], [ -84.02515386, 9.96767766 ], [ -84.02514298, 9.96766715 ], [ -84.02512912, 9.96765377 ], [ -84.02510182, 9.96763621 ], [ -84.02507762, 9.96762065 ], [ -84.02504518, 9.96760584 ], [ -84.02501332, 9.96759129 ], [ -84.0250116, 9.96759032 ], [ -84.025, 9.96758381 ], [ -84.02498285, 9.96757416 ], [ -84.02497805, 9.96757147 ], [ -84.02496167, 9.96755788 ], [ -84.024948, 9.96754655 ], [ -84.02492379, 9.96751966 ], [ -84.02490167, 9.96749508 ], [ -84.02486799, 9.96744463 ], [ -84.02483479, 9.96739491 ], [ -84.02481376, 9.96736736 ], [ -84.02478534, 9.96733014 ], [ -84.02449937, 9.96712019 ], [ -84.02455941, 9.96699885 ], [ -84.02479565, 9.96708295 ], [ -84.02483354, 9.96684969 ], [ -84.02492297, 9.96683578 ], [ -84.02499904, 9.96684117 ], [ -84.02500001, 9.96684122 ], [ -84.02519122, 9.96685472 ], [ -84.0253088, 9.96692949 ], [ -84.02543114, 9.96695761 ], [ -84.02567585, 9.96698585 ], [ -84.02635828, 9.9669912 ], [ -84.02681483, 9.96696833 ], [ -84.02723377, 9.96690342 ], [ -84.02763869, 9.96674052 ], [ -84.02776617, 9.96666678 ], [ -84.02844395, 9.96627472 ], [ -84.02933883, 9.96560836 ], [ -84.03042946, 9.96519952 ], [ -84.0304726, 9.9651592 ], [ -84.03082581, 9.96493852 ], [ -84.03130911, 9.96468726 ], [ -84.03162812, 9.96462004 ], [ -84.03198424, 9.96459583 ], [ -84.03240222, 9.96463923 ], [ -84.0325787, 9.96466395 ], [ -84.03276453, 9.96461809 ], [ -84.03422655, 9.96413141 ], [ -84.03559622, 9.96307669 ], [ -84.03596496, 9.96280997 ], [ -84.03623789, 9.96234668 ], [ -84.03660078, 9.96172384 ], [ -84.03804516, 9.96023326 ], [ -84.03900084, 9.96141917 ], [ -84.03900375, 9.96142243 ], [ -84.0391006, 9.96133401 ], [ -84.0391834, 9.9612572 ], [ -84.03928684, 9.96115969 ], [ -84.03940934, 9.96104519 ], [ -84.03949531, 9.96097121 ], [ -84.03956986, 9.96090425 ], [ -84.03968672, 9.96079334 ], [ -84.0397562, 9.96072912 ], [ -84.03985378, 9.96064223 ], [ -84.03993674, 9.96056206 ], [ -84.0399385, 9.9605604 ], [ -84.03994112, 9.96055836 ], [ -84.03994339, 9.96055589 ], [ -84.04014227, 9.96035779 ], [ -84.04022703, 9.96027783 ], [ -84.04033196, 9.96017682 ], [ -84.04042815, 9.96007998 ], [ -84.0405301, 9.95998365 ], [ -84.0406722, 9.9598518 ], [ -84.04079022, 9.9597449 ], [ -84.04084231, 9.95970475 ], [ -84.04090686, 9.95964115 ], [ -84.04091697, 9.9596315 ], [ -84.04091915, 9.95962894 ], [ -84.04092161, 9.95962663 ], [ -84.04092311, 9.95962544 ], [ -84.04103593, 9.95951762 ], [ -84.0411635, 9.95939517 ], [ -84.04122348, 9.95933981 ], [ -84.0412678, 9.95929651 ], [ -84.0413943, 9.95918227 ], [ -84.04143781, 9.95913968 ], [ -84.04147916, 9.95909958 ], [ -84.0415478, 9.95903444 ], [ -84.04168717, 9.95890318 ], [ -84.0417653, 9.958828 ], [ -84.0418807, 9.95871826 ], [ -84.04189864, 9.95870088 ], [ -84.04198661, 9.95861698 ], [ -84.0421409, 9.95847675 ], [ -84.04229839, 9.95833292 ], [ -84.04240954, 9.95823253 ], [ -84.04245001, 9.95819557 ], [ -84.04266247, 9.95802766 ], [ -84.04282871, 9.95787831 ], [ -84.04298447, 9.95774589 ], [ -84.04304923, 9.95768975 ], [ -84.04309922, 9.95764579 ], [ -84.04316428, 9.95758713 ], [ -84.04320819, 9.95755012 ], [ -84.04333024, 9.95744845 ], [ -84.04333048, 9.95744824 ], [ -84.04333245, 9.95744594 ], [ -84.04338187, 9.95739668 ], [ -84.04345244, 9.95730815 ], [ -84.0434773, 9.95727932 ], [ -84.04349435, 9.95725234 ], [ -84.04352165, 9.95720667 ], [ -84.04357228, 9.95710798 ], [ -84.04362401, 9.95701397 ], [ -84.04366777, 9.95694578 ], [ -84.04373047, 9.95683733 ], [ -84.04373108, 9.95683582 ], [ -84.04373752, 9.95682381 ], [ -84.04379355, 9.95671873 ], [ -84.04385883, 9.95658478 ], [ -84.04389964, 9.95650824 ], [ -84.04390832, 9.95603203 ], [ -84.0438949, 9.95600542 ], [ -84.04390384, 9.95593225 ], [ -84.04391501, 9.95586573 ], [ -84.04395526, 9.95580807 ], [ -84.04399775, 9.95576372 ], [ -84.04402906, 9.95574375 ], [ -84.04406708, 9.95572823 ], [ -84.044123, 9.95571713 ], [ -84.04417906, 9.95572194 ], [ -84.04421309, 9.9557293 ], [ -84.04423976, 9.95572951 ], [ -84.04426372, 9.95572211 ], [ -84.04428214, 9.95570807 ], [ -84.04433663, 9.95565035 ], [ -84.0443959, 9.95557001 ], [ -84.04449605, 9.95544637 ], [ -84.0445262, 9.95541697 ], [ -84.04457286, 9.95538624 ], [ -84.04463398, 9.95536391 ], [ -84.04467945, 9.95535895 ], [ -84.04473593, 9.95536005 ], [ -84.04477895, 9.95536491 ], [ -84.04482722, 9.95536114 ], [ -84.04488293, 9.95534662 ], [ -84.04502945, 9.95528941 ], [ -84.04515356, 9.95522482 ], [ -84.04534003, 9.95513768 ], [ -84.04540811, 9.95510427 ], [ -84.04549455, 9.9550726 ], [ -84.04556057, 9.95504426 ], [ -84.04562085, 9.95502315 ], [ -84.04568271, 9.95500815 ], [ -84.04574647, 9.95500557 ], [ -84.04581296, 9.9550027 ], [ -84.04588259, 9.95498903 ], [ -84.04603981, 9.95493368 ], [ -84.04610408, 9.95491205 ], [ -84.04615138, 9.9549076 ], [ -84.04619061, 9.9549106 ], [ -84.04622755, 9.95492425 ], [ -84.04625464, 9.9549427 ], [ -84.04627964, 9.95496834 ], [ -84.04629422, 9.95499803 ], [ -84.04630801, 9.95502575 ], [ -84.04632014, 9.95504119 ], [ -84.0463348, 9.95505405 ], [ -84.04636072, 9.95506738 ], [ -84.04639732, 9.95507577 ], [ -84.04650544, 9.95507824 ], [ -84.04650568, 9.95507827 ], [ -84.04659395, 9.95509066 ], [ -84.0466105, 9.95509299 ], [ -84.04665819, 9.9551021 ], [ -84.04669894, 9.9551108 ], [ -84.04674086, 9.95511203 ], [ -84.04677066, 9.95510356 ], [ -84.04679986, 9.95508966 ], [ -84.04682435, 9.95506896 ], [ -84.04684601, 9.9550377 ], [ -84.04686105, 9.95500553 ], [ -84.04689466, 9.95493712 ], [ -84.04691324, 9.9549124 ], [ -84.04693792, 9.95490189 ], [ -84.04696864, 9.95489836 ], [ -84.04701684, 9.95488949 ], [ -84.04706919, 9.95486835 ], [ -84.04713095, 9.95482629 ], [ -84.04722827, 9.9547664 ], [ -84.04728207, 9.9547484 ], [ -84.04734588, 9.95473112 ], [ -84.0474796, 9.95470032 ], [ -84.04753354, 9.95468996 ], [ -84.04759562, 9.95467257 ], [ -84.04763431, 9.954668 ], [ -84.04767058, 9.95467113 ], [ -84.04770405, 9.95468457 ], [ -84.0477426, 9.95470219 ], [ -84.04777951, 9.95471798 ], [ -84.04781658, 9.95472309 ], [ -84.04785428, 9.95471786 ], [ -84.0478938, 9.95470163 ], [ -84.04798836, 9.95465098 ], [ -84.04809644, 9.95461744 ], [ -84.04816202, 9.95461176 ], [ -84.04826551, 9.95460327 ], [ -84.04840003, 9.95458787 ], [ -84.04841545, 9.95458514 ], [ -84.04847179, 9.95456454 ], [ -84.04857609, 9.95451763 ], [ -84.0486937, 9.95447978 ], [ -84.0487621, 9.95446953 ], [ -84.04880755, 9.95445733 ], [ -84.04882547, 9.95444508 ], [ -84.04883747, 9.9544288 ], [ -84.048841, 9.95440171 ], [ -84.04882982, 9.95421575 ], [ -84.04883886, 9.95418019 ], [ -84.04885277, 9.95416377 ], [ -84.04890139, 9.95413862 ], [ -84.04896288, 9.95411792 ], [ -84.04912736, 9.95406376 ], [ -84.04922529, 9.9540355 ], [ -84.04927031, 9.95401868 ], [ -84.04930055, 9.9539918 ], [ -84.04935328, 9.95393348 ], [ -84.04940986, 9.95387274 ], [ -84.0494657, 9.95384242 ], [ -84.04951085, 9.95382856 ], [ -84.04968072, 9.95377085 ], [ -84.04973145, 9.95376151 ], [ -84.04978377, 9.95376979 ], [ -84.04982294, 9.95376945 ], [ -84.04986169, 9.95376274 ], [ -84.04990206, 9.9537501 ], [ -84.04992011, 9.95374582 ], [ -84.05000003, 9.95372906 ], [ -84.05021706, 9.9536765 ], [ -84.05036293, 9.9536515 ], [ -84.05041371, 9.95365188 ], [ -84.05046383, 9.9536677 ], [ -84.0505025, 9.95369151 ], [ -84.05053528, 9.95371126 ], [ -84.05057588, 9.95372196 ], [ -84.05062303, 9.95372127 ], [ -84.05069051, 9.95369994 ], [ -84.05077051, 9.95366702 ], [ -84.05085948, 9.95361718 ], [ -84.05091184, 9.95357771 ], [ -84.05099579, 9.95347717 ], [ -84.05102926, 9.95343163 ], [ -84.05104713, 9.95340205 ], [ -84.05105888, 9.95335524 ], [ -84.05105954, 9.95332318 ], [ -84.05105717, 9.95329335 ], [ -84.05105818, 9.95324419 ], [ -84.05106947, 9.95321151 ], [ -84.05108867, 9.95318213 ], [ -84.05118513, 9.95305939 ], [ -84.05121355, 9.95303348 ], [ -84.05124443, 9.95301651 ], [ -84.05126632, 9.95300922 ], [ -84.05133337, 9.95300927 ], [ -84.05141776, 9.95302201 ], [ -84.05148964, 9.95304634 ], [ -84.05160518, 9.95311022 ], [ -84.05168384, 9.95316744 ], [ -84.05172813, 9.95320091 ], [ -84.05177922, 9.9532268 ], [ -84.05182849, 9.95322829 ], [ -84.05188007, 9.95323066 ], [ -84.05194557, 9.95323396 ], [ -84.05202584, 9.9532453 ], [ -84.05209553, 9.95323849 ], [ -84.05216734, 9.95321724 ], [ -84.05222268, 9.9531904 ], [ -84.05227485, 9.95315558 ], [ -84.05232929, 9.95312378 ], [ -84.05237808, 9.95310832 ], [ -84.05250386, 9.95306217 ], [ -84.05260344, 9.95304708 ], [ -84.05267672, 9.95304347 ], [ -84.05274869, 9.95304691 ], [ -84.05286355, 9.95306405 ], [ -84.05295008, 9.95308621 ], [ -84.05302363, 9.95311025 ], [ -84.05308106, 9.95314269 ], [ -84.0531385, 9.95317512 ], [ -84.05324472, 9.95324919 ], [ -84.05328143, 9.95326442 ], [ -84.05333016, 9.95328434 ], [ -84.05335997, 9.95330419 ], [ -84.05340265, 9.95333584 ], [ -84.05345241, 9.95337815 ], [ -84.05349645, 9.95342447 ], [ -84.05352292, 9.95344492 ], [ -84.05354914, 9.95346158 ], [ -84.05358691, 9.95346597 ], [ -84.05363761, 9.95347062 ], [ -84.0536708, 9.95348775 ], [ -84.053709, 9.95351124 ], [ -84.0537491, 9.95353098 ], [ -84.0538073, 9.95355092 ], [ -84.05388143, 9.95357102 ], [ -84.05395882, 9.95357819 ], [ -84.05402362, 9.95356799 ], [ -84.05409726, 9.95356389 ], [ -84.05418318, 9.95356827 ], [ -84.05424479, 9.9535761 ], [ -84.05432541, 9.95357971 ], [ -84.05444822, 9.95355028 ], [ -84.054562, 9.95351605 ], [ -84.05466422, 9.95351072 ], [ -84.05478631, 9.95350826 ], [ -84.05492822, 9.95348695 ], [ -84.05501944, 9.95346822 ], [ -84.05507652, 9.95344617 ], [ -84.05518412, 9.95340622 ], [ -84.05526964, 9.95336549 ], [ -84.05531223, 9.95335368 ], [ -84.05538149, 9.95336102 ], [ -84.05542798, 9.95337511 ], [ -84.05548872, 9.9533898 ], [ -84.05554656, 9.95341105 ], [ -84.05557937, 9.953421 ], [ -84.05567566, 9.95344699 ], [ -84.05571397, 9.95344958 ], [ -84.05574515, 9.95344363 ], [ -84.05576321, 9.95342935 ], [ -84.05580928, 9.9533534 ], [ -84.05583349, 9.95332311 ], [ -84.05585959, 9.9533057 ], [ -84.05588998, 9.95329775 ], [ -84.05592464, 9.95329203 ], [ -84.05596098, 9.95329327 ], [ -84.05605706, 9.95331333 ], [ -84.05608189, 9.95331745 ], [ -84.05615876, 9.95332642 ], [ -84.05620406, 9.9533201 ], [ -84.0562495, 9.95330736 ], [ -84.05629698, 9.95329169 ], [ -84.05631642, 9.95327546 ], [ -84.05632784, 9.95325298 ], [ -84.05633314, 9.95321324 ], [ -84.05633052, 9.95316298 ], [ -84.05632797, 9.95314169 ], [ -84.0563335, 9.95311513 ], [ -84.05635076, 9.95309161 ], [ -84.05636979, 9.95307076 ], [ -84.05639561, 9.95305894 ], [ -84.05643517, 9.95304937 ], [ -84.05649107, 9.95304458 ], [ -84.05656924, 9.95303925 ], [ -84.05659693, 9.95303306 ], [ -84.05661339, 9.95302418 ], [ -84.0566407, 9.95299674 ], [ -84.05666298, 9.95296295 ], [ -84.05667643, 9.95294693 ], [ -84.05668411, 9.95293704 ], [ -84.05670183, 9.95292324 ], [ -84.05671645, 9.95292321 ], [ -84.05674247, 9.95293395 ], [ -84.05678522, 9.95294683 ], [ -84.05683785, 9.95294774 ], [ -84.05686799, 9.952936 ], [ -84.05688745, 9.95291038 ], [ -84.05689977, 9.95289285 ], [ -84.05691585, 9.95286997 ], [ -84.05692936, 9.95285905 ], [ -84.05695073, 9.95285355 ], [ -84.05697616, 9.95286098 ], [ -84.05706181, 9.95291146 ], [ -84.05712182, 9.95294132 ], [ -84.05714959, 9.95294748 ], [ -84.05717272, 9.95293742 ], [ -84.05719008, 9.95291686 ], [ -84.05720891, 9.95289008 ], [ -84.05723234, 9.95286503 ], [ -84.05726041, 9.95284897 ], [ -84.05730642, 9.95283229 ], [ -84.05733064, 9.95282587 ], [ -84.05744628, 9.95279941 ], [ -84.05748671, 9.95280418 ], [ -84.05751749, 9.95281748 ], [ -84.05758262, 9.95285667 ], [ -84.0576372, 9.95289219 ], [ -84.05769629, 9.95292649 ], [ -84.05779681, 9.95297348 ], [ -84.05787491, 9.95299631 ], [ -84.05793513, 9.95300823 ], [ -84.05800431, 9.9530126 ], [ -84.05805816, 9.95302736 ], [ -84.05810156, 9.95304142 ], [ -84.05814786, 9.95305965 ], [ -84.05819583, 9.95309422 ], [ -84.05823133, 9.95312886 ], [ -84.05826896, 9.95317294 ], [ -84.05829889, 9.95321241 ], [ -84.05831997, 9.95326965 ], [ -84.05834985, 9.95333515 ], [ -84.05837741, 9.95336864 ], [ -84.05842557, 9.9534019 ], [ -84.0584957, 9.95343297 ], [ -84.0585437, 9.95344152 ], [ -84.05859757, 9.95343965 ], [ -84.05866683, 9.95343249 ], [ -84.05871924, 9.95343685 ], [ -84.05876189, 9.95346341 ], [ -84.05883069, 9.95351091 ], [ -84.05888589, 9.95357364 ], [ -84.05893871, 9.95362314 ], [ -84.05898982, 9.95365844 ], [ -84.05906864, 9.95370418 ], [ -84.05919535, 9.95374826 ], [ -84.05940068, 9.95383216 ], [ -84.05945892, 9.95384488 ], [ -84.05950935, 9.95383338 ], [ -84.0595453, 9.95379885 ], [ -84.05958108, 9.95373961 ], [ -84.05962509, 9.95366867 ], [ -84.05967422, 9.95360706 ], [ -84.05971872, 9.95357699 ], [ -84.05977389, 9.95357745 ], [ -84.05984824, 9.9535984 ], [ -84.0599204, 9.95364534 ], [ -84.06010412, 9.95379536 ], [ -84.06021329, 9.95388523 ], [ -84.06031281, 9.95395974 ], [ -84.06044157, 9.95403418 ], [ -84.06060883, 9.95411204 ], [ -84.06091866, 9.95428836 ], [ -84.06109965, 9.95436123 ], [ -84.06121784, 9.95440087 ], [ -84.06139373, 9.95443113 ], [ -84.06150116, 9.95444451 ], [ -84.06167679, 9.95448762 ], [ -84.06179345, 9.95450448 ], [ -84.0618914, 9.95449395 ], [ -84.06209646, 9.95445162 ], [ -84.06213507, 9.95445076 ], [ -84.06216288, 9.95445693 ], [ -84.062188, 9.95446486 ], [ -84.06221264, 9.9544797 ], [ -84.06224364, 9.9545011 ], [ -84.06227076, 9.9545249 ], [ -84.06228615, 9.95455292 ], [ -84.06230199, 9.95458341 ], [ -84.06232795, 9.95467957 ], [ -84.06236878, 9.95484612 ], [ -84.06237459, 9.95493562 ], [ -84.06237804, 9.95496191 ], [ -84.06239399, 9.95499539 ], [ -84.06241053, 9.95500826 ], [ -84.06242784, 9.95501586 ], [ -84.06246602, 9.95501977 ], [ -84.06259732, 9.95502639 ], [ -84.06271681, 9.95502486 ], [ -84.06277948, 9.95501887 ], [ -84.06283211, 9.95500015 ], [ -84.06285987, 9.95497729 ], [ -84.06292553, 9.95489945 ], [ -84.06296253, 9.95488007 ], [ -84.06299341, 9.95486734 ], [ -84.06303048, 9.95485308 ], [ -84.06306265, 9.95484268 ], [ -84.06308624, 9.95484448 ], [ -84.06310735, 9.95485398 ], [ -84.06313082, 9.95486946 ], [ -84.06315673, 9.95489605 ], [ -84.06318279, 9.95494013 ], [ -84.0632019, 9.95498159 ], [ -84.06323125, 9.95518958 ], [ -84.06327335, 9.95532739 ], [ -84.06330737, 9.95545382 ], [ -84.06333146, 9.95553717 ], [ -84.06334658, 9.95556356 ], [ -84.06337453, 9.95558939 ], [ -84.06341, 9.95561388 ], [ -84.06349228, 9.9556707 ], [ -84.06354967, 9.9557067 ], [ -84.06357621, 9.95571995 ], [ -84.06361729, 9.95573961 ], [ -84.0636584, 9.95575712 ], [ -84.06369327, 9.95575436 ], [ -84.06373839, 9.95573909 ], [ -84.06380671, 9.95571373 ], [ -84.06389704, 9.9556789 ], [ -84.06420733, 9.9556008 ], [ -84.06451585, 9.95552216 ], [ -84.06468176, 9.95552354 ], [ -84.06470149, 9.95552047 ], [ -84.06478038, 9.95547697 ], [ -84.06485971, 9.95539531 ], [ -84.06495761, 9.9552539 ], [ -84.06506095, 9.95504222 ], [ -84.06511129, 9.95497683 ], [ -84.06516045, 9.95495271 ], [ -84.06521239, 9.95493923 ], [ -84.0652789, 9.95493 ], [ -84.0653622, 9.95489898 ], [ -84.06546198, 9.95484449 ], [ -84.06562123, 9.95473667 ], [ -84.06568483, 9.95469201 ], [ -84.06572298, 9.95466899 ], [ -84.06575665, 9.95466901 ], [ -84.06577748, 9.95469356 ], [ -84.06579664, 9.95471841 ], [ -84.0658294, 9.95474684 ], [ -84.06586186, 9.9547736 ], [ -84.06589981, 9.95479255 ], [ -84.06593548, 9.95479912 ], [ -84.06595126, 9.95489467 ], [ -84.06596302, 9.95493111 ], [ -84.06598141, 9.95496124 ], [ -84.06599972, 9.95497896 ], [ -84.06602514, 9.95500741 ], [ -84.06602998, 9.95503181 ], [ -84.06601951, 9.95506234 ], [ -84.06600145, 9.95508908 ], [ -84.06598157, 9.95511529 ], [ -84.06596508, 9.95513876 ], [ -84.06595132, 9.95517971 ], [ -84.06594547, 9.95526067 ], [ -84.06594735, 9.95527973 ], [ -84.06595599, 9.95531329 ], [ -84.06597443, 9.95540587 ], [ -84.06597451, 9.95548289 ], [ -84.06596577, 9.95553493 ], [ -84.06594066, 9.95557276 ], [ -84.06590296, 9.95562224 ], [ -84.06585205, 9.95569888 ], [ -84.06572916, 9.95585502 ], [ -84.06548106, 9.95608724 ], [ -84.06536545, 9.95623095 ], [ -84.06525987, 9.95637288 ], [ -84.06519, 9.95646399 ], [ -84.06512759, 9.95654864 ], [ -84.06507688, 9.9565833 ], [ -84.06502365, 9.9566278 ], [ -84.06499864, 9.95666132 ], [ -84.06498229, 9.95669501 ], [ -84.06498851, 9.95674864 ], [ -84.06500961, 9.95680819 ], [ -84.0650062, 9.95686096 ], [ -84.06497439, 9.95693331 ], [ -84.06483562, 9.95720163 ], [ -84.06469796, 9.95748086 ], [ -84.0645354, 9.9577747 ], [ -84.06438138, 9.95801055 ], [ -84.06429161, 9.95813415 ], [ -84.06420933, 9.95818464 ], [ -84.06412262, 9.95819146 ], [ -84.06393077, 9.95822719 ], [ -84.06378416, 9.95826515 ], [ -84.06371996, 9.95831072 ], [ -84.06366734, 9.95834398 ], [ -84.06361066, 9.95841215 ], [ -84.06349092, 9.95850346 ], [ -84.06334438, 9.95857047 ], [ -84.06323297, 9.95861244 ], [ -84.06306089, 9.95869081 ], [ -84.06292162, 9.95875995 ], [ -84.06279981, 9.9588875 ], [ -84.0627224, 9.95899351 ], [ -84.06263729, 9.95908551 ], [ -84.06250164, 9.9591745 ], [ -84.06237201, 9.95922996 ], [ -84.06225598, 9.95930351 ], [ -84.06209282, 9.95946913 ], [ -84.06198957, 9.95960359 ], [ -84.06194218, 9.95967519 ], [ -84.061897, 9.95976861 ], [ -84.06188522, 9.95985611 ], [ -84.06188096, 9.95996618 ], [ -84.06188278, 9.96007177 ], [ -84.06187585, 9.96021478 ], [ -84.06185225, 9.96029412 ], [ -84.06180409, 9.96037098 ], [ -84.06174823, 9.96043384 ], [ -84.06168921, 9.96048872 ], [ -84.06164748, 9.96054394 ], [ -84.06163202, 9.96056803 ], [ -84.0616308, 9.96059471 ], [ -84.06163952, 9.96062391 ], [ -84.06165747, 9.96065659 ], [ -84.06166682, 9.9607036 ], [ -84.06165467, 9.9607604 ], [ -84.06163143, 9.96098481 ], [ -84.06162278, 9.96102747 ], [ -84.06180692, 9.96244739 ], [ -84.06180695, 9.96246721 ], [ -84.06180695, 9.96246886 ], [ -84.06180705, 9.96256222 ], [ -84.06182504, 9.96260931 ], [ -84.06182693, 9.96262219 ], [ -84.06183105, 9.96262558 ], [ -84.06183492, 9.96262924 ], [ -84.06183866, 9.96264158 ], [ -84.06185526, 9.9626657 ], [ -84.0618696, 9.96269513 ], [ -84.06189427, 9.9627353 ], [ -84.06191189, 9.96276266 ], [ -84.06193206, 9.96279023 ], [ -84.06195358, 9.96281965 ], [ -84.06199266, 9.96286103 ], [ -84.06203014, 9.96290073 ], [ -84.0620825, 9.96295596 ], [ -84.06213531, 9.96301167 ], [ -84.06216572, 9.96304632 ], [ -84.0621981, 9.96308322 ], [ -84.06220336, 9.963091 ], [ -84.06221274, 9.96310488 ], [ -84.06221591, 9.96311455 ], [ -84.06222225, 9.96313382 ], [ -84.06222294, 9.96315142 ], [ -84.06222345, 9.96316427 ], [ -84.0622243, 9.96317942 ], [ -84.06222539, 9.96319885 ], [ -84.06222232, 9.96321428 ], [ -84.06222021, 9.96322489 ], [ -84.06221173, 9.96326374 ], [ -84.0622028, 9.96330469 ], [ -84.06218459, 9.96336055 ], [ -84.06216682, 9.96341507 ], [ -84.06213891, 9.96350762 ], [ -84.06211032, 9.96360243 ], [ -84.06208957, 9.96371366 ], [ -84.06206945, 9.96382151 ], [ -84.06205875, 9.963925 ], [ -84.06204768, 9.96403209 ], [ -84.06204856, 9.96408602 ], [ -84.06204952, 9.96414472 ], [ -84.06205925, 9.96420477 ], [ -84.06206838, 9.96426112 ], [ -84.06207789, 9.96430302 ], [ -84.06208725, 9.96434427 ], [ -84.06209595, 9.96438769 ], [ -84.06210456, 9.96443067 ], [ -84.06211357, 9.96446038 ], [ -84.06212011, 9.96450139 ], [ -84.06212077, 9.96450572 ], [ -84.06212106, 9.96451008 ], [ -84.06212992, 9.9645509 ], [ -84.06212985, 9.96455527 ], [ -84.06212941, 9.96455962 ], [ -84.06212861, 9.96456392 ], [ -84.06212889, 9.96456731 ], [ -84.06212881, 9.96457071 ], [ -84.06212836, 9.96457409 ], [ -84.06212756, 9.96457739 ], [ -84.0621264, 9.9645806 ], [ -84.06212525, 9.96458482 ], [ -84.06212375, 9.96458788 ], [ -84.06212194, 9.96459077 ], [ -84.06211983, 9.96459346 ], [ -84.06211745, 9.9645959 ], [ -84.06211482, 9.96459808 ], [ -84.06211405, 9.96459864 ], [ -84.06211254, 9.96460275 ], [ -84.06211071, 9.96460672 ], [ -84.06210854, 9.96461053 ], [ -84.06210607, 9.96461415 ], [ -84.0620728, 9.96463629 ], [ -84.06207003, 9.9646397 ], [ -84.06206699, 9.96464286 ], [ -84.06206569, 9.96464406 ], [ -84.06200916, 9.96468133 ], [ -84.06195164, 9.96471923 ], [ -84.06191713, 9.96473845 ], [ -84.06187984, 9.96475921 ], [ -84.06182792, 9.96477998 ], [ -84.06177847, 9.96479976 ], [ -84.06171962, 9.96482046 ], [ -84.06166129, 9.96484099 ], [ -84.06156596, 9.9648753 ], [ -84.06147002, 9.96490984 ], [ -84.0614188, 9.96492551 ], [ -84.06136419, 9.96494223 ], [ -84.06132418, 9.9649471 ], [ -84.06128773, 9.96495153 ], [ -84.06118181, 9.96495902 ], [ -84.06107599, 9.9649665 ], [ -84.06100377, 9.96497489 ], [ -84.06092989, 9.96498347 ], [ -84.06081136, 9.9650047 ], [ -84.06069468, 9.9650256 ], [ -84.06059991, 9.96504817 ], [ -84.06050556, 9.96507064 ], [ -84.06040058, 9.96509244 ], [ -84.06029474, 9.96511442 ], [ -84.06021373, 9.96513852 ], [ -84.06013525, 9.96516187 ], [ -84.06007544, 9.96518517 ], [ -84.06001275, 9.96520959 ], [ -84.05996079, 9.96523702 ], [ -84.05991188, 9.96526284 ], [ -84.0598124, 9.96532952 ], [ -84.05971485, 9.9653949 ], [ -84.05968578, 9.96541626 ], [ -84.05965757, 9.965437 ], [ -84.05963857, 9.96545171 ], [ -84.05961758, 9.96546796 ], [ -84.05960243, 9.9654834 ], [ -84.05958415, 9.96550203 ], [ -84.05957197, 9.96551889 ], [ -84.05955695, 9.96553969 ], [ -84.05954287, 9.96556786 ], [ -84.0595263, 9.96560098 ], [ -84.05951306, 9.96564924 ], [ -84.05950064, 9.96569455 ], [ -84.05948488, 9.9657522 ], [ -84.05946908, 9.96580996 ], [ -84.05944655, 9.96588965 ], [ -84.05942349, 9.96597122 ], [ -84.05939792, 9.96603278 ], [ -84.05937084, 9.96609797 ], [ -84.05935549, 9.96612418 ], [ -84.05934167, 9.96614776 ], [ -84.05931838, 9.96618249 ], [ -84.05929604, 9.96621582 ], [ -84.05925663, 9.96626885 ], [ -84.05921561, 9.96632406 ], [ -84.0591601, 9.96638191 ], [ -84.05910692, 9.96643732 ], [ -84.05905385, 9.96648341 ], [ -84.05900232, 9.96652816 ], [ -84.05893059, 9.96658566 ], [ -84.05885433, 9.96664678 ], [ -84.05882768, 9.9666669 ], [ -84.05882652, 9.96666783 ], [ -84.05882232, 9.9666712 ], [ -84.05882109, 9.96667213 ], [ -84.05871958, 9.96674879 ], [ -84.05864574, 9.96680455 ], [ -84.05856517, 9.96687147 ], [ -84.05848485, 9.96693818 ], [ -84.05844763, 9.96696753 ], [ -84.05840969, 9.96699746 ], [ -84.05836842, 9.96703611 ], [ -84.05832446, 9.96707729 ], [ -84.05829959, 9.96710893 ], [ -84.05827626, 9.96713862 ], [ -84.05824116, 9.96718395 ], [ -84.05820524, 9.96723036 ], [ -84.05816636, 9.96728989 ], [ -84.05812855, 9.9673478 ], [ -84.05807077, 9.9674455 ], [ -84.05801247, 9.96754408 ], [ -84.05798281, 9.96758361 ], [ -84.05795507, 9.96762059 ], [ -84.05791027, 9.96766967 ], [ -84.05786336, 9.96772106 ], [ -84.05780953, 9.96776887 ], [ -84.05775684, 9.96781568 ], [ -84.05769932, 9.9678676 ], [ -84.05764131, 9.96791997 ], [ -84.05759057, 9.96796136 ], [ -84.05754068, 9.96800206 ], [ -84.0574811, 9.96804876 ], [ -84.05742073, 9.96809608 ], [ -84.05735662, 9.96814185 ], [ -84.05729072, 9.96818889 ], [ -84.05724795, 9.96821369 ], [ -84.05720721, 9.9682373 ], [ -84.05712267, 9.96828021 ], [ -84.05703966, 9.96832234 ], [ -84.05698533, 9.96834635 ], [ -84.05693189, 9.96836997 ], [ -84.05687301, 9.96839535 ], [ -84.05681277, 9.96842131 ], [ -84.05675314, 9.96844127 ], [ -84.0566937, 9.96846116 ], [ -84.05663813, 9.96848425 ], [ -84.05658455, 9.9685065 ], [ -84.05654152, 9.96852783 ], [ -84.05649616, 9.96855031 ], [ -84.0564442, 9.96858284 ], [ -84.05639454, 9.96861394 ], [ -84.05632344, 9.96866602 ], [ -84.05625022, 9.96871966 ], [ -84.05621383, 9.9687521 ], [ -84.05617796, 9.96878407 ], [ -84.05612872, 9.96882361 ], [ -84.05607914, 9.96886342 ], [ -84.05605884, 9.96888258 ], [ -84.05603571, 9.96890443 ], [ -84.0560233, 9.96892096 ], [ -84.05601278, 9.96893497 ], [ -84.05600239, 9.96895489 ], [ -84.05599346, 9.96897118 ], [ -84.05598632, 9.96900034 ], [ -84.0559791, 9.96902771 ], [ -84.05597776, 9.96904002 ], [ -84.05597742, 9.96904112 ], [ -84.05597583, 9.96905897 ], [ -84.05597334, 9.96906847 ], [ -84.05597125, 9.96907807 ], [ -84.05596959, 9.96908574 ], [ -84.05596813, 9.96909417 ], [ -84.05596646, 9.96910384 ], [ -84.05596528, 9.96911295 ], [ -84.05596418, 9.96912142 ], [ -84.05596274, 9.96916504 ], [ -84.05596138, 9.96920561 ], [ -84.05595932, 9.96931073 ], [ -84.05595725, 9.96941609 ], [ -84.05595319, 9.96949859 ], [ -84.05594906, 9.96958233 ], [ -84.0559397, 9.96967256 ], [ -84.05593011, 9.96976513 ], [ -84.05592019, 9.96981216 ], [ -84.05590957, 9.96986249 ], [ -84.05587261, 9.9699705 ], [ -84.05583634, 9.97007652 ], [ -84.0557922, 9.97019754 ], [ -84.05574748, 9.97032017 ], [ -84.05572784, 9.9703614 ], [ -84.0557069, 9.97040535 ], [ -84.05568442, 9.97044195 ], [ -84.05566307, 9.97047672 ], [ -84.05560091, 9.97056991 ], [ -84.05553915, 9.97066251 ], [ -84.05549684, 9.97072464 ], [ -84.05545452, 9.97078677 ], [ -84.05542075, 9.97083746 ], [ -84.05538697, 9.97088817 ], [ -84.05537102, 9.9709153 ], [ -84.05534405, 9.97095478 ], [ -84.05533655, 9.97097174 ], [ -84.05531661, 9.97104195 ], [ -84.05530051, 9.97110518 ], [ -84.05530034, 9.9711058 ], [ -84.0553002, 9.97110687 ], [ -84.05529867, 9.97111322 ], [ -84.05529802, 9.97111969 ], [ -84.05529684, 9.97112611 ], [ -84.05529653, 9.97113261 ], [ -84.05529572, 9.97113909 ], [ -84.05529576, 9.9711456 ], [ -84.0552953, 9.97115212 ], [ -84.05529569, 9.97115861 ], [ -84.0552956, 9.97116514 ], [ -84.05529586, 9.97117167 ], [ -84.0552966, 9.97117813 ], [ -84.05529723, 9.97118463 ], [ -84.05529831, 9.97119103 ], [ -84.0552993, 9.9711975 ], [ -84.05531241, 9.97126769 ], [ -84.05533061, 9.97137147 ], [ -84.05534895, 9.97147601 ], [ -84.05537828, 9.97160142 ], [ -84.05541476, 9.97176512 ], [ -84.05541516, 9.97176643 ], [ -84.05541571, 9.97176824 ], [ -84.05541722, 9.97177383 ], [ -84.05541909, 9.97178072 ], [ -84.05542059, 9.9717877 ], [ -84.05542175, 9.97179306 ], [ -84.0554229, 9.97180011 ], [ -84.05542378, 9.97180552 ], [ -84.05542439, 9.97181096 ], [ -84.05542517, 9.97181806 ], [ -84.0554255, 9.97182353 ], [ -84.05542593, 9.97183065 ], [ -84.05542597, 9.97183613 ], [ -84.05542603, 9.97184327 ], [ -84.0554258, 9.97184874 ], [ -84.0554255, 9.97185587 ], [ -84.05542498, 9.97186132 ], [ -84.05542432, 9.97186843 ], [ -84.05542353, 9.97187385 ], [ -84.0554225, 9.97188091 ], [ -84.05542143, 9.97188629 ], [ -84.05542004, 9.97189329 ], [ -84.0554187, 9.97189861 ], [ -84.05541696, 9.97190553 ], [ -84.05541535, 9.97191077 ], [ -84.05541326, 9.97191759 ], [ -84.05541138, 9.97192275 ], [ -84.05540894, 9.97192946 ], [ -84.05540681, 9.97193451 ], [ -84.05540403, 9.97194109 ], [ -84.05540164, 9.97194603 ], [ -84.05539853, 9.97195246 ], [ -84.05539589, 9.97195727 ], [ -84.05539245, 9.97196354 ], [ -84.05538957, 9.97196821 ], [ -84.05538582, 9.97197429 ], [ -84.0553827, 9.97197881 ], [ -84.05537864, 9.9719847 ], [ -84.0553753, 9.97198906 ], [ -84.05537095, 9.97199474 ], [ -84.05536739, 9.97199892 ], [ -84.05536275, 9.97200437 ], [ -84.05535898, 9.97200837 ], [ -84.05535407, 9.97201358 ], [ -84.0553489, 9.97201854 ], [ -84.05534433, 9.97202292 ], [ -84.05529042, 9.97208204 ], [ -84.05523695, 9.97213921 ], [ -84.05523383, 9.97214253 ], [ -84.05523029, 9.97214631 ], [ -84.05522547, 9.97215186 ], [ -84.05521974, 9.97215848 ], [ -84.0552152, 9.97216426 ], [ -84.05520971, 9.97217125 ], [ -84.05520546, 9.97217724 ], [ -84.05520032, 9.97218449 ], [ -84.05519638, 9.97219068 ], [ -84.0551916, 9.97219817 ], [ -84.05518796, 9.97220453 ], [ -84.05518356, 9.97221224 ], [ -84.05518024, 9.97221877 ], [ -84.05516982, 9.97223703 ], [ -84.05516284, 9.97225435 ], [ -84.05515725, 9.97227167 ], [ -84.05514995, 9.97229898 ], [ -84.05514418, 9.97236524 ], [ -84.05514142, 9.97243771 ], [ -84.05513846, 9.97252339 ], [ -84.05510024, 9.97252639 ], [ -84.05505764, 9.97252679 ], [ -84.05499956, 9.97253446 ], [ -84.05491427, 9.97253252 ], [ -84.05488322, 9.97253353 ], [ -84.05476277, 9.97255937 ], [ -84.0547324, 9.97257099 ], [ -84.05469116, 9.97258397 ], [ -84.05463297, 9.97260815 ], [ -84.05455814, 9.97264694 ], [ -84.05449209, 9.97268078 ], [ -84.05442539, 9.97272158 ], [ -84.05431377, 9.97278218 ], [ -84.05425267, 9.97280795 ], [ -84.05420155, 9.97282451 ], [ -84.05414908, 9.97285658 ], [ -84.05409992, 9.97288393 ], [ -84.0539818, 9.97298097 ], [ -84.05393019, 9.97303146 ], [ -84.05388847, 9.97306079 ], [ -84.05385524, 9.97307498 ], [ -84.05382451, 9.97308459 ], [ -84.0537864, 9.97308562 ], [ -84.05375136, 9.97308982 ], [ -84.0537022, 9.97308044 ], [ -84.05367392, 9.973076 ], [ -84.05361998, 9.97305633 ], [ -84.05358205, 9.97303999 ], [ -84.05353988, 9.97301864 ], [ -84.05351724, 9.9730006 ], [ -84.05348766, 9.97297637 ], [ -84.05347438, 9.97295708 ], [ -84.05346051, 9.97293913 ], [ -84.05345225, 9.97290965 ], [ -84.05344096, 9.97287845 ], [ -84.05343882, 9.97283219 ], [ -84.0534338, 9.9728011 ], [ -84.05342924, 9.97269338 ], [ -84.05341461, 9.97259551 ], [ -84.05340394, 9.97256193 ], [ -84.05338774, 9.97250881 ], [ -84.05336401, 9.97245714 ], [ -84.05334234, 9.97240817 ], [ -84.05332437, 9.97237806 ], [ -84.05329778, 9.97232896 ], [ -84.05328423, 9.97230704 ], [ -84.05327162, 9.97228227 ], [ -84.05325055, 9.97224642 ], [ -84.05323338, 9.97222061 ], [ -84.05321348, 9.97219466 ], [ -84.05319897, 9.97216858 ], [ -84.05317246, 9.97213143 ], [ -84.05315693, 9.97211234 ], [ -84.05314261, 9.97210912 ], [ -84.05312261, 9.9720964 ], [ -84.05310504, 9.97209128 ], [ -84.05308685, 9.97209309 ], [ -84.05306303, 9.97210745 ], [ -84.05304666, 9.97211017 ], [ -84.05302156, 9.97213239 ], [ -84.05300655, 9.97214023 ], [ -84.05299482, 9.97215244 ], [ -84.05294371, 9.97221025 ], [ -84.05292894, 9.97223434 ], [ -84.05291605, 9.97226078 ], [ -84.05285037, 9.97234946 ], [ -84.05283806, 9.9723791 ], [ -84.05281269, 9.97241931 ], [ -84.05276713, 9.97248531 ], [ -84.05271102, 9.97257742 ], [ -84.05268127, 9.97263018 ], [ -84.05264909, 9.97268791 ], [ -84.05263614, 9.97271116 ], [ -84.05262656, 9.97273288 ], [ -84.05260258, 9.97279048 ], [ -84.05259051, 9.97284039 ], [ -84.0525646, 9.97288792 ], [ -84.0525495, 9.97292053 ], [ -84.05253162, 9.97298251 ], [ -84.05251827, 9.97301212 ], [ -84.05251201, 9.97304243 ], [ -84.0525062, 9.97306656 ], [ -84.05249653, 9.97310047 ], [ -84.05249102, 9.97312569 ], [ -84.05248807, 9.97315757 ], [ -84.05246739, 9.97320779 ], [ -84.05245231, 9.97324655 ], [ -84.0524263, 9.97329925 ], [ -84.05241139, 9.97333256 ], [ -84.05240491, 9.97334444 ], [ -84.05235033, 9.97344465 ], [ -84.05234027, 9.97346577 ], [ -84.05231514, 9.97351871 ], [ -84.052305, 9.97353415 ], [ -84.0522774, 9.9735861 ], [ -84.05222417, 9.97366304 ], [ -84.05216124, 9.97375985 ], [ -84.0521319, 9.97381478 ], [ -84.05207453, 9.97389864 ], [ -84.05197797, 9.97402331 ], [ -84.05195161, 9.97406771 ], [ -84.05193144, 9.97409749 ], [ -84.05192111, 9.97411851 ], [ -84.05190801, 9.97415177 ], [ -84.05189316, 9.97418226 ], [ -84.05188883, 9.97421911 ], [ -84.05188025, 9.97424938 ], [ -84.0518812, 9.97433985 ], [ -84.05189879, 9.97442134 ], [ -84.05191868, 9.97447138 ], [ -84.0519259, 9.97449226 ], [ -84.05193739, 9.97450804 ], [ -84.05196161, 9.97454638 ], [ -84.0519895, 9.97456944 ], [ -84.05202311, 9.97460343 ], [ -84.05205898, 9.97462465 ], [ -84.05212101, 9.97467542 ], [ -84.05214309, 9.97469503 ], [ -84.05220259, 9.97473197 ], [ -84.0522597, 9.97475454 ], [ -84.05228537, 9.97477222 ], [ -84.0523203, 9.97478825 ], [ -84.05238384, 9.97480267 ], [ -84.05243238, 9.97481235 ], [ -84.05249787, 9.97482952 ], [ -84.05255575, 9.97484352 ], [ -84.05263213, 9.97485666 ], [ -84.05268593, 9.97485984 ], [ -84.05287034, 9.97485165 ], [ -84.05298933, 9.97485081 ], [ -84.05305946, 9.9748488 ], [ -84.05310252, 9.97484667 ], [ -84.05315054, 9.97485459 ], [ -84.05319084, 9.9748544 ], [ -84.05322187, 9.9748604 ], [ -84.05326748, 9.97487226 ], [ -84.05329266, 9.97488157 ], [ -84.05330587, 9.97489137 ], [ -84.0533207, 9.97490892 ], [ -84.05333855, 9.97491965 ], [ -84.05335338, 9.97494524 ], [ -84.05336646, 9.97495599 ], [ -84.05337844, 9.97497962 ], [ -84.05339769, 9.97500896 ], [ -84.05343617, 9.97506517 ], [ -84.05348406, 9.97512401 ], [ -84.05353745, 9.9752057 ], [ -84.05358107, 9.97526963 ], [ -84.05359713, 9.97529799 ], [ -84.05361388, 9.97532385 ], [ -84.05363665, 9.975364 ], [ -84.05366022, 9.97540224 ], [ -84.0536695, 9.97541842 ], [ -84.05367611, 9.97545372 ], [ -84.05369112, 9.97549254 ], [ -84.05371892, 9.97554015 ], [ -84.05375398, 9.97558562 ], [ -84.05382665, 9.97572655 ], [ -84.05390026, 9.9758207 ], [ -84.0539235, 9.97585941 ], [ -84.05398162, 9.97591972 ], [ -84.05401237, 9.97595173 ], [ -84.05403527, 9.97598742 ], [ -84.05407305, 9.97603992 ], [ -84.05414667, 9.97611795 ], [ -84.05417983, 9.97618236 ], [ -84.05420148, 9.97623675 ], [ -84.05422029, 9.97629233 ], [ -84.05422348, 9.97631793 ], [ -84.05423227, 9.97634459 ], [ -84.05423612, 9.97638357 ], [ -84.05423121, 9.97641494 ], [ -84.05422398, 9.97642551 ], [ -84.05420995, 9.97644553 ], [ -84.05421067, 9.97648762 ], [ -84.05420452, 9.97652222 ], [ -84.05417784, 9.9765731 ], [ -84.05413355, 9.9765927 ], [ -84.05410329, 9.97659316 ], [ -84.0540488, 9.97659526 ], [ -84.05403373, 9.97658837 ], [ -84.05400129, 9.97658737 ], [ -84.05398164, 9.97657676 ], [ -84.0539614, 9.97656718 ], [ -84.05392758, 9.97656519 ], [ -84.05389886, 9.97655465 ], [ -84.05385027, 9.97654458 ], [ -84.05378146, 9.97652843 ], [ -84.05374639, 9.97652069 ], [ -84.05365414, 9.97649904 ], [ -84.05360044, 9.97648824 ], [ -84.05354908, 9.97646857 ], [ -84.05345977, 9.97646535 ], [ -84.05338817, 9.97645094 ], [ -84.05334113, 9.97644472 ], [ -84.05320663, 9.97643062 ], [ -84.05313589, 9.97643007 ], [ -84.05304636, 9.97641413 ], [ -84.05301033, 9.97640676 ], [ -84.05297591, 9.97640714 ], [ -84.05293, 9.97641637 ], [ -84.05288709, 9.97641229 ], [ -84.05281576, 9.97641761 ], [ -84.0527539, 9.97642247 ], [ -84.05261986, 9.97645547 ], [ -84.05248772, 9.97648174 ], [ -84.05243225, 9.97649205 ], [ -84.05237749, 9.97649936 ], [ -84.0523237, 9.97650175 ], [ -84.05226861, 9.976505 ], [ -84.05217984, 9.97650808 ], [ -84.05205121, 9.9765228 ], [ -84.05197847, 9.97653867 ], [ -84.05173798, 9.97655834 ], [ -84.05162696, 9.97655901 ], [ -84.05153201, 9.97657143 ], [ -84.05144519, 9.97658281 ], [ -84.05139887, 9.97658161 ], [ -84.05130271, 9.97657922 ], [ -84.05123747, 9.9765814 ], [ -84.05117005, 9.97656914 ], [ -84.05113784, 9.97656789 ], [ -84.05111098, 9.97656404 ], [ -84.05106088, 9.97655116 ], [ -84.05102929, 9.97653498 ], [ -84.05097655, 9.97650981 ], [ -84.0509434, 9.97649081 ], [ -84.05092242, 9.97647932 ], [ -84.05086408, 9.9764496 ], [ -84.05085404, 9.97644006 ], [ -84.05082482, 9.97640719 ], [ -84.05080951, 9.9763846 ], [ -84.05070941, 9.9763142 ], [ -84.0507033, 9.97630218 ], [ -84.05069511, 9.9762775 ], [ -84.05069836, 9.97625368 ], [ -84.05069641, 9.97624016 ], [ -84.05068342, 9.97622857 ], [ -84.05066393, 9.97622599 ], [ -84.0506533, 9.97621887 ], [ -84.05064574, 9.97620153 ], [ -84.05064102, 9.97617376 ], [ -84.05063274, 9.9761571 ], [ -84.05062244, 9.97614456 ], [ -84.05059506, 9.9761365 ], [ -84.05057947, 9.9761262 ], [ -84.05056887, 9.97610905 ], [ -84.05055223, 9.97609514 ], [ -84.05052264, 9.97607964 ], [ -84.05048807, 9.9760642 ], [ -84.05044847, 9.97605645 ], [ -84.0504191, 9.97605017 ], [ -84.05035848, 9.97605934 ], [ -84.05033084, 9.97607519 ], [ -84.05028601, 9.97611304 ], [ -84.05026121, 9.97611479 ], [ -84.05020401, 9.97613365 ], [ -84.05012156, 9.97621814 ], [ -84.0501077, 9.97623462 ], [ -84.05004118, 9.97627531 ], [ -84.05000882, 9.97630291 ], [ -84.05000001, 9.97631181 ], [ -84.04991654, 9.97641108 ], [ -84.04987833, 9.97644968 ], [ -84.04984229, 9.97649584 ], [ -84.04978355, 9.97657712 ], [ -84.04970904, 9.97664125 ], [ -84.0496829, 9.9766665 ], [ -84.04966075, 9.97668054 ], [ -84.04963362, 9.97669115 ], [ -84.04958081, 9.97673185 ], [ -84.04952919, 9.9767493 ], [ -84.04950713, 9.9767627 ], [ -84.0494622, 9.9767736 ], [ -84.04944891, 9.97677927 ], [ -84.04942331, 9.97678117 ], [ -84.04941155, 9.97678213 ], [ -84.04938224, 9.97677728 ], [ -84.04936147, 9.97676978 ], [ -84.04934379, 9.9767644 ], [ -84.04930332, 9.97674261 ], [ -84.04928509, 9.97672797 ], [ -84.04926264, 9.97670831 ], [ -84.04924462, 9.97668787 ], [ -84.04922772, 9.97666681 ], [ -84.04921465, 9.97664281 ], [ -84.04920608, 9.97661842 ], [ -84.04919827, 9.97659595 ], [ -84.04919382, 9.9765737 ], [ -84.04919291, 9.9765504 ], [ -84.049193, 9.97652117 ], [ -84.04920107, 9.97647755 ], [ -84.04920627, 9.97635523 ], [ -84.04921911, 9.9763013 ], [ -84.04922347, 9.976275 ], [ -84.04923288, 9.97623979 ], [ -84.0492503, 9.97620211 ], [ -84.04926382, 9.97617028 ], [ -84.04928054, 9.97614988 ], [ -84.0493189, 9.97611068 ], [ -84.04934796, 9.97606227 ], [ -84.04933781, 9.97603191 ], [ -84.04932005, 9.97601271 ], [ -84.04928167, 9.97599196 ], [ -84.04922819, 9.97597584 ], [ -84.04918284, 9.97597699 ], [ -84.04914679, 9.97597815 ], [ -84.04910494, 9.97598277 ], [ -84.04906657, 9.97598854 ], [ -84.04903853, 9.97599499 ], [ -84.04901991, 9.97599698 ], [ -84.04898572, 9.97600864 ], [ -84.04896556, 9.97601707 ], [ -84.04888751, 9.9760462 ], [ -84.04883123, 9.97607603 ], [ -84.04880636, 9.97608644 ], [ -84.04877547, 9.97608886 ], [ -84.04869969, 9.97609766 ], [ -84.04866147, 9.97609852 ], [ -84.0486296, 9.97610236 ], [ -84.04858282, 9.9761029 ], [ -84.04853755, 9.97611181 ], [ -84.04850773, 9.97612124 ], [ -84.04847483, 9.97613308 ], [ -84.0484423, 9.9761539 ], [ -84.04840552, 9.97617528 ], [ -84.04835378, 9.97622051 ], [ -84.04831395, 9.97625477 ], [ -84.04823322, 9.97632881 ], [ -84.04808436, 9.97647548 ], [ -84.04794907, 9.97662136 ], [ -84.04790374, 9.97666646 ], [ -84.04788471, 9.97669412 ], [ -84.04784507, 9.97674766 ], [ -84.04782516, 9.97678308 ], [ -84.04779696, 9.97683334 ], [ -84.04777214, 9.97688629 ], [ -84.04774943, 9.97694627 ], [ -84.0477093, 9.97706567 ], [ -84.04768487, 9.97717673 ], [ -84.04762027, 9.97740123 ], [ -84.04760577, 9.97746302 ], [ -84.04759078, 9.97750495 ], [ -84.04757255, 9.97755302 ], [ -84.04756069, 9.97761453 ], [ -84.04752845, 9.97772821 ], [ -84.04752558, 9.9777764 ], [ -84.04751069, 9.97782571 ], [ -84.04746728, 9.97795781 ], [ -84.04743174, 9.97806013 ], [ -84.04740762, 9.97809855 ], [ -84.04737771, 9.97815876 ], [ -84.04736655, 9.97817267 ], [ -84.04735247, 9.97818874 ], [ -84.04730858, 9.97823932 ], [ -84.04728699, 9.9782551 ], [ -84.04725504, 9.97826861 ], [ -84.04722585, 9.97828368 ], [ -84.04719157, 9.97830953 ], [ -84.04716024, 9.97833218 ], [ -84.04712292, 9.97835837 ], [ -84.04709859, 9.97838306 ], [ -84.04707451, 9.97841139 ], [ -84.04704392, 9.97846555 ], [ -84.04700934, 9.97851939 ], [ -84.04698706, 9.97857022 ], [ -84.04693746, 9.97867605 ], [ -84.04689601, 9.97879029 ], [ -84.04686226, 9.97886699 ], [ -84.04681122, 9.97902198 ], [ -84.04677258, 9.97914825 ], [ -84.04676147, 9.97919215 ], [ -84.04676039, 9.97922275 ], [ -84.04676161, 9.97925458 ], [ -84.04676372, 9.97929365 ], [ -84.04677451, 9.97933086 ], [ -84.04679365, 9.97939524 ], [ -84.04680911, 9.97942905 ], [ -84.04681712, 9.97945268 ], [ -84.04683389, 9.97950115 ], [ -84.04683392, 9.97952415 ], [ -84.04683853, 9.97955414 ], [ -84.04683574, 9.97958216 ], [ -84.0468289, 9.97959694 ], [ -84.04681594, 9.97962144 ], [ -84.04679119, 9.97964722 ], [ -84.04676901, 9.97966884 ], [ -84.04673873, 9.9796915 ], [ -84.04671157, 9.97970621 ], [ -84.04667003, 9.97972389 ], [ -84.04663864, 9.9797336 ], [ -84.04657407, 9.97975109 ], [ -84.04652227, 9.97975787 ], [ -84.04648095, 9.97976421 ], [ -84.04641971, 9.97976693 ], [ -84.04636288, 9.97976885 ], [ -84.04630993, 9.97976927 ], [ -84.04625634, 9.97976507 ], [ -84.04620713, 9.97976667 ], [ -84.04610872, 9.97976986 ], [ -84.04605926, 9.9797678 ], [ -84.04600207, 9.97976425 ], [ -84.04588823, 9.97977142 ], [ -84.04585859, 9.97977466 ], [ -84.0458381, 9.97978386 ], [ -84.04580381, 9.97979573 ], [ -84.04578159, 9.97981941 ], [ -84.04576706, 9.97985116 ], [ -84.04575303, 9.97986516 ], [ -84.04574519, 9.97990639 ], [ -84.04573663, 9.97992311 ], [ -84.04573254, 9.97994396 ], [ -84.04572823, 9.97998415 ], [ -84.04572994, 9.98000726 ], [ -84.045743, 9.98005872 ], [ -84.04575113, 9.98008417 ], [ -84.04578017, 9.98016892 ], [ -84.04581825, 9.98024928 ], [ -84.04583975, 9.98028219 ], [ -84.04587247, 9.98036669 ], [ -84.04593228, 9.98044758 ], [ -84.04595644, 9.98047119 ], [ -84.04599726, 9.98050558 ], [ -84.04608304, 9.98059497 ], [ -84.0461353, 9.98064152 ], [ -84.04619033, 9.98070475 ], [ -84.04621582, 9.98074598 ], [ -84.04622484, 9.98076716 ], [ -84.04625542, 9.98084217 ], [ -84.04626445, 9.98089084 ], [ -84.04625122, 9.98097079 ], [ -84.04623386, 9.98100405 ], [ -84.04621931, 9.98102081 ], [ -84.04620124, 9.98104559 ], [ -84.04618102, 9.98106192 ], [ -84.046123, 9.98109813 ], [ -84.04606387, 9.98113044 ], [ -84.04596853, 9.98119487 ], [ -84.04593728, 9.98120742 ], [ -84.04589616, 9.98122153 ], [ -84.04584896, 9.98123632 ], [ -84.04578957, 9.98126498 ], [ -84.04571121, 9.98129168 ], [ -84.04566617, 9.98130588 ], [ -84.04559573, 9.98131578 ], [ -84.04556314, 9.98131872 ], [ -84.04553539, 9.98131978 ], [ -84.04550334, 9.98131631 ], [ -84.04547892, 9.98129672 ], [ -84.04546845, 9.98125868 ], [ -84.045444, 9.98123244 ], [ -84.04542358, 9.98121002 ], [ -84.04541252, 9.98119578 ], [ -84.04539222, 9.98117519 ], [ -84.04536918, 9.981144 ], [ -84.04535655, 9.98112347 ], [ -84.04533612, 9.98106104 ], [ -84.04533052, 9.981045 ], [ -84.04532912, 9.98102473 ], [ -84.04532839, 9.98100526 ], [ -84.04532819, 9.98098077 ], [ -84.04532262, 9.98094493 ], [ -84.04529003, 9.98083829 ], [ -84.04527746, 9.98079467 ], [ -84.04526181, 9.98076197 ], [ -84.04524986, 9.98074348 ], [ -84.04523212, 9.98071525 ], [ -84.04521715, 9.98069433 ], [ -84.0451943, 9.98066989 ], [ -84.04516941, 9.9806456 ], [ -84.04514128, 9.98062169 ], [ -84.04512249, 9.9806037 ], [ -84.04509127, 9.98058219 ], [ -84.0450672, 9.98056254 ], [ -84.04503752, 9.9805408 ], [ -84.04497999, 9.98049916 ], [ -84.04494106, 9.9804705 ], [ -84.0448858, 9.98044384 ], [ -84.0448452, 9.98042565 ], [ -84.04476021, 9.98039084 ], [ -84.04465939, 9.98035307 ], [ -84.04458751, 9.98034979 ], [ -84.04451486, 9.98033785 ], [ -84.04446854, 9.98033317 ], [ -84.0444224, 9.98033197 ], [ -84.04437998, 9.98033556 ], [ -84.04435167, 9.98034234 ], [ -84.04431371, 9.98035977 ], [ -84.04428211, 9.98037855 ], [ -84.04424511, 9.98040013 ], [ -84.04421337, 9.98042159 ], [ -84.04417535, 9.9804497 ], [ -84.04412969, 9.9804925 ], [ -84.04410468, 9.98053236 ], [ -84.04408284, 9.98057994 ], [ -84.04405635, 9.98063083 ], [ -84.0440401, 9.98066101 ], [ -84.04402911, 9.98074871 ], [ -84.04402336, 9.98077742 ], [ -84.04402755, 9.98081195 ], [ -84.04402946, 9.98086125 ], [ -84.04403956, 9.98089185 ], [ -84.04405711, 9.98094984 ], [ -84.04407188, 9.98099524 ], [ -84.0441022, 9.98103895 ], [ -84.04413793, 9.98109664 ], [ -84.04415897, 9.9811299 ], [ -84.04427392, 9.98127901 ], [ -84.04431299, 9.98133531 ], [ -84.04438135, 9.9814271 ], [ -84.04443874, 9.98149377 ], [ -84.04445669, 9.98152092 ], [ -84.04448253, 9.98156358 ], [ -84.04450132, 9.98159304 ], [ -84.0445154, 9.9816302 ], [ -84.044535, 9.98167901 ], [ -84.04455135, 9.98173095 ], [ -84.04457062, 9.98179497 ], [ -84.04458953, 9.98184624 ], [ -84.04460406, 9.98192577 ], [ -84.0446099, 9.98195395 ], [ -84.04461028, 9.98198515 ], [ -84.04462602, 9.9821017 ], [ -84.04463169, 9.98223086 ], [ -84.04463401, 9.98229155 ], [ -84.04463288, 9.98232066 ], [ -84.04463096, 9.98236139 ], [ -84.04462329, 9.98238634 ], [ -84.04461571, 9.98240614 ], [ -84.04458828, 9.98243728 ], [ -84.0445765, 9.98245558 ], [ -84.04455785, 9.98247018 ], [ -84.0444867, 9.98251568 ], [ -84.04445678, 9.98253537 ], [ -84.04442152, 9.98255417 ], [ -84.0443859, 9.9825675 ], [ -84.04433736, 9.98258374 ], [ -84.04429831, 9.98259645 ], [ -84.04423459, 9.98260536 ], [ -84.04418569, 9.98261613 ], [ -84.04413623, 9.98261819 ], [ -84.04404391, 9.98262441 ], [ -84.04400676, 9.98262592 ], [ -84.04397513, 9.98262705 ], [ -84.04392021, 9.98263091 ], [ -84.04387931, 9.98263226 ], [ -84.04382568, 9.98263404 ], [ -84.04370079, 9.98264874 ], [ -84.04360543, 9.98265807 ], [ -84.0434873, 9.98266213 ], [ -84.04341776, 9.98267361 ], [ -84.04333988, 9.98267726 ], [ -84.04320842, 9.98268985 ], [ -84.04317886, 9.98269779 ], [ -84.04315889, 9.98270904 ], [ -84.04313005, 9.98271869 ], [ -84.04309712, 9.98274568 ], [ -84.04307767, 9.98276944 ], [ -84.04305171, 9.98279497 ], [ -84.04303432, 9.98283128 ], [ -84.04300918, 9.98287613 ], [ -84.04299769, 9.98292102 ], [ -84.04297956, 9.98296236 ], [ -84.04296722, 9.98302994 ], [ -84.04296107, 9.9830587 ], [ -84.04295551, 9.98313059 ], [ -84.04294256, 9.98324151 ], [ -84.04294146, 9.98330342 ], [ -84.04294127, 9.98333348 ], [ -84.04294082, 9.98335873 ], [ -84.04294067, 9.98338261 ], [ -84.04293521, 9.98344536 ], [ -84.04292342, 9.98349315 ], [ -84.04291381, 9.98356607 ], [ -84.04288122, 9.98367801 ], [ -84.04287723, 9.9836987 ], [ -84.04286932, 9.98372122 ], [ -84.04285038, 9.98376147 ], [ -84.04283711, 9.98382387 ], [ -84.04282074, 9.98388145 ], [ -84.04280481, 9.98391005 ], [ -84.04279423, 9.9839229 ], [ -84.04275367, 9.98402621 ], [ -84.04274686, 9.98404617 ], [ -84.04273446, 9.98410482 ], [ -84.04269242, 9.98417829 ], [ -84.04268347, 9.98422577 ], [ -84.04266692, 9.98425187 ], [ -84.04265867, 9.98427987 ], [ -84.04263642, 9.98431211 ], [ -84.04262653, 9.98434071 ], [ -84.04262398, 9.98436882 ], [ -84.04260642, 9.98438588 ], [ -84.04260766, 9.98442458 ], [ -84.04260219, 9.98445936 ], [ -84.04257309, 9.98452785 ], [ -84.04256051, 9.98455078 ], [ -84.04255182, 9.98455868 ], [ -84.04253666, 9.98457531 ], [ -84.04250852, 9.98458648 ], [ -84.04249382, 9.98459197 ], [ -84.04245967, 9.98459273 ], [ -84.04244281, 9.98459431 ], [ -84.04241374, 9.98459232 ], [ -84.0423444, 9.98457786 ], [ -84.04231713, 9.9845733 ], [ -84.04228243, 9.98456536 ], [ -84.04220021, 9.98454931 ], [ -84.04214859, 9.98453803 ], [ -84.04204701, 9.98451662 ], [ -84.04190859, 9.98448336 ], [ -84.04179116, 9.98445762 ], [ -84.04170123, 9.9844411 ], [ -84.04160837, 9.98442327 ], [ -84.0415152, 9.98439341 ], [ -84.04143641, 9.98437798 ], [ -84.04132084, 9.98433615 ], [ -84.04117382, 9.9843247 ], [ -84.04100267, 9.98430425 ], [ -84.04095203, 9.9843096 ], [ -84.04089307, 9.98431685 ], [ -84.04085739, 9.98433181 ], [ -84.04080948, 9.98435223 ], [ -84.04077428, 9.98438348 ], [ -84.04074949, 9.98440387 ], [ -84.04073114, 9.98443703 ], [ -84.04072133, 9.98447399 ], [ -84.04070452, 9.98450196 ], [ -84.04070294, 9.98455014 ], [ -84.04069825, 9.98456981 ], [ -84.04070333, 9.98461148 ], [ -84.04070332, 9.98463646 ], [ -84.04070769, 9.98466516 ], [ -84.04072589, 9.98472107 ], [ -84.04078304, 9.98488826 ], [ -84.04083843, 9.9849995 ], [ -84.04091085, 9.98510415 ], [ -84.04101041, 9.98522675 ], [ -84.04110093, 9.98532482 ], [ -84.04122763, 9.98538461 ], [ -84.04142373, 9.98545337 ], [ -84.04162284, 9.98550717 ], [ -84.04178876, 9.98554902 ], [ -84.04189133, 9.98559386 ], [ -84.04197279, 9.98565964 ], [ -84.04206331, 9.98577326 ], [ -84.04221115, 9.98597659 ], [ -84.04232581, 9.98616198 ], [ -84.04252495, 9.98643109 ], [ -84.04276632, 9.98671814 ], [ -84.04278444, 9.98683776 ], [ -84.04271205, 9.98696935 ], [ -84.04263966, 9.98704711 ], [ -84.04248883, 9.98708899 ], [ -84.04235609, 9.98706508 ], [ -84.04218715, 9.98699932 ], [ -84.04174067, 9.98694555 ], [ -84.04124593, 9.98690374 ], [ -84.04094426, 9.9868978 ], [ -84.04063655, 9.98686195 ], [ -84.04044348, 9.98686197 ], [ -84.04031075, 9.98693376 ], [ -84.04020215, 9.98697564 ], [ -84.04009959, 9.98698163 ], [ -84.03976775, 9.9870056 ], [ -84.03946608, 9.98702955 ], [ -84.03936157, 9.9870328 ], [ -84.03930801, 9.9870854 ], [ -84.03928422, 9.98709988 ], [ -84.03921548, 9.987168 ], [ -84.03919844, 9.98717984 ], [ -84.03918378, 9.98719228 ], [ -84.03916401, 9.98721299 ], [ -84.03913254, 9.98724541 ], [ -84.03906159, 9.98732241 ], [ -84.03905141, 9.98733344 ], [ -84.03904003, 9.98735716 ], [ -84.03897471, 9.98744984 ], [ -84.03894429, 9.98752044 ], [ -84.03891551, 9.98756547 ], [ -84.03890623, 9.98757797 ], [ -84.03889757, 9.98758484 ], [ -84.0388837, 9.98760511 ], [ -84.03887279, 9.9876132 ], [ -84.03886261, 9.98761624 ], [ -84.03885136, 9.98762131 ], [ -84.0388295, 9.98762255 ], [ -84.03880817, 9.98762779 ], [ -84.03876525, 9.98762838 ], [ -84.03870987, 9.98763703 ], [ -84.03866958, 9.98763787 ], [ -84.0386371, 9.9876408 ], [ -84.03861199, 9.9876417 ], [ -84.03857613, 9.98764247 ], [ -84.03853385, 9.9876454 ], [ -84.03851333, 9.98764374 ], [ -84.03849933, 9.98764276 ], [ -84.03848467, 9.98764497 ], [ -84.03846788, 9.98764622 ], [ -84.03844328, 9.98765961 ], [ -84.0384211, 9.98766756 ], [ -84.03839878, 9.98768043 ], [ -84.03834472, 9.98770542 ], [ -84.03830137, 9.98772689 ], [ -84.03828337, 9.98773198 ], [ -84.03826592, 9.98773553 ], [ -84.03824738, 9.98774303 ], [ -84.03822914, 9.9877471 ], [ -84.03820539, 9.98775408 ], [ -84.03818536, 9.98775419 ], [ -84.03816596, 9.98774644 ], [ -84.03810582, 9.98775119 ], [ -84.0380113, 9.98778328 ], [ -84.03797189, 9.98780759 ], [ -84.0379419, 9.98782644 ], [ -84.03791543, 9.98784425 ], [ -84.03787947, 9.98787111 ], [ -84.0378379, 9.98791595 ], [ -84.03778443, 9.98797701 ], [ -84.03775902, 9.98801426 ], [ -84.03769063, 9.98809986 ], [ -84.03765459, 9.98816722 ], [ -84.03762283, 9.98821602 ], [ -84.03758499, 9.98828247 ], [ -84.03754436, 9.98836884 ], [ -84.03753101, 9.98839636 ], [ -84.03749804, 9.98844538 ], [ -84.0374804, 9.98846406 ], [ -84.03746245, 9.98848051 ], [ -84.0374136, 9.98851535 ], [ -84.03737797, 9.98854438 ], [ -84.0373356, 9.98857391 ], [ -84.03727221, 9.98863855 ], [ -84.03724057, 9.98867283 ], [ -84.03720834, 9.98870934 ], [ -84.0371948, 9.98872617 ], [ -84.03711185, 9.98885645 ], [ -84.03710382, 9.98887015 ], [ -84.03709668, 9.9888893 ], [ -84.03708325, 9.98891469 ], [ -84.03706055, 9.98894408 ], [ -84.03701834, 9.98901926 ], [ -84.03701112, 9.98903403 ], [ -84.03700743, 9.98905002 ], [ -84.03700329, 9.98906751 ], [ -84.03699865, 9.98907549 ], [ -84.03699038, 9.98908442 ], [ -84.03698101, 9.98908957 ], [ -84.03696631, 9.98910243 ], [ -84.03694828, 9.98911583 ], [ -84.03692773, 9.98912348 ], [ -84.03689776, 9.98913896 ], [ -84.03687756, 9.9891502 ], [ -84.03685996, 9.98915538 ], [ -84.03683488, 9.98915679 ], [ -84.03681977, 9.98916446 ], [ -84.03680532, 9.98917207 ], [ -84.0367863, 9.98918077 ], [ -84.0367709, 9.98919403 ], [ -84.03675036, 9.98921713 ], [ -84.03674007, 9.98923129 ], [ -84.03672915, 9.98925283 ], [ -84.03671947, 9.98927212 ], [ -84.03668703, 9.98931864 ], [ -84.03667892, 9.98933071 ], [ -84.03666656, 9.98934088 ], [ -84.03664582, 9.98935987 ], [ -84.03662541, 9.98937966 ], [ -84.03660605, 9.98939434 ], [ -84.03657511, 9.98943151 ], [ -84.03654745, 9.98945155 ], [ -84.03650521, 9.98949562 ], [ -84.03646143, 9.98954936 ], [ -84.03643993, 9.98957157 ], [ -84.0364081, 9.98961174 ], [ -84.03638618, 9.9896292 ], [ -84.03637132, 9.98964157 ], [ -84.03635831, 9.98965267 ], [ -84.03635597, 9.98965398 ], [ -84.03632277, 9.98966913 ], [ -84.0362943, 9.98968084 ], [ -84.03628129, 9.98968351 ], [ -84.03624253, 9.98969698 ], [ -84.03619336, 9.98970058 ], [ -84.03615403, 9.98970946 ], [ -84.03612135, 9.98971568 ], [ -84.03607881, 9.9897353 ], [ -84.03604413, 9.98975221 ], [ -84.03600816, 9.98977762 ], [ -84.03596631, 9.98980541 ], [ -84.03593114, 9.9898355 ], [ -84.03580048, 9.98998599 ], [ -84.03565584, 9.99015189 ], [ -84.03555489, 9.99025038 ], [ -84.03544473, 9.99038216 ], [ -84.03540328, 9.99039983 ], [ -84.03537423, 9.99040306 ], [ -84.03531937, 9.99041786 ], [ -84.03528132, 9.99042813 ], [ -84.03525805, 9.99043035 ], [ -84.03523983, 9.99043208 ], [ -84.03513793, 9.99043036 ], [ -84.03503626, 9.99042864 ], [ -84.03492018, 9.99041942 ], [ -84.03490512, 9.99039647 ], [ -84.03488321, 9.99037601 ], [ -84.0348215, 9.99036508 ], [ -84.0348074, 9.99036092 ], [ -84.03477691, 9.9903566 ], [ -84.03464197, 9.99034701 ], [ -84.03452224, 9.9903385 ], [ -84.03435015, 9.99032835 ], [ -84.03417595, 9.99031807 ], [ -84.03413179, 9.99032003 ], [ -84.03408046, 9.99032231 ], [ -84.03404011, 9.9903362 ], [ -84.03400861, 9.99034705 ], [ -84.03395396, 9.9903809 ], [ -84.03390497, 9.99041124 ], [ -84.03378234, 9.99051392 ], [ -84.03366268, 9.99061411 ], [ -84.03362793, 9.99064767 ], [ -84.03359158, 9.99068277 ], [ -84.03358428, 9.9906875 ], [ -84.0335699, 9.99069683 ], [ -84.0334875, 9.99072283 ], [ -84.03341194, 9.99074667 ], [ -84.03330927, 9.99076577 ], [ -84.03320707, 9.99078018 ], [ -84.03318054, 9.99078365 ], [ -84.03315672, 9.99079248 ], [ -84.03312086, 9.99080099 ], [ -84.03309205, 9.99079284 ], [ -84.03307847, 9.99077404 ], [ -84.03307101, 9.99075498 ], [ -84.03305399, 9.99073892 ], [ -84.03302852, 9.9907229 ], [ -84.03301241, 9.99070806 ], [ -84.03298218, 9.99069294 ], [ -84.03295594, 9.99067982 ], [ -84.03293126, 9.99066633 ], [ -84.03290095, 9.99064976 ], [ -84.0328648, 9.99061146 ], [ -84.03283138, 9.99057605 ], [ -84.03274016, 9.99049644 ], [ -84.0326451, 9.99041349 ], [ -84.03262412, 9.99039459 ], [ -84.03259742, 9.99037879 ], [ -84.03252491, 9.9903332 ], [ -84.03246092, 9.99030384 ], [ -84.03242716, 9.99029306 ], [ -84.03236832, 9.99028235 ], [ -84.03232919, 9.99027661 ], [ -84.03229155, 9.99027195 ], [ -84.03221727, 9.99027147 ], [ -84.03214023, 9.99027211 ], [ -84.03203116, 9.990283 ], [ -84.03192251, 9.99030472 ], [ -84.0318558, 9.99032519 ], [ -84.03179587, 9.99034358 ], [ -84.03174511, 9.99037048 ], [ -84.03169936, 9.99039472 ], [ -84.03166984, 9.99041533 ], [ -84.03164385, 9.99043347 ], [ -84.03159307, 9.99047842 ], [ -84.03154315, 9.9905226 ], [ -84.03152374, 9.99053805 ], [ -84.03150179, 9.99055551 ], [ -84.03147355, 9.99057266 ], [ -84.03144839, 9.99058794 ], [ -84.03140634, 9.99060949 ], [ -84.03136583, 9.99063025 ], [ -84.03132727, 9.99064891 ], [ -84.03128954, 9.99067208 ], [ -84.03126968, 9.99068576 ], [ -84.03123497, 9.9907076 ], [ -84.0311721, 9.99079651 ], [ -84.03110716, 9.99087731 ], [ -84.03102588, 9.99099691 ], [ -84.03093563, 9.9911163 ], [ -84.03084167, 9.99121468 ], [ -84.03076159, 9.9913075 ], [ -84.03073298, 9.99133158 ], [ -84.03070029, 9.99135911 ], [ -84.03067328, 9.99137436 ], [ -84.03063853, 9.99139399 ], [ -84.03060979, 9.99140023 ], [ -84.03058921, 9.9914047 ], [ -84.03054528, 9.99140732 ], [ -84.0305068, 9.99140962 ], [ -84.03047516, 9.99140696 ], [ -84.03043716, 9.99140377 ], [ -84.03035603, 9.9913797 ], [ -84.03027882, 9.9913568 ], [ -84.03024385, 9.99134391 ], [ -84.03021758, 9.99133149 ], [ -84.03021191, 9.99132677 ], [ -84.03020013, 9.9913188 ], [ -84.03019561, 9.99131269 ], [ -84.03016424, 9.99125752 ], [ -84.03012433, 9.99120424 ], [ -84.0301013, 9.99118705 ], [ -84.03008817, 9.99117725 ], [ -84.03006659, 9.99116865 ], [ -84.03005206, 9.99116286 ], [ -84.03004087, 9.99116028 ], [ -84.03002419, 9.99115645 ], [ -84.02999411, 9.99115428 ], [ -84.02996848, 9.99115243 ], [ -84.02994809, 9.99115279 ], [ -84.02992108, 9.99115327 ], [ -84.02989962, 9.99115962 ], [ -84.0298861, 9.99116363 ], [ -84.02987079, 9.99117138 ], [ -84.02984799, 9.99118292 ], [ -84.02982752, 9.99120191 ], [ -84.02981347, 9.99121494 ], [ -84.02980565, 9.99122588 ], [ -84.0297952, 9.99123991 ], [ -84.02978294, 9.99127484 ], [ -84.02978078, 9.99129444 ], [ -84.02976796, 9.99133063 ], [ -84.02976045, 9.99138551 ], [ -84.02975736, 9.99139771 ], [ -84.02974426, 9.9914202 ], [ -84.0296864, 9.9914956 ], [ -84.02960503, 9.99161616 ], [ -84.02957915, 9.991651 ], [ -84.02955928, 9.99167129 ], [ -84.02953441, 9.99168872 ], [ -84.02952222, 9.99169834 ], [ -84.02949992, 9.9917076 ], [ -84.02948037, 9.99171692 ], [ -84.02945683, 9.99172503 ], [ -84.0294459, 9.99172894 ], [ -84.0294137, 9.99173507 ], [ -84.02938598, 9.99174509 ], [ -84.02936645, 9.99174633 ], [ -84.02935301, 9.99174964 ], [ -84.02929516, 9.99174996 ], [ -84.0292523, 9.99174437 ], [ -84.02920961, 9.99173786 ], [ -84.02917777, 9.99173604 ], [ -84.02916647, 9.9917328 ], [ -84.02914455, 9.99172827 ], [ -84.02901232, 9.99167303 ], [ -84.02888246, 9.99160918 ], [ -84.02875382, 9.99154616 ], [ -84.02862356, 9.99148235 ], [ -84.02856728, 9.99146133 ], [ -84.02850482, 9.99143799 ], [ -84.0284634, 9.99143403 ], [ -84.028431, 9.99143093 ], [ -84.02834585, 9.99144257 ], [ -84.02824039, 9.99145699 ], [ -84.02816248, 9.99145833 ], [ -84.02813943, 9.99146909 ], [ -84.02806137, 9.99150731 ], [ -84.02794613, 9.99154098 ], [ -84.02787101, 9.99157872 ], [ -84.02782677, 9.99163075 ], [ -84.02779179, 9.99169909 ], [ -84.02779695, 9.99181945 ], [ -84.02779172, 9.99185572 ], [ -84.02779145, 9.99187015 ], [ -84.02779409, 9.99190948 ], [ -84.02779302, 9.9919333 ], [ -84.02779556, 9.99195002 ], [ -84.02779791, 9.9919736 ], [ -84.02780309, 9.99200758 ], [ -84.02781236, 9.99203923 ], [ -84.02783392, 9.99212399 ], [ -84.02784179, 9.99215553 ], [ -84.027843, 9.99216458 ], [ -84.02784279, 9.99217935 ], [ -84.02784127, 9.99219056 ], [ -84.02783565, 9.99221207 ], [ -84.02780411, 9.99226893 ], [ -84.02777729, 9.99234782 ], [ -84.02777178, 9.99235801 ], [ -84.02776721, 9.99236461 ], [ -84.02776039, 9.99237913 ], [ -84.02775628, 9.99238736 ], [ -84.02769277, 9.99244402 ], [ -84.02764215, 9.99248036 ], [ -84.02763226, 9.99248717 ], [ -84.02762064, 9.99249496 ], [ -84.02758689, 9.9925195 ], [ -84.02757046, 9.99252809 ], [ -84.02754672, 9.99253656 ], [ -84.02752848, 9.99253691 ], [ -84.02749551, 9.9925345 ], [ -84.02746611, 9.99253738 ], [ -84.02744764, 9.99253435 ], [ -84.02743518, 9.99253525 ], [ -84.02740372, 9.99253783 ], [ -84.02737508, 9.99253789 ], [ -84.02733351, 9.99253876 ], [ -84.02730037, 9.99254882 ], [ -84.02728013, 9.99255156 ], [ -84.02726539, 9.99254823 ], [ -84.02724686, 9.99254692 ], [ -84.02723077, 9.99253972 ], [ -84.02722303, 9.99253692 ], [ -84.02721198, 9.99253297 ], [ -84.027063, 9.99244801 ], [ -84.02691643, 9.99239307 ], [ -84.02683177, 9.9923673 ], [ -84.02675014, 9.99234245 ], [ -84.02661504, 9.99229381 ], [ -84.02647259, 9.99224253 ], [ -84.02644379, 9.99224607 ], [ -84.02642892, 9.99224791 ], [ -84.02641608, 9.9922535 ], [ -84.02639227, 9.99225857 ], [ -84.02636928, 9.99226143 ], [ -84.02634321, 9.99228638 ], [ -84.02632655, 9.99229694 ], [ -84.02629905, 9.99229556 ], [ -84.02621747, 9.99227756 ], [ -84.02613907, 9.99226584 ], [ -84.02610742, 9.99225444 ], [ -84.02609406, 9.99225025 ], [ -84.02604447, 9.99222282 ], [ -84.02597363, 9.99217194 ], [ -84.02592447, 9.99211964 ], [ -84.02590759, 9.99209541 ], [ -84.02589483, 9.99207092 ], [ -84.02587314, 9.99205014 ], [ -84.02583038, 9.99203077 ], [ -84.02577699, 9.99200787 ], [ -84.02571049, 9.99197276 ], [ -84.0256382, 9.99191043 ], [ -84.02559985, 9.99187124 ], [ -84.02556627, 9.99183691 ], [ -84.02556598, 9.99183661 ], [ -84.02552108, 9.99177214 ], [ -84.02550591, 9.99174035 ], [ -84.02548883, 9.99171115 ], [ -84.02545273, 9.99163227 ], [ -84.02541847, 9.9915685 ], [ -84.02537997, 9.99148275 ], [ -84.02534065, 9.99140625 ], [ -84.02528884, 9.99130204 ], [ -84.02519393, 9.99125529 ], [ -84.0251603, 9.99125128 ], [ -84.02512374, 9.99124602 ], [ -84.02511755, 9.99124603 ], [ -84.02508782, 9.99124075 ], [ -84.02505786, 9.99123021 ], [ -84.02503518, 9.99121924 ], [ -84.02502117, 9.99121309 ], [ -84.025, 9.99120009 ], [ -84.02497345, 9.99118907 ], [ -84.0249783, 9.99183302 ], [ -84.02487094, 9.99304237 ], [ -84.02481435, 9.99368128 ], [ -84.0247058, 9.99490483 ], [ -84.02409626, 10.00177542 ], [ -84.02354511, 10.00798857 ], [ -84.02310232, 10.01297799 ], [ -84.02302357, 10.01387332 ], [ -84.02300948, 10.01406332 ], [ -84.02304531, 10.014054 ], [ -84.02308004, 10.01405156 ], [ -84.0232155, 10.01404203 ], [ -84.02338369, 10.01403021 ], [ -84.02346902, 10.01401594 ], [ -84.02356384, 10.0140001 ], [ -84.02361152, 10.01397448 ], [ -84.02364686, 10.01395549 ], [ -84.02368306, 10.01391935 ], [ -84.02371109, 10.01389137 ], [ -84.02375316, 10.01382464 ], [ -84.02379304, 10.0137614 ], [ -84.0238821, 10.01363175 ], [ -84.02397542, 10.01349589 ], [ -84.02404544, 10.01344021 ], [ -84.02410581, 10.0133922 ], [ -84.02415121, 10.01337184 ], [ -84.02421302, 10.01334412 ], [ -84.02424316, 10.01334751 ], [ -84.02425156, 10.01334845 ], [ -84.02427315, 10.01336106 ], [ -84.0242825, 10.01336651 ], [ -84.02430568, 10.01338749 ], [ -84.02432216, 10.01340239 ], [ -84.02434302, 10.01343046 ], [ -84.02437015, 10.01346698 ], [ -84.02438477, 10.0135054 ], [ -84.02439621, 10.01353547 ], [ -84.02440426, 10.01356885 ], [ -84.024415, 10.01361337 ], [ -84.02440815, 10.01365829 ], [ -84.02440268, 10.01369411 ], [ -84.02437949, 10.01382386 ], [ -84.02435357, 10.01396895 ], [ -84.02437514, 10.01400617 ], [ -84.02438659, 10.01402593 ], [ -84.02441645, 10.01406099 ], [ -84.02444217, 10.01409119 ], [ -84.0244653, 10.01411312 ], [ -84.02449551, 10.01414177 ], [ -84.02453178, 10.01417012 ], [ -84.02449865, 10.01422536 ], [ -84.02445666, 10.01432869 ], [ -84.02443325, 10.01437195 ], [ -84.02440824, 10.0144558 ], [ -84.02438696, 10.01451662 ], [ -84.02438763, 10.01454342 ], [ -84.02438844, 10.01457561 ], [ -84.02439341, 10.01458935 ], [ -84.02440115, 10.01461072 ], [ -84.02441696, 10.01462163 ], [ -84.02442831, 10.01462945 ], [ -84.024445, 10.01464096 ], [ -84.02446214, 10.01465278 ], [ -84.02448179, 10.01466453 ], [ -84.02450443, 10.01467807 ], [ -84.02454268, 10.01468575 ], [ -84.02457593, 10.01469244 ], [ -84.02464765, 10.01468875 ], [ -84.02471614, 10.01468522 ], [ -84.02474073, 10.01468085 ], [ -84.02476845, 10.01467592 ], [ -84.02479407, 10.01466446 ], [ -84.02482363, 10.01465123 ], [ -84.02484819, 10.0146314 ], [ -84.02487053, 10.01461337 ], [ -84.02488837, 10.01459658 ], [ -84.02490795, 10.01457816 ], [ -84.02492105, 10.01457259 ], [ -84.0249405, 10.01456429 ], [ -84.02494979, 10.01456469 ], [ -84.024969, 10.0145655 ], [ -84.02498111, 10.01457617 ], [ -84.02499204, 10.0145858 ], [ -84.02499852, 10.01459911 ], [ -84.02499999, 10.01460724 ], [ -84.0250059, 10.01461245 ], [ -84.02501487, 10.01463087 ], [ -84.02501995, 10.01465893 ], [ -84.02502291, 10.01467527 ], [ -84.02502586, 10.01482077 ], [ -84.02502883, 10.01496684 ], [ -84.02503613, 10.01499589 ], [ -84.02504263, 10.01502176 ], [ -84.02504863, 10.01503554 ], [ -84.02505686, 10.01505445 ], [ -84.0250844, 10.01507626 ], [ -84.02510686, 10.01509407 ], [ -84.02515686, 10.01511575 ], [ -84.0252037, 10.01513606 ], [ -84.02527728, 10.01515645 ], [ -84.02534996, 10.01517658 ], [ -84.02543455, 10.01520275 ], [ -84.02551915, 10.01522893 ], [ -84.02559318, 10.01524927 ], [ -84.02566779, 10.01526978 ], [ -84.02570753, 10.0152791 ], [ -84.02574887, 10.01528879 ], [ -84.02577401, 10.01530124 ], [ -84.02580395, 10.01531607 ], [ -84.02581901, 10.01533332 ], [ -84.02584337, 10.01536122 ], [ -84.02583417, 10.01538177 ], [ -84.02583051, 10.01538994 ], [ -84.02580749, 10.01541445 ], [ -84.02578787, 10.01543533 ], [ -84.02573713, 10.01546753 ], [ -84.02568183, 10.01550263 ], [ -84.02562511, 10.01551351 ], [ -84.02556981, 10.01552411 ], [ -84.02555067, 10.01553276 ], [ -84.025525, 10.01554377 ], [ -84.02549093, 10.01555757 ], [ -84.02546955, 10.01556639 ], [ -84.02545356, 10.01558917 ], [ -84.02543169, 10.01562033 ], [ -84.02543183, 10.0156483 ], [ -84.02543191, 10.01566709 ], [ -84.02544499, 10.01569366 ], [ -84.02545466, 10.0157133 ], [ -84.02547748, 10.01573114 ], [ -84.02549663, 10.01574611 ], [ -84.0255362, 10.01577144 ], [ -84.02557622, 10.01579705 ], [ -84.02562817, 10.01584307 ], [ -84.02568403, 10.01589256 ], [ -84.02569149, 10.01591064 ], [ -84.02570299, 10.01593852 ], [ -84.02639539, 10.01587429 ], [ -84.02711313, 10.01580134 ], [ -84.02726315, 10.01579549 ], [ -84.02733831, 10.01580482 ], [ -84.02735916, 10.01549446 ], [ -84.02750105, 10.01488613 ], [ -84.02762628, 10.0145923 ], [ -84.02784335, 10.01425295 ], [ -84.02841363, 10.01427349 ], [ -84.02849823, 10.01425845 ], [ -84.02857482, 10.01424655 ], [ -84.02866117, 10.01421297 ], [ -84.0288285, 10.01410663 ], [ -84.02896475, 10.01398124 ], [ -84.02907077, 10.01383487 ], [ -84.02911202, 10.01379468 ], [ -84.02914919, 10.01377156 ], [ -84.02919097, 10.01375313 ], [ -84.02923906, 10.01375034 ], [ -84.0292659, 10.01375377 ], [ -84.02930594, 10.01376925 ], [ -84.02945647, 10.01382236 ], [ -84.02963924, 10.01388651 ], [ -84.02979828, 10.01394238 ], [ -84.02980094, 10.01389328 ], [ -84.02981604, 10.01385237 ], [ -84.02988192, 10.01379633 ], [ -84.02997911, 10.01378865 ], [ -84.03011963, 10.01385747 ], [ -84.03026194, 10.0139129 ], [ -84.03034436, 10.01390261 ], [ -84.03040972, 10.0138608 ], [ -84.03043303, 10.01379441 ], [ -84.03039719, 10.01367736 ], [ -84.03036538, 10.01358671 ], [ -84.03040044, 10.01353004 ], [ -84.03043318, 10.01350097 ], [ -84.03050935, 10.013481 ], [ -84.03073495, 10.01346838 ], [ -84.03104109, 10.01352624 ], [ -84.03114791, 10.01352868 ], [ -84.03124674, 10.01347287 ], [ -84.03134056, 10.01340824 ], [ -84.03142608, 10.01337997 ], [ -84.03153111, 10.01339579 ], [ -84.03164076, 10.01346941 ], [ -84.03181302, 10.01380384 ], [ -84.03182777, 10.01386297 ], [ -84.03186761, 10.01389884 ], [ -84.03194625, 10.01394251 ], [ -84.03200565, 10.01396052 ], [ -84.03210623, 10.01389677 ], [ -84.03217826, 10.01381022 ], [ -84.03231064, 10.01350893 ], [ -84.03233059, 10.01338559 ], [ -84.03229666, 10.01329535 ], [ -84.03223178, 10.01322079 ], [ -84.03221881, 10.01320479 ], [ -84.03215884, 10.01314995 ], [ -84.03205997, 10.0130471 ], [ -84.03201343, 10.0129484 ], [ -84.03203154, 10.01290039 ], [ -84.03209409, 10.01283846 ], [ -84.03224676, 10.012755 ], [ -84.03238592, 10.01272627 ], [ -84.03256269, 10.01269362 ], [ -84.03268567, 10.01262669 ], [ -84.03278836, 10.01250603 ], [ -84.03287107, 10.01235006 ], [ -84.03292695, 10.01227637 ], [ -84.03294224, 10.01226475 ], [ -84.03303069, 10.01224027 ], [ -84.03332127, 10.01223481 ], [ -84.03333866, 10.01223379 ], [ -84.03344866, 10.01222733 ], [ -84.03348484, 10.01220679 ], [ -84.03350825, 10.01216579 ], [ -84.03350328, 10.01212312 ], [ -84.03349999, 10.01205504 ], [ -84.03352108, 10.0120134 ], [ -84.03355044, 10.01199743 ], [ -84.03364938, 10.01199981 ], [ -84.03375414, 10.01198963 ], [ -84.03383256, 10.01195994 ], [ -84.03390396, 10.01190542 ], [ -84.03397486, 10.01186244 ], [ -84.03409989, 10.01183202 ], [ -84.0341736, 10.01179175 ], [ -84.03424421, 10.01171277 ], [ -84.03429485, 10.01158193 ], [ -84.03435043, 10.01147089 ], [ -84.03439064, 10.01142828 ], [ -84.03447448, 10.01139481 ], [ -84.03472752, 10.01137052 ], [ -84.03523659, 10.01137706 ], [ -84.03547544, 10.011433 ], [ -84.03569154, 10.01152494 ], [ -84.03640369, 10.01194695 ], [ -84.03642442, 10.01195594 ], [ -84.03645653, 10.01187093 ], [ -84.03647384, 10.0118309 ], [ -84.03649154, 10.01178997 ], [ -84.03649954, 10.0117736 ], [ -84.03651012, 10.01175195 ], [ -84.03653207, 10.01173565 ], [ -84.03654589, 10.01172539 ], [ -84.0365755, 10.01171877 ], [ -84.0365962, 10.01171415 ], [ -84.03664186, 10.01172174 ], [ -84.03668338, 10.01172866 ], [ -84.03671512, 10.01173343 ], [ -84.03675366, 10.01173923 ], [ -84.03676261, 10.01173511 ], [ -84.03678581, 10.01172442 ], [ -84.03679518, 10.01170016 ], [ -84.03679893, 10.01169045 ], [ -84.03678999, 10.0116506 ], [ -84.03678275, 10.0116183 ], [ -84.03674098, 10.01149275 ], [ -84.03669957, 10.01136825 ], [ -84.03673542, 10.01132122 ], [ -84.03675944, 10.01129079 ], [ -84.03677048, 10.01128232 ], [ -84.03678512, 10.0112711 ], [ -84.03681724, 10.01126492 ], [ -84.03684481, 10.01125962 ], [ -84.03687477, 10.01126027 ], [ -84.03690931, 10.01126102 ], [ -84.03693163, 10.01127258 ], [ -84.0369505, 10.01128234 ], [ -84.0369789, 10.01130141 ], [ -84.03700617, 10.01131972 ], [ -84.03704023, 10.0113473 ], [ -84.03707649, 10.01137666 ], [ -84.03708474, 10.01138988 ], [ -84.03709569, 10.01140743 ], [ -84.03709857, 10.01142896 ], [ -84.03710097, 10.01144696 ], [ -84.03710246, 10.01150831 ], [ -84.03710397, 10.01157026 ], [ -84.03711276, 10.01160881 ], [ -84.03712109, 10.01164538 ], [ -84.0371386, 10.01169631 ], [ -84.03715675, 10.01174911 ], [ -84.03720716, 10.01183677 ], [ -84.03725893, 10.01192677 ], [ -84.03727335, 10.01194265 ], [ -84.03728653, 10.01195718 ], [ -84.03729921, 10.0119696 ], [ -84.03731295, 10.01198307 ], [ -84.03731893, 10.01198726 ], [ -84.03733023, 10.01199519 ], [ -84.03734621, 10.01199276 ], [ -84.03735329, 10.01199168 ], [ -84.03744236, 10.01192115 ], [ -84.03752762, 10.01185362 ], [ -84.03756621, 10.0118088 ], [ -84.03760647, 10.01176204 ], [ -84.03761936, 10.01173948 ], [ -84.03763353, 10.01171467 ], [ -84.03764434, 10.0116824 ], [ -84.03765626, 10.01164684 ], [ -84.03765599, 10.01145797 ], [ -84.03765572, 10.01127019 ], [ -84.03766555, 10.01120905 ], [ -84.03767576, 10.01114548 ], [ -84.03768835, 10.01111322 ], [ -84.0377023, 10.01107748 ], [ -84.03771516, 10.01106281 ], [ -84.03772684, 10.0110495 ], [ -84.03784434, 10.01091548 ], [ -84.03792275, 10.01082606 ], [ -84.0379458, 10.01077608 ], [ -84.0379708, 10.01072185 ], [ -84.03797123, 10.01070206 ], [ -84.03797183, 10.01067418 ], [ -84.03795656, 10.0106577 ], [ -84.03794646, 10.01064681 ], [ -84.03792276, 10.01063411 ], [ -84.03790187, 10.01062292 ], [ -84.03787229, 10.01061203 ], [ -84.03784376, 10.01060152 ], [ -84.03768273, 10.01054697 ], [ -84.03751889, 10.01049147 ], [ -84.03747439, 10.01044678 ], [ -84.0374336, 10.01040582 ], [ -84.03741548, 10.01037011 ], [ -84.03739457, 10.01032892 ], [ -84.03740021, 10.01028397 ], [ -84.03740507, 10.0102452 ], [ -84.03741663, 10.0102214 ], [ -84.03742632, 10.01020147 ], [ -84.03744114, 10.01018609 ], [ -84.03745956, 10.01016697 ], [ -84.0374963, 10.01015341 ], [ -84.03752728, 10.01014197 ], [ -84.03755812, 10.01014478 ], [ -84.03759525, 10.01014817 ], [ -84.03764211, 10.01017791 ], [ -84.03768496, 10.01020512 ], [ -84.03772201, 10.01024215 ], [ -84.03775871, 10.01027883 ], [ -84.03779123, 10.01030291 ], [ -84.0378269, 10.01032934 ], [ -84.03785672, 10.01033562 ], [ -84.03788191, 10.01034093 ], [ -84.03790345, 10.01033975 ], [ -84.03793024, 10.01033828 ], [ -84.03796058, 10.01031933 ], [ -84.03798665, 10.01030306 ], [ -84.03802561, 10.01026351 ], [ -84.03806265, 10.0102259 ], [ -84.03813487, 10.01012165 ], [ -84.03822216, 10.00999563 ], [ -84.03822306, 10.00999433 ], [ -84.03823843, 10.00997214 ], [ -84.03833271, 10.00978312 ], [ -84.03842717, 10.00959375 ], [ -84.03846377, 10.00954706 ], [ -84.03850216, 10.0094981 ], [ -84.03859538, 10.00942306 ], [ -84.03868702, 10.0093493 ], [ -84.03877667, 10.00928766 ], [ -84.03886785, 10.00922498 ], [ -84.03894443, 10.00919239 ], [ -84.03902047, 10.00916003 ], [ -84.03908161, 10.00912543 ], [ -84.03914497, 10.00908957 ], [ -84.03914923, 10.00908535 ], [ -84.03917946, 10.00905729 ], [ -84.03919932, 10.00903087 ], [ -84.03925224, 10.00893419 ], [ -84.039304, 10.00883961 ], [ -84.03934195, 10.00879733 ], [ -84.0393826, 10.00875202 ], [ -84.03940497, 10.00874074 ], [ -84.03942422, 10.00873104 ], [ -84.03961793, 10.00866579 ], [ -84.03981233, 10.00860031 ], [ -84.03983525, 10.00858544 ], [ -84.03986172, 10.00856826 ], [ -84.03987725, 10.0085465 ], [ -84.03989001, 10.00852862 ], [ -84.03989802, 10.00850162 ], [ -84.03990796, 10.00846809 ], [ -84.03988901, 10.00842108 ], [ -84.03987307, 10.00838153 ], [ -84.03980445, 10.0083259 ], [ -84.03973879, 10.00827267 ], [ -84.0397003, 10.00824469 ], [ -84.0396605, 10.00821576 ], [ -84.03964654, 10.00819741 ], [ -84.03962841, 10.00817357 ], [ -84.03963099, 10.00813172 ], [ -84.03963312, 10.00809714 ], [ -84.03964844, 10.00806285 ], [ -84.0396622, 10.00803206 ], [ -84.039693, 10.00799036 ], [ -84.03972242, 10.00795052 ], [ -84.03973371, 10.00793879 ], [ -84.03974808, 10.00792386 ], [ -84.03977802, 10.00791518 ], [ -84.03980255, 10.00790806 ], [ -84.03984325, 10.00790871 ], [ -84.0398799, 10.00790929 ], [ -84.03992203, 10.00792288 ], [ -84.03996041, 10.00793525 ], [ -84.04013814, 10.00805623 ], [ -84.04031362, 10.00817566 ], [ -84.04031871, 10.0081801 ], [ -84.04032572, 10.0081862 ], [ -84.04034555, 10.00819082 ], [ -84.0403723, 10.00819706 ], [ -84.04039767, 10.00818889 ], [ -84.04041687, 10.00818271 ], [ -84.04046797, 10.0081385 ], [ -84.04051598, 10.00809697 ], [ -84.04062761, 10.00795175 ], [ -84.04073783, 10.00780839 ], [ -84.04076453, 10.00776047 ], [ -84.04079323, 10.00770897 ], [ -84.04079493, 10.00767233 ], [ -84.04079635, 10.00764155 ], [ -84.04078841, 10.00762089 ], [ -84.04077811, 10.00759407 ], [ -84.04071919, 10.00754997 ], [ -84.04066427, 10.00750885 ], [ -84.04039333, 10.00736997 ], [ -84.04012289, 10.00723134 ], [ -84.04007077, 10.00719862 ], [ -84.04001453, 10.00716331 ], [ -84.03999808, 10.00712338 ], [ -84.03998431, 10.00708997 ], [ -84.03998551, 10.00704493 ], [ -84.03998687, 10.00699373 ], [ -84.04000301, 10.00696595 ], [ -84.04001594, 10.00694369 ], [ -84.04007243, 10.00690511 ], [ -84.04012606, 10.00686847 ], [ -84.04025242, 10.00679376 ], [ -84.0403806, 10.00671796 ], [ -84.04040691, 10.00668409 ], [ -84.04043096, 10.00665312 ], [ -84.04045643, 10.00660547 ], [ -84.04048337, 10.00655506 ], [ -84.04049786, 10.00647945 ], [ -84.04051188, 10.00640629 ], [ -84.04052123, 10.00632501 ], [ -84.04053065, 10.00624315 ], [ -84.04053919, 10.00621303 ], [ -84.0405491, 10.00617805 ], [ -84.04057827, 10.00615292 ], [ -84.04060275, 10.00613183 ], [ -84.04062606, 10.00612229 ], [ -84.04065441, 10.0061107 ], [ -84.04072975, 10.00611701 ], [ -84.04080067, 10.00612295 ], [ -84.04085935, 10.00613847 ], [ -84.04092113, 10.00615481 ], [ -84.04098953, 10.00619738 ], [ -84.04105638, 10.006239 ], [ -84.04108939, 10.00625824 ], [ -84.0411243, 10.00627859 ], [ -84.04116025, 10.00628708 ], [ -84.04120118, 10.00629676 ], [ -84.04120864, 10.0062951 ], [ -84.04122483, 10.00629151 ], [ -84.04123903, 10.00626746 ], [ -84.04124815, 10.00625202 ], [ -84.04124347, 10.00619583 ], [ -84.04123928, 10.0061454 ], [ -84.04120834, 10.00605301 ], [ -84.04117799, 10.00596241 ], [ -84.04116395, 10.00592621 ], [ -84.04114891, 10.00588742 ], [ -84.0411503, 10.00587166 ], [ -84.04115241, 10.0058476 ], [ -84.04116167, 10.00583936 ], [ -84.04117904, 10.0058239 ], [ -84.04125791, 10.00582859 ], [ -84.04133028, 10.0058329 ], [ -84.04142447, 10.0058514 ], [ -84.04151983, 10.00587013 ], [ -84.04155576, 10.00586604 ], [ -84.04159779, 10.00586126 ], [ -84.04162896, 10.00583528 ], [ -84.04165513, 10.00581347 ], [ -84.04167687, 10.00577451 ], [ -84.04170138, 10.00573058 ], [ -84.04170404, 10.00564689 ], [ -84.04170656, 10.00556769 ], [ -84.04170271, 10.00554431 ], [ -84.0416981, 10.00551639 ], [ -84.04168412, 10.00549817 ], [ -84.0416732, 10.00548395 ], [ -84.04165264, 10.00546796 ], [ -84.04162895, 10.00544953 ], [ -84.04159058, 10.00543639 ], [ -84.0415558, 10.00542448 ], [ -84.04152023, 10.00542076 ], [ -84.04148316, 10.00541688 ], [ -84.04146815, 10.00540771 ], [ -84.0414469, 10.00539472 ], [ -84.04143782, 10.00537353 ], [ -84.04142491, 10.00534336 ], [ -84.04144692, 10.00528956 ], [ -84.04146621, 10.00524239 ], [ -84.04150108, 10.005195 ], [ -84.0415345, 10.00514956 ], [ -84.04156326, 10.00511895 ], [ -84.04159339, 10.00508686 ], [ -84.04164317, 10.00505022 ], [ -84.04169543, 10.00501176 ], [ -84.04185756, 10.00495105 ], [ -84.04201856, 10.00489076 ], [ -84.04209615, 10.00485248 ], [ -84.04217641, 10.00481288 ], [ -84.04219903, 10.00478966 ], [ -84.04224087, 10.00475009 ], [ -84.0422443, 10.00467887 ], [ -84.04224799, 10.00460246 ], [ -84.04224797, 10.00448284 ], [ -84.04223347, 10.00434409 ], [ -84.04221415, 10.00424361 ], [ -84.04536849, 10.00525464 ], [ -84.04555705, 10.00530847 ], [ -84.04590722, 10.00540844 ], [ -84.04592514, 10.00534869 ], [ -84.04594851, 10.00527073 ], [ -84.04598711, 10.0051291 ], [ -84.0460367, 10.00486236 ], [ -84.04606208, 10.00482248 ], [ -84.04613179, 10.00471293 ], [ -84.04614568, 10.0046911 ], [ -84.04617216, 10.00464948 ], [ -84.04626163, 10.00459878 ], [ -84.04649938, 10.004543 ], [ -84.04673458, 10.0045379 ], [ -84.04707071, 10.00454012 ], [ -84.04720752, 10.00448208 ], [ -84.04735323, 10.00439844 ], [ -84.0474887, 10.00426158 ], [ -84.04762416, 10.00402842 ], [ -84.04779795, 10.00366096 ], [ -84.0478746, 10.00338727 ], [ -84.04807992, 10.0027709 ], [ -84.04815968, 10.00209171 ], [ -84.04829163, 10.00161312 ], [ -84.05703994, 10.00013771 ], [ -84.06063658, 9.99946276 ], [ -84.06193635, 9.99920459 ], [ -84.0685944, 9.99783638 ], [ -84.07584784, 9.99632524 ], [ -84.07579893, 9.99672029 ], [ -84.07578588, 9.99690006 ], [ -84.07575314, 9.9972987 ], [ -84.07573586, 9.99750905 ], [ -84.07573164, 9.99756046 ], [ -84.07572811, 9.9976034 ], [ -84.07569961, 9.99766379 ], [ -84.07568211, 9.99769314 ], [ -84.07556052, 9.99789705 ], [ -84.07556048, 9.99789708 ], [ -84.07532234, 9.99816218 ], [ -84.07525754, 9.99823546 ], [ -84.07521742, 9.99828745 ], [ -84.07513628, 9.9984882 ], [ -84.07499998, 9.99882541 ], [ -84.07496247, 9.99891821 ], [ -84.07495709, 9.99893151 ], [ -84.07495123, 9.99895343 ], [ -84.07494122, 9.99899084 ], [ -84.07493694, 9.99900683 ], [ -84.07492653, 9.99921081 ], [ -84.07492194, 9.99930084 ], [ -84.07492196, 9.99930114 ], [ -84.07494083, 9.99942444 ], [ -84.07494732, 9.9994668 ], [ -84.07496639, 9.99960784 ], [ -84.07496638, 9.99960801 ], [ -84.07494792, 9.99966922 ], [ -84.07482894, 9.99999999 ], [ -84.07482447, 10.00003393 ], [ -84.07482434, 10.00007709 ], [ -84.07482297, 10.00012341 ], [ -84.0748185, 10.00015551 ], [ -84.07480552, 10.00018671 ], [ -84.07479721, 10.00019702 ], [ -84.07475774, 10.00024701 ], [ -84.07473333, 10.00028433 ], [ -84.0747147, 10.00032066 ], [ -84.07470578, 10.00036475 ], [ -84.07466173, 10.00078071 ], [ -84.0746636, 10.00089265 ], [ -84.0746617, 10.00092214 ], [ -84.07466506, 10.00098909 ], [ -84.07466931, 10.00102639 ], [ -84.07467389, 10.00105573 ], [ -84.07469461, 10.00107518 ], [ -84.07472161, 10.0010829 ], [ -84.07475964, 10.00108221 ], [ -84.07489935, 10.00101246 ], [ -84.07494087, 10.00100112 ], [ -84.07499998, 10.00100555 ], [ -84.07500001, 10.00100556 ], [ -84.07501216, 10.00100647 ], [ -84.07506221, 10.00102319 ], [ -84.07509374, 10.00104313 ], [ -84.0751386, 10.00107434 ], [ -84.07518255, 10.00111398 ], [ -84.07523004, 10.0011601 ], [ -84.07528547, 10.00121075 ], [ -84.07531705, 10.00124782 ], [ -84.07542568, 10.00139382 ], [ -84.07545542, 10.00189964 ], [ -84.07542637, 10.0027862 ], [ -84.07537129, 10.0037133 ], [ -84.07536985, 10.00385612 ], [ -84.07536254, 10.00391195 ], [ -84.07535152, 10.00396021 ], [ -84.07533749, 10.0039914 ], [ -84.07532564, 10.00400812 ], [ -84.07530717, 10.00402423 ], [ -84.0752896, 10.00403198 ], [ -84.07524981, 10.00403125 ], [ -84.07501336, 10.00404647 ], [ -84.07500001, 10.00404629 ], [ -84.07499997, 10.00404629 ], [ -84.07431795, 10.00403691 ], [ -84.07376576, 10.00401716 ], [ -84.07362072, 10.00401723 ], [ -84.0734978, 10.00401728 ], [ -84.07346746, 10.0040173 ], [ -84.07339316, 10.00401552 ], [ -84.0733583, 10.00401923 ], [ -84.07332776, 10.00402394 ], [ -84.07330551, 10.00403543 ], [ -84.07328568, 10.00406058 ], [ -84.07328053, 10.00407496 ], [ -84.07327881, 10.00410786 ], [ -84.07327879, 10.00410841 ], [ -84.07327738, 10.0041952 ], [ -84.07327644, 10.00426987 ], [ -84.07327997, 10.00430329 ], [ -84.07328877, 10.00433638 ], [ -84.07329758, 10.00435949 ], [ -84.07333342, 10.0044184 ], [ -84.07336497, 10.00455021 ], [ -84.07338868, 10.00489929 ], [ -84.0733867, 10.00511092 ], [ -84.07338625, 10.005159 ], [ -84.07338543, 10.0052466 ], [ -84.07339159, 10.00536869 ], [ -84.07346634, 10.00609375 ], [ -84.07355558, 10.00645814 ], [ -84.07357489, 10.00650862 ], [ -84.07360548, 10.00655429 ], [ -84.07363838, 10.00659669 ], [ -84.07369525, 10.00666357 ], [ -84.07378545, 10.00675559 ], [ -84.0738407, 10.00679698 ], [ -84.0739487, 10.00689164 ], [ -84.07408947, 10.00702471 ], [ -84.07441661, 10.00727093 ], [ -84.0746951, 10.0074706 ], [ -84.07479277, 10.00754931 ], [ -84.07483015, 10.00759093 ], [ -84.07486753, 10.00764229 ], [ -84.07490012, 10.00784338 ], [ -84.07491698, 10.00793894 ], [ -84.07493639, 10.00801377 ], [ -84.07494113, 10.00802011 ], [ -84.07495884, 10.00803536 ], [ -84.07497891, 10.00806395 ], [ -84.07499251, 10.00809195 ], [ -84.07499997, 10.00811393 ], [ -84.07500334, 10.00812386 ], [ -84.07500668, 10.00814275 ], [ -84.07501231, 10.00816812 ], [ -84.07501102, 10.00819354 ], [ -84.07500768, 10.00822047 ], [ -84.07500344, 10.00824774 ], [ -84.07500341, 10.0082487 ], [ -84.07500075, 10.00826634 ], [ -84.07499997, 10.00827005 ], [ -84.07499543, 10.00829189 ], [ -84.07499211, 10.00830907 ], [ -84.07498216, 10.00835089 ], [ -84.07494945, 10.00882046 ], [ -84.07495062, 10.00921028 ], [ -84.07494815, 10.00927485 ], [ -84.0749485, 10.00930629 ], [ -84.07495337, 10.00935355 ], [ -84.07495815, 10.00941343 ], [ -84.07496206, 10.00944539 ], [ -84.07498263, 10.00953575 ], [ -84.07499997, 10.00962471 ], [ -84.07501298, 10.00969142 ], [ -84.07503328, 10.00986544 ], [ -84.07505767, 10.01017391 ], [ -84.07504844, 10.0102686 ], [ -84.07504213, 10.01032493 ], [ -84.07503293, 10.01039067 ], [ -84.07502451, 10.01050668 ], [ -84.07503703, 10.01059729 ], [ -84.07502994, 10.01070447 ], [ -84.07499998, 10.01084243 ], [ -84.07499997, 10.01084246 ], [ -84.07497256, 10.01096871 ], [ -84.0749623, 10.01103176 ], [ -84.07495545, 10.01107476 ], [ -84.07495321, 10.01111123 ], [ -84.07495437, 10.01112764 ], [ -84.07496481, 10.01115733 ], [ -84.07499539, 10.01121273 ], [ -84.07499997, 10.01122603 ], [ -84.075025, 10.01129865 ], [ -84.07503392, 10.01137356 ], [ -84.07503904, 10.01141655 ], [ -84.07506705, 10.0116516 ], [ -84.07510762, 10.01206493 ], [ -84.07511879, 10.0121741 ], [ -84.07513085, 10.01226536 ], [ -84.07513553, 10.01234759 ], [ -84.07514126, 10.01244224 ], [ -84.07515149, 10.01254165 ], [ -84.07516274, 10.01257466 ], [ -84.07508526, 10.01259026 ], [ -84.0750006, 10.01260529 ], [ -84.07499997, 10.0126054 ], [ -84.07470423, 10.01265013 ], [ -84.07449779, 10.0126997 ], [ -84.07427535, 10.01280347 ], [ -84.0740039, 10.01301096 ], [ -84.07366274, 10.01338853 ], [ -84.07343467, 10.01367077 ], [ -84.07332724, 10.01383337 ], [ -84.07325752, 10.01398289 ], [ -84.07315766, 10.01428659 ], [ -84.07302293, 10.01463515 ], [ -84.072924, 10.01486409 ], [ -84.07282695, 10.01506034 ], [ -84.0726743, 10.01535377 ], [ -84.07263756, 10.01547618 ], [ -84.07261308, 10.01558551 ], [ -84.07260935, 10.01576491 ], [ -84.07265847, 10.01623677 ], [ -84.07268112, 10.01636197 ], [ -84.07272638, 10.01654073 ], [ -84.0727673, 10.01666672 ], [ -84.0727674, 10.01666702 ], [ -84.07277701, 10.01669322 ], [ -84.07278377, 10.01671376 ], [ -84.0727958, 10.01676258 ], [ -84.07280999, 10.01682009 ], [ -84.07281139, 10.0168644 ], [ -84.07280936, 10.01690188 ], [ -84.0728087, 10.01691395 ], [ -84.07278831, 10.01697365 ], [ -84.07276585, 10.01703943 ], [ -84.07274041, 10.01707377 ], [ -84.07271791, 10.01710413 ], [ -84.07268353, 10.01713909 ], [ -84.0726508, 10.01717238 ], [ -84.0725626, 10.01724982 ], [ -84.07247263, 10.01732882 ], [ -84.0724507, 10.01736347 ], [ -84.0724318, 10.01739332 ], [ -84.07242214, 10.0174209 ], [ -84.07241065, 10.01745374 ], [ -84.07240806, 10.01749893 ], [ -84.0724058, 10.01753834 ], [ -84.07241252, 10.01757316 ], [ -84.07241872, 10.01760531 ], [ -84.0724195, 10.0176085 ], [ -84.07244564, 10.01770074 ], [ -84.07247024, 10.01778754 ], [ -84.07250197, 10.01788255 ], [ -84.07253409, 10.01797874 ], [ -84.07255052, 10.01807892 ], [ -84.07256651, 10.01817646 ], [ -84.07257687, 10.01831483 ], [ -84.07258714, 10.01845183 ], [ -84.07259019, 10.0185372 ], [ -84.07259326, 10.01862327 ], [ -84.07260225, 10.01868694 ], [ -84.07261095, 10.01874861 ], [ -84.07262347, 10.01880418 ], [ -84.0726361, 10.01886021 ], [ -84.07264218, 10.01892347 ], [ -84.07264807, 10.0189847 ], [ -84.07264909, 10.01901587 ], [ -84.07265025, 10.01905137 ], [ -84.07264509, 10.01906791 ], [ -84.07263524, 10.0190995 ], [ -84.07262771, 10.01912105 ], [ -84.07262106, 10.01914037 ], [ -84.07260008, 10.01918709 ], [ -84.07259229, 10.01920118 ], [ -84.07258607, 10.01921502 ], [ -84.07254179, 10.01929697 ], [ -84.07247773, 10.01940491 ], [ -84.07246854, 10.0194224 ], [ -84.07245588, 10.01943964 ], [ -84.07244048, 10.01946415 ], [ -84.07238884, 10.01953127 ], [ -84.07237735, 10.01954525 ], [ -84.07235996, 10.01956212 ], [ -84.07235599, 10.01956631 ], [ -84.07235388, 10.01956914 ], [ -84.07230994, 10.01961108 ], [ -84.07227384, 10.01964075 ], [ -84.07223668, 10.0196576 ], [ -84.07220586, 10.01967158 ], [ -84.07215925, 10.01967795 ], [ -84.07211853, 10.01968351 ], [ -84.07209058, 10.01968047 ], [ -84.07205479, 10.01967658 ], [ -84.0720157, 10.01965166 ], [ -84.07198251, 10.0196305 ], [ -84.07194274, 10.01959468 ], [ -84.07190316, 10.01955903 ], [ -84.07187141, 10.01953779 ], [ -84.07183544, 10.01951373 ], [ -84.07179797, 10.01950321 ], [ -84.07176711, 10.01949455 ], [ -84.07171143, 10.01949607 ], [ -84.0716594, 10.01949748 ], [ -84.07156293, 10.01950233 ], [ -84.07146158, 10.01950993 ], [ -84.07126033, 10.01952476 ], [ -84.07106437, 10.01953362 ], [ -84.07101522, 10.01953478 ], [ -84.07096576, 10.01953595 ], [ -84.07090255, 10.01953854 ], [ -84.07083937, 10.01954114 ], [ -84.07076042, 10.01954322 ], [ -84.07068159, 10.0195453 ], [ -84.07061171, 10.01954757 ], [ -84.07054154, 10.01954986 ], [ -84.0704882, 10.01955249 ], [ -84.07043306, 10.01955521 ], [ -84.07034954, 10.01956988 ], [ -84.07026854, 10.01958412 ], [ -84.07015017, 10.01961434 ], [ -84.07003208, 10.01964449 ], [ -84.06997988, 10.01965485 ], [ -84.06988149, 10.01967439 ], [ -84.06983598, 10.01968343 ], [ -84.06976129, 10.01970683 ], [ -84.06968905, 10.01972947 ], [ -84.06960773, 10.01976376 ], [ -84.06952348, 10.01979928 ], [ -84.06948305, 10.01982427 ], [ -84.06943775, 10.01985227 ], [ -84.06940406, 10.01989061 ], [ -84.06937324, 10.01992569 ], [ -84.06932003, 10.0199925 ], [ -84.06926704, 10.02005904 ], [ -84.0692093, 10.02012852 ], [ -84.06915173, 10.0201978 ], [ -84.06909225, 10.02026931 ], [ -84.06903224, 10.02034147 ], [ -84.06897611, 10.02040042 ], [ -84.06891827, 10.02046117 ], [ -84.06885268, 10.02051421 ], [ -84.06878926, 10.02056549 ], [ -84.06871399, 10.02061583 ], [ -84.06863956, 10.02066561 ], [ -84.06857813, 10.02070762 ], [ -84.06851602, 10.0207501 ], [ -84.06845807, 10.02078353 ], [ -84.06839819, 10.02081806 ], [ -84.06836462, 10.0208332 ], [ -84.06832804, 10.02084969 ], [ -84.06829077, 10.02085971 ], [ -84.06825691, 10.02086881 ], [ -84.0682034, 10.02087669 ], [ -84.06815276, 10.02088414 ], [ -84.06812799, 10.02088501 ], [ -84.06809925, 10.02088603 ], [ -84.06807356, 10.02088174 ], [ -84.06804237, 10.02087653 ], [ -84.06801433, 10.02086457 ], [ -84.06799153, 10.02085485 ], [ -84.06793383, 10.02081434 ], [ -84.06787955, 10.02077624 ], [ -84.06781446, 10.02071746 ], [ -84.06775038, 10.02065958 ], [ -84.06767508, 10.02059358 ], [ -84.06759976, 10.02052757 ], [ -84.06754158, 10.02047482 ], [ -84.06748315, 10.02042186 ], [ -84.06744967, 10.02039403 ], [ -84.06741644, 10.02036641 ], [ -84.06736323, 10.02032063 ], [ -84.06730808, 10.02027318 ], [ -84.06726405, 10.02024965 ], [ -84.06722365, 10.02022806 ], [ -84.0671616, 10.02020288 ], [ -84.06709696, 10.02017665 ], [ -84.06702358, 10.02015631 ], [ -84.06695296, 10.02013673 ], [ -84.06688033, 10.020125 ], [ -84.06680873, 10.02011343 ], [ -84.06678631, 10.02010915 ], [ -84.06676216, 10.02010454 ], [ -84.06672803, 10.02009406 ], [ -84.0666956, 10.0200841 ], [ -84.06665841, 10.02007142 ], [ -84.06662108, 10.0200587 ], [ -84.0665776, 10.02004591 ], [ -84.06653436, 10.02003318 ], [ -84.06650215, 10.0200229 ], [ -84.06646782, 10.02001194 ], [ -84.06643907, 10.02000876 ], [ -84.06641299, 10.02000587 ], [ -84.06639534, 10.02000413 ], [ -84.06637369, 10.02000199 ], [ -84.06630598, 10.02001601 ], [ -84.06624379, 10.02002889 ], [ -84.06616963, 10.02005524 ], [ -84.06609806, 10.02008068 ], [ -84.0659653, 10.02014 ], [ -84.06583373, 10.02019879 ], [ -84.06574654, 10.02024024 ], [ -84.06565844, 10.02028213 ], [ -84.06555593, 10.02033803 ], [ -84.06545169, 10.02039488 ], [ -84.06531807, 10.02048627 ], [ -84.06518622, 10.02057645 ], [ -84.06513491, 10.02061709 ], [ -84.06508423, 10.02065723 ], [ -84.06499122, 10.02072986 ], [ -84.0648977, 10.02080291 ], [ -84.0647925, 10.02089565 ], [ -84.06468823, 10.02098756 ], [ -84.06461569, 10.02105678 ], [ -84.06454372, 10.02112545 ], [ -84.06447759, 10.02119145 ], [ -84.06441074, 10.02125815 ], [ -84.06433802, 10.02133961 ], [ -84.06426374, 10.0214228 ], [ -84.06422853, 10.02147423 ], [ -84.06419125, 10.0215287 ], [ -84.06416032, 10.02159534 ], [ -84.06413041, 10.02165978 ], [ -84.06409229, 10.02174854 ], [ -84.06405422, 10.02183717 ], [ -84.06402128, 10.02191041 ], [ -84.06398842, 10.02198346 ], [ -84.06395172, 10.02206514 ], [ -84.06391475, 10.02214745 ], [ -84.06387421, 10.02222581 ], [ -84.06383236, 10.02230673 ], [ -84.06380966, 10.02233647 ], [ -84.06378379, 10.02237035 ], [ -84.06375648, 10.02239235 ], [ -84.0637234, 10.02241899 ], [ -84.06369803, 10.02243044 ], [ -84.06366676, 10.02244498 ], [ -84.06363502, 10.02244432 ], [ -84.06361157, 10.02244878 ], [ -84.06358198, 10.02243309 ], [ -84.06355969, 10.02242239 ], [ -84.06351125, 10.02239606 ], [ -84.0634669, 10.02236344 ], [ -84.06337816, 10.02230493 ], [ -84.06329, 10.02224679 ], [ -84.06318412, 10.02218148 ], [ -84.0630788, 10.02211652 ], [ -84.06299917, 10.0220698 ], [ -84.06291945, 10.02202304 ], [ -84.06288846, 10.02200359 ], [ -84.06285553, 10.02198293 ], [ -84.06283405, 10.02197509 ], [ -84.06281697, 10.02196885 ], [ -84.06277773, 10.02196123 ], [ -84.06274136, 10.02195417 ], [ -84.06267162, 10.02194577 ], [ -84.06259867, 10.02193698 ], [ -84.0624788, 10.02194429 ], [ -84.06236136, 10.02195146 ], [ -84.06223088, 10.02196067 ], [ -84.06209987, 10.02196991 ], [ -84.06197346, 10.02198302 ], [ -84.06184546, 10.0219963 ], [ -84.06171453, 10.02202235 ], [ -84.06158102, 10.02204892 ], [ -84.06149081, 10.02207784 ], [ -84.06140307, 10.02210597 ], [ -84.06133968, 10.0221329 ], [ -84.06127805, 10.02215908 ], [ -84.06120414, 10.0221958 ], [ -84.06113076, 10.02223226 ], [ -84.06103117, 10.02228018 ], [ -84.06093131, 10.02232823 ], [ -84.06081816, 10.02238783 ], [ -84.0607038, 10.02244807 ], [ -84.06062881, 10.02249474 ], [ -84.0605519, 10.0225426 ], [ -84.06049182, 10.02258965 ], [ -84.06043302, 10.02263571 ], [ -84.06037756, 10.02268098 ], [ -84.06032114, 10.02272702 ], [ -84.06025869, 10.02278663 ], [ -84.06019759, 10.02284496 ], [ -84.06014434, 10.02290355 ], [ -84.0600919, 10.02296125 ], [ -84.0600321, 10.02303047 ], [ -84.05997235, 10.02309963 ], [ -84.05992753, 10.02314954 ], [ -84.05988162, 10.02320068 ], [ -84.05985514, 10.02322426 ], [ -84.05982571, 10.02325045 ], [ -84.05980574, 10.02326207 ], [ -84.05978105, 10.02327644 ], [ -84.05975618, 10.02328406 ], [ -84.0597362, 10.02329018 ], [ -84.0596937, 10.02329556 ], [ -84.05965324, 10.02330068 ], [ -84.05960102, 10.02330786 ], [ -84.05954792, 10.02331517 ], [ -84.05950476, 10.02332373 ], [ -84.05945924, 10.02333277 ], [ -84.05944081, 10.023339 ], [ -84.05942472, 10.02334444 ], [ -84.0593812, 10.02336237 ], [ -84.05933424, 10.02338171 ], [ -84.05929085, 10.02341258 ], [ -84.05925045, 10.02344133 ], [ -84.05919615, 10.02348529 ], [ -84.05914061, 10.02353027 ], [ -84.05910333, 10.02355021 ], [ -84.05906007, 10.02357336 ], [ -84.0590316, 10.02357759 ], [ -84.05900865, 10.023581 ], [ -84.0589747, 10.0235829 ], [ -84.0589383, 10.02358493 ], [ -84.05890551, 10.02358343 ], [ -84.05887519, 10.02358204 ], [ -84.05884613, 10.02357797 ], [ -84.05881292, 10.02357331 ], [ -84.05878944, 10.02356398 ], [ -84.05877359, 10.02355782 ], [ -84.05872835, 10.02353738 ], [ -84.0586834, 10.02351708 ], [ -84.0586267, 10.02349312 ], [ -84.05856998, 10.02346915 ], [ -84.05851706, 10.02344515 ], [ -84.05846377, 10.02342098 ], [ -84.05841281, 10.02340134 ], [ -84.05836106, 10.02338139 ], [ -84.05832303, 10.02336096 ], [ -84.05828643, 10.0233413 ], [ -84.05825721, 10.02332548 ], [ -84.05822665, 10.02330894 ], [ -84.05818825, 10.02328187 ], [ -84.05815107, 10.02325567 ], [ -84.05805642, 10.02319928 ], [ -84.05804786, 10.02317677 ], [ -84.05803219, 10.02313556 ], [ -84.05801437, 10.02309549 ], [ -84.05799569, 10.02305348 ], [ -84.05797971, 10.02302549 ], [ -84.0579623, 10.022995 ], [ -84.05794288, 10.02296826 ], [ -84.05792495, 10.02294359 ], [ -84.05790833, 10.02292403 ], [ -84.05788953, 10.02290192 ], [ -84.05786509, 10.02288136 ], [ -84.0578438, 10.02286345 ], [ -84.05782021, 10.0228484 ], [ -84.05779267, 10.02283084 ], [ -84.05775609, 10.02281701 ], [ -84.05771352, 10.02280091 ], [ -84.05760524, 10.02278901 ], [ -84.05750183, 10.02277765 ], [ -84.05739277, 10.02277649 ], [ -84.05728435, 10.02277534 ], [ -84.05715803, 10.02276733 ], [ -84.05702771, 10.02275906 ], [ -84.05699541, 10.02274917 ], [ -84.05696816, 10.02274084 ], [ -84.05695233, 10.02273336 ], [ -84.0569312, 10.02272338 ], [ -84.05692381, 10.02271694 ], [ -84.05691011, 10.02270499 ], [ -84.05689689, 10.02274009 ], [ -84.05688684, 10.02277414 ], [ -84.05688299, 10.02280735 ], [ -84.05688129, 10.02286573 ], [ -84.05687941, 10.02293046 ], [ -84.05688398, 10.02299235 ], [ -84.05688854, 10.02305409 ], [ -84.05688768, 10.02311464 ], [ -84.05688677, 10.02317904 ], [ -84.05687493, 10.02321958 ], [ -84.05686142, 10.02326582 ], [ -84.05684146, 10.02329722 ], [ -84.05682449, 10.02332391 ], [ -84.05680043, 10.02334728 ], [ -84.05677994, 10.02336717 ], [ -84.05673354, 10.02339536 ], [ -84.05668993, 10.02342185 ], [ -84.05662007, 10.02345734 ], [ -84.05655002, 10.02349292 ], [ -84.05647107, 10.0235431 ], [ -84.05639019, 10.0235945 ], [ -84.05634823, 10.02362838 ], [ -84.05630377, 10.02366429 ], [ -84.05627128, 10.02370229 ], [ -84.05624077, 10.02373799 ], [ -84.05618023, 10.02382436 ], [ -84.05612034, 10.02390982 ], [ -84.05603137, 10.02403908 ], [ -84.05594229, 10.02416849 ], [ -84.05588877, 10.02424771 ], [ -84.05583479, 10.02432762 ], [ -84.05579687, 10.02439311 ], [ -84.05575685, 10.02446225 ], [ -84.05574096, 10.02453926 ], [ -84.05572607, 10.0246114 ], [ -84.05572273, 10.02467317 ], [ -84.05571893, 10.02473426 ], [ -84.05571899, 10.02473624 ], [ -84.05571876, 10.02476373 ], [ -84.05571852, 10.02479165 ], [ -84.0557205, 10.02485053 ], [ -84.05572247, 10.02490906 ], [ -84.05572509, 10.02501232 ], [ -84.05572776, 10.02511706 ], [ -84.05572, 10.02518765 ], [ -84.05571256, 10.02525547 ], [ -84.05570296, 10.0252942 ], [ -84.05569247, 10.02533658 ], [ -84.0556806, 10.02535993 ], [ -84.05567069, 10.02537942 ], [ -84.05564142, 10.02541736 ], [ -84.05561329, 10.02545382 ], [ -84.0555758, 10.02550322 ], [ -84.05553711, 10.0255542 ], [ -84.05552796, 10.0255723 ], [ -84.05551278, 10.0256023 ], [ -84.05551137, 10.02560399 ], [ -84.05550868, 10.02560679 ], [ -84.05550573, 10.02560936 ], [ -84.05550255, 10.02561169 ], [ -84.05549916, 10.02561375 ], [ -84.05547902, 10.02562984 ], [ -84.05547546, 10.02563162 ], [ -84.05547174, 10.0256331 ], [ -84.0554679, 10.02563428 ], [ -84.0554438, 10.02563405 ], [ -84.05544074, 10.02563337 ], [ -84.05543763, 10.02563305 ], [ -84.05540873, 10.02564043 ], [ -84.0554056, 10.02564047 ], [ -84.0554025, 10.02564086 ], [ -84.05539947, 10.02564161 ], [ -84.05533305, 10.02566611 ], [ -84.05526532, 10.02569111 ], [ -84.05523308, 10.0257095 ], [ -84.05520277, 10.02572679 ], [ -84.0551627, 10.02575507 ], [ -84.05512364, 10.02578264 ], [ -84.05509013, 10.0258088 ], [ -84.05505541, 10.02583591 ], [ -84.05499644, 10.02589596 ], [ -84.05493837, 10.0259551 ], [ -84.05486118, 10.02603712 ], [ -84.05478316, 10.02612002 ], [ -84.05471535, 10.02621279 ], [ -84.05464811, 10.02630478 ], [ -84.05453561, 10.02645593 ], [ -84.0544227, 10.02660762 ], [ -84.05435845, 10.0266822 ], [ -84.05429441, 10.02675653 ], [ -84.05419639, 10.02687826 ], [ -84.05409867, 10.02699961 ], [ -84.05399984, 10.02712847 ], [ -84.05390085, 10.02725755 ], [ -84.05383519, 10.02733384 ], [ -84.05376828, 10.02741158 ], [ -84.05375579, 10.02742187 ], [ -84.05374079, 10.02743424 ], [ -84.0537144, 10.02744786 ], [ -84.05370125, 10.02745465 ], [ -84.0537012, 10.02745468 ], [ -84.05369017, 10.02746037 ], [ -84.05358676, 10.02750457 ], [ -84.05348414, 10.02754844 ], [ -84.05342045, 10.02757366 ], [ -84.05335706, 10.02759875 ], [ -84.05331115, 10.0276163 ], [ -84.05326447, 10.02763414 ], [ -84.05322855, 10.02764448 ], [ -84.05319084, 10.02765534 ], [ -84.05315823, 10.02766018 ], [ -84.05313263, 10.02766398 ], [ -84.05305417, 10.02767053 ], [ -84.05306426, 10.02773934 ], [ -84.05312098, 10.02791534 ], [ -84.05317798, 10.0280923 ], [ -84.05319151, 10.02816537 ], [ -84.05320467, 10.02823643 ], [ -84.0532112, 10.02828719 ], [ -84.05321796, 10.0283398 ], [ -84.05322062, 10.02847377 ], [ -84.05322326, 10.02860717 ], [ -84.05324095, 10.028837 ], [ -84.05325864, 10.02906681 ], [ -84.05326171, 10.02920741 ], [ -84.05326475, 10.02934677 ], [ -84.05325636, 10.02959765 ], [ -84.05324797, 10.02984821 ], [ -84.05324739, 10.03000799 ], [ -84.0532468, 10.03016826 ], [ -84.0532366, 10.03029871 ], [ -84.05322624, 10.03043103 ], [ -84.05321808, 10.03047921 ], [ -84.05320956, 10.0305295 ], [ -84.05319409, 10.03058638 ], [ -84.0531777, 10.03064667 ], [ -84.05316059, 10.03067977 ], [ -84.05314558, 10.03070881 ], [ -84.0531078, 10.03075717 ], [ -84.05307224, 10.03080269 ], [ -84.05303051, 10.03084399 ], [ -84.05298644, 10.0308876 ], [ -84.05282789, 10.03099411 ], [ -84.05267064, 10.03109964 ], [ -84.0526394, 10.03112492 ], [ -84.05260581, 10.03115209 ], [ -84.05257782, 10.03118352 ], [ -84.05255176, 10.0312128 ], [ -84.05250358, 10.03127743 ], [ -84.05245359, 10.03134449 ], [ -84.05243767, 10.0313763 ], [ -84.05242314, 10.03140535 ], [ -84.052407, 10.03144683 ], [ -84.05238914, 10.03149273 ], [ -84.05238731, 10.03152867 ], [ -84.05238579, 10.03155829 ], [ -84.05240001, 10.03163659 ], [ -84.05241356, 10.03171124 ], [ -84.05246074, 10.03187935 ], [ -84.05250741, 10.03204565 ], [ -84.05261265, 10.03232089 ], [ -84.05271752, 10.03259509 ], [ -84.05276079, 10.03271684 ], [ -84.05280462, 10.03284016 ], [ -84.05282547, 10.03292956 ], [ -84.05284581, 10.03301677 ], [ -84.05286233, 10.03313066 ], [ -84.05288226, 10.03328685 ], [ -84.05288737, 10.03333339 ], [ -84.05292711, 10.03382734 ], [ -84.05291916, 10.034253 ], [ -84.04800925, 10.03425259 ], [ -84.047800869278205, 10.033668215218414 ], [ -84.047859547876669, 10.032682414764214 ], [ -84.046697711627075, 10.032788036241451 ], [ -84.045829268369801, 10.033539122301793 ], [ -84.043282617196454, 10.034548394195379 ], [ -84.042249873863483, 10.034830051468008 ], [ -84.041792180795454, 10.035346423134495 ], [ -84.041663087878831, 10.038632424648496 ], [ -84.04275450981028, 10.039618225102696 ], [ -84.042132516666555, 10.040768325632596 ], [ -84.041639616439454, 10.041742390367105 ], [ -84.040348687273237, 10.041707183208025 ], [ -84.039656279811382, 10.04041625404181 ], [ -84.038987343788889, 10.038726310406037 ], [ -84.038764365114716, 10.036285280709922 ], [ -84.037567321706064, 10.036320487868998 ], [ -84.034997199093326, 10.035698494725278 ], [ -84.034457355987456, 10.034231529763669 ], [ -84.032438812200283, 10.03603883059637 ], [ -84.032098476329182, 10.036050566316064 ], [ -84.031065732996211, 10.035522458929888 ], [ -84.029294541180363, 10.034124149601594 ], [ -84.02883594625456, 10.033762100975956 ], [ -84.026653102391691, 10.031250656961683 ], [ -84.024517201407591, 10.030499570901341 ], [ -84.022733372014272, 10.031532314234312 ], [ -84.021817985878229, 10.032189514537112 ], [ -84.021019956939114, 10.033644743779028 ], [ -84.020198456560607, 10.034348886960599 ], [ -84.018625870121753, 10.034654015672613 ], [ -84.015269454289594, 10.031884385825098 ], [ -84.01254676732087, 10.02895045590188 ], [ -84.011022209242569, 10.026889479240458 ], [ -84.010011851867219, 10.025523625751562 ], [ -84.007101393383394, 10.022425395752647 ], [ -84.001963152327193, 10.019119674233975 ], [ -84.00199031, 10.01909441 ], [ -84.00208417, 10.01901026 ], [ -84.00212069, 10.01897225 ], [ -84.00212585, 10.0012896 ], [ -84.00224119, 10.00128214 ], [ -84.00234996, 10.00126394 ], [ -84.00241518, 10.00124611 ], [ -84.0024984, 10.00125503 ], [ -84.00253663, 10.00128401 ], [ -84.00257936, 10.00133528 ], [ -84.0025996, 10.00139547 ], [ -84.0026131, 10.00146681 ], [ -84.00260346, 10.0015516 ], [ -84.00259511, 10.00162509 ], [ -84.00256812, 10.0018235 ], [ -84.0025323, 10.00203734 ], [ -84.00253237, 10.00204248 ], [ -84.00253365, 10.00212869 ], [ -84.00253422, 10.0021665 ], [ -84.00255963, 10.00225952 ], [ -84.00258316, 10.00234568 ], [ -84.00259779, 10.00237903 ], [ -84.00261594, 10.00242043 ], [ -84.00264905, 10.00245562 ], [ -84.00267503, 10.00248324 ], [ -84.00268814, 10.00249187 ], [ -84.00269726, 10.00249788 ], [ -84.00275906, 10.00253597 ], [ -84.0028221, 10.00257482 ], [ -84.00286565, 10.00259869 ], [ -84.00291402, 10.0026252 ], [ -84.00297945, 10.00264192 ], [ -84.00304044, 10.00265751 ], [ -84.00306207, 10.00265965 ], [ -84.0030659, 10.00265814 ], [ -84.0030789, 10.00265392 ], [ -84.00308891, 10.00264101 ], [ -84.00309609, 10.00262422 ], [ -84.00309954, 10.00261613 ], [ -84.00310531, 10.00259639 ], [ -84.00311072, 10.00257786 ], [ -84.00312179, 10.00254615 ], [ -84.00313434, 10.0025102 ], [ -84.00314731, 10.00248781 ], [ -84.00316444, 10.00245823 ], [ -84.00318848, 10.00243392 ], [ -84.00320741, 10.00241478 ], [ -84.00322636, 10.00240012 ], [ -84.00324749, 10.00238377 ], [ -84.00325608, 10.00237208 ], [ -84.0032714, 10.00235123 ], [ -84.00327935, 10.00232621 ], [ -84.00328459, 10.00230973 ], [ -84.00328722, 10.00229264 ], [ -84.00329055, 10.00227104 ], [ -84.00330419, 10.00224871 ], [ -84.00331123, 10.0022372 ], [ -84.00332895, 10.00222091 ], [ -84.00334131, 10.00220954 ], [ -84.00335338, 10.00220066 ], [ -84.00337315, 10.00218609 ], [ -84.00341065, 10.00217689 ], [ -84.00343748, 10.00217031 ], [ -84.00347217, 10.00216824 ], [ -84.00351474, 10.00216569 ], [ -84.0035653, 10.00217462 ], [ -84.00360722, 10.00218202 ], [ -84.00366331, 10.00220578 ], [ -84.003712, 10.0022264 ], [ -84.0037722, 10.00226747 ], [ -84.00382955, 10.0023066 ], [ -84.00385171, 10.00232119 ], [ -84.00387361, 10.00233562 ], [ -84.00392134, 10.00236706 ], [ -84.00397178, 10.00240029 ], [ -84.00398969, 10.00240809 ], [ -84.00401387, 10.00241864 ], [ -84.00403868, 10.0024242 ], [ -84.00405891, 10.00242873 ], [ -84.00409096, 10.00243403 ], [ -84.00412644, 10.00243988 ], [ -84.00415636, 10.00244101 ], [ -84.00419215, 10.00244235 ], [ -84.00420604, 10.00244032 ], [ -84.00422863, 10.00243702 ], [ -84.00425592, 10.00242468 ], [ -84.00427563, 10.00241577 ], [ -84.0043073, 10.00239487 ], [ -84.00433436, 10.00237701 ], [ -84.00435326, 10.00236052 ], [ -84.00437615, 10.00234056 ], [ -84.00439197, 10.00232202 ], [ -84.00440694, 10.00230447 ], [ -84.00442864, 10.00228272 ], [ -84.00444932, 10.00226199 ], [ -84.00446389, 10.00224734 ], [ -84.00448076, 10.00223038 ], [ -84.00449796, 10.00221828 ], [ -84.00451081, 10.00220923 ], [ -84.00453136, 10.00219784 ], [ -84.00456011, 10.00218189 ], [ -84.00457934, 10.00217955 ], [ -84.00459488, 10.00217766 ], [ -84.00462092, 10.00216921 ], [ -84.00464129, 10.00216261 ], [ -84.00465807, 10.0021548 ], [ -84.00467295, 10.00214788 ], [ -84.00469919, 10.00213602 ], [ -84.00473134, 10.0021215 ], [ -84.00474325, 10.00210981 ], [ -84.00475243, 10.0021008 ], [ -84.00477332, 10.00208574 ], [ -84.00479041, 10.00207342 ], [ -84.00481267, 10.00206047 ], [ -84.00483977, 10.0020447 ], [ -84.00486655, 10.00203556 ], [ -84.00488946, 10.00202774 ], [ -84.00491234, 10.00202039 ], [ -84.00493571, 10.00201289 ], [ -84.00495924, 10.00200414 ], [ -84.00498256, 10.00199546 ], [ -84.0050097, 10.00198639 ], [ -84.00504006, 10.00197625 ], [ -84.00506352, 10.00197205 ], [ -84.00508282, 10.00196859 ], [ -84.00511405, 10.00196546 ], [ -84.00514246, 10.00196262 ], [ -84.00517383, 10.00196177 ], [ -84.00520427, 10.00196094 ], [ -84.00522609, 10.00195982 ], [ -84.00524911, 10.00195863 ], [ -84.00527921, 10.00195974 ], [ -84.0053117, 10.00196093 ], [ -84.005331, 10.00195748 ], [ -84.00534805, 10.00195443 ], [ -84.00537158, 10.00195246 ], [ -84.00539245, 10.00195072 ], [ -84.00541474, 10.0019499 ], [ -84.00544069, 10.00194896 ], [ -84.00546597, 10.00195174 ], [ -84.00548685, 10.00195404 ], [ -84.00551472, 10.00195959 ], [ -84.00554109, 10.00196484 ], [ -84.00556225, 10.00196891 ], [ -84.00558392, 10.00197308 ], [ -84.00560628, 10.00197689 ], [ -84.0056325, 10.00198136 ], [ -84.00565447, 10.00198102 ], [ -84.00566992, 10.00198077 ], [ -84.00568686, 10.00197779 ], [ -84.00570141, 10.00197523 ], [ -84.00573076, 10.00197098 ], [ -84.00576458, 10.00196609 ], [ -84.005788, 10.00196757 ], [ -84.00580951, 10.00196894 ], [ -84.0058456, 10.00196739 ], [ -84.00588687, 10.00196561 ], [ -84.00594948, 10.00195228 ], [ -84.00600793, 10.00193984 ], [ -84.00604119, 10.00193076 ], [ -84.00607031, 10.00191693 ], [ -84.00608715, 10.00191112 ], [ -84.00611052, 10.00190159 ], [ -84.00613577, 10.00188926 ], [ -84.00615954, 10.00187516 ], [ -84.00618789, 10.00186099 ], [ -84.00624739, 10.00183381 ], [ -84.00628211, 10.00180163 ], [ -84.00632514, 10.00176048 ], [ -84.00638979, 10.00167544 ], [ -84.0064297, 10.0016241 ], [ -84.00645698, 10.00158256 ], [ -84.00647475, 10.00156317 ], [ -84.00648962, 10.00153996 ], [ -84.00650831, 10.00150697 ], [ -84.00652804, 10.00147955 ], [ -84.00655751, 10.00146036 ], [ -84.00657553, 10.00144056 ], [ -84.00659414, 10.00141942 ], [ -84.00661404, 10.00139682 ], [ -84.0066242, 10.00138302 ], [ -84.00663924, 10.00136261 ], [ -84.00664767, 10.00133381 ], [ -84.00665466, 10.00130989 ], [ -84.00666451, 10.00128404 ], [ -84.00667622, 10.0012533 ], [ -84.00668768, 10.00123526 ], [ -84.00670036, 10.00121532 ], [ -84.006708, 10.00118465 ], [ -84.00671351, 10.00116255 ], [ -84.00671589, 10.00113704 ], [ -84.00671898, 10.00110405 ], [ -84.00671585, 10.00108487 ], [ -84.00671094, 10.00105468 ], [ -84.00669866, 10.00103245 ], [ -84.00669128, 10.00101354 ], [ -84.00668858, 10.00100433 ], [ -84.00667725, 10.00098474 ], [ -84.00667264, 10.00096413 ], [ -84.00665991, 10.0009517 ], [ -84.00664791, 10.00093704 ], [ -84.00663345, 10.00092414 ], [ -84.00660833, 10.00091703 ], [ -84.00658232, 10.00090598 ], [ -84.00657195, 10.00090117 ], [ -84.00655555, 10.00089308 ], [ -84.00653371, 10.00087599 ], [ -84.0065091, 10.00085776 ], [ -84.00649102, 10.00083709 ], [ -84.00647068, 10.00082775 ], [ -84.00645842, 10.00081563 ], [ -84.00643775, 10.00079458 ], [ -84.00643709, 10.00077731 ], [ -84.00643099, 10.00074717 ], [ -84.00643742, 10.00071328 ], [ -84.00644334, 10.00068215 ], [ -84.00644859, 10.00063576 ], [ -84.0064538, 10.0005898 ], [ -84.00645784, 10.00056551 ], [ -84.00646305, 10.00053422 ], [ -84.00648507, 10.00049328 ], [ -84.00650165, 10.00046244 ], [ -84.00652983, 10.00043379 ], [ -84.00655114, 10.00041212 ], [ -84.00658169, 10.0003931 ], [ -84.00660851, 10.00037641 ], [ -84.00663266, 10.00036125 ], [ -84.00665728, 10.0003458 ], [ -84.00668174, 10.00032958 ], [ -84.00670612, 10.00031341 ], [ -84.00673569, 10.00029464 ], [ -84.00676642, 10.00027514 ], [ -84.00679322, 10.0002544 ], [ -84.00681929, 10.00023423 ], [ -84.00683673, 10.00022191 ], [ -84.0068535, 10.00021005 ], [ -84.00687027, 10.0001982 ], [ -84.00688789, 10.00018575 ], [ -84.00691771, 10.00016702 ], [ -84.00694703, 10.00014861 ], [ -84.00696196, 10.00013876 ], [ -84.00697779, 10.00012831 ], [ -84.00699127, 10.00011872 ], [ -84.00700946, 10.00010577 ], [ -84.0070212, 10.00009128 ], [ -84.00702768, 10.00008328 ], [ -84.00704083, 10.00005961 ], [ -84.00705234, 10.00003888 ], [ -84.00705803, 10.00002848 ], [ -84.0070735, 10.0000002 ], [ -84.00712927, 9.99992672 ], [ -84.00724102, 9.99977822 ], [ -84.00729644, 9.99971747 ], [ -84.0073317, 9.99969046 ], [ -84.00740072, 9.99964233 ], [ -84.00746276, 9.9995973 ], [ -84.00748342, 9.9995866 ], [ -84.00750511, 9.99957252 ], [ -84.00751982, 9.99956763 ], [ -84.0075351, 9.99955825 ], [ -84.00755303, 9.99955466 ], [ -84.00757209, 9.99954939 ], [ -84.00758493, 9.99954974 ], [ -84.00759871, 9.99954747 ], [ -84.00761911, 9.99955362 ], [ -84.00763196, 9.99956127 ], [ -84.00764008, 9.99956379 ], [ -84.00765672, 9.99957555 ], [ -84.00766154, 9.99957873 ], [ -84.00766948, 9.99958517 ], [ -84.0076814, 9.99960032 ], [ -84.00769635, 9.99962313 ], [ -84.00772227, 9.99965884 ], [ -84.00774597, 9.99971496 ], [ -84.0077941, 9.99981877 ], [ -84.0078085, 9.99985216 ], [ -84.00784097, 9.99993321 ], [ -84.00786357, 10.00000021 ], [ -84.00786381, 10.00001365 ], [ -84.00786413, 10.00003149 ], [ -84.00787316, 10.00007187 ], [ -84.00788069, 10.00010552 ], [ -84.00789933, 10.00015088 ], [ -84.00791582, 10.000191 ], [ -84.00793177, 10.00021857 ], [ -84.00795134, 10.00025239 ], [ -84.00798128, 10.00028291 ], [ -84.00800721, 10.00030935 ], [ -84.00804392, 10.00034298 ], [ -84.0080793, 10.00037539 ], [ -84.00811286, 10.00040357 ], [ -84.00814701, 10.00043224 ], [ -84.0081713, 10.00045642 ], [ -84.00819336, 10.00047838 ], [ -84.00821669, 10.00050584 ], [ -84.00824144, 10.00053496 ], [ -84.00826775, 10.00055567 ], [ -84.00829052, 10.00057358 ], [ -84.00833131, 10.00060315 ], [ -84.00837138, 10.0006322 ], [ -84.00839558, 10.00064945 ], [ -84.00842047, 10.00066719 ], [ -84.00845118, 10.00068742 ], [ -84.00848082, 10.00070694 ], [ -84.00849625, 10.00071643 ], [ -84.00851093, 10.00072545 ], [ -84.0085314, 10.00073758 ], [ -84.00855161, 10.00074957 ], [ -84.00859303, 10.00077414 ], [ -84.00863521, 10.00079918 ], [ -84.00865201, 10.00081024 ], [ -84.00866808, 10.00082082 ], [ -84.00868464, 10.00083173 ], [ -84.00870165, 10.00084293 ], [ -84.00871598, 10.0008518 ], [ -84.00873283, 10.00086222 ], [ -84.00875019, 10.00087009 ], [ -84.00877318, 10.0008805 ], [ -84.00879852, 10.00088638 ], [ -84.00881961, 10.00089128 ], [ -84.00885628, 10.00089856 ], [ -84.00889667, 10.00091691 ], [ -84.00892154, 10.00092451 ], [ -84.00895038, 10.00093133 ], [ -84.00897777, 10.00094127 ], [ -84.00899998, 10.00094576 ], [ -84.00902485, 10.00095134 ], [ -84.0090455, 10.00095168 ], [ -84.00907146, 10.0009546 ], [ -84.00909963, 10.00094856 ], [ -84.00914621, 10.00095426 ], [ -84.00918812, 10.00095887 ], [ -84.00923405, 10.0009574 ], [ -84.00927091, 10.00095328 ], [ -84.00931879, 10.00095544 ], [ -84.00940405, 10.00094574 ], [ -84.00945705, 10.00093676 ], [ -84.00950631, 10.00092768 ], [ -84.00956372, 10.00091257 ], [ -84.00962522, 10.00090717 ], [ -84.00968726, 10.00091818 ], [ -84.00973902, 10.00091919 ], [ -84.00977591, 10.00091871 ], [ -84.00981713, 10.00091818 ], [ -84.0098544, 10.00091032 ], [ -84.00989069, 10.00090267 ], [ -84.00994645, 10.00089901 ], [ -84.00999773, 10.00089565 ], [ -84.01005203, 10.00089721 ], [ -84.01010348, 10.00089869 ], [ -84.01014267, 10.00090204 ], [ -84.01018389, 10.00090556 ], [ -84.01024068, 10.0009011 ], [ -84.01029621, 10.00089674 ], [ -84.01034951, 10.00089777 ], [ -84.01040127, 10.00089878 ], [ -84.01047332, 10.00089898 ], [ -84.01054982, 10.00089918 ], [ -84.01060555, 10.00091358 ], [ -84.01065954, 10.00092753 ], [ -84.01071004, 10.00093244 ], [ -84.01075587, 10.0009369 ], [ -84.01080133, 10.00093713 ], [ -84.01083447, 10.00093731 ], [ -84.01089504, 10.00093146 ], [ -84.01101339, 10.00089794 ], [ -84.01116274, 10.00088397 ], [ -84.01126981, 10.00086301 ], [ -84.0112994, 10.00084765 ], [ -84.01131912, 10.00082391 ], [ -84.01131771, 10.00080436 ], [ -84.01131059, 10.00078766 ], [ -84.01129676, 10.00076986 ], [ -84.01127392, 10.00075212 ], [ -84.01123976, 10.00070895 ], [ -84.01120305, 10.00067329 ], [ -84.01118096, 10.00063511 ], [ -84.0111468, 10.00059194 ], [ -84.01112679, 10.00053533 ], [ -84.0111075, 10.00048077 ], [ -84.01108548, 10.00042976 ], [ -84.01106226, 10.00037598 ], [ -84.01104373, 10.0003422 ], [ -84.01102226, 10.00030308 ], [ -84.01099689, 10.00027489 ], [ -84.01097597, 10.00025165 ], [ -84.01094666, 10.00022627 ], [ -84.0109203, 10.00020344 ], [ -84.01088281, 10.00017605 ], [ -84.01084613, 10.00014925 ], [ -84.01080627, 10.00011827 ], [ -84.01076377, 10.00008524 ], [ -84.01073644, 10.00005655 ], [ -84.01069796, 10.00001617 ], [ -84.010679, 10.00000024 ], [ -84.01057922, 9.99991465 ], [ -84.0105141, 9.99986892 ], [ -84.01048124, 9.99983795 ], [ -84.01042604, 9.99978901 ], [ -84.01041173, 9.99977067 ], [ -84.01039314, 9.99973489 ], [ -84.0103812, 9.99971485 ], [ -84.0103732, 9.99968646 ], [ -84.01036457, 9.99966698 ], [ -84.01036075, 9.99964336 ], [ -84.01035599, 9.99962603 ], [ -84.01035907, 9.99959884 ], [ -84.01035638, 9.9995772 ], [ -84.0103625, 9.99955769 ], [ -84.01036579, 9.99954728 ], [ -84.01037541, 9.9995317 ], [ -84.01038125, 9.99952298 ], [ -84.01038748, 9.99951734 ], [ -84.01040267, 9.99949529 ], [ -84.01042938, 9.99947313 ], [ -84.01044742, 9.99946025 ], [ -84.01049285, 9.99943093 ], [ -84.01053829, 9.99941258 ], [ -84.01058449, 9.99938944 ], [ -84.01064951, 9.99937669 ], [ -84.01067956, 9.99936482 ], [ -84.01070924, 9.99936084 ], [ -84.01078342, 9.99934479 ], [ -84.0108284, 9.99933384 ], [ -84.01095067, 9.99928695 ], [ -84.01122448, 9.99920635 ], [ -84.01132355, 9.99917581 ], [ -84.01136398, 9.99915211 ], [ -84.01139536, 9.99913706 ], [ -84.01142275, 9.99911695 ], [ -84.01150018, 9.99903805 ], [ -84.01153455, 9.99900631 ], [ -84.01159782, 9.99894976 ], [ -84.01175119, 9.99881372 ], [ -84.01183372, 9.99873577 ], [ -84.01190075, 9.99866871 ], [ -84.01195945, 9.99859453 ], [ -84.01197342, 9.9985737 ], [ -84.0121009, 9.99845309 ], [ -84.01228049, 9.99825716 ], [ -84.01234432, 9.99819123 ], [ -84.01240229, 9.99812304 ], [ -84.01247215, 9.9980481 ], [ -84.01248895, 9.99802424 ], [ -84.0125134, 9.99799692 ], [ -84.01252434, 9.99797326 ], [ -84.01253062, 9.9979376 ], [ -84.01252351, 9.99790173 ], [ -84.01250488, 9.99788005 ], [ -84.01250051, 9.99786824 ], [ -84.01246127, 9.99783387 ], [ -84.01244725, 9.99782058 ], [ -84.0124283, 9.99780729 ], [ -84.01238283, 9.99777613 ], [ -84.01233395, 9.9977415 ], [ -84.01228981, 9.99771568 ], [ -84.01225932, 9.99770129 ], [ -84.01224919, 9.99769868 ], [ -84.01221909, 9.99769104 ], [ -84.01219562, 9.99768695 ], [ -84.01216107, 9.99768288 ], [ -84.01211764, 9.99767741 ], [ -84.01206208, 9.99766681 ], [ -84.01203917, 9.9976631 ], [ -84.01201154, 9.99765545 ], [ -84.01198284, 9.99764143 ], [ -84.0119571, 9.99763828 ], [ -84.01194318, 9.99763399 ], [ -84.01187556, 9.99760164 ], [ -84.01185871, 9.99759623 ], [ -84.01184299, 9.99758669 ], [ -84.01183351, 9.99757882 ], [ -84.01181605, 9.99755352 ], [ -84.01180818, 9.99754631 ], [ -84.01180324, 9.99753534 ], [ -84.01179166, 9.99751471 ], [ -84.01179118, 9.99750871 ], [ -84.0117847, 9.99748414 ], [ -84.01178649, 9.99747719 ], [ -84.01178855, 9.99746555 ], [ -84.01179459, 9.99745653 ], [ -84.01179893, 9.99744884 ], [ -84.01181442, 9.99743061 ], [ -84.01182858, 9.99740826 ], [ -84.01192156, 9.99732084 ], [ -84.01199706, 9.99725767 ], [ -84.01202675, 9.99723904 ], [ -84.01207506, 9.99721401 ], [ -84.01210476, 9.99720026 ], [ -84.0121562, 9.99717484 ], [ -84.01225974, 9.99712729 ], [ -84.01235736, 9.99709898 ], [ -84.01241722, 9.99707505 ], [ -84.01245583, 9.99706879 ], [ -84.01248147, 9.99706781 ], [ -84.01252521, 9.99707468 ], [ -84.01254831, 9.99707568 ], [ -84.01257322, 9.99707948 ], [ -84.01259519, 9.99708339 ], [ -84.01262588, 9.99708775 ], [ -84.01276447, 9.99710591 ], [ -84.01292673, 9.99713352 ], [ -84.01308179, 9.99715278 ], [ -84.01333888, 9.99718634 ], [ -84.01358596, 9.99721501 ], [ -84.01381064, 9.99723698 ], [ -84.0139513, 9.99724838 ], [ -84.01400998, 9.99724641 ], [ -84.01404159, 9.99724448 ], [ -84.01413554, 9.99725108 ], [ -84.01415144, 9.99724693 ], [ -84.01417016, 9.99723488 ], [ -84.01420169, 9.99723371 ], [ -84.01422109, 9.99722616 ], [ -84.01423471, 9.99721806 ], [ -84.01424596, 9.99720556 ], [ -84.0142554, 9.99719147 ], [ -84.01426541, 9.99717042 ], [ -84.01426774, 9.99715286 ], [ -84.01426298, 9.99713428 ], [ -84.01425651, 9.99711946 ], [ -84.01426121, 9.99709899 ], [ -84.01424431, 9.99707527 ], [ -84.01424029, 9.99704825 ], [ -84.01421197, 9.9969914 ], [ -84.01419279, 9.99695278 ], [ -84.01415206, 9.99689182 ], [ -84.01411695, 9.99684027 ], [ -84.01406098, 9.99678309 ], [ -84.01399652, 9.99672521 ], [ -84.0139802, 9.99670309 ], [ -84.0139378, 9.99666176 ], [ -84.01392432, 9.99663908 ], [ -84.01392071, 9.99662979 ], [ -84.01391327, 9.99659808 ], [ -84.01391126, 9.99658579 ], [ -84.0139099, 9.99656457 ], [ -84.01390732, 9.99649627 ], [ -84.01391083, 9.99644453 ], [ -84.01390299, 9.99639387 ], [ -84.01390194, 9.99633304 ], [ -84.01389631, 9.99631023 ], [ -84.01388747, 9.996291 ], [ -84.01384886, 9.99618597 ], [ -84.01381446, 9.99611618 ], [ -84.01374226, 9.99593693 ], [ -84.01362168, 9.99571456 ], [ -84.01355854, 9.99557866 ], [ -84.01346554, 9.99543131 ], [ -84.01340857, 9.9953572 ], [ -84.01331974, 9.99527188 ], [ -84.01321562, 9.99515213 ], [ -84.01312109, 9.99505818 ], [ -84.01303577, 9.99497518 ], [ -84.01300903, 9.99494539 ], [ -84.01292069, 9.99486729 ], [ -84.0129038, 9.99484236 ], [ -84.01288235, 9.99480956 ], [ -84.01287238, 9.99479567 ], [ -84.0128604, 9.99477314 ], [ -84.01282737, 9.99471971 ], [ -84.01280749, 9.99467652 ], [ -84.01278451, 9.99463133 ], [ -84.01277109, 9.99460053 ], [ -84.01276641, 9.99457752 ], [ -84.0127491, 9.99453119 ], [ -84.01274908, 9.99451776 ], [ -84.01274393, 9.99449731 ], [ -84.01274617, 9.99447441 ], [ -84.01275738, 9.9944338 ], [ -84.01276604, 9.99441108 ], [ -84.01278209, 9.9943859 ], [ -84.0128006, 9.99436316 ], [ -84.01281856, 9.99434493 ], [ -84.01286331, 9.99424629 ], [ -84.01287917, 9.99422262 ], [ -84.01288633, 9.99419971 ], [ -84.0128931, 9.99417493 ], [ -84.01293284, 9.99408071 ], [ -84.01295113, 9.99403751 ], [ -84.0129711, 9.99398324 ], [ -84.01299014, 9.99392298 ], [ -84.01300484, 9.99388148 ], [ -84.01301237, 9.99385187 ], [ -84.01301253, 9.99383693 ], [ -84.01301298, 9.99381851 ], [ -84.01301137, 9.99377072 ], [ -84.01300792, 9.99375015 ], [ -84.01300334, 9.99373127 ], [ -84.01299876, 9.99371484 ], [ -84.012992, 9.99367052 ], [ -84.01298083, 9.99356991 ], [ -84.01297317, 9.99344658 ], [ -84.0129789, 9.99334412 ], [ -84.01300187, 9.99323217 ], [ -84.01302866, 9.99315248 ], [ -84.01306747, 9.99309102 ], [ -84.01308839, 9.99306171 ], [ -84.01312766, 9.99301351 ], [ -84.01316844, 9.9929753 ], [ -84.01320386, 9.99294449 ], [ -84.01322299, 9.99293308 ], [ -84.01325508, 9.99290662 ], [ -84.0133107, 9.99288058 ], [ -84.01338409, 9.99284757 ], [ -84.0134889, 9.99280386 ], [ -84.0135466, 9.99279182 ], [ -84.01358538, 9.99278969 ], [ -84.01367077, 9.99279142 ], [ -84.01370881, 9.99279408 ], [ -84.01374533, 9.99280144 ], [ -84.01376514, 9.99280432 ], [ -84.01379132, 9.99281546 ], [ -84.01384788, 9.99284131 ], [ -84.0138734, 9.99285404 ], [ -84.01390339, 9.99287176 ], [ -84.01393148, 9.99288984 ], [ -84.01394998, 9.99290203 ], [ -84.01399642, 9.9929436 ], [ -84.01402129, 9.99296404 ], [ -84.0140613, 9.99301399 ], [ -84.01407631, 9.99303322 ], [ -84.01408914, 9.99305265 ], [ -84.01414896, 9.99315146 ], [ -84.01424655, 9.99330154 ], [ -84.01428013, 9.99335866 ], [ -84.0143119, 9.99342268 ], [ -84.01436866, 9.99350036 ], [ -84.01438197, 9.99352213 ], [ -84.01441848, 9.99357182 ], [ -84.01447224, 9.99363854 ], [ -84.01450085, 9.99366877 ], [ -84.01454802, 9.99371285 ], [ -84.01456266, 9.99372656 ], [ -84.0145845, 9.99374176 ], [ -84.01462967, 9.99377475 ], [ -84.01466899, 9.99379698 ], [ -84.01472808, 9.99382328 ], [ -84.01479531, 9.99385288 ], [ -84.01485369, 9.99387056 ], [ -84.01500751, 9.99392263 ], [ -84.01505363, 9.9939298 ], [ -84.0150952, 9.99393763 ], [ -84.01510945, 9.99394456 ], [ -84.01512835, 9.99395864 ], [ -84.01518555, 9.99398288 ], [ -84.01524921, 9.99403497 ], [ -84.01528924, 9.99405727 ], [ -84.01530623, 9.99406926 ], [ -84.0153256, 9.99409178 ], [ -84.01541125, 9.99418156 ], [ -84.01543281, 9.99421244 ], [ -84.01544916, 9.99423703 ], [ -84.01546607, 9.99425955 ], [ -84.01548601, 9.99428489 ], [ -84.01558916, 9.99439027 ], [ -84.01565639, 9.99447322 ], [ -84.01566475, 9.99447914 ], [ -84.01567635, 9.99448758 ], [ -84.01569135, 9.99449095 ], [ -84.01569933, 9.9944962 ], [ -84.01570341, 9.99449746 ], [ -84.01571106, 9.99450513 ], [ -84.01572076, 9.99453575 ], [ -84.01573408, 9.99454715 ], [ -84.01574377, 9.99453935 ], [ -84.01576315, 9.99452374 ], [ -84.01577769, 9.99451053 ], [ -84.01578327, 9.99449935 ], [ -84.01582328, 9.99441941 ], [ -84.01582811, 9.99441403 ], [ -84.01583113, 9.99440951 ], [ -84.01583557, 9.99439615 ], [ -84.01584426, 9.99436847 ], [ -84.01584447, 9.99432708 ], [ -84.01584384, 9.99429246 ], [ -84.01587253, 9.99419937 ], [ -84.01588573, 9.99414779 ], [ -84.01589614, 9.99412858 ], [ -84.01590872, 9.99410795 ], [ -84.0159197, 9.99409156 ], [ -84.0159323, 9.99407583 ], [ -84.01593968, 9.99406481 ], [ -84.01596716, 9.99404341 ], [ -84.01597834, 9.99402918 ], [ -84.01599398, 9.99401871 ], [ -84.01600764, 9.99401427 ], [ -84.01610556, 9.99395332 ], [ -84.01612615, 9.99395141 ], [ -84.01615501, 9.99395371 ], [ -84.01617437, 9.99395669 ], [ -84.01619354, 9.99395628 ], [ -84.01623386, 9.99393584 ], [ -84.01628335, 9.99393339 ], [ -84.01632579, 9.99392933 ], [ -84.01639384, 9.9939326 ], [ -84.0164133, 9.99394094 ], [ -84.01645524, 9.99393352 ], [ -84.01647251, 9.99393472 ], [ -84.01651484, 9.99393163 ], [ -84.01653352, 9.99392765 ], [ -84.01658437, 9.99391796 ], [ -84.0166878, 9.99390461 ], [ -84.01671702, 9.99390024 ], [ -84.01673942, 9.99390114 ], [ -84.01675698, 9.99390374 ], [ -84.01680766, 9.99390657 ], [ -84.01694428, 9.99388168 ], [ -84.01697976, 9.99387532 ], [ -84.01706255, 9.99384432 ], [ -84.01707906, 9.99384052 ], [ -84.0171927, 9.99381191 ], [ -84.0172113, 9.99381113 ], [ -84.01723218, 9.99381062 ], [ -84.01725333, 9.99380541 ], [ -84.01727117, 9.99380086 ], [ -84.01729118, 9.99379245 ], [ -84.01740516, 9.99374126 ], [ -84.01743001, 9.99372993 ], [ -84.01746196, 9.99371228 ], [ -84.01749002, 9.99369248 ], [ -84.01754329, 9.99365833 ], [ -84.01756756, 9.99363928 ], [ -84.01759029, 9.99361271 ], [ -84.01760866, 9.99359019 ], [ -84.01763801, 9.99355251 ], [ -84.01766065, 9.99352302 ], [ -84.01767427, 9.99350145 ], [ -84.01770664, 9.99344946 ], [ -84.01771267, 9.99342085 ], [ -84.01777745, 9.99328553 ], [ -84.0177938, 9.99319001 ], [ -84.01779984, 9.99317119 ], [ -84.01780513, 9.99316083 ], [ -84.01781497, 9.99314124 ], [ -84.01782747, 9.99312382 ], [ -84.01784762, 9.99308085 ], [ -84.01785549, 9.9930685 ], [ -84.0179263, 9.9930088 ], [ -84.01792971, 9.99300371 ], [ -84.01793768, 9.99299551 ], [ -84.01794536, 9.99299078 ], [ -84.01796188, 9.99298332 ], [ -84.01800704, 9.99296008 ], [ -84.01807083, 9.99294095 ], [ -84.0181557, 9.99291735 ], [ -84.01821198, 9.99289287 ], [ -84.01833319, 9.99285001 ], [ -84.01839021, 9.99281337 ], [ -84.01848653, 9.99276349 ], [ -84.01859262, 9.99270087 ], [ -84.01861463, 9.99268765 ], [ -84.01862773, 9.9926816 ], [ -84.01866218, 9.99266393 ], [ -84.01867946, 9.99265778 ], [ -84.01869702, 9.99265304 ], [ -84.0187255, 9.99264245 ], [ -84.01874411, 9.99264044 ], [ -84.01879141, 9.99263244 ], [ -84.01890346, 9.99261859 ], [ -84.01899863, 9.99261277 ], [ -84.01911441, 9.99260626 ], [ -84.0192151, 9.99260693 ], [ -84.01928635, 9.99261104 ], [ -84.01936729, 9.9926142 ], [ -84.01941765, 9.99261637 ], [ -84.01943789, 9.99262113 ], [ -84.01948122, 9.99262398 ], [ -84.0194931, 9.99263017 ], [ -84.0195105, 9.99263551 ], [ -84.01952465, 9.99263708 ], [ -84.01953785, 9.99263518 ], [ -84.01955714, 9.99263401 ], [ -84.01957859, 9.99262286 ], [ -84.01959683, 9.99262019 ], [ -84.01962161, 9.99261205 ], [ -84.019694, 9.99256107 ], [ -84.01971081, 9.99255379 ], [ -84.01972286, 9.99254623 ], [ -84.01973016, 9.99253718 ], [ -84.01975359, 9.99251633 ], [ -84.01976202, 9.99250312 ], [ -84.01976743, 9.99249568 ], [ -84.01977462, 9.99248126 ], [ -84.01979215, 9.99239986 ], [ -84.01980519, 9.99230245 ], [ -84.01980524, 9.99227966 ], [ -84.0198016, 9.99226178 ], [ -84.01979929, 9.99224191 ], [ -84.0198054, 9.99215177 ], [ -84.01980451, 9.99212794 ], [ -84.01980588, 9.99209828 ], [ -84.019814, 9.99206897 ], [ -84.01984268, 9.99195005 ], [ -84.01984856, 9.99194128 ], [ -84.01985965, 9.9919278 ], [ -84.01986657, 9.99191808 ], [ -84.01987385, 9.99189556 ], [ -84.01989072, 9.99181941 ], [ -84.01990999, 9.9916955 ], [ -84.01991489, 9.99167222 ], [ -84.01991439, 9.99165517 ], [ -84.01991494, 9.99164085 ], [ -84.0199111, 9.99162446 ], [ -84.01990719, 9.99161251 ], [ -84.01990051, 9.99159792 ], [ -84.01988603, 9.99157411 ], [ -84.01982399, 9.99147455 ], [ -84.01971244, 9.99131386 ], [ -84.01964146, 9.9912129 ], [ -84.01960972, 9.99115653 ], [ -84.0195515, 9.99106356 ], [ -84.01953776, 9.99103127 ], [ -84.01951743, 9.99097997 ], [ -84.01950149, 9.9909393 ], [ -84.0194906, 9.9909089 ], [ -84.0194841, 9.99083422 ], [ -84.01939584, 9.99077905 ], [ -84.01929434, 9.99072498 ], [ -84.01923975, 9.99070174 ], [ -84.01923109, 9.99069874 ], [ -84.01919115, 9.99068424 ], [ -84.01918261, 9.9906809 ], [ -84.01917422, 9.99067723 ], [ -84.01916598, 9.99067322 ], [ -84.0191593, 9.99067072 ], [ -84.01915122, 9.9906664 ], [ -84.01914467, 9.99066356 ], [ -84.01913826, 9.99066041 ], [ -84.01913037, 9.99065577 ], [ -84.01912413, 9.99065231 ], [ -84.01911643, 9.99064736 ], [ -84.01911038, 9.99064359 ], [ -84.01910452, 9.99063952 ], [ -84.01909702, 9.99063428 ], [ -84.01909138, 9.99062993 ], [ -84.01908596, 9.99062531 ], [ -84.01907868, 9.99061977 ], [ -84.01907351, 9.99061489 ], [ -84.01906645, 9.99060907 ], [ -84.01906153, 9.99060394 ], [ -84.01905689, 9.99059858 ], [ -84.01905007, 9.99059248 ], [ -84.0190457, 9.9905869 ], [ -84.01903914, 9.99058054 ], [ -84.01903506, 9.99057475 ], [ -84.01903129, 9.99056877 ], [ -84.01902849, 9.99056387 ], [ -84.01900396, 9.99051965 ], [ -84.0189119, 9.99032653 ], [ -84.01886297, 9.99021337 ], [ -84.01886269, 9.99021145 ], [ -84.01886262, 9.99020886 ], [ -84.01886292, 9.99020629 ], [ -84.01886358, 9.99020378 ], [ -84.01886458, 9.99020139 ], [ -84.01886591, 9.99019915 ], [ -84.01886754, 9.99019712 ], [ -84.01886944, 9.99019532 ], [ -84.01887157, 9.99019381 ], [ -84.01897749, 9.99015145 ], [ -84.01903167, 9.99012203 ], [ -84.01910586, 9.9900952 ], [ -84.01919027, 9.99006414 ], [ -84.01933668, 9.99002872 ], [ -84.01953562, 9.98998377 ], [ -84.01961514, 9.98996859 ], [ -84.0196177, 9.98996786 ], [ -84.01967936, 9.98994971 ], [ -84.01975822, 9.98993857 ], [ -84.01983456, 9.98993921 ], [ -84.01990883, 9.98994012 ], [ -84.02006438, 9.98993026 ], [ -84.02015565, 9.98991712 ], [ -84.02021233, 9.98990847 ], [ -84.02031051, 9.98987989 ], [ -84.02035699, 9.98986325 ], [ -84.02052897, 9.9897217 ], [ -84.02062553, 9.98965856 ], [ -84.02079537, 9.98958387 ], [ -84.02091453, 9.98953431 ], [ -84.02101383, 9.98947999 ], [ -84.02114326, 9.98938766 ], [ -84.02127816, 9.98928174 ], [ -84.0214658, 9.98912966 ], [ -84.02154182, 9.98905566 ], [ -84.02155922, 9.98904162 ], [ -84.02171156, 9.98885451 ], [ -84.0217203, 9.98884191 ], [ -84.02172945, 9.98882619 ], [ -84.02173607, 9.9888124 ], [ -84.02174344, 9.98879281 ], [ -84.0217492, 9.98877624 ], [ -84.02175451, 9.98876833 ], [ -84.02175886, 9.98876305 ], [ -84.02186448, 9.98873726 ], [ -84.02197255, 9.98870637 ], [ -84.02197853, 9.98870684 ], [ -84.02199458, 9.98871171 ], [ -84.02201721, 9.98873312 ], [ -84.0220408, 9.98875679 ], [ -84.02209785, 9.98880778 ], [ -84.02216159, 9.98885739 ], [ -84.02219926, 9.98888522 ], [ -84.02232322, 9.98894563 ], [ -84.0223691, 9.98895445 ], [ -84.02239924, 9.98895174 ], [ -84.02242252, 9.98894291 ], [ -84.02268001, 9.98880712 ], [ -84.02292313, 9.98869509 ], [ -84.02304503, 9.98864756 ], [ -84.0231671, 9.98858279 ], [ -84.02324235, 9.98854285 ], [ -84.02323791, 9.98854079 ], [ -84.02323484, 9.98854001 ], [ -84.02323057, 9.98853762 ], [ -84.02322748, 9.98853647 ], [ -84.0232234, 9.98853378 ], [ -84.02322046, 9.9885323 ], [ -84.02321659, 9.98852931 ], [ -84.02321384, 9.98852752 ], [ -84.0232102, 9.98852426 ], [ -84.02320681, 9.98852074 ], [ -84.02320428, 9.98851866 ], [ -84.02320116, 9.9885149 ], [ -84.02319887, 9.98851255 ], [ -84.02319605, 9.98850858 ], [ -84.02319404, 9.988506 ], [ -84.02319151, 9.98850183 ], [ -84.02318981, 9.98849904 ], [ -84.0231876, 9.9884947 ], [ -84.02318622, 9.98849174 ], [ -84.02318434, 9.98848725 ], [ -84.02318329, 9.98848416 ], [ -84.02318176, 9.98847954 ], [ -84.02318107, 9.98847636 ], [ -84.02317989, 9.98847164 ], [ -84.02317906, 9.98846685 ], [ -84.02317872, 9.98846361 ], [ -84.02317826, 9.98845878 ], [ -84.02317816, 9.98845393 ], [ -84.02317843, 9.98844909 ], [ -84.02317905, 9.98844428 ], [ -84.02318004, 9.98843953 ], [ -84.02318051, 9.98843775 ], [ -84.02320125, 9.98834631 ], [ -84.02321584, 9.98828226 ], [ -84.02321551, 9.98827673 ], [ -84.02321557, 9.98827511 ], [ -84.02321556, 9.98826913 ], [ -84.02321487, 9.98826364 ], [ -84.0232145, 9.98825768 ], [ -84.02321345, 9.98825224 ], [ -84.02321271, 9.98824631 ], [ -84.02321131, 9.98824096 ], [ -84.02321022, 9.98823508 ], [ -84.02320876, 9.98822929 ], [ -84.02320701, 9.98822404 ], [ -84.02320521, 9.98821834 ], [ -84.02320312, 9.98821322 ], [ -84.02320097, 9.98820764 ], [ -84.02319854, 9.98820267 ], [ -84.02319606, 9.98819723 ], [ -84.02319331, 9.98819243 ], [ -84.0231905, 9.98818715 ], [ -84.02318737, 9.98818205 ], [ -84.02318431, 9.98817743 ], [ -84.02318087, 9.98817252 ], [ -84.02317752, 9.98816812 ], [ -84.02317379, 9.98816342 ], [ -84.02317015, 9.98815924 ], [ -84.02316614, 9.98815478 ], [ -84.02316186, 9.98815057 ], [ -84.02315795, 9.98814663 ], [ -84.02315342, 9.98814268 ], [ -84.02314926, 9.98813901 ], [ -84.0231445, 9.98813533 ], [ -84.02314011, 9.98813193 ], [ -84.02313513, 9.98812855 ], [ -84.02312995, 9.98812547 ], [ -84.02312534, 9.98812236 ], [ -84.02311998, 9.98811959 ], [ -84.02311517, 9.98811679 ], [ -84.02310966, 9.98811434 ], [ -84.02310467, 9.98811185 ], [ -84.02309901, 9.98810974 ], [ -84.02309387, 9.98810757 ], [ -84.02308859, 9.98810574 ], [ -84.0230832, 9.98810425 ], [ -84.02307772, 9.98810312 ], [ -84.02307355, 9.98810249 ], [ -84.0229532, 9.98807197 ], [ -84.02283223, 9.98803628 ], [ -84.02282999, 9.9880357 ], [ -84.02282352, 9.9880338 ], [ -84.02281716, 9.98803157 ], [ -84.02281094, 9.98802902 ], [ -84.02280486, 9.98802615 ], [ -84.02279775, 9.98802277 ], [ -84.02279184, 9.98801959 ], [ -84.02278489, 9.9880159 ], [ -84.02277917, 9.98801243 ], [ -84.0227724, 9.98800843 ], [ -84.02276688, 9.98800467 ], [ -84.02276031, 9.98800037 ], [ -84.022755, 9.98799634 ], [ -84.02274864, 9.98799175 ], [ -84.02274357, 9.98798745 ], [ -84.02273742, 9.98798258 ], [ -84.0227326, 9.98797803 ], [ -84.02272669, 9.98797289 ], [ -84.02272213, 9.9879681 ], [ -84.02271647, 9.9879627 ], [ -84.02271219, 9.98795769 ], [ -84.02270679, 9.98795205 ], [ -84.02270166, 9.98794616 ], [ -84.02269681, 9.98794006 ], [ -84.02269226, 9.98793375 ], [ -84.022688, 9.98792724 ], [ -84.02268406, 9.98792055 ], [ -84.02268044, 9.98791369 ], [ -84.02267715, 9.98790668 ], [ -84.02267419, 9.98789953 ], [ -84.02267157, 9.98789225 ], [ -84.02266929, 9.98788487 ], [ -84.02266864, 9.98788249 ], [ -84.02263314, 9.98773571 ], [ -84.02260147, 9.98763349 ], [ -84.02259806, 9.98762498 ], [ -84.02259431, 9.98761661 ], [ -84.02259024, 9.98760838 ], [ -84.02258585, 9.98760032 ], [ -84.02258114, 9.98759243 ], [ -84.02257613, 9.98758473 ], [ -84.02247541, 9.98746483 ], [ -84.0224701, 9.98745732 ], [ -84.0224645, 9.98745003 ], [ -84.02245861, 9.98744295 ], [ -84.02245815, 9.98744241 ], [ -84.02240039, 9.98736664 ], [ -84.02227755, 9.98718242 ], [ -84.02224709, 9.98712827 ], [ -84.02220175, 9.98704879 ], [ -84.0221449, 9.9869719 ], [ -84.02211478, 9.98692062 ], [ -84.02209156, 9.98687708 ], [ -84.02204895, 9.98681519 ], [ -84.02198339, 9.98670345 ], [ -84.02185523, 9.98647556 ], [ -84.02175467, 9.98630182 ], [ -84.02173291, 9.98623962 ], [ -84.02170418, 9.98614792 ], [ -84.02167907, 9.98606079 ], [ -84.02165904, 9.98599506 ], [ -84.02165315, 9.98597241 ], [ -84.02161388, 9.98584837 ], [ -84.0215815, 9.98572557 ], [ -84.0215393, 9.98561037 ], [ -84.02149116, 9.98549947 ], [ -84.02145561, 9.98543817 ], [ -84.02142089, 9.98534958 ], [ -84.02140285, 9.98530188 ], [ -84.02139586, 9.98527413 ], [ -84.02137901, 9.98525354 ], [ -84.02141805, 9.9851961 ], [ -84.02145565, 9.98512529 ], [ -84.02150783, 9.98504557 ], [ -84.02157089, 9.9849545 ], [ -84.02164057, 9.98485233 ], [ -84.02167888, 9.98479446 ], [ -84.02170901, 9.98474895 ], [ -84.02176732, 9.98465272 ], [ -84.02177171, 9.98464481 ], [ -84.0218172, 9.9845478 ], [ -84.02182127, 9.98453972 ], [ -84.021825, 9.98453149 ], [ -84.0218284, 9.98452311 ], [ -84.02183147, 9.98451461 ], [ -84.02183419, 9.98450599 ], [ -84.02183656, 9.98449727 ], [ -84.02183857, 9.98448846 ], [ -84.02185452, 9.98444645 ], [ -84.02185618, 9.98443758 ], [ -84.02185749, 9.98442864 ], [ -84.02185843, 9.98441966 ], [ -84.02185902, 9.98441065 ], [ -84.02185911, 9.98440841 ], [ -84.0218613, 9.98436253 ], [ -84.02186703, 9.98427478 ], [ -84.021893, 9.98399905 ], [ -84.02190646, 9.98383504 ], [ -84.02190836, 9.98381738 ], [ -84.02191063, 9.98379975 ], [ -84.02191504, 9.98374093 ], [ -84.02191767, 9.98372336 ], [ -84.02192065, 9.98370584 ], [ -84.02192903, 9.98367618 ], [ -84.02193237, 9.98365872 ], [ -84.02193543, 9.98364007 ], [ -84.02193912, 9.98362268 ], [ -84.02194254, 9.98360409 ], [ -84.02194659, 9.98358678 ], [ -84.02195035, 9.98356825 ], [ -84.02195475, 9.98355103 ], [ -84.02195888, 9.98353257 ], [ -84.02196363, 9.98351544 ], [ -84.0219681, 9.98349707 ], [ -84.0219732, 9.98348003 ], [ -84.02197803, 9.98346174 ], [ -84.02198348, 9.98344481 ], [ -84.02198865, 9.98342662 ], [ -84.02199444, 9.9834098 ], [ -84.02199996, 9.98339171 ], [ -84.02200609, 9.98337501 ], [ -84.02201175, 9.98336047 ], [ -84.02201822, 9.9833439 ], [ -84.02202257, 9.9833334 ], [ -84.02202503, 9.98332746 ], [ -84.02203217, 9.98331116 ], [ -84.0220623, 9.9832337 ], [ -84.02213533, 9.98308015 ], [ -84.02225425, 9.98282363 ], [ -84.02238579, 9.9825648 ], [ -84.02243487, 9.98245069 ], [ -84.02250967, 9.9822827 ], [ -84.02254226, 9.98212322 ], [ -84.02261221, 9.98197043 ], [ -84.02261716, 9.98196155 ], [ -84.02262242, 9.98195284 ], [ -84.02262798, 9.98194431 ], [ -84.02263384, 9.98193598 ], [ -84.02263661, 9.98193156 ], [ -84.02267764, 9.98187031 ], [ -84.0226821, 9.98186375 ], [ -84.02268685, 9.98185739 ], [ -84.02269189, 9.98185125 ], [ -84.0226972, 9.98184535 ], [ -84.02270222, 9.98183951 ], [ -84.0227078, 9.98183386 ], [ -84.02271309, 9.98182826 ], [ -84.02271892, 9.98182286 ], [ -84.02272447, 9.98181751 ], [ -84.02273055, 9.98181238 ], [ -84.02273634, 9.98180729 ], [ -84.02274265, 9.98180244 ], [ -84.02274868, 9.98179763 ], [ -84.02275493, 9.98179311 ], [ -84.02276145, 9.98178855 ], [ -84.02276791, 9.98178432 ], [ -84.02277463, 9.98178005 ], [ -84.02278128, 9.98177613 ], [ -84.02278819, 9.98177217 ], [ -84.02279502, 9.98176857 ], [ -84.02280211, 9.98176492 ], [ -84.0228091, 9.98176164 ], [ -84.02281624, 9.98175868 ], [ -84.02282349, 9.98175536 ], [ -84.02283076, 9.98175274 ], [ -84.02283814, 9.98174975 ], [ -84.02284553, 9.98174748 ], [ -84.02285305, 9.98174482 ], [ -84.02286053, 9.98174289 ], [ -84.0228681, 9.98174131 ], [ -84.02287692, 9.98174059 ], [ -84.02288455, 9.98173936 ], [ -84.02289707, 9.98173804 ], [ -84.02290476, 9.98173717 ], [ -84.02290604, 9.98173706 ], [ -84.02291851, 9.9817354 ], [ -84.02293093, 9.9817334 ], [ -84.02296761, 9.98173069 ], [ -84.02297997, 9.98172835 ], [ -84.02299224, 9.98172567 ], [ -84.02300027, 9.98172365 ], [ -84.02300819, 9.98172129 ], [ -84.02302038, 9.98171828 ], [ -84.02302819, 9.98171558 ], [ -84.02304028, 9.98171223 ], [ -84.02304795, 9.9817092 ], [ -84.02305548, 9.98170584 ], [ -84.02306284, 9.98170216 ], [ -84.02307003, 9.98169817 ], [ -84.02312647, 9.98167208 ], [ -84.02313347, 9.98166779 ], [ -84.02314027, 9.98166319 ], [ -84.02320946, 9.98160801 ], [ -84.02322671, 9.98158645 ], [ -84.02326268, 9.98151921 ], [ -84.02326544, 9.98151196 ], [ -84.02326822, 9.98150586 ], [ -84.02327063, 9.9814985 ], [ -84.02327307, 9.98149226 ], [ -84.02327514, 9.98148479 ], [ -84.02327724, 9.98147843 ], [ -84.02327895, 9.98147088 ], [ -84.0232807, 9.98146442 ], [ -84.02328205, 9.98145679 ], [ -84.02328344, 9.98145025 ], [ -84.02328444, 9.98144257 ], [ -84.02328547, 9.98143597 ], [ -84.0232861, 9.98142825 ], [ -84.02328677, 9.9814216 ], [ -84.02328704, 9.98141386 ], [ -84.02328735, 9.98140718 ], [ -84.02328725, 9.98139944 ], [ -84.0232872, 9.98139276 ], [ -84.02328673, 9.98138502 ], [ -84.02328631, 9.98137835 ], [ -84.02328549, 9.98137065 ], [ -84.0232847, 9.98136401 ], [ -84.02328351, 9.98135635 ], [ -84.02328237, 9.98134977 ], [ -84.02328082, 9.98134217 ], [ -84.02327932, 9.98133565 ], [ -84.02327742, 9.98132813 ], [ -84.02327556, 9.98132171 ], [ -84.02327331, 9.98131428 ], [ -84.02327111, 9.98130796 ], [ -84.0231864, 9.98111407 ], [ -84.02314959, 9.98102341 ], [ -84.02311469, 9.98091602 ], [ -84.02310401, 9.98087082 ], [ -84.02309845, 9.980803 ], [ -84.02309149, 9.98066064 ], [ -84.02309712, 9.9805884 ], [ -84.02309689, 9.98054728 ], [ -84.02309492, 9.98044086 ], [ -84.02309329, 9.98035581 ], [ -84.02308431, 9.98027074 ], [ -84.0230729, 9.98018402 ], [ -84.02305824, 9.98008845 ], [ -84.02304078, 9.97995338 ], [ -84.02303103, 9.97986072 ], [ -84.02301787, 9.97974009 ], [ -84.02300702, 9.97963451 ], [ -84.02299391, 9.97951834 ], [ -84.02298567, 9.97943091 ], [ -84.02298504, 9.97933959 ], [ -84.02298173, 9.97921571 ], [ -84.02298168, 9.97918869 ], [ -84.022984, 9.97912084 ], [ -84.02299157, 9.9789922 ], [ -84.02299766, 9.97892889 ], [ -84.02300652, 9.97886062 ], [ -84.02302007, 9.97876236 ], [ -84.02302873, 9.97869727 ], [ -84.02304517, 9.97858482 ], [ -84.02305331, 9.97852888 ], [ -84.02306111, 9.97843312 ], [ -84.0230737, 9.97832259 ], [ -84.02308201, 9.97822316 ], [ -84.02308925, 9.97810811 ], [ -84.02309225, 9.97805505 ], [ -84.02308711, 9.97797693 ], [ -84.02308467, 9.97790621 ], [ -84.02307068, 9.97782474 ], [ -84.02305225, 9.97771831 ], [ -84.02304246, 9.97767821 ], [ -84.02302613, 9.97761606 ], [ -84.0230066, 9.97754742 ], [ -84.02298479, 9.97748641 ], [ -84.02297365, 9.97745182 ], [ -84.02295126, 9.97740681 ], [ -84.02292421, 9.97734755 ], [ -84.022896, 9.977305 ], [ -84.02284164, 9.97721688 ], [ -84.02280315, 9.97717078 ], [ -84.02279737, 9.97716288 ], [ -84.02278952, 9.97715271 ], [ -84.02278139, 9.97714276 ], [ -84.02277298, 9.97713304 ], [ -84.0227643, 9.97712356 ], [ -84.02272103, 9.97708064 ], [ -84.02271208, 9.97707141 ], [ -84.02270288, 9.97706243 ], [ -84.02269342, 9.97705371 ], [ -84.02267977, 9.97704319 ], [ -84.02265097, 9.97701941 ], [ -84.02262749, 9.97700228 ], [ -84.02257969, 9.97697523 ], [ -84.02251963, 9.97693789 ], [ -84.02240851, 9.97687515 ], [ -84.02231961, 9.97683095 ], [ -84.02225869, 9.97680454 ], [ -84.02221638, 9.97677073 ], [ -84.02218014, 9.97673992 ], [ -84.02218635, 9.97671909 ], [ -84.025, 9.9753362 ], [ -84.03306548, 9.97137187 ], [ -84.0334748, 9.97115881 ], [ -84.03360438, 9.97104571 ], [ -84.03361533, 9.9710312 ], [ -84.03364375, 9.97099432 ], [ -84.03366618, 9.97095769 ], [ -84.03368726, 9.97092327 ], [ -84.03371145, 9.97087572 ], [ -84.03373705, 9.97082539 ], [ -84.03376347, 9.97074728 ], [ -84.03378919, 9.97067121 ], [ -84.03381309, 9.97059799 ], [ -84.03384633, 9.97049616 ], [ -84.03384219, 9.97049515 ], [ -84.03387175, 9.97039837 ], [ -84.03389345, 9.97032882 ], [ -84.0339387, 9.97018424 ], [ -84.03399304, 9.97001509 ], [ -84.03400021, 9.97001697 ], [ -84.03402202, 9.96995341 ], [ -84.0340334, 9.96991739 ], [ -84.03405856, 9.96984708 ], [ -84.03407805, 9.9697797 ], [ -84.03412787, 9.96962844 ], [ -84.0341776, 9.96947745 ], [ -84.03421736, 9.96935025 ], [ -84.03425789, 9.96922061 ], [ -84.0342751, 9.96915865 ], [ -84.0343105, 9.96905603 ], [ -84.03432353, 9.96899939 ], [ -84.03434113, 9.96893721 ], [ -84.03439971, 9.96876015 ], [ -84.0344246, 9.96867412 ], [ -84.03443834, 9.96863186 ], [ -84.03443934, 9.96862832 ], [ -84.03443998, 9.96862469 ], [ -84.03446071, 9.96857023 ], [ -84.03445909, 9.96852771 ], [ -84.03444865, 9.96848296 ], [ -84.03450654, 9.96838931 ], [ -84.03450989, 9.9683819 ], [ -84.03451358, 9.96837465 ], [ -84.0345274, 9.96835434 ], [ -84.03456169, 9.96832218 ], [ -84.03460592, 9.96828926 ], [ -84.03461192, 9.96828419 ], [ -84.03466601, 9.96824555 ], [ -84.03472368, 9.96819999 ], [ -84.0347527, 9.96817625 ], [ -84.03478312, 9.96814769 ], [ -84.03480033, 9.96812912 ], [ -84.03480428, 9.96812551 ], [ -84.03480886, 9.96812134 ], [ -84.03481256, 9.96811747 ], [ -84.03481689, 9.96811305 ], [ -84.03482094, 9.96810838 ], [ -84.03482437, 9.96810428 ], [ -84.03482814, 9.96809938 ], [ -84.03483128, 9.96809507 ], [ -84.03483476, 9.96808997 ], [ -84.03483759, 9.96808546 ], [ -84.03484076, 9.96808017 ], [ -84.03484362, 9.9680747 ], [ -84.03484866, 9.9680644 ], [ -84.03485318, 9.96805607 ], [ -84.03485852, 9.96804151 ], [ -84.03486052, 9.96802233 ], [ -84.03486185, 9.96800247 ], [ -84.03486159, 9.96798102 ], [ -84.03485985, 9.96796013 ] ] ] ] } }
]
}
