{
"type": "FeatureCollection",
"name": "Moravia-SanIsidro-StoDomingo",
"crs": { "type": "name", "properties": { "name": "urn:ogc:def:crs:OGC:1.3:CRS84" } },
"xy_coordinate_resolution": 1e-15,
"features": [
{ "type": "Feature", "properties": { "fid": null, "CÓDIGO_DTA": null, "PROVINCIA": null, "CANTÓN": null, "DISTRITO": null }, "geometry": { "type": "MultiPolygon", "coordinates": [ [ [ [ -84.03485584, 9.9679416 ], [ -84.03484916, 9.96792373 ], [ -84.03484049, 9.96790653 ], [ -84.03483514, 9.96789396 ], [ -84.034827799999988, 9.96788139 ], [ -84.03481551, 9.96786813 ], [ -84.03476551, 9.96781406 ], [ -84.03470858, 9.96774916 ], [ -84.0346502, 9.96769578 ], [ -84.03452018, 9.96757617 ], [ -84.03445755, 9.96752012 ], [ -84.03445226, 9.96751535 ], [ -84.034447630000017, 9.9675112 ], [ -84.03444259, 9.96750617 ], [ -84.03443821, 9.96750175 ], [ -84.03443344, 9.96749647 ], [ -84.03442933, 9.96749181 ], [ -84.03442484, 9.96748629 ], [ -84.034421, 9.9674814 ], [ -84.034416799999988, 9.96747566 ], [ -84.03441326, 9.96747055 ], [ -84.03440936, 9.96746462 ], [ -84.03440576, 9.96745849 ], [ -84.03440253, 9.96745318 ], [ -84.03439925, 9.96744688 ], [ -84.03439634, 9.96744139 ], [ -84.03439339, 9.96743493 ], [ -84.0343908, 9.96742929 ], [ -84.03438819, 9.96742268 ], [ -84.03438594, 9.9674169 ], [ -84.03438367, 9.96741017 ], [ -84.034381759999988, 9.96740426 ], [ -84.03437984, 9.96739743 ], [ -84.03437827, 9.96739142 ], [ -84.03437671, 9.9673845 ], [ -84.0343755, 9.96737841 ], [ -84.034374289999988, 9.96737141 ], [ -84.03437344, 9.96736527 ], [ -84.03437259, 9.96735822 ], [ -84.03437211, 9.96735203 ], [ -84.034371619999988, 9.96734494 ], [ -84.0343715, 9.96733874 ], [ -84.034371369999988, 9.96733164 ], [ -84.03437161, 9.96732453 ], [ -84.03437185, 9.96731833 ], [ -84.03437245, 9.96731125 ], [ -84.03437306, 9.96730507 ], [ -84.03437402, 9.96729803 ], [ -84.03437499, 9.96729189 ], [ -84.03437631, 9.9672849 ], [ -84.03437763, 9.96727883 ], [ -84.03437931, 9.96727192 ], [ -84.034380989999988, 9.96726593 ], [ -84.03438302, 9.96725911 ], [ -84.03438505, 9.96725323 ], [ -84.034387419999987, 9.96724652 ], [ -84.03438979, 9.96724077 ], [ -84.0343925, 9.96723418 ], [ -84.0343952, 9.96722857 ], [ -84.03439825, 9.96722213 ], [ -84.03440127, 9.96721669 ], [ -84.03440465, 9.96721041 ], [ -84.03440799, 9.96720515 ], [ -84.03441167, 9.96719905 ], [ -84.03441532, 9.96719398 ], [ -84.03441931, 9.96718807 ], [ -84.0344236, 9.96718237 ], [ -84.034427529999988, 9.96717753 ], [ -84.03443211, 9.96717205 ], [ -84.03443632, 9.96716744 ], [ -84.03444117, 9.9671622 ], [ -84.03444444, 9.96715895 ], [ -84.034444959999988, 9.96715842 ], [ -84.03445588, 9.96714668 ], [ -84.03445594, 9.96714662 ], [ -84.034371460000017, 9.96709583 ], [ -84.03433466, 9.9670757 ], [ -84.03431307, 9.96707262 ], [ -84.03429892, 9.96707059 ], [ -84.03428806, 9.9670726 ], [ -84.03426933, 9.96707606 ], [ -84.03426018, 9.96708213 ], [ -84.03424339, 9.96709325 ], [ -84.034237750000017, 9.96710238 ], [ -84.0342268, 9.96712011 ], [ -84.03422537, 9.96714488 ], [ -84.0342243, 9.96716338 ], [ -84.03422517, 9.96719385 ], [ -84.03422605, 9.96722483 ], [ -84.03421852, 9.96729567 ], [ -84.0342112, 9.9673645 ], [ -84.03420136, 9.96742447 ], [ -84.03419127, 9.96748597 ], [ -84.03418568, 9.96750767 ], [ -84.03417873, 9.96753467 ], [ -84.03416447, 9.96755268 ], [ -84.03415501, 9.96756462 ], [ -84.03414681, 9.96757028 ], [ -84.03413214, 9.96758041 ], [ -84.0341094, 9.96758462 ], [ -84.03409529, 9.96758723 ], [ -84.03406865, 9.96758208 ], [ -84.03404946, 9.96757837 ], [ -84.03402797, 9.96756644 ], [ -84.03401185, 9.96755749 ], [ -84.03399291, 9.96753966 ], [ -84.03396984, 9.96751795 ], [ -84.03394962, 9.96748432 ], [ -84.03393091, 9.96745322 ], [ -84.03389011, 9.96738551 ], [ -84.03384868, 9.96731675 ], [ -84.0338386, 9.96730364 ], [ -84.03382567, 9.96728684 ], [ -84.0338151, 9.96727965 ], [ -84.033798500000017, 9.96726837 ], [ -84.03378226, 9.96726427 ], [ -84.03377286, 9.9672619 ], [ -84.03375519, 9.96726271 ], [ -84.033743790000017, 9.96726322 ], [ -84.03373085, 9.9672676 ], [ -84.033711669999988, 9.96727409 ], [ -84.03369364, 9.96728771 ], [ -84.03367949, 9.96729841 ], [ -84.03366638, 9.96731117 ], [ -84.03365056, 9.96732657 ], [ -84.03362547, 9.9673656 ], [ -84.03360179, 9.96740244 ], [ -84.03358795, 9.96742473 ], [ -84.03357311, 9.96744862 ], [ -84.03356556, 9.96746671 ], [ -84.03355658, 9.96748821 ], [ -84.03355029, 9.96751784 ], [ -84.03354441, 9.96754555 ], [ -84.03353406, 9.96759382 ], [ -84.03352303, 9.96764526 ], [ -84.03351841, 9.96765348 ], [ -84.0335106, 9.96766737 ], [ -84.0335022, 9.96767528 ], [ -84.03349837, 9.96767889 ], [ -84.03347866, 9.96768915 ], [ -84.03346267, 9.96769748 ], [ -84.03343652, 9.96770761 ], [ -84.03341216, 9.96771704 ], [ -84.03338668, 9.96772504 ], [ -84.03335793, 9.96773406 ], [ -84.03332515, 9.96773588 ], [ -84.03329614, 9.96773749 ], [ -84.0332668, 9.9677363 ], [ -84.03323931, 9.96773518 ], [ -84.03317379, 9.96772769 ], [ -84.0331064, 9.96771999 ], [ -84.03309102, 9.96772203 ], [ -84.03306999, 9.96772484 ], [ -84.033053939999988, 9.96773177 ], [ -84.03303225, 9.96774115 ], [ -84.03301234, 9.96775773 ], [ -84.03299641, 9.967771 ], [ -84.03298772, 9.9677816 ], [ -84.03297483, 9.96779734 ], [ -84.03297137, 9.96781016 ], [ -84.03296544, 9.96783208 ], [ -84.03297096, 9.96786142 ], [ -84.03297529, 9.96788445 ], [ -84.03298806, 9.96792138 ], [ -84.033000360000017, 9.96795696 ], [ -84.033014439999988, 9.96799953 ], [ -84.0330293, 9.96804444 ], [ -84.03303219, 9.96807266 ], [ -84.03303602, 9.96811007 ], [ -84.03302633, 9.96812669 ], [ -84.03302164, 9.96813472 ], [ -84.033010070000017, 9.96814582 ], [ -84.03299401, 9.96816123 ], [ -84.03297255, 9.96817208 ], [ -84.03295572, 9.96818059 ], [ -84.03293456, 9.96818687 ], [ -84.03290851, 9.9681946 ], [ -84.03288688, 9.96819462 ], [ -84.03287058, 9.96819464 ], [ -84.03284172, 9.96818886 ], [ -84.0328166, 9.96818382 ], [ -84.03276586, 9.9681654 ], [ -84.03271506, 9.96814695 ], [ -84.03262084, 9.96812874 ], [ -84.03252911, 9.96811102 ], [ -84.03250535, 9.96810826 ], [ -84.03247924, 9.96810523 ], [ -84.032454, 9.96810592 ], [ -84.03242345, 9.96810676 ], [ -84.032364179999988, 9.96812963 ], [ -84.03230891, 9.96815097 ], [ -84.03226604, 9.96817001 ], [ -84.03222136, 9.96818985 ], [ -84.03215381, 9.96823123 ], [ -84.03208821, 9.96827141 ], [ -84.03206825, 9.96828595 ], [ -84.03204604, 9.96830212 ], [ -84.03202569, 9.96832339 ], [ -84.03200784, 9.96834204 ], [ -84.03197729, 9.9683862 ], [ -84.03194833, 9.96842807 ], [ -84.031903380000017, 9.96850952 ], [ -84.03185898, 9.96858997 ], [ -84.031822479999988, 9.96865705 ], [ -84.03178437, 9.96872709 ], [ -84.03177219, 9.96879018 ], [ -84.03176071, 9.96884972 ], [ -84.0317565, 9.96887547 ], [ -84.03175191, 9.96890357 ], [ -84.031745450000017, 9.96891833 ], [ -84.03173537, 9.96894136 ], [ -84.031719690000017, 9.96895166 ], [ -84.03171275, 9.96895622 ], [ -84.03169428, 9.96896017 ], [ -84.03168315, 9.96896254 ], [ -84.03166383, 9.96896056 ], [ -84.03165078, 9.96895922 ], [ -84.03163583, 9.96895351 ], [ -84.03162448, 9.96894919 ], [ -84.0316125, 9.96894331 ], [ -84.03159721, 9.96893582 ], [ -84.03157848, 9.96891997 ], [ -84.03156085, 9.96890504 ], [ -84.03148307, 9.96885328 ], [ -84.03140278, 9.96879985 ], [ -84.03136471, 9.96878263 ], [ -84.03132942, 9.96876667 ], [ -84.031276140000017, 9.96874985 ], [ -84.03122408, 9.96873341 ], [ -84.03114933, 9.96870974 ], [ -84.03107259, 9.96868544 ], [ -84.03104578, 9.96867089 ], [ -84.03101489, 9.96865413 ], [ -84.0309969, 9.96863788 ], [ -84.03098252, 9.96862491 ], [ -84.03097761, 9.96861807 ], [ -84.03096948, 9.96860675 ], [ -84.03096709, 9.96859964 ], [ -84.03096224, 9.9685852 ], [ -84.03096391, 9.96856783 ], [ -84.03096494, 9.96855712 ], [ -84.03097123, 9.96853665 ], [ -84.03097691, 9.96851817 ], [ -84.03100381, 9.96842791 ], [ -84.03103188, 9.96833378 ], [ -84.03102935, 9.96830189 ], [ -84.03102741, 9.96827739 ], [ -84.031022619999987, 9.96826611 ], [ -84.03101402, 9.96824585 ], [ -84.03099658, 9.96823399 ], [ -84.03098756, 9.96822786 ], [ -84.03097052, 9.9682236 ], [ -84.03095807, 9.96822048 ], [ -84.03093014, 9.96821579 ], [ -84.03090315, 9.96821126 ], [ -84.030817310000018, 9.96819764 ], [ -84.03072879, 9.9681836 ], [ -84.03071791, 9.96817882 ], [ -84.03070032, 9.9681711 ], [ -84.03069988, 9.96817061 ], [ -84.03069268, 9.96816283 ], [ -84.03068848, 9.96814616 ], [ -84.03068618, 9.96813702 ], [ -84.03068527, 9.96810455 ], [ -84.030684439999987, 9.96807492 ], [ -84.03068674, 9.96796309 ], [ -84.03068909, 9.96784877 ], [ -84.03068546, 9.96783517 ], [ -84.030680069999988, 9.96781495 ], [ -84.03066459, 9.96779313 ], [ -84.03065298, 9.96777678 ], [ -84.03062426, 9.96775309 ], [ -84.03059965, 9.9677328 ], [ -84.03057524, 9.96772066 ], [ -84.03054597, 9.96770611 ], [ -84.03048437, 9.96769418 ], [ -84.03042572, 9.96768282 ], [ -84.03029434, 9.96765801 ], [ -84.03016278, 9.96763317 ], [ -84.03012946, 9.96762612 ], [ -84.03009308, 9.96761841 ], [ -84.03004672, 9.967623 ], [ -84.03000668, 9.96762697 ], [ -84.02991874, 9.96766112 ], [ -84.02983241, 9.96769465 ], [ -84.02977754, 9.96770902 ], [ -84.02972327, 9.96772323 ], [ -84.0297091, 9.96772781 ], [ -84.0296929, 9.96773305 ], [ -84.02967906, 9.96773389 ], [ -84.02966896, 9.9677345 ], [ -84.02965384, 9.96773406 ], [ -84.02963535, 9.96773351 ], [ -84.02961604, 9.96772863 ], [ -84.02960042, 9.96772467 ], [ -84.029581890000017, 9.9677173 ], [ -84.02956057, 9.96770883 ], [ -84.02955385, 9.96770494 ], [ -84.02954406, 9.96769929 ], [ -84.02953932, 9.96769525 ], [ -84.02953155, 9.96768863 ], [ -84.02952242, 9.96767731 ], [ -84.02951519, 9.96766834 ], [ -84.02951351, 9.9676658 ], [ -84.02951044, 9.96766115 ], [ -84.02950491, 9.96764948 ], [ -84.02950046, 9.96764007 ], [ -84.02949498, 9.9676251 ], [ -84.02948987, 9.96761116 ], [ -84.02947863, 9.96757936 ], [ -84.0294672, 9.96754702 ], [ -84.02946077, 9.96753197 ], [ -84.0294529, 9.96751355 ], [ -84.029443699999987, 9.96750217 ], [ -84.02943069, 9.96748609 ], [ -84.02941086, 9.96747233 ], [ -84.02939523, 9.96746148 ], [ -84.02937618, 9.96745298 ], [ -84.02935328, 9.96744277 ], [ -84.02932449, 9.96743633 ], [ -84.02929011, 9.96742865 ], [ -84.02927256, 9.96743047 ], [ -84.02926119, 9.96743164 ], [ -84.02924622, 9.96743705 ], [ -84.029226, 9.96744435 ], [ -84.02920484, 9.96745927 ], [ -84.02918731, 9.96747162 ], [ -84.02914826, 9.96750847 ], [ -84.02910945, 9.9675451 ], [ -84.02909684, 9.96755456 ], [ -84.0290819, 9.96756577 ], [ -84.029054270000017, 9.96758039 ], [ -84.02902945, 9.96759352 ], [ -84.02900539, 9.96760232 ], [ -84.02898398, 9.96761016 ], [ -84.02895321, 9.9676173 ], [ -84.02892403, 9.96762407 ], [ -84.02887618, 9.96763384 ], [ -84.028825, 9.96764429 ], [ -84.02880592, 9.96765563 ], [ -84.02879142, 9.96766426 ], [ -84.02877205, 9.96768025 ], [ -84.02874959, 9.96769879 ], [ -84.02872951, 9.96772443 ], [ -84.02871028, 9.96774898 ], [ -84.02870074, 9.96775916 ], [ -84.02868876, 9.96777194 ], [ -84.02866917, 9.96778467 ], [ -84.02865284, 9.96779529 ], [ -84.02862828, 9.96780744 ], [ -84.02860062, 9.96782114 ], [ -84.02859543, 9.96782295 ], [ -84.028547860000018, 9.96783259 ], [ -84.0285101, 9.9678312 ], [ -84.0284913, 9.96782747 ], [ -84.02846632, 9.96782251 ], [ -84.0284325, 9.96780697 ], [ -84.0284019, 9.96779292 ], [ -84.02835694, 9.96776703 ], [ -84.02831354, 9.96774204 ], [ -84.02830008, 9.96773289 ], [ -84.02828511, 9.96772271 ], [ -84.02826931, 9.96770964 ], [ -84.02825117, 9.96769464 ], [ -84.02822998, 9.96766911 ], [ -84.02820845, 9.96764315 ], [ -84.02817786, 9.96762034 ], [ -84.0281509, 9.96760023 ], [ -84.028103179999988, 9.9675766 ], [ -84.02805735, 9.9675539 ], [ -84.02801314, 9.96753276 ], [ -84.02796767, 9.96751101 ], [ -84.027922680000017, 9.96749555 ], [ -84.02787523, 9.96747926 ], [ -84.02786192, 9.96747644 ], [ -84.02784362, 9.96747257 ], [ -84.02783322, 9.96747396 ], [ -84.02781313, 9.96747665 ], [ -84.0277964, 9.96749001 ], [ -84.02778737, 9.96749723 ], [ -84.02776926, 9.96752721 ], [ -84.02775382, 9.96755278 ], [ -84.027738, 9.96758832 ], [ -84.02772083, 9.96762688 ], [ -84.02771087, 9.9676687 ], [ -84.02770097, 9.96771027 ], [ -84.027688739999988, 9.96773961 ], [ -84.0276748, 9.96777309 ], [ -84.02764339, 9.96781427 ], [ -84.02761398, 9.96785283 ], [ -84.02758464, 9.96788753 ], [ -84.02755381, 9.96792399 ], [ -84.02754583, 9.96793078 ], [ -84.02753436, 9.96794056 ], [ -84.02751762, 9.96794854 ], [ -84.02750467, 9.9679547 ], [ -84.02748656, 9.96796068 ], [ -84.02746474, 9.96796788 ], [ -84.02743056, 9.9679709 ], [ -84.02739949, 9.96797364 ], [ -84.02734828, 9.96797532 ], [ -84.02729761, 9.96797698 ], [ -84.027259, 9.96797846 ], [ -84.02721842, 9.96798002 ], [ -84.02718752, 9.96797543 ], [ -84.027151499999988, 9.96797007 ], [ -84.027134, 9.96796196 ], [ -84.02712055, 9.96795572 ], [ -84.02710765, 9.9679477 ], [ -84.02709227, 9.96793814 ], [ -84.02707643, 9.9679247 ], [ -84.02706097, 9.96791158 ], [ -84.02703269, 9.96789213 ], [ -84.027002600000017, 9.96787144 ], [ -84.02697794, 9.96785794 ], [ -84.02695435, 9.96784501 ], [ -84.02693748, 9.96783599 ], [ -84.02691729, 9.96782519 ], [ -84.02689905, 9.96782228 ], [ -84.02688793, 9.96782051 ], [ -84.02687423, 9.96782281 ], [ -84.02686661, 9.96782408 ], [ -84.02685959, 9.9678271 ], [ -84.02684542, 9.96783318 ], [ -84.02683255, 9.96784858 ], [ -84.02682342, 9.9678595 ], [ -84.0268149, 9.96787112 ], [ -84.026806959999988, 9.96788196 ], [ -84.02679639, 9.96789724 ], [ -84.02678537, 9.96791317 ], [ -84.02677528, 9.96792933 ], [ -84.02676484, 9.96794603 ], [ -84.02674465, 9.96797177 ], [ -84.0267219, 9.96800078 ], [ -84.02670364, 9.96801402 ], [ -84.026680220000017, 9.96803102 ], [ -84.026662179999988, 9.96803699 ], [ -84.02664996, 9.96804103 ], [ -84.02661842, 9.96804317 ], [ -84.02658858, 9.96804519 ], [ -84.02654394, 9.96805265 ], [ -84.02649428, 9.96806094 ], [ -84.02647375, 9.96807303 ], [ -84.02645937, 9.96808149 ], [ -84.02644653, 9.96809523 ], [ -84.02643789, 9.96810448 ], [ -84.02642533, 9.96812922 ], [ -84.02641542, 9.96814872 ], [ -84.02640679, 9.96819018 ], [ -84.02639819, 9.96823147 ], [ -84.026395460000018, 9.96823705 ], [ -84.02639009, 9.96824807 ], [ -84.02638637, 9.96825192 ], [ -84.02637768, 9.96826091 ], [ -84.02636782, 9.96826577 ], [ -84.02636267, 9.9682683 ], [ -84.02635539, 9.96827072 ], [ -84.02634286, 9.96827488 ], [ -84.026331990000017, 9.96827438 ], [ -84.02632697, 9.96827415 ], [ -84.02631213, 9.96827096 ], [ -84.02629911, 9.96826816 ], [ -84.026268859999988, 9.96826154 ], [ -84.02623847, 9.96825489 ], [ -84.02618369, 9.96824232 ], [ -84.02612815, 9.96822959 ], [ -84.02611857, 9.96822819 ], [ -84.026106220000017, 9.96822639 ], [ -84.02609154, 9.96822686 ], [ -84.02607223, 9.96822748 ], [ -84.02605266, 9.96823308 ], [ -84.0260261, 9.96823781 ], [ -84.0259642, 9.96825853 ], [ -84.02590352, 9.96829203 ], [ -84.02584217, 9.96832617 ], [ -84.02578618, 9.96836633 ], [ -84.02575078, 9.96839064 ], [ -84.02571789, 9.96841096 ], [ -84.02568853, 9.96843128 ], [ -84.025652189999988, 9.9684488 ], [ -84.02562869, 9.96846361 ], [ -84.02559973, 9.96847305 ], [ -84.02558947, 9.9684776 ], [ -84.02557135, 9.96847818 ], [ -84.02556668, 9.96847887 ], [ -84.0255565, 9.96847706 ], [ -84.02554917, 9.96847582 ], [ -84.025538, 9.96847122 ], [ -84.02552602, 9.96846342 ], [ -84.02551739, 9.96845779 ], [ -84.02550865, 9.96844951 ], [ -84.02550188, 9.96844311 ], [ -84.025497790000017, 9.96843863 ], [ -84.02549026, 9.9684304 ], [ -84.02546449, 9.96835809 ], [ -84.02544024, 9.96829006 ], [ -84.025385290000017, 9.96812513 ], [ -84.02532979, 9.96795856 ], [ -84.02528871, 9.96788402 ], [ -84.02524915, 9.96781224 ], [ -84.02520243, 9.96774626 ], [ -84.025153860000017, 9.96767766 ], [ -84.02514298, 9.96766715 ], [ -84.025129120000017, 9.96765377 ], [ -84.025101820000017, 9.96763621 ], [ -84.02507762, 9.96762065 ], [ -84.02504518, 9.96760584 ], [ -84.02501332, 9.96759129 ], [ -84.0250116, 9.96759032 ], [ -84.025, 9.96758381 ], [ -84.02498285, 9.96757416 ], [ -84.02497805, 9.96757147 ], [ -84.02496167, 9.96755788 ], [ -84.024948, 9.96754655 ], [ -84.024923790000017, 9.96751966 ], [ -84.02490167, 9.96749508 ], [ -84.02486799, 9.96744463 ], [ -84.02483479, 9.96739491 ], [ -84.02481376, 9.96736736 ], [ -84.02478534, 9.96733014 ], [ -84.02449937, 9.96712019 ], [ -84.02455941, 9.96699885 ], [ -84.02479565, 9.96708295 ], [ -84.024833540000017, 9.96684969 ], [ -84.02492297, 9.96683578 ], [ -84.02499904, 9.96684117 ], [ -84.02500001, 9.96684122 ], [ -84.02519122, 9.96685472 ], [ -84.0253088, 9.96692949 ], [ -84.02543114, 9.96695761 ], [ -84.02567585, 9.96698585 ], [ -84.02635828, 9.9669912 ], [ -84.02681483, 9.96696833 ], [ -84.02723377, 9.96690342 ], [ -84.02763869, 9.96674052 ], [ -84.02776617, 9.96666678 ], [ -84.02844395, 9.96627472 ], [ -84.02933883, 9.96560836 ], [ -84.03042946, 9.96519952 ], [ -84.0304726, 9.9651592 ], [ -84.03082581, 9.96493852 ], [ -84.03130911, 9.96468726 ], [ -84.03162812, 9.96462004 ], [ -84.03198424, 9.96459583 ], [ -84.03240222, 9.96463923 ], [ -84.032578699999988, 9.96466395 ], [ -84.03276453, 9.96461809 ], [ -84.03422655, 9.96413141 ], [ -84.035596219999988, 9.96307669 ], [ -84.03596496, 9.96280997 ], [ -84.03623789, 9.96234668 ], [ -84.03660078, 9.96172384 ], [ -84.03804516, 9.96023326 ], [ -84.03900084, 9.96141917 ], [ -84.03900375, 9.96142243 ], [ -84.0391006, 9.96133401 ], [ -84.0391834, 9.9612572 ], [ -84.039286840000017, 9.96115969 ], [ -84.03940934, 9.96104519 ], [ -84.03949531, 9.96097121 ], [ -84.03956986, 9.96090425 ], [ -84.03968672, 9.96079334 ], [ -84.0397562, 9.96072912 ], [ -84.03985378, 9.96064223 ], [ -84.039936739999987, 9.96056206 ], [ -84.0399385, 9.9605604 ], [ -84.03994112, 9.96055836 ], [ -84.03994339, 9.96055589 ], [ -84.04014227, 9.96035779 ], [ -84.04022703, 9.96027783 ], [ -84.040331960000017, 9.96017682 ], [ -84.04042815, 9.96007998 ], [ -84.0405301, 9.95998365 ], [ -84.040672200000017, 9.9598518 ], [ -84.04079022, 9.9597449 ], [ -84.040842309999988, 9.95970475 ], [ -84.04090686, 9.95964115 ], [ -84.04091697, 9.9596315 ], [ -84.04091915, 9.95962894 ], [ -84.04092161, 9.95962663 ], [ -84.04092311, 9.95962544 ], [ -84.04103593, 9.95951762 ], [ -84.0411635, 9.95939517 ], [ -84.04122348, 9.95933981 ], [ -84.0412678, 9.95929651 ], [ -84.0413943, 9.95918227 ], [ -84.04143781, 9.95913968 ], [ -84.04147916, 9.95909958 ], [ -84.0415478, 9.95903444 ], [ -84.041687170000017, 9.95890318 ], [ -84.0417653, 9.958828 ], [ -84.0418807, 9.95871826 ], [ -84.04189864, 9.95870088 ], [ -84.04198661, 9.95861698 ], [ -84.0421409, 9.95847675 ], [ -84.04229839, 9.95833292 ], [ -84.04240954, 9.95823253 ], [ -84.04245001, 9.95819557 ], [ -84.04266247, 9.95802766 ], [ -84.04282871, 9.95787831 ], [ -84.04298447, 9.95774589 ], [ -84.04304923, 9.95768975 ], [ -84.043099219999988, 9.95764579 ], [ -84.04316428, 9.95758713 ], [ -84.04320819, 9.95755012 ], [ -84.043330240000017, 9.95744845 ], [ -84.04333048, 9.95744824 ], [ -84.04333245, 9.95744594 ], [ -84.04338187, 9.95739668 ], [ -84.04345244, 9.95730815 ], [ -84.0434773, 9.95727932 ], [ -84.043494350000017, 9.95725234 ], [ -84.043521649999988, 9.95720667 ], [ -84.04357228, 9.95710798 ], [ -84.043624009999988, 9.95701397 ], [ -84.04366777, 9.95694578 ], [ -84.04373047, 9.95683733 ], [ -84.04373108, 9.95683582 ], [ -84.04373752, 9.95682381 ], [ -84.04379355, 9.95671873 ], [ -84.04385883, 9.95658478 ], [ -84.04389964, 9.95650824 ], [ -84.04390832, 9.95603203 ], [ -84.0438949, 9.95600542 ], [ -84.04390384, 9.95593225 ], [ -84.04391501, 9.95586573 ], [ -84.04395526, 9.95580807 ], [ -84.043997750000017, 9.95576372 ], [ -84.04402906, 9.95574375 ], [ -84.04406708, 9.95572823 ], [ -84.044123, 9.95571713 ], [ -84.04417906, 9.95572194 ], [ -84.04421309, 9.9557293 ], [ -84.04423976, 9.95572951 ], [ -84.04426372, 9.95572211 ], [ -84.04428214, 9.95570807 ], [ -84.04433663, 9.95565035 ], [ -84.0443959, 9.95557001 ], [ -84.04449605, 9.95544637 ], [ -84.0445262, 9.95541697 ], [ -84.044572859999988, 9.95538624 ], [ -84.04463398, 9.95536391 ], [ -84.04467945, 9.95535895 ], [ -84.044735929999987, 9.95536005 ], [ -84.04477895, 9.95536491 ], [ -84.044827219999988, 9.95536114 ], [ -84.04488293, 9.95534662 ], [ -84.04502945, 9.95528941 ], [ -84.045153560000017, 9.95522482 ], [ -84.04534003, 9.95513768 ], [ -84.04540811, 9.95510427 ], [ -84.04549455, 9.9550726 ], [ -84.04556057, 9.95504426 ], [ -84.04562085, 9.95502315 ], [ -84.04568271, 9.95500815 ], [ -84.04574647, 9.95500557 ], [ -84.04581296, 9.9550027 ], [ -84.04588259, 9.95498903 ], [ -84.04603981, 9.95493368 ], [ -84.04610408, 9.95491205 ], [ -84.04615138, 9.9549076 ], [ -84.04619061, 9.9549106 ], [ -84.04622755, 9.95492425 ], [ -84.04625464, 9.9549427 ], [ -84.04627964, 9.95496834 ], [ -84.04629422, 9.95499803 ], [ -84.04630801, 9.95502575 ], [ -84.04632014, 9.95504119 ], [ -84.0463348, 9.95505405 ], [ -84.04636072, 9.95506738 ], [ -84.04639732, 9.95507577 ], [ -84.04650544, 9.95507824 ], [ -84.04650568, 9.95507827 ], [ -84.046593949999988, 9.95509066 ], [ -84.0466105, 9.95509299 ], [ -84.046658189999988, 9.9551021 ], [ -84.04669894, 9.9551108 ], [ -84.04674086, 9.95511203 ], [ -84.04677066, 9.95510356 ], [ -84.04679986, 9.95508966 ], [ -84.04682435, 9.95506896 ], [ -84.04684601, 9.9550377 ], [ -84.04686105, 9.95500553 ], [ -84.04689466, 9.95493712 ], [ -84.04691324, 9.9549124 ], [ -84.04693792, 9.95490189 ], [ -84.046968640000017, 9.95489836 ], [ -84.04701684, 9.95488949 ], [ -84.047069189999988, 9.95486835 ], [ -84.04713095, 9.95482629 ], [ -84.04722827, 9.9547664 ], [ -84.04728207, 9.9547484 ], [ -84.04734588, 9.95473112 ], [ -84.047479600000017, 9.95470032 ], [ -84.04753354, 9.95468996 ], [ -84.04759562, 9.95467257 ], [ -84.04763431, 9.954668 ], [ -84.047670579999988, 9.95467113 ], [ -84.04770405, 9.95468457 ], [ -84.0477426, 9.95470219 ], [ -84.04777951, 9.95471798 ], [ -84.047816580000017, 9.95472309 ], [ -84.04785428, 9.95471786 ], [ -84.0478938, 9.95470163 ], [ -84.04798836, 9.95465098 ], [ -84.04809644, 9.95461744 ], [ -84.04816202, 9.95461176 ], [ -84.04826551, 9.95460327 ], [ -84.04840003, 9.95458787 ], [ -84.04841545, 9.95458514 ], [ -84.04847179, 9.95456454 ], [ -84.04857609, 9.95451763 ], [ -84.0486937, 9.95447978 ], [ -84.0487621, 9.95446953 ], [ -84.04880755, 9.95445733 ], [ -84.04882547, 9.95444508 ], [ -84.04883747, 9.9544288 ], [ -84.048841, 9.95440171 ], [ -84.04882982, 9.95421575 ], [ -84.04883886, 9.95418019 ], [ -84.04885277, 9.95416377 ], [ -84.04890139, 9.95413862 ], [ -84.04896288, 9.95411792 ], [ -84.04912736, 9.95406376 ], [ -84.04922529, 9.9540355 ], [ -84.04927031, 9.95401868 ], [ -84.04930055, 9.9539918 ], [ -84.04935328, 9.95393348 ], [ -84.04940986, 9.95387274 ], [ -84.0494657, 9.95384242 ], [ -84.04951085, 9.95382856 ], [ -84.04968072, 9.95377085 ], [ -84.04973145, 9.95376151 ], [ -84.04978377, 9.95376979 ], [ -84.04982294, 9.95376945 ], [ -84.04986169, 9.95376274 ], [ -84.04990206, 9.9537501 ], [ -84.049920109999988, 9.95374582 ], [ -84.05000003, 9.95372906 ], [ -84.05021706, 9.9536765 ], [ -84.05036293, 9.9536515 ], [ -84.05041371, 9.95365188 ], [ -84.05046383, 9.9536677 ], [ -84.0505025, 9.95369151 ], [ -84.05053528, 9.95371126 ], [ -84.05057588, 9.95372196 ], [ -84.05062303, 9.95372127 ], [ -84.05069051, 9.95369994 ], [ -84.05077051, 9.95366702 ], [ -84.05085948, 9.95361718 ], [ -84.05091184, 9.95357771 ], [ -84.050995789999988, 9.95347717 ], [ -84.05102926, 9.95343163 ], [ -84.05104713, 9.95340205 ], [ -84.05105888, 9.95335524 ], [ -84.05105954, 9.95332318 ], [ -84.05105717, 9.95329335 ], [ -84.05105818, 9.95324419 ], [ -84.051069469999987, 9.95321151 ], [ -84.05108867, 9.95318213 ], [ -84.05118513, 9.95305939 ], [ -84.05121355, 9.95303348 ], [ -84.05124443, 9.95301651 ], [ -84.05126632, 9.95300922 ], [ -84.05133337, 9.95300927 ], [ -84.05141776, 9.95302201 ], [ -84.05148964, 9.95304634 ], [ -84.05160518, 9.95311022 ], [ -84.05168384, 9.95316744 ], [ -84.05172813, 9.95320091 ], [ -84.05177922, 9.9532268 ], [ -84.05182849, 9.95322829 ], [ -84.05188007, 9.95323066 ], [ -84.05194557, 9.95323396 ], [ -84.05202584, 9.9532453 ], [ -84.052095530000017, 9.95323849 ], [ -84.05216734, 9.95321724 ], [ -84.05222268, 9.9531904 ], [ -84.05227485, 9.95315558 ], [ -84.052329290000017, 9.95312378 ], [ -84.05237808, 9.95310832 ], [ -84.052503859999987, 9.95306217 ], [ -84.05260344, 9.95304708 ], [ -84.05267672, 9.95304347 ], [ -84.05274869, 9.95304691 ], [ -84.05286355, 9.95306405 ], [ -84.052950079999988, 9.95308621 ], [ -84.05302363, 9.95311025 ], [ -84.05308106, 9.95314269 ], [ -84.053138500000017, 9.95317512 ], [ -84.05324472, 9.95324919 ], [ -84.05328143, 9.95326442 ], [ -84.05333016, 9.95328434 ], [ -84.053359969999988, 9.95330419 ], [ -84.05340265, 9.95333584 ], [ -84.05345241, 9.95337815 ], [ -84.05349645, 9.95342447 ], [ -84.05352292, 9.95344492 ], [ -84.05354914, 9.95346158 ], [ -84.05358691, 9.95346597 ], [ -84.05363761, 9.95347062 ], [ -84.0536708, 9.95348775 ], [ -84.053709, 9.95351124 ], [ -84.0537491, 9.95353098 ], [ -84.053807300000017, 9.95355092 ], [ -84.05388143, 9.95357102 ], [ -84.05395882, 9.95357819 ], [ -84.05402362, 9.95356799 ], [ -84.05409726, 9.95356389 ], [ -84.05418318, 9.95356827 ], [ -84.05424479, 9.9535761 ], [ -84.05432541, 9.95357971 ], [ -84.05444822, 9.95355028 ], [ -84.054562, 9.95351605 ], [ -84.05466422, 9.95351072 ], [ -84.05478631, 9.95350826 ], [ -84.05492822, 9.95348695 ], [ -84.05501944, 9.95346822 ], [ -84.05507652, 9.95344617 ], [ -84.05518412, 9.95340622 ], [ -84.05526964, 9.95336549 ], [ -84.05531223, 9.95335368 ], [ -84.055381489999988, 9.95336102 ], [ -84.05542798, 9.95337511 ], [ -84.05548872, 9.9533898 ], [ -84.05554656, 9.95341105 ], [ -84.05557937, 9.953421 ], [ -84.05567566, 9.95344699 ], [ -84.05571397, 9.95344958 ], [ -84.05574515, 9.95344363 ], [ -84.05576321, 9.95342935 ], [ -84.05580928, 9.9533534 ], [ -84.05583349, 9.95332311 ], [ -84.05585959, 9.9533057 ], [ -84.05588998, 9.95329775 ], [ -84.05592464, 9.95329203 ], [ -84.05596098, 9.95329327 ], [ -84.05605706, 9.95331333 ], [ -84.05608189, 9.95331745 ], [ -84.056158759999988, 9.95332642 ], [ -84.05620406, 9.9533201 ], [ -84.0562495, 9.95330736 ], [ -84.05629698, 9.95329169 ], [ -84.056316419999987, 9.95327546 ], [ -84.05632784, 9.95325298 ], [ -84.05633314, 9.95321324 ], [ -84.056330520000017, 9.95316298 ], [ -84.05632797, 9.95314169 ], [ -84.0563335, 9.95311513 ], [ -84.05635076, 9.95309161 ], [ -84.05636979, 9.95307076 ], [ -84.05639561, 9.95305894 ], [ -84.05643517, 9.95304937 ], [ -84.05649107, 9.95304458 ], [ -84.056569239999988, 9.95303925 ], [ -84.05659693, 9.95303306 ], [ -84.05661339, 9.95302418 ], [ -84.056640700000017, 9.95299674 ], [ -84.05666298, 9.95296295 ], [ -84.05667643, 9.95294693 ], [ -84.05668411, 9.95293704 ], [ -84.05670183, 9.95292324 ], [ -84.05671645, 9.95292321 ], [ -84.056742470000017, 9.95293395 ], [ -84.05678522, 9.95294683 ], [ -84.05683785, 9.95294774 ], [ -84.05686799, 9.952936 ], [ -84.05688745, 9.95291038 ], [ -84.05689977, 9.95289285 ], [ -84.05691585, 9.95286997 ], [ -84.05692936, 9.95285905 ], [ -84.05695073, 9.95285355 ], [ -84.05697616, 9.95286098 ], [ -84.05706181, 9.95291146 ], [ -84.05712182, 9.95294132 ], [ -84.05714959, 9.95294748 ], [ -84.05717272, 9.95293742 ], [ -84.05719008, 9.95291686 ], [ -84.05720891, 9.95289008 ], [ -84.05723234, 9.95286503 ], [ -84.05726041, 9.95284897 ], [ -84.057306420000018, 9.95283229 ], [ -84.05733064, 9.95282587 ], [ -84.05744628, 9.95279941 ], [ -84.05748671, 9.95280418 ], [ -84.05751749, 9.95281748 ], [ -84.05758262, 9.95285667 ], [ -84.057637199999988, 9.95289219 ], [ -84.05769629, 9.95292649 ], [ -84.05779681, 9.95297348 ], [ -84.05787491, 9.95299631 ], [ -84.05793513, 9.95300823 ], [ -84.05800431, 9.9530126 ], [ -84.058058159999987, 9.95302736 ], [ -84.05810156, 9.95304142 ], [ -84.05814786, 9.95305965 ], [ -84.058195829999988, 9.95309422 ], [ -84.05823133, 9.95312886 ], [ -84.05826896, 9.95317294 ], [ -84.058298890000017, 9.95321241 ], [ -84.05831997, 9.95326965 ], [ -84.05834985, 9.95333515 ], [ -84.05837741, 9.95336864 ], [ -84.05842557, 9.9534019 ], [ -84.0584957, 9.95343297 ], [ -84.0585437, 9.95344152 ], [ -84.05859757, 9.95343965 ], [ -84.05866683, 9.95343249 ], [ -84.058719239999988, 9.95343685 ], [ -84.05876189, 9.95346341 ], [ -84.05883069, 9.95351091 ], [ -84.05888589, 9.95357364 ], [ -84.05893871, 9.95362314 ], [ -84.05898982, 9.95365844 ], [ -84.05906864, 9.95370418 ], [ -84.05919535, 9.95374826 ], [ -84.05940068, 9.95383216 ], [ -84.05945892, 9.95384488 ], [ -84.05950935, 9.95383338 ], [ -84.0595453, 9.95379885 ], [ -84.05958108, 9.95373961 ], [ -84.05962509, 9.95366867 ], [ -84.05967422, 9.95360706 ], [ -84.05971872, 9.95357699 ], [ -84.059773889999988, 9.95357745 ], [ -84.05984824, 9.9535984 ], [ -84.0599204, 9.95364534 ], [ -84.06010412, 9.95379536 ], [ -84.06021329, 9.95388523 ], [ -84.06031281, 9.95395974 ], [ -84.06044157, 9.95403418 ], [ -84.06060883, 9.95411204 ], [ -84.06091866, 9.95428836 ], [ -84.061099650000017, 9.95436123 ], [ -84.06121784, 9.95440087 ], [ -84.06139373, 9.95443113 ], [ -84.06150116, 9.95444451 ], [ -84.06167679, 9.95448762 ], [ -84.06179345, 9.95450448 ], [ -84.0618914, 9.95449395 ], [ -84.06209646, 9.95445162 ], [ -84.06213507, 9.95445076 ], [ -84.062162879999988, 9.95445693 ], [ -84.062188, 9.95446486 ], [ -84.06221264, 9.9544797 ], [ -84.06224364, 9.9545011 ], [ -84.06227076, 9.9545249 ], [ -84.06228615, 9.95455292 ], [ -84.06230199, 9.95458341 ], [ -84.06232795, 9.95467957 ], [ -84.06236878, 9.95484612 ], [ -84.06237459, 9.95493562 ], [ -84.06237804, 9.95496191 ], [ -84.06239399, 9.95499539 ], [ -84.06241053, 9.95500826 ], [ -84.06242784, 9.95501586 ], [ -84.062466019999988, 9.95501977 ], [ -84.06259732, 9.95502639 ], [ -84.06271681, 9.95502486 ], [ -84.062779480000017, 9.95501887 ], [ -84.062832109999988, 9.95500015 ], [ -84.06285987, 9.95497729 ], [ -84.06292553, 9.95489945 ], [ -84.06296253, 9.95488007 ], [ -84.06299341, 9.95486734 ], [ -84.06303048, 9.95485308 ], [ -84.06306265, 9.95484268 ], [ -84.06308624, 9.95484448 ], [ -84.06310735, 9.95485398 ], [ -84.06313082, 9.95486946 ], [ -84.063156730000017, 9.95489605 ], [ -84.06318279, 9.95494013 ], [ -84.0632019, 9.95498159 ], [ -84.06323125, 9.95518958 ], [ -84.063273350000017, 9.95532739 ], [ -84.06330737, 9.95545382 ], [ -84.06333146, 9.95553717 ], [ -84.06334658, 9.95556356 ], [ -84.06337453, 9.95558939 ], [ -84.06341, 9.95561388 ], [ -84.06349228, 9.9556707 ], [ -84.06354967, 9.9557067 ], [ -84.06357621, 9.95571995 ], [ -84.06361729, 9.95573961 ], [ -84.0636584, 9.95575712 ], [ -84.063693269999987, 9.95575436 ], [ -84.06373839, 9.95573909 ], [ -84.06380671, 9.95571373 ], [ -84.06389704, 9.9556789 ], [ -84.064207329999988, 9.9556008 ], [ -84.06451585, 9.95552216 ], [ -84.06468176, 9.95552354 ], [ -84.06470149, 9.95552047 ], [ -84.064780379999988, 9.95547697 ], [ -84.06485971, 9.95539531 ], [ -84.06495761, 9.9552539 ], [ -84.065060950000017, 9.95504222 ], [ -84.06511129, 9.95497683 ], [ -84.06516045, 9.95495271 ], [ -84.06521239, 9.95493923 ], [ -84.0652789, 9.95493 ], [ -84.0653622, 9.95489898 ], [ -84.06546198, 9.95484449 ], [ -84.06562123, 9.95473667 ], [ -84.06568483, 9.95469201 ], [ -84.06572298, 9.95466899 ], [ -84.06575665, 9.95466901 ], [ -84.06577748, 9.95469356 ], [ -84.065796639999988, 9.95471841 ], [ -84.0658294, 9.95474684 ], [ -84.06586186, 9.9547736 ], [ -84.06589981, 9.95479255 ], [ -84.06593548, 9.95479912 ], [ -84.06594493, 9.95479153 ], [ -84.066039590000017, 9.95476574 ], [ -84.06606962, 9.95468277 ], [ -84.06609739, 9.95460609 ], [ -84.06613994, 9.95448828 ], [ -84.06618263, 9.95437005 ], [ -84.06620358, 9.95430353 ], [ -84.06622538, 9.95423425 ], [ -84.06625272, 9.95419535 ], [ -84.06627739, 9.95416024 ], [ -84.06630242, 9.95413246 ], [ -84.06633039, 9.95410141 ], [ -84.06634974, 9.95408945 ], [ -84.06637641, 9.95407297 ], [ -84.06641772, 9.95407046 ], [ -84.066449050000017, 9.95406856 ], [ -84.0664949, 9.95408486 ], [ -84.066535360000017, 9.95409925 ], [ -84.06657981, 9.95412106 ], [ -84.06662238, 9.95414195 ], [ -84.0666658, 9.95416758 ], [ -84.06670939, 9.95419332 ], [ -84.0667395, 9.95420744 ], [ -84.06677547, 9.95422431 ], [ -84.06679391, 9.95422342 ], [ -84.06680281, 9.95422299 ], [ -84.06681646, 9.95421692 ], [ -84.06682262, 9.95421417 ], [ -84.06683557, 9.95420112 ], [ -84.06684317, 9.95419346 ], [ -84.06685415, 9.9541712 ], [ -84.06686237, 9.95415452 ], [ -84.066867339999988, 9.95413088 ], [ -84.0668715, 9.95411106 ], [ -84.06687394, 9.95408564 ], [ -84.066876619999988, 9.9540577 ], [ -84.06687449, 9.95398407 ], [ -84.06687242, 9.95391226 ], [ -84.06686927, 9.95387043 ], [ -84.06686565, 9.95382234 ], [ -84.06688046, 9.95379748 ], [ -84.06688973, 9.95378193 ], [ -84.06690343, 9.95377126 ], [ -84.0669247, 9.95375469 ], [ -84.06697865, 9.95374559 ], [ -84.06702558, 9.95373766 ], [ -84.06709437, 9.9537361 ], [ -84.06716421, 9.95373451 ], [ -84.067183019999987, 9.95372946 ], [ -84.06721203, 9.95372168 ], [ -84.06722638, 9.95370125 ], [ -84.06723645, 9.95368692 ], [ -84.06725376, 9.95366423 ], [ -84.0672733, 9.95363863 ], [ -84.06729784, 9.95362101 ], [ -84.06731724, 9.95360708 ], [ -84.06735553, 9.95359349 ], [ -84.06738912, 9.95358156 ], [ -84.06754986, 9.95355392 ], [ -84.06770914, 9.95352654 ], [ -84.0677212, 9.953524 ], [ -84.0677351, 9.95352108 ], [ -84.06774626, 9.95351711 ], [ -84.06776186, 9.95351155 ], [ -84.06776606, 9.95350845 ], [ -84.06777606, 9.95350106 ], [ -84.06778179, 9.95349217 ], [ -84.06779269, 9.95347525 ], [ -84.06779419, 9.95345157 ], [ -84.0677952, 9.95343562 ], [ -84.06779062, 9.95340295 ], [ -84.06778617, 9.95337118 ], [ -84.06778561, 9.95334624 ], [ -84.06778496, 9.95331693 ], [ -84.06778986, 9.95329893 ], [ -84.06779771, 9.95327012 ], [ -84.06781453, 9.95325898 ], [ -84.067821599999988, 9.95325429 ], [ -84.067855620000017, 9.95324512 ], [ -84.06788644, 9.95323682 ], [ -84.06791367, 9.95322884 ], [ -84.06794594, 9.95321937 ], [ -84.06802473, 9.95314793 ], [ -84.0680979, 9.95308158 ], [ -84.0681222, 9.95304588 ], [ -84.06814388, 9.95301403 ], [ -84.06816251, 9.95297046 ], [ -84.068180400000017, 9.95292861 ], [ -84.06819449, 9.95289742 ], [ -84.06820936, 9.9528645 ], [ -84.06823028, 9.95283258 ], [ -84.06824991, 9.95280262 ], [ -84.0682612, 9.95278752 ], [ -84.06827414, 9.95277022 ], [ -84.06829061, 9.95275527 ], [ -84.06831026, 9.95273745 ], [ -84.06832405, 9.95272928 ], [ -84.06834482, 9.952717 ], [ -84.06837269, 9.95271675 ], [ -84.06838964, 9.95271661 ], [ -84.06842115, 9.9527315 ], [ -84.06844575, 9.95274313 ], [ -84.06845537, 9.95275092 ], [ -84.06846966, 9.9527625 ], [ -84.06848043, 9.95277895 ], [ -84.06848853, 9.95279134 ], [ -84.06849505, 9.95280511 ], [ -84.068501829999988, 9.95281945 ], [ -84.06850838, 9.9528283 ], [ -84.068517470000018, 9.95284056 ], [ -84.06852884, 9.95285088 ], [ -84.068537820000017, 9.95285902 ], [ -84.068554639999988, 9.9528714 ], [ -84.06856984, 9.9528826 ], [ -84.06858269, 9.95289051 ], [ -84.06859933, 9.95290075 ], [ -84.06860899, 9.95290301 ], [ -84.0686271, 9.95290726 ], [ -84.0686433, 9.95290347 ], [ -84.06865064, 9.95290176 ], [ -84.06867259, 9.95288714 ], [ -84.06868963, 9.9528758 ], [ -84.06875507, 9.95281287 ], [ -84.068820700000018, 9.95274975 ], [ -84.06887405, 9.95271609 ], [ -84.06893348, 9.95267858 ], [ -84.06895256, 9.95267639 ], [ -84.06896743, 9.95267468 ], [ -84.0689926, 9.95267001 ], [ -84.06902032, 9.95266488 ], [ -84.06904368, 9.95266767 ], [ -84.0690633, 9.95267002 ], [ -84.06910041, 9.95267591 ], [ -84.06913965, 9.95268213 ], [ -84.06917067, 9.95269222 ], [ -84.06920502, 9.95270339 ], [ -84.06923982, 9.95272136 ], [ -84.06927148, 9.9527377 ], [ -84.06929924, 9.95275827 ], [ -84.06932956, 9.95278073 ], [ -84.0693708, 9.95278881 ], [ -84.06940372, 9.95279526 ], [ -84.06943299, 9.95279153 ], [ -84.0694558, 9.95278862 ], [ -84.06960005, 9.9527285 ], [ -84.06974216, 9.95266926 ], [ -84.06985256, 9.95263062 ], [ -84.06996289, 9.952592 ], [ -84.06999956, 9.95257703 ], [ -84.070038760000017, 9.95256103 ], [ -84.07005174, 9.95255986 ], [ -84.07007256, 9.95255798 ], [ -84.07008816, 9.95256317 ], [ -84.07009631, 9.95256588 ], [ -84.07011433, 9.95257873 ], [ -84.0701282, 9.95258863 ], [ -84.07017425, 9.95263473 ], [ -84.0702194, 9.95267993 ], [ -84.07023916, 9.95269786 ], [ -84.07025979, 9.95271657 ], [ -84.07028143, 9.95273399 ], [ -84.0703044, 9.95275248 ], [ -84.07032366, 9.9527651 ], [ -84.070346359999988, 9.95277999 ], [ -84.07035911, 9.95278395 ], [ -84.07037951, 9.95279028 ], [ -84.07047786, 9.95277616 ], [ -84.070570839999988, 9.95276281 ], [ -84.070659549999988, 9.95274623 ], [ -84.07074997, 9.95272933 ], [ -84.07082791, 9.95270505 ], [ -84.07090994, 9.9526795 ], [ -84.07093046, 9.95266623 ], [ -84.07095604, 9.9526497 ], [ -84.070970950000017, 9.95263271 ], [ -84.07098547, 9.95261616 ], [ -84.0710008, 9.95260503 ], [ -84.071021, 9.95259037 ], [ -84.071039289999987, 9.95258467 ], [ -84.0710525, 9.95258056 ], [ -84.07106776, 9.95257832 ], [ -84.07108006, 9.95257652 ], [ -84.07110995, 9.9525756 ], [ -84.071138410000017, 9.95257473 ], [ -84.07122571, 9.95257336 ], [ -84.071313409999988, 9.95257199 ], [ -84.0714752, 9.95257279 ], [ -84.071638030000017, 9.9525736 ], [ -84.07172626, 9.95256385 ], [ -84.07181804, 9.95255371 ], [ -84.07186037, 9.95253974 ], [ -84.0719061, 9.95252464 ], [ -84.07228398, 9.95254384 ], [ -84.072325640000017, 9.95254645 ], [ -84.07236119, 9.95254867 ], [ -84.07244034, 9.95253595 ], [ -84.072516279999988, 9.95252374 ], [ -84.07255972, 9.95251072 ], [ -84.07260691, 9.95249658 ], [ -84.072618910000017, 9.95248865 ], [ -84.07263641, 9.95247708 ], [ -84.07265704, 9.95244441 ], [ -84.07267512, 9.95241576 ], [ -84.07270659, 9.95235324 ], [ -84.07273816, 9.95229054 ], [ -84.07276981, 9.95224295 ], [ -84.07280335, 9.95219251 ], [ -84.07281295, 9.95218397 ], [ -84.07282737, 9.95217114 ], [ -84.072846, 9.95216573 ], [ -84.07285848, 9.95216211 ], [ -84.072879359999988, 9.95216139 ], [ -84.07289787, 9.95216075 ], [ -84.07291423, 9.95216035 ], [ -84.07293137, 9.95215994 ], [ -84.07294555, 9.95215824 ], [ -84.07296117, 9.95215638 ], [ -84.07297592, 9.95215835 ], [ -84.07298646, 9.95215976 ], [ -84.07299889, 9.95216418 ], [ -84.0730085, 9.9521676 ], [ -84.07302212, 9.95217431 ], [ -84.07303822, 9.95218225 ], [ -84.07307489, 9.95220981 ], [ -84.07310996, 9.95223617 ], [ -84.073129100000017, 9.95225155 ], [ -84.07314839, 9.95226707 ], [ -84.0731611, 9.95227617 ], [ -84.073176409999988, 9.95228714 ], [ -84.07320218, 9.95229585 ], [ -84.07322334, 9.952303 ], [ -84.073238929999988, 9.95230444 ], [ -84.07325931, 9.95230634 ], [ -84.07328204, 9.95230185 ], [ -84.07330155, 9.952298 ], [ -84.073348329999988, 9.95228536 ], [ -84.07339813, 9.9522719 ], [ -84.07341489, 9.95226193 ], [ -84.073436630000018, 9.95224901 ], [ -84.07344696, 9.95223615 ], [ -84.07345391, 9.95222749 ], [ -84.07346158, 9.95221127 ], [ -84.07347178, 9.95218971 ], [ -84.07347229, 9.9521696 ], [ -84.07347267, 9.95215452 ], [ -84.0734692, 9.95212431 ], [ -84.07346589, 9.95209541 ], [ -84.07345557, 9.95201184 ], [ -84.07344526, 9.9519284 ], [ -84.07344153, 9.95189954 ], [ -84.07343764, 9.95186942 ], [ -84.0734303, 9.95184233 ], [ -84.0734222, 9.95181245 ], [ -84.073401070000017, 9.95176885 ], [ -84.07338096, 9.95172737 ], [ -84.0733519, 9.95167728 ], [ -84.07332324, 9.95162789 ], [ -84.07329867, 9.95158706 ], [ -84.07327377, 9.95154567 ], [ -84.07325431, 9.95150574 ], [ -84.07323525, 9.95146662 ], [ -84.07321812, 9.95143051 ], [ -84.07320025, 9.95139285 ], [ -84.0731929, 9.95136548 ], [ -84.07318428, 9.95133336 ], [ -84.07318709, 9.95130596 ], [ -84.07319063, 9.95127139 ], [ -84.073207420000017, 9.95124289 ], [ -84.073221409999988, 9.95121913 ], [ -84.07324505, 9.9511915 ], [ -84.07327097, 9.95116119 ], [ -84.0732935, 9.95114406 ], [ -84.073315189999988, 9.95112756 ], [ -84.073339659999988, 9.9511049 ], [ -84.07336545, 9.95108102 ], [ -84.07339182, 9.95105111 ], [ -84.07341953, 9.95101968 ], [ -84.07343, 9.95100432 ], [ -84.07344286, 9.95098543 ], [ -84.07344892, 9.95096188 ], [ -84.073454219999988, 9.95094127 ], [ -84.07345941, 9.95092191 ], [ -84.07346514, 9.95090051 ], [ -84.073476, 9.95087994 ], [ -84.07348531, 9.95086231 ], [ -84.07349412, 9.95085024 ], [ -84.073504969999988, 9.95083538 ], [ -84.07351882, 9.95082361 ], [ -84.0735307, 9.95081351 ], [ -84.073546189999988, 9.95080162 ], [ -84.07356446, 9.95078761 ], [ -84.073577449999988, 9.95078326 ], [ -84.07359795, 9.95077639 ], [ -84.073618510000017, 9.9507805 ], [ -84.07363278, 9.95078335 ], [ -84.073649770000017, 9.95078984 ], [ -84.07366588, 9.95079599 ], [ -84.07369447, 9.95080482 ], [ -84.07372479, 9.95081419 ], [ -84.073752719999987, 9.9508189 ], [ -84.07378057, 9.9508236 ], [ -84.073814039999988, 9.95083364 ], [ -84.07385602, 9.95084623 ], [ -84.07392965, 9.95086831 ], [ -84.07398886, 9.95088607 ], [ -84.07403944, 9.95090123 ], [ -84.07411726, 9.95090987 ], [ -84.074199640000018, 9.95091902 ], [ -84.0742219, 9.95091435 ], [ -84.074252110000018, 9.95090803 ], [ -84.07426543, 9.95089535 ], [ -84.0742737, 9.95088748 ], [ -84.07428349, 9.95087355 ], [ -84.07429139, 9.9508623 ], [ -84.0743031, 9.95083784 ], [ -84.07431635, 9.95081016 ], [ -84.07432231, 9.95078313 ], [ -84.07432771, 9.95075866 ], [ -84.07433199, 9.95073139 ], [ -84.07433653, 9.95070238 ], [ -84.07433664, 9.9506971 ], [ -84.07433687, 9.95068583 ], [ -84.07433014, 9.95067358 ], [ -84.07432696, 9.9506678 ], [ -84.07431614, 9.95065701 ], [ -84.0743083, 9.95064919 ], [ -84.0742993, 9.95064297 ], [ -84.07428693, 9.95063444 ], [ -84.0742619, 9.95062565 ], [ -84.07424019, 9.95061804 ], [ -84.07422131, 9.9506138 ], [ -84.074199890000017, 9.950609 ], [ -84.07417652, 9.95060772 ], [ -84.07415165, 9.95060635 ], [ -84.07413342, 9.95059902 ], [ -84.07412069, 9.95059389 ], [ -84.07411076, 9.95058556 ], [ -84.07409562, 9.95057285 ], [ -84.07408285, 9.95054617 ], [ -84.07407244, 9.95052444 ], [ -84.074068760000017, 9.95051113 ], [ -84.07406355, 9.95049232 ], [ -84.07406568, 9.95048083 ], [ -84.07406635, 9.95047723 ], [ -84.07407477, 9.95046525 ], [ -84.0740792, 9.95045895 ], [ -84.07409786, 9.95044542 ], [ -84.074112560000017, 9.95043476 ], [ -84.0741451, 9.95042017 ], [ -84.074176, 9.9504063 ], [ -84.07424164, 9.95037614 ], [ -84.0743084, 9.95034547 ], [ -84.07433216, 9.95033845 ], [ -84.074359790000017, 9.9503303 ], [ -84.07438293, 9.95033049 ], [ -84.074401870000017, 9.95033065 ], [ -84.074417489999988, 9.95033332 ], [ -84.07443273, 9.95033592 ], [ -84.07445029, 9.95033682 ], [ -84.07447004, 9.95033783 ], [ -84.07448405, 9.95033687 ], [ -84.074501309999988, 9.95033568 ], [ -84.07451147, 9.9503325 ], [ -84.07452619, 9.95032791 ], [ -84.07453278, 9.95032352 ], [ -84.07454488, 9.95031546 ], [ -84.07455143, 9.95030474 ], [ -84.07455414, 9.95030029 ], [ -84.07455684, 9.95028524 ], [ -84.07455856, 9.95027565 ], [ -84.07455725, 9.95025613 ], [ -84.074556, 9.9502376 ], [ -84.07455724, 9.95021888 ], [ -84.0745587, 9.95019685 ], [ -84.074563240000018, 9.95018229 ], [ -84.07456701, 9.95017023 ], [ -84.07457817, 9.95014037 ], [ -84.07459049, 9.95010738 ], [ -84.07460389, 9.95009055 ], [ -84.074615710000018, 9.95007568 ], [ -84.07462263, 9.9500663 ], [ -84.07463148, 9.95005427 ], [ -84.074637260000017, 9.95003624 ], [ -84.07464485, 9.95001259 ], [ -84.07464471, 9.95000498 ], [ -84.07464462, 9.95000001 ], [ -84.07464437, 9.9499866 ], [ -84.07464407, 9.94997044 ], [ -84.07463763, 9.94994869 ], [ -84.07463196, 9.94992956 ], [ -84.07462679, 9.94991402 ], [ -84.07462157, 9.94989834 ], [ -84.07461717, 9.94988257 ], [ -84.07461163, 9.94986272 ], [ -84.074614670000017, 9.94984204 ], [ -84.07461661, 9.94982883 ], [ -84.07462354, 9.94981777 ], [ -84.07462889, 9.94980924 ], [ -84.07465497, 9.94975817 ], [ -84.07468173, 9.94970576 ], [ -84.07469447, 9.94969138 ], [ -84.074710510000017, 9.94967327 ], [ -84.0747266, 9.94966338 ], [ -84.07473933, 9.94965555 ], [ -84.07474474, 9.94965318 ], [ -84.07476119, 9.94964598 ], [ -84.074839150000017, 9.94962336 ], [ -84.07486733, 9.94961379 ], [ -84.074882270000018, 9.94960872 ], [ -84.07493575, 9.9495787 ], [ -84.07499866, 9.94954337 ], [ -84.07500003, 9.94954265 ], [ -84.075011250000017, 9.94953636 ], [ -84.07502726, 9.949528 ], [ -84.075043280000017, 9.94951964 ], [ -84.07505508, 9.94951475 ], [ -84.07507156, 9.94950793 ], [ -84.07508508, 9.94950658 ], [ -84.07509276, 9.94950582 ], [ -84.07510215, 9.94950628 ], [ -84.07511986, 9.94950716 ], [ -84.07513281, 9.94951461 ], [ -84.07513739, 9.94951724 ], [ -84.07514294, 9.94952265 ], [ -84.07515435, 9.94953378 ], [ -84.075161439999988, 9.9495493 ], [ -84.07516613, 9.94955957 ], [ -84.07517354, 9.94957938 ], [ -84.07518123, 9.94959992 ], [ -84.075189349999988, 9.94961523 ], [ -84.0751992, 9.94963376 ], [ -84.07520829, 9.949646 ], [ -84.075220880000018, 9.94966293 ], [ -84.07523875, 9.94967612 ], [ -84.075252050000017, 9.94968594 ], [ -84.075270839999988, 9.94969624 ], [ -84.07529348, 9.94970864 ], [ -84.07530555, 9.94971242 ], [ -84.07532325, 9.94971795 ], [ -84.07533571, 9.94971867 ], [ -84.075355429999988, 9.94971981 ], [ -84.075380509999988, 9.94971361 ], [ -84.07539667, 9.94970591 ], [ -84.07542874, 9.94969168 ], [ -84.07546317, 9.94967642 ], [ -84.07547959, 9.94966301 ], [ -84.075487599999988, 9.9496601 ], [ -84.07550267, 9.9496595 ], [ -84.07554964, 9.94964983 ], [ -84.07556483, 9.94965221 ], [ -84.07557884, 9.94965524 ], [ -84.07558537, 9.94965621 ], [ -84.07560515, 9.94966463 ], [ -84.07561903, 9.94967048 ], [ -84.07564043, 9.9496829 ], [ -84.07565509, 9.9496929 ], [ -84.0756703, 9.94970474 ], [ -84.075681929999988, 9.94971594 ], [ -84.075690960000017, 9.94972719 ], [ -84.07570176, 9.94974327 ], [ -84.0757116, 9.94975652 ], [ -84.07572149, 9.94977126 ], [ -84.07573049, 9.94978466 ], [ -84.07573754, 9.94979455 ], [ -84.07574357, 9.94980484 ], [ -84.07574931, 9.94981239 ], [ -84.07575566, 9.94981854 ], [ -84.07576737, 9.94983016 ], [ -84.075775980000017, 9.94983568 ], [ -84.075787570000017, 9.9498385 ], [ -84.07579785, 9.94984479 ], [ -84.07580886, 9.94984686 ], [ -84.07581886, 9.94984933 ], [ -84.0758314, 9.94985027 ], [ -84.07584273, 9.94985292 ], [ -84.07585452, 9.94985335 ], [ -84.07586574, 9.94985302 ], [ -84.07588261, 9.94985509 ], [ -84.07589289, 9.94985558 ], [ -84.0759019, 9.94985737 ], [ -84.07592315, 9.94985735 ], [ -84.07593641, 9.94985987 ], [ -84.075959, 9.94986004 ], [ -84.07598065, 9.94986684 ], [ -84.07600709, 9.94986673 ], [ -84.07602396, 9.94986881 ], [ -84.07604034, 9.94987054 ], [ -84.07605702, 9.94987394 ], [ -84.07607404, 9.94987685 ], [ -84.0760984, 9.94988186 ], [ -84.07611573, 9.94988643 ], [ -84.07613024, 9.9498898 ], [ -84.07614419, 9.94989714 ], [ -84.07616, 9.94990284 ], [ -84.07618121, 9.9499166 ], [ -84.07620047, 9.94992684 ], [ -84.07622069, 9.94993991 ], [ -84.0762356, 9.94995009 ], [ -84.07625259, 9.94995515 ], [ -84.07626918, 9.94996502 ], [ -84.07627772, 9.94996911 ], [ -84.076295089999988, 9.94997153 ], [ -84.07631318, 9.9499708 ], [ -84.07637793, 9.94997081 ], [ -84.07639723, 9.94996728 ], [ -84.0763992, 9.94996662 ], [ -84.0764068, 9.94996201 ], [ -84.07642007, 9.94995872 ], [ -84.07642598, 9.94995549 ], [ -84.076431470000017, 9.94995234 ], [ -84.076446229999988, 9.94995007 ], [ -84.07645088, 9.94994707 ], [ -84.07646595, 9.94994646 ], [ -84.076472419999988, 9.94994507 ], [ -84.07647953, 9.94994484 ], [ -84.07649274, 9.94994587 ], [ -84.07649816, 9.94994703 ], [ -84.07650668, 9.94994848 ], [ -84.07651685, 9.9499507 ], [ -84.07653201, 9.94995524 ], [ -84.07654523, 9.949961 ], [ -84.07655806, 9.94996467 ], [ -84.07656956, 9.94997181 ], [ -84.0765855, 9.94998051 ], [ -84.07659491, 9.94998911 ], [ -84.07660062, 9.94999882 ], [ -84.076600900000017, 9.95000005 ], [ -84.07660118, 9.95000022 ], [ -84.07660925, 9.95000863 ], [ -84.07661415, 9.95001634 ], [ -84.07661607, 9.9500246 ], [ -84.07661845, 9.95003276 ], [ -84.0766223, 9.9500441 ], [ -84.07662294, 9.95005688 ], [ -84.07662265, 9.95006468 ], [ -84.0766223, 9.95007678 ], [ -84.0766208, 9.95008738 ], [ -84.07661793, 9.95009994 ], [ -84.07661186, 9.95011395 ], [ -84.07660517, 9.95012464 ], [ -84.076596960000018, 9.95016914 ], [ -84.07658978, 9.95017949 ], [ -84.0765767, 9.95021413 ], [ -84.07656566, 9.95025743 ], [ -84.07655355, 9.9502833 ], [ -84.07654875, 9.95030181 ], [ -84.07654108, 9.95033288 ], [ -84.07653765, 9.95034942 ], [ -84.07653287, 9.95037739 ], [ -84.07653071, 9.95039843 ], [ -84.07653206, 9.95041968 ], [ -84.076532539999988, 9.95044325 ], [ -84.07653563, 9.95045988 ], [ -84.07654159, 9.95047557 ], [ -84.0765435, 9.95049285 ], [ -84.07654961, 9.95050936 ], [ -84.07655442, 9.95052354 ], [ -84.07656162, 9.95053426 ], [ -84.07656615, 9.95054461 ], [ -84.07657614, 9.9505587 ], [ -84.076584149999988, 9.95057143 ], [ -84.07659353, 9.95058218 ], [ -84.07660362, 9.9505898 ], [ -84.07661269, 9.95059889 ], [ -84.07662747, 9.95060608 ], [ -84.076637230000017, 9.95061419 ], [ -84.07666567, 9.95062598 ], [ -84.07668092, 9.95063566 ], [ -84.0767073, 9.95065148 ], [ -84.07672737, 9.95066373 ], [ -84.07674271, 9.95067856 ], [ -84.07677129, 9.95070387 ], [ -84.07678852, 9.95072653 ], [ -84.07680668, 9.95075418 ], [ -84.07681574, 9.95077489 ], [ -84.0768288, 9.95080777 ], [ -84.07683557, 9.95082546 ], [ -84.07683866, 9.9508421 ], [ -84.07684474, 9.95086078 ], [ -84.07684538, 9.95087356 ], [ -84.07684571, 9.95088469 ], [ -84.07684533, 9.95089895 ], [ -84.07684239, 9.95091583 ], [ -84.07684071, 9.95092775 ], [ -84.07683585, 9.95093897 ], [ -84.07683435, 9.95094956 ], [ -84.07682846, 9.95096225 ], [ -84.076829069999988, 9.9509772 ], [ -84.07682605, 9.95098893 ], [ -84.07682371, 9.95099968 ], [ -84.07682476, 9.95100766 ], [ -84.07682929, 9.95101802 ], [ -84.076832329999988, 9.95102736 ], [ -84.07683739, 9.95103589 ], [ -84.07684241, 9.95104659 ], [ -84.07685294, 9.95105886 ], [ -84.07686353, 9.95106681 ], [ -84.07687428, 9.9510756 ], [ -84.076922850000017, 9.9510964 ], [ -84.07694398, 9.95110501 ], [ -84.07698798, 9.95111761 ], [ -84.077019459999988, 9.9511282 ], [ -84.07704917, 9.95113396 ], [ -84.07707357, 9.95113681 ], [ -84.07711347, 9.95114371 ], [ -84.07716104, 9.95114383 ], [ -84.07719404, 9.95114059 ], [ -84.077214150000017, 9.95113906 ], [ -84.07722481, 9.95114271 ], [ -84.07723639, 9.95115211 ], [ -84.07726038, 9.95117726 ], [ -84.07729072, 9.95119927 ], [ -84.07734426, 9.95124686 ], [ -84.07737519, 9.95127363 ], [ -84.07740434, 9.95128434 ], [ -84.07742694, 9.95128731 ], [ -84.07744657, 9.95128255 ], [ -84.077459659999988, 9.95126947 ], [ -84.077467989999988, 9.95124865 ], [ -84.07746977, 9.95122307 ], [ -84.077473309999988, 9.95119319 ], [ -84.07748048, 9.95114574 ], [ -84.07749492, 9.95110408 ], [ -84.07749972, 9.95109718 ], [ -84.07750668, 9.95109031 ], [ -84.07752165, 9.9510751 ], [ -84.07753182, 9.95106679 ], [ -84.07754451, 9.95105802 ], [ -84.077557379999988, 9.95104792 ], [ -84.07756534, 9.95104174 ], [ -84.07758279, 9.95102822 ], [ -84.07759129, 9.95102022 ], [ -84.077613560000017, 9.95099765 ], [ -84.07764299, 9.95096689 ], [ -84.077674270000017, 9.95092504 ], [ -84.07769166, 9.95090422 ], [ -84.07770638, 9.95088304 ], [ -84.07772362, 9.95086139 ], [ -84.07773488, 9.95084728 ], [ -84.07775034, 9.95083241 ], [ -84.07775974, 9.95081994 ], [ -84.077769409999988, 9.95081129 ], [ -84.07777905, 9.9508048 ], [ -84.07779121, 9.95079784 ], [ -84.07780001, 9.9507915 ], [ -84.07780726, 9.95078845 ], [ -84.077816, 9.95078643 ], [ -84.07782458, 9.95078357 ], [ -84.077832970000017, 9.95078203 ], [ -84.07784317, 9.95078318 ], [ -84.07785566, 9.95078735 ], [ -84.07787636, 9.95079131 ], [ -84.07789164, 9.95079884 ], [ -84.0779082, 9.95081086 ], [ -84.07792517, 9.95081809 ], [ -84.0779575, 9.95084959 ], [ -84.07798946, 9.95088376 ], [ -84.07806149, 9.95096997 ], [ -84.07817385, 9.95108878 ], [ -84.07820351, 9.95111992 ], [ -84.07822623, 9.9511347 ], [ -84.07825533, 9.9511582 ], [ -84.07828094, 9.95116986 ], [ -84.07829753, 9.95117973 ], [ -84.07831779, 9.95119066 ], [ -84.07832773, 9.95119744 ], [ -84.078336980000017, 9.95120521 ], [ -84.078345899999988, 9.95121347 ], [ -84.07836441, 9.95122902 ], [ -84.07837414, 9.95123928 ], [ -84.07839085, 9.95125214 ], [ -84.07839973, 9.95126256 ], [ -84.078413649999987, 9.95127206 ], [ -84.07842573, 9.95128104 ], [ -84.07844018, 9.95128872 ], [ -84.0784628, 9.95129835 ], [ -84.07847931, 9.95130308 ], [ -84.07848748, 9.95130502 ], [ -84.07849508, 9.95130614 ], [ -84.07850436, 9.95130804 ], [ -84.07853006, 9.95130305 ], [ -84.07854933, 9.95129091 ], [ -84.07856432, 9.95126736 ], [ -84.07856432, 9.95123595 ], [ -84.07855076, 9.95117741 ], [ -84.07852435, 9.95111959 ], [ -84.0785193, 9.95110993 ], [ -84.078516030000017, 9.95110069 ], [ -84.07850576, 9.95108277 ], [ -84.07849849, 9.95106474 ], [ -84.07849394, 9.95104492 ], [ -84.07849146, 9.95103161 ], [ -84.07849089, 9.9510145 ], [ -84.07849, 9.95099574 ], [ -84.07849185, 9.95097303 ], [ -84.078493259999988, 9.95095728 ], [ -84.07849819, 9.95094175 ], [ -84.07850361, 9.95092656 ], [ -84.07850857, 9.95090888 ], [ -84.07851452, 9.95089187 ], [ -84.07855719, 9.95080309 ], [ -84.07862262, 9.95076145 ], [ -84.07870584, 9.95073312 ], [ -84.07878769, 9.95071325 ], [ -84.0788313, 9.95069708 ], [ -84.07888439, 9.95067726 ], [ -84.07892208, 9.95065359 ], [ -84.07896914, 9.95063122 ], [ -84.078993919999988, 9.9506198 ], [ -84.07901799, 9.95061153 ], [ -84.07905873, 9.9505972 ], [ -84.07908044, 9.95059022 ], [ -84.07911505, 9.9505826 ], [ -84.07915258, 9.95056971 ], [ -84.07917861, 9.95056496 ], [ -84.07921185, 9.95055931 ], [ -84.07922818, 9.95055374 ], [ -84.07927432, 9.95054746 ], [ -84.07928623, 9.95054033 ], [ -84.07930281, 9.95053493 ], [ -84.07933633, 9.95053311 ], [ -84.079351249999988, 9.95053167 ], [ -84.0793709, 9.95053346 ], [ -84.07939941, 9.95053039 ], [ -84.07943452, 9.95052311 ], [ -84.07946378, 9.95051475 ], [ -84.07948602, 9.95050595 ], [ -84.07949781, 9.95050165 ], [ -84.07950761, 9.95049598 ], [ -84.07952076, 9.95048971 ], [ -84.07953006, 9.9504837 ], [ -84.07953753, 9.95047717 ], [ -84.07954214, 9.9504716 ], [ -84.0795483, 9.95046273 ], [ -84.07955396, 9.95045352 ], [ -84.07955932, 9.95044264 ], [ -84.07956555, 9.95042946 ], [ -84.07956892, 9.95041722 ], [ -84.07957182, 9.9504025 ], [ -84.07957454, 9.95038909 ], [ -84.0795747, 9.9503783 ], [ -84.07957474, 9.95036453 ], [ -84.07957341, 9.95035272 ], [ -84.07956941, 9.95034055 ], [ -84.07956659, 9.95032773 ], [ -84.07956021, 9.95029576 ], [ -84.079542499999988, 9.9502379 ], [ -84.079531249999988, 9.95019607 ], [ -84.07952897, 9.95016981 ], [ -84.079506939999987, 9.95010972 ], [ -84.07950885, 9.95009432 ], [ -84.07951001, 9.95008421 ], [ -84.07951353, 9.95007281 ], [ -84.0795192, 9.95006359 ], [ -84.07952565, 9.95004693 ], [ -84.079538719999988, 9.95003006 ], [ -84.07955077, 9.9500085 ], [ -84.07955553, 9.95000013 ], [ -84.07959882, 9.94994429 ], [ -84.07962329, 9.94991013 ], [ -84.0796908, 9.94979127 ], [ -84.07969961, 9.9497733 ], [ -84.07970083, 9.94975888 ], [ -84.07970016, 9.94974825 ], [ -84.07970664, 9.94972942 ], [ -84.07971163, 9.94970958 ], [ -84.07971842, 9.94965971 ], [ -84.07972116, 9.94964415 ], [ -84.07972756, 9.94962018 ], [ -84.07973283, 9.94959254 ], [ -84.07973776, 9.94957701 ], [ -84.07974891, 9.94954829 ], [ -84.07975598, 9.94953495 ], [ -84.079765169999988, 9.94951434 ], [ -84.07978001, 9.94949613 ], [ -84.07979169, 9.94947722 ], [ -84.0798146, 9.94944635 ], [ -84.07984422, 9.94941426 ], [ -84.07985679, 9.94940249 ], [ -84.07987537, 9.94938102 ], [ -84.0798918, 9.94936898 ], [ -84.079904899999988, 9.9493554 ], [ -84.07995054, 9.94932769 ], [ -84.07996476, 9.94931778 ], [ -84.07997723, 9.94931249 ], [ -84.08000854, 9.94930117 ], [ -84.08008869, 9.94925123 ], [ -84.08013969, 9.94923373 ], [ -84.08016698, 9.94921239 ], [ -84.08020577, 9.94919454 ], [ -84.08021865, 9.94918444 ], [ -84.08024748, 9.94916734 ], [ -84.08026102, 9.94915841 ], [ -84.080272, 9.9491521 ], [ -84.08028279, 9.94914801 ], [ -84.08031897, 9.94913905 ], [ -84.0803647, 9.94927185 ], [ -84.08043724, 9.94945306 ], [ -84.08053818, 9.9497577 ], [ -84.08060126, 9.9499483 ], [ -84.08061559, 9.95000015 ], [ -84.08064786, 9.95010879 ], [ -84.08067363, 9.95019002 ], [ -84.08069818, 9.95027474 ], [ -84.080716780000017, 9.95036008 ], [ -84.08073313, 9.95046913 ], [ -84.08074544, 9.95055983 ], [ -84.08075411, 9.95063574 ], [ -84.08075291, 9.95073042 ], [ -84.08075417, 9.95078606 ], [ -84.08074094, 9.95087949 ], [ -84.08072777, 9.95096041 ], [ -84.08071096, 9.95107238 ], [ -84.08068862, 9.95119662 ], [ -84.0806719, 9.95127969 ], [ -84.080649349999987, 9.95139465 ], [ -84.08063687, 9.95148417 ], [ -84.08063208, 9.9516067 ], [ -84.08062792, 9.95167243 ], [ -84.0806291, 9.95171794 ], [ -84.08063497, 9.95181629 ], [ -84.08064336, 9.95188094 ], [ -84.08065314, 9.95193029 ], [ -84.08067846, 9.95203379 ], [ -84.08071168, 9.95213571 ], [ -84.08076175, 9.95227945 ], [ -84.0808037, 9.9523924 ], [ -84.08083019, 9.95246476 ], [ -84.08086514, 9.95255312 ], [ -84.08091862, 9.95266469 ], [ -84.08096361, 9.95275483 ], [ -84.08100672, 9.95283346 ], [ -84.08105823, 9.95291789 ], [ -84.08110758, 9.95299418 ], [ -84.081174840000017, 9.95308987 ], [ -84.08123345, 9.95317197 ], [ -84.08130427, 9.95327212 ], [ -84.08135374, 9.95333277 ], [ -84.08137726, 9.95336962 ], [ -84.081418650000018, 9.95342664 ], [ -84.08144143, 9.95347658 ], [ -84.0813777, 9.95344898 ], [ -84.08132633, 9.95342512 ], [ -84.08130054, 9.95341512 ], [ -84.08124589, 9.95340319 ], [ -84.08117025, 9.95338294 ], [ -84.08115543, 9.95347541 ], [ -84.08114466, 9.95378437 ], [ -84.08113118, 9.95406512 ], [ -84.08112178, 9.95440363 ], [ -84.08113272, 9.95480259 ], [ -84.08113014, 9.95534528 ], [ -84.08114373, 9.95549169 ], [ -84.081145029999988, 9.95586751 ], [ -84.08115407, 9.95606908 ], [ -84.081116009999988, 9.95717186 ], [ -84.08126274, 9.95717183 ], [ -84.08199151, 9.95720074 ], [ -84.08194452, 9.95807046 ], [ -84.08282919, 9.95808955 ], [ -84.08370575, 9.95811669 ], [ -84.084600169999987, 9.95814865 ], [ -84.087116960000017, 9.95819356 ], [ -84.08714973, 9.95825957 ], [ -84.08722065, 9.95834367 ], [ -84.08731841, 9.95840647 ], [ -84.08741508, 9.95842774 ], [ -84.08777062, 9.95845001 ], [ -84.08799726, 9.95845741 ], [ -84.08811756, 9.95843927 ], [ -84.08826255, 9.95839025 ], [ -84.08843042, 9.95830307 ], [ -84.08960825, 9.96011931 ], [ -84.09010436, 9.96087994 ], [ -84.09060048, 9.96165384 ], [ -84.09102491, 9.96233913 ], [ -84.09106475, 9.96242883 ], [ -84.09111186, 9.96259712 ], [ -84.09112999, 9.96270836 ], [ -84.0911336, 9.96277022 ], [ -84.0911235, 9.962922 ], [ -84.09109414, 9.96303158 ], [ -84.09108628, 9.96305972 ], [ -84.09108732, 9.96308636 ], [ -84.09105772, 9.96316412 ], [ -84.0910066, 9.96325945 ], [ -84.09093127, 9.96336066 ], [ -84.090774170000017, 9.96349758 ], [ -84.09052265, 9.96363095 ], [ -84.090309750000017, 9.96373839 ], [ -84.09011656, 9.96383021 ], [ -84.09002144, 9.96390769 ], [ -84.08994466, 9.96400939 ], [ -84.08986486, 9.96413229 ], [ -84.08980235, 9.96430198 ], [ -84.089777920000017, 9.96451811 ], [ -84.08979317, 9.96468575 ], [ -84.08988409, 9.96509441 ], [ -84.08999847, 9.96542308 ], [ -84.0901447, 9.96584926 ], [ -84.090220429999988, 9.96605832 ], [ -84.09014398, 9.96604486 ], [ -84.09002895, 9.96599783 ], [ -84.08995124, 9.96597324 ], [ -84.08988432, 9.96594568 ], [ -84.08979909, 9.96590779 ], [ -84.08972998, 9.96588483 ], [ -84.08967571, 9.96587224 ], [ -84.08961002, 9.96586791 ], [ -84.08948541, 9.9658717 ], [ -84.08939285, 9.96587946 ], [ -84.08930158, 9.96590743 ], [ -84.08916495, 9.96595218 ], [ -84.08909007, 9.96599342 ], [ -84.08905169, 9.96601734 ], [ -84.08899666, 9.96606099 ], [ -84.08895249, 9.96610657 ], [ -84.088893740000017, 9.96617615 ], [ -84.08886146, 9.96622987 ], [ -84.08880962, 9.96632046 ], [ -84.088789910000017, 9.9663779 ], [ -84.08876121, 9.96652504 ], [ -84.08873739, 9.96664188 ], [ -84.08873559, 9.96665352 ], [ -84.08873232, 9.96666691 ], [ -84.08873226, 9.96666733 ], [ -84.08873216, 9.96666775 ], [ -84.088713400000017, 9.96674455 ], [ -84.088696469999988, 9.96685396 ], [ -84.0886667, 9.96693403 ], [ -84.08863525, 9.96700916 ], [ -84.08861502, 9.96704405 ], [ -84.088595739999988, 9.96705858 ], [ -84.08857949, 9.96706583 ], [ -84.0885628, 9.96707078 ], [ -84.08852931, 9.96708648 ], [ -84.08844606, 9.96709914 ], [ -84.08839965, 9.96710394 ], [ -84.08830805, 9.96710781 ], [ -84.088193, 9.96707574 ], [ -84.08809828, 9.96706926 ], [ -84.08801053, 9.96704092 ], [ -84.087868, 9.9670012 ], [ -84.08770664, 9.96693166 ], [ -84.087581969999988, 9.96687366 ], [ -84.08746597, 9.96682802 ], [ -84.08738086, 9.96678817 ], [ -84.08737987, 9.96678771 ], [ -84.08704812, 9.96666692 ], [ -84.08681952, 9.96658461 ], [ -84.08667356, 9.96656054 ], [ -84.08650815, 9.96656058 ], [ -84.08641124, 9.96658162 ], [ -84.08632757, 9.96661307 ], [ -84.0862558, 9.96666692 ], [ -84.0862543, 9.96666742 ], [ -84.08624013, 9.96667217 ], [ -84.08618943, 9.96669893 ], [ -84.08614761, 9.96673075 ], [ -84.08614688, 9.96673126 ], [ -84.08612351, 9.96674771 ], [ -84.08609911, 9.96676789 ], [ -84.08607982, 9.96679259 ], [ -84.08603438, 9.96687841 ], [ -84.0860005, 9.96695666 ], [ -84.0859599, 9.96703258 ], [ -84.085943109999988, 9.96706398 ], [ -84.08587996, 9.96714829 ], [ -84.08582107, 9.96722692 ], [ -84.085757540000017, 9.96730509 ], [ -84.085692779999988, 9.96738479 ], [ -84.08564284, 9.9674594 ], [ -84.0855909, 9.967537 ], [ -84.08553056, 9.96759809 ], [ -84.08547485, 9.9676545 ], [ -84.0853043, 9.96783155 ], [ -84.08512865, 9.96801391 ], [ -84.08501993, 9.96808744 ], [ -84.08492446, 9.968152 ], [ -84.08487243, 9.96819447 ], [ -84.08483197, 9.9682537 ], [ -84.08483136, 9.9682546 ], [ -84.08512295, 9.96844105 ], [ -84.085425630000017, 9.96864848 ], [ -84.08551644, 9.96873846 ], [ -84.08559969, 9.96883594 ], [ -84.085668490000018, 9.96895311 ], [ -84.0857965, 9.9692259 ], [ -84.08589995, 9.96941588 ], [ -84.08601348, 9.96957335 ], [ -84.08613773, 9.9697027 ], [ -84.08628339, 9.96982329 ], [ -84.08643959, 9.96992931 ], [ -84.08674497, 9.97007568 ], [ -84.08696187, 9.97016562 ], [ -84.08711732, 9.97021578 ], [ -84.08733515, 9.97028053 ], [ -84.08750601, 9.9703143 ], [ -84.08766806, 9.97033294 ], [ -84.0878799, 9.97034789 ], [ -84.08811051, 9.9703526 ], [ -84.08829855, 9.97037028 ], [ -84.08836664, 9.97039276 ], [ -84.08844483, 9.97043524 ], [ -84.08851294, 9.97050272 ], [ -84.08856025, 9.9705879 ], [ -84.08869215, 9.97107269 ], [ -84.08881838, 9.97155767 ], [ -84.08910366, 9.97264763 ], [ -84.08927534, 9.9733501 ], [ -84.08944954, 9.97403507 ], [ -84.08966159, 9.97481003 ], [ -84.089672799999988, 9.97487503 ], [ -84.09046937, 9.97494013 ], [ -84.09119179, 9.97500775 ], [ -84.092799629999988, 9.97517088 ], [ -84.09352003, 9.97523651 ], [ -84.09408549, 9.97528423 ], [ -84.09432679, 9.97529856 ], [ -84.09457648, 9.97526414 ], [ -84.094500239999988, 9.97607604 ], [ -84.09441398, 9.97700364 ], [ -84.09433777, 9.97788935 ], [ -84.0942696, 9.97874314 ], [ -84.09422548, 9.97926978 ], [ -84.094183359999988, 9.97972461 ], [ -84.09463814, 9.97976437 ], [ -84.095084879999987, 9.97980215 ], [ -84.09500465, 9.98068586 ], [ -84.0949224, 9.9815636 ], [ -84.09488232, 9.98214609 ], [ -84.09483211, 9.98250117 ], [ -84.09480404, 9.98282234 ], [ -84.094802089999988, 9.98304576 ], [ -84.09478405, 9.98330908 ], [ -84.09468948, 9.9833111 ], [ -84.09432524, 9.98328128 ], [ -84.09419847, 9.9832873 ], [ -84.094235490000017, 9.9833335 ], [ -84.09429594, 9.98339137 ], [ -84.09431236, 9.98340757 ], [ -84.09433589, 9.98343134 ], [ -84.09446304, 9.98357831 ], [ -84.09459585, 9.98373234 ], [ -84.09470641, 9.9838843 ], [ -84.094899129999988, 9.98412577 ], [ -84.09496314, 9.9842074 ], [ -84.095065299999987, 9.98434641 ], [ -84.09516284, 9.98448027 ], [ -84.0953187, 9.98468148 ], [ -84.095499590000017, 9.98491263 ], [ -84.095595340000017, 9.9850388 ], [ -84.09571679, 9.98519579 ], [ -84.09592801, 9.9854841 ], [ -84.09613995, 9.98577339 ], [ -84.09633245, 9.98605624 ], [ -84.09652579, 9.98634032 ], [ -84.09657294, 9.98641597 ], [ -84.09662038, 9.98649207 ], [ -84.09678889, 9.98672597 ], [ -84.09679776, 9.98673818 ], [ -84.096806880000017, 9.98675075 ], [ -84.09681575, 9.98676245 ], [ -84.09682514, 9.98677483 ], [ -84.096834269999988, 9.98678634 ], [ -84.09684394, 9.98679852 ], [ -84.09685332, 9.98680985 ], [ -84.09686326, 9.98682183 ], [ -84.09687289, 9.98683296 ], [ -84.09688308, 9.98684474 ], [ -84.09689296, 9.98685566 ], [ -84.09690341, 9.98686723 ], [ -84.09691352, 9.98687795 ], [ -84.09692423, 9.98688929 ], [ -84.096934569999988, 9.98689979 ], [ -84.09694552, 9.98691091 ], [ -84.09695609, 9.98692119 ], [ -84.09696728, 9.98693208 ], [ -84.0969787, 9.98694272 ], [ -84.09698949, 9.98695278 ], [ -84.09700113, 9.98696318 ], [ -84.09701214, 9.98697301 ], [ -84.09702401, 9.98698316 ], [ -84.09703522, 9.98699275 ], [ -84.0970473, 9.98700264 ], [ -84.09705872, 9.987012 ], [ -84.09707101, 9.98702163 ], [ -84.09708262, 9.98703073 ], [ -84.09709511, 9.9870401 ], [ -84.09710696, 9.98704899 ], [ -84.09711631, 9.98705574 ], [ -84.097361, 9.98724329 ], [ -84.09749378, 9.98734194 ], [ -84.097584309999988, 9.98742566 ], [ -84.09763686, 9.98747789 ], [ -84.09766, 9.98750651 ], [ -84.09768844, 9.98754169 ], [ -84.0977858, 9.98768813 ], [ -84.09788198, 9.98783278 ], [ -84.09801125, 9.98803366 ], [ -84.09814058, 9.98823784 ], [ -84.09814321, 9.98824387 ], [ -84.098149390000017, 9.98825348 ], [ -84.09819846, 9.9883927 ], [ -84.09826527, 9.98843987 ], [ -84.098266870000018, 9.98844255 ], [ -84.0983187, 9.98855041 ], [ -84.09836449, 9.98863729 ], [ -84.09841029, 9.98872417 ], [ -84.09848677, 9.98888568 ], [ -84.09852615, 9.98898795 ], [ -84.09855117, 9.98905454 ], [ -84.098575919999988, 9.98912152 ], [ -84.09862182, 9.98926745 ], [ -84.0986566, 9.98936373 ], [ -84.098658019999988, 9.9893692 ], [ -84.09866247, 9.98938536 ], [ -84.09866727, 9.98940142 ], [ -84.0986705, 9.98941138 ], [ -84.09867565, 9.98942734 ], [ -84.09868146, 9.98944441 ], [ -84.09868695, 9.98946025 ], [ -84.09869308, 9.98947722 ], [ -84.09869892, 9.98949294 ], [ -84.09870536, 9.98950979 ], [ -84.09871154, 9.98952538 ], [ -84.09871806, 9.98954084 ], [ -84.09872481, 9.98955757 ], [ -84.09873166, 9.98957288 ], [ -84.09873872, 9.98958949 ], [ -84.09874591, 9.98960465 ], [ -84.098753270000017, 9.98962112 ], [ -84.09876079, 9.98963613 ], [ -84.098768459999988, 9.98965246 ], [ -84.0987763, 9.9896673 ], [ -84.09878427, 9.98968349 ], [ -84.098792430000017, 9.98969816 ], [ -84.09880069, 9.98971419 ], [ -84.09880917, 9.98972868 ], [ -84.09881773, 9.98974455 ], [ -84.098826520000017, 9.98975886 ], [ -84.09883538, 9.98977457 ], [ -84.09884448, 9.98978869 ], [ -84.09885388, 9.98980261 ], [ -84.09886302, 9.98981814 ], [ -84.09887273, 9.98983186 ], [ -84.09888273, 9.98984537 ], [ -84.09891046, 9.98988609 ], [ -84.09905239, 9.99007059 ], [ -84.09920015, 9.99026021 ], [ -84.09925119, 9.9903256 ], [ -84.0993661, 9.99047304 ], [ -84.09954563, 9.99070302 ], [ -84.099666220000017, 9.99086324 ], [ -84.09975898, 9.99099045 ], [ -84.09988473, 9.99115878 ], [ -84.09996364, 9.99126785 ], [ -84.1, 9.99130032 ], [ -84.10001189, 9.99131211 ], [ -84.10003427, 9.99132773 ], [ -84.1001159, 9.99138312 ], [ -84.10023668, 9.99146842 ], [ -84.10032838, 9.9915227 ], [ -84.10041336, 9.99156147 ], [ -84.10060345, 9.99162458 ], [ -84.101045130000017, 9.99177629 ], [ -84.10142867, 9.99189587 ], [ -84.10160086, 9.99193017 ], [ -84.101754040000017, 9.99194232 ], [ -84.1020861, 9.99194776 ], [ -84.102325370000017, 9.99194103 ], [ -84.10268986, 9.99195976 ], [ -84.10292019, 9.99196967 ], [ -84.10312033, 9.99199177 ], [ -84.10334284, 9.99203382 ], [ -84.10357318, 9.99210135 ], [ -84.103984670000017, 9.99222979 ], [ -84.10414121, 9.99227518 ], [ -84.104409590000017, 9.99240366 ], [ -84.1046243, 9.99254102 ], [ -84.10517563, 9.9929088 ], [ -84.10532883, 9.99300629 ], [ -84.10547867, 9.99307495 ], [ -84.10568106, 9.99311257 ], [ -84.10592145, 9.99314131 ], [ -84.10631167, 9.99317444 ], [ -84.10677568, 9.99321973 ], [ -84.10756618, 9.9932893 ], [ -84.10805479, 9.99333014 ], [ -84.10837792, 9.99335996 ], [ -84.108796989999988, 9.99339779 ], [ -84.10880552, 9.99927567 ], [ -84.10880526, 9.99931039 ], [ -84.108739380000017, 9.99935799 ], [ -84.1086735, 9.9994056 ], [ -84.108574569999988, 9.99948452 ], [ -84.1085235, 9.99954715 ], [ -84.10845717, 9.99964396 ], [ -84.108398529999988, 9.99971766 ], [ -84.10833998, 9.9997793 ], [ -84.10826375, 9.99983105 ], [ -84.10818751, 9.99988281 ], [ -84.1081405, 9.99990977 ], [ -84.10804055, 9.99994555 ], [ -84.108004710000017, 9.99995174 ], [ -84.10796887, 9.99995793 ], [ -84.10782565, 9.99997063 ], [ -84.10774703, 9.9999783 ], [ -84.10767398, 10.0000002 ], [ -84.10761342, 10.00003335 ], [ -84.10744675, 10.00014914 ], [ -84.10727145, 10.00026911 ], [ -84.10704901, 10.00041338 ], [ -84.10684332, 10.00055686 ], [ -84.10677266, 10.0006028 ], [ -84.10669966, 10.00065004 ], [ -84.10662457, 10.00070881 ], [ -84.10652257, 10.00079838 ], [ -84.10650031, 10.00083086 ], [ -84.10647131, 10.00087319 ], [ -84.10644671, 10.00090698 ], [ -84.10640525, 10.00096537 ], [ -84.10638839, 10.00098998 ], [ -84.10635566, 10.00103987 ], [ -84.10633305, 10.00107499 ], [ -84.10631583, 10.00110224 ], [ -84.10629719, 10.00114003 ], [ -84.10628189, 10.0011772 ], [ -84.1062461, 10.00135015 ], [ -84.106194180000017, 10.00149651 ], [ -84.10618075, 10.00154788 ], [ -84.10616856, 10.00161014 ], [ -84.10615552, 10.00165459 ], [ -84.10613323, 10.00169136 ], [ -84.106113, 10.00172089 ], [ -84.10607108, 10.00175453 ], [ -84.10587053, 10.00192017 ], [ -84.1058339, 10.0019588 ], [ -84.105790130000017, 10.00201421 ], [ -84.105755769999988, 10.00206012 ], [ -84.10573249, 10.00209623 ], [ -84.10571746, 10.00213933 ], [ -84.10570851, 10.00217358 ], [ -84.10569252, 10.00225199 ], [ -84.10568104, 10.00230898 ], [ -84.1056364, 10.00242708 ], [ -84.10537007, 10.00292636 ], [ -84.10531521, 10.00301203 ], [ -84.10527077, 10.00305618 ], [ -84.10519422, 10.00311003 ], [ -84.10516708, 10.00312826 ], [ -84.10514987, 10.00315165 ], [ -84.1051359, 10.00319822 ], [ -84.10512298, 10.00333025 ], [ -84.10512031, 10.00335745 ], [ -84.10511629, 10.00339855 ], [ -84.105109469999988, 10.00341314 ], [ -84.10509739, 10.00343041 ], [ -84.10505807, 10.00346666 ], [ -84.104983659999988, 10.00352949 ], [ -84.10489843, 10.00357873 ], [ -84.10484455, 10.00360986 ], [ -84.10482896, 10.0036234 ], [ -84.09325972, 10.00363133 ], [ -84.09324934, 10.00601851 ], [ -84.09297002, 10.00587447 ], [ -84.09251411, 10.00571362 ], [ -84.092237739999987, 10.0056911 ], [ -84.09194713, 10.00570531 ], [ -84.09153971, 10.0057506 ], [ -84.09113801, 10.00584956 ], [ -84.09059954, 10.00594008 ], [ -84.09050839, 10.00599941 ], [ -84.0904315, 10.0061237 ], [ -84.09035746, 10.00628187 ], [ -84.09032616, 10.00642026 ], [ -84.09030625, 10.00655582 ], [ -84.09028482, 10.00668504 ], [ -84.09028481, 10.0066851 ], [ -84.07548294, 10.01245379 ], [ -84.07516274, 10.01257466 ], [ -84.07508526, 10.01259026 ], [ -84.0750006, 10.01260529 ], [ -84.07499997, 10.0126054 ], [ -84.07470423, 10.01265013 ], [ -84.07449779, 10.0126997 ], [ -84.07427535, 10.01280347 ], [ -84.0740039, 10.01301096 ], [ -84.073662740000017, 10.01338853 ], [ -84.07343467, 10.01367077 ], [ -84.07332724, 10.01383337 ], [ -84.07325752, 10.01398289 ], [ -84.07315766, 10.01428659 ], [ -84.07302293, 10.01463515 ], [ -84.072924, 10.01486409 ], [ -84.07282695, 10.01506034 ], [ -84.072674300000017, 10.01535377 ], [ -84.07263756, 10.01547618 ], [ -84.07261308, 10.01558551 ], [ -84.07260935, 10.01576491 ], [ -84.07265847, 10.01623677 ], [ -84.07268112, 10.01636197 ], [ -84.07272638, 10.01654073 ], [ -84.0727673, 10.01666672 ], [ -84.0727674, 10.01666702 ], [ -84.07277701, 10.01669322 ], [ -84.07278377, 10.01671376 ], [ -84.0727958, 10.01676258 ], [ -84.07280999, 10.01682009 ], [ -84.07281139, 10.0168644 ], [ -84.07280936, 10.01690188 ], [ -84.0728087, 10.01691395 ], [ -84.07278831, 10.01697365 ], [ -84.07276585, 10.01703943 ], [ -84.07274041, 10.01707377 ], [ -84.07271791, 10.01710413 ], [ -84.07268353, 10.01713909 ], [ -84.0726508, 10.01717238 ], [ -84.0725626, 10.01724982 ], [ -84.07247263, 10.01732882 ], [ -84.0724507, 10.01736347 ], [ -84.0724318, 10.01739332 ], [ -84.07242214, 10.0174209 ], [ -84.07241065, 10.01745374 ], [ -84.07240806, 10.01749893 ], [ -84.0724058, 10.01753834 ], [ -84.07241252, 10.01757316 ], [ -84.072418719999988, 10.01760531 ], [ -84.0724195, 10.0176085 ], [ -84.07244564, 10.01770074 ], [ -84.07247024, 10.01778754 ], [ -84.07250197, 10.01788255 ], [ -84.07253409, 10.01797874 ], [ -84.07255052, 10.01807892 ], [ -84.07256651, 10.01817646 ], [ -84.07257687, 10.01831483 ], [ -84.07258714, 10.01845183 ], [ -84.07259019, 10.0185372 ], [ -84.07259326, 10.01862327 ], [ -84.072602250000017, 10.01868694 ], [ -84.07261095, 10.01874861 ], [ -84.07262347, 10.01880418 ], [ -84.0726361, 10.01886021 ], [ -84.072642180000017, 10.01892347 ], [ -84.07264807, 10.0189847 ], [ -84.07264909, 10.01901587 ], [ -84.07265025, 10.01905137 ], [ -84.07264509, 10.01906791 ], [ -84.07263524, 10.0190995 ], [ -84.07262771, 10.01912105 ], [ -84.072621060000017, 10.01914037 ], [ -84.07260008, 10.01918709 ], [ -84.072592290000017, 10.01920118 ], [ -84.07258607, 10.01921502 ], [ -84.072541789999988, 10.01929697 ], [ -84.072477730000017, 10.01940491 ], [ -84.072468540000017, 10.0194224 ], [ -84.07245588, 10.01943964 ], [ -84.07244048, 10.01946415 ], [ -84.072388839999988, 10.01953127 ], [ -84.07237735, 10.01954525 ], [ -84.07235996, 10.01956212 ], [ -84.07235599, 10.01956631 ], [ -84.07235388, 10.01956914 ], [ -84.07230994, 10.01961108 ], [ -84.07227384, 10.01964075 ], [ -84.072236680000017, 10.0196576 ], [ -84.07220586, 10.01967158 ], [ -84.07215925, 10.01967795 ], [ -84.07211853, 10.01968351 ], [ -84.07209058, 10.01968047 ], [ -84.07205479, 10.01967658 ], [ -84.0720157, 10.01965166 ], [ -84.07198251, 10.0196305 ], [ -84.07194274, 10.01959468 ], [ -84.07190316, 10.01955903 ], [ -84.07187141, 10.01953779 ], [ -84.07183544, 10.01951373 ], [ -84.07179797, 10.01950321 ], [ -84.07176711, 10.01949455 ], [ -84.07171143, 10.01949607 ], [ -84.0716594, 10.01949748 ], [ -84.07156293, 10.01950233 ], [ -84.07146158, 10.01950993 ], [ -84.07126033, 10.01952476 ], [ -84.071064369999988, 10.01953362 ], [ -84.07101522, 10.01953478 ], [ -84.07096576, 10.01953595 ], [ -84.07090255, 10.01953854 ], [ -84.070839369999987, 10.01954114 ], [ -84.07076042, 10.01954322 ], [ -84.07068159, 10.0195453 ], [ -84.07061171, 10.01954757 ], [ -84.07054154, 10.01954986 ], [ -84.0704882, 10.01955249 ], [ -84.07043306, 10.01955521 ], [ -84.07034954, 10.01956988 ], [ -84.07026854, 10.01958412 ], [ -84.07015017, 10.01961434 ], [ -84.07003208, 10.01964449 ], [ -84.06997988, 10.01965485 ], [ -84.06988149, 10.01967439 ], [ -84.06983598, 10.01968343 ], [ -84.069761289999988, 10.01970683 ], [ -84.06968905, 10.01972947 ], [ -84.06960773, 10.01976376 ], [ -84.06952348, 10.01979928 ], [ -84.069483049999988, 10.01982427 ], [ -84.06943775, 10.01985227 ], [ -84.06940406, 10.01989061 ], [ -84.06937324, 10.01992569 ], [ -84.06932003, 10.0199925 ], [ -84.06926704, 10.02005904 ], [ -84.0692093, 10.02012852 ], [ -84.06915173, 10.0201978 ], [ -84.06909225, 10.02026931 ], [ -84.06903224, 10.02034147 ], [ -84.06897611, 10.02040042 ], [ -84.06891827, 10.02046117 ], [ -84.06885268, 10.02051421 ], [ -84.068789260000017, 10.02056549 ], [ -84.06871399, 10.02061583 ], [ -84.06863956, 10.02066561 ], [ -84.06857813, 10.02070762 ], [ -84.06851602, 10.0207501 ], [ -84.06845807, 10.02078353 ], [ -84.06839819, 10.02081806 ], [ -84.06836462, 10.0208332 ], [ -84.06832804, 10.02084969 ], [ -84.06829077, 10.02085971 ], [ -84.068256909999988, 10.02086881 ], [ -84.0682034, 10.02087669 ], [ -84.06815276, 10.02088414 ], [ -84.06812799, 10.02088501 ], [ -84.068099250000017, 10.02088603 ], [ -84.068073559999988, 10.02088174 ], [ -84.06804237, 10.02087653 ], [ -84.06801433, 10.02086457 ], [ -84.06799153, 10.02085485 ], [ -84.06793383, 10.02081434 ], [ -84.06787955, 10.02077624 ], [ -84.06781446, 10.02071746 ], [ -84.06775038, 10.02065958 ], [ -84.06767508, 10.02059358 ], [ -84.06759976, 10.02052757 ], [ -84.06754158, 10.02047482 ], [ -84.06748315, 10.02042186 ], [ -84.067449669999988, 10.02039403 ], [ -84.067416439999988, 10.02036641 ], [ -84.06736323, 10.02032063 ], [ -84.06730808, 10.02027318 ], [ -84.06726405, 10.02024965 ], [ -84.067223650000017, 10.02022806 ], [ -84.0671616, 10.02020288 ], [ -84.06709696, 10.02017665 ], [ -84.06702358, 10.02015631 ], [ -84.06695296, 10.02013673 ], [ -84.06688033, 10.020125 ], [ -84.06680873, 10.02011343 ], [ -84.06678631, 10.02010915 ], [ -84.06676216, 10.02010454 ], [ -84.06672803, 10.02009406 ], [ -84.066695600000017, 10.0200841 ], [ -84.066658409999988, 10.02007142 ], [ -84.06662108, 10.0200587 ], [ -84.066577599999988, 10.02004591 ], [ -84.06653436, 10.02003318 ], [ -84.06650215, 10.0200229 ], [ -84.06646782, 10.02001194 ], [ -84.06643907, 10.02000876 ], [ -84.06641299, 10.02000587 ], [ -84.06639534, 10.02000413 ], [ -84.06637369, 10.02000199 ], [ -84.06630598, 10.02001601 ], [ -84.06624379, 10.02002889 ], [ -84.06616963, 10.02005524 ], [ -84.066098059999987, 10.02008068 ], [ -84.065965299999988, 10.02014 ], [ -84.06583373, 10.02019879 ], [ -84.06574654, 10.02024024 ], [ -84.06565844, 10.02028213 ], [ -84.065555929999988, 10.02033803 ], [ -84.065451690000017, 10.02039488 ], [ -84.06531807, 10.02048627 ], [ -84.06518622, 10.02057645 ], [ -84.06513491, 10.02061709 ], [ -84.06508423, 10.02065723 ], [ -84.06499122, 10.02072986 ], [ -84.064897700000017, 10.02080291 ], [ -84.0647925, 10.02089565 ], [ -84.06468823, 10.02098756 ], [ -84.06461569, 10.02105678 ], [ -84.064543720000017, 10.02112545 ], [ -84.06447759, 10.02119145 ], [ -84.06441074, 10.02125815 ], [ -84.06433802, 10.02133961 ], [ -84.06426374, 10.0214228 ], [ -84.06422853, 10.02147423 ], [ -84.06419125, 10.0215287 ], [ -84.06416032, 10.02159534 ], [ -84.06413041, 10.02165978 ], [ -84.06409229, 10.02174854 ], [ -84.064054220000017, 10.02183717 ], [ -84.06402128, 10.02191041 ], [ -84.06398842, 10.02198346 ], [ -84.06395172, 10.02206514 ], [ -84.06391475, 10.02214745 ], [ -84.06387421, 10.02222581 ], [ -84.06383236, 10.02230673 ], [ -84.06380966, 10.02233647 ], [ -84.063783789999988, 10.02237035 ], [ -84.06375648, 10.02239235 ], [ -84.0637234, 10.02241899 ], [ -84.06369803, 10.02243044 ], [ -84.06366676, 10.02244498 ], [ -84.06363502, 10.02244432 ], [ -84.06361157, 10.02244878 ], [ -84.06358198, 10.02243309 ], [ -84.06355969, 10.02242239 ], [ -84.06351125, 10.02239606 ], [ -84.0634669, 10.02236344 ], [ -84.06337816, 10.02230493 ], [ -84.06329, 10.02224679 ], [ -84.063184120000017, 10.02218148 ], [ -84.0630788, 10.02211652 ], [ -84.06299917, 10.0220698 ], [ -84.06291945, 10.02202304 ], [ -84.06288846, 10.02200359 ], [ -84.06285553, 10.02198293 ], [ -84.06283405, 10.02197509 ], [ -84.06281697, 10.02196885 ], [ -84.06277773, 10.02196123 ], [ -84.06274136, 10.02195417 ], [ -84.062671620000017, 10.02194577 ], [ -84.06259867, 10.02193698 ], [ -84.0624788, 10.02194429 ], [ -84.06236136, 10.02195146 ], [ -84.06223088, 10.02196067 ], [ -84.06209987, 10.02196991 ], [ -84.06197346, 10.02198302 ], [ -84.06184546, 10.0219963 ], [ -84.061714530000017, 10.02202235 ], [ -84.06158102, 10.02204892 ], [ -84.06149081, 10.02207784 ], [ -84.06140307, 10.02210597 ], [ -84.061339680000017, 10.0221329 ], [ -84.06127805, 10.02215908 ], [ -84.06120414, 10.0221958 ], [ -84.06113076, 10.02223226 ], [ -84.06103117, 10.02228018 ], [ -84.06093131, 10.02232823 ], [ -84.06081816, 10.02238783 ], [ -84.0607038, 10.02244807 ], [ -84.06062881, 10.02249474 ], [ -84.0605519, 10.0225426 ], [ -84.06049182, 10.02258965 ], [ -84.06043302, 10.02263571 ], [ -84.06037756, 10.02268098 ], [ -84.06032114, 10.02272702 ], [ -84.06025869, 10.02278663 ], [ -84.06019759, 10.02284496 ], [ -84.06014434, 10.02290355 ], [ -84.060091900000018, 10.02296125 ], [ -84.0600321, 10.02303047 ], [ -84.05997235, 10.02309963 ], [ -84.05992753, 10.02314954 ], [ -84.05988162, 10.02320068 ], [ -84.05985514, 10.02322426 ], [ -84.05982571, 10.02325045 ], [ -84.05980574, 10.02326207 ], [ -84.05978105, 10.02327644 ], [ -84.05975618, 10.02328406 ], [ -84.059736200000017, 10.02329018 ], [ -84.0596937, 10.02329556 ], [ -84.059653240000017, 10.02330068 ], [ -84.059601019999988, 10.02330786 ], [ -84.05954792, 10.02331517 ], [ -84.05950476, 10.02332373 ], [ -84.05945924, 10.02333277 ], [ -84.05944081, 10.023339 ], [ -84.05942472, 10.02334444 ], [ -84.0593812, 10.02336237 ], [ -84.05933424, 10.02338171 ], [ -84.05929085, 10.02341258 ], [ -84.05925045, 10.02344133 ], [ -84.05919615, 10.02348529 ], [ -84.05914061, 10.02353027 ], [ -84.05910333, 10.02355021 ], [ -84.05906007, 10.02357336 ], [ -84.0590316, 10.02357759 ], [ -84.05900865, 10.023581 ], [ -84.0589747, 10.0235829 ], [ -84.0589383, 10.02358493 ], [ -84.058905509999988, 10.02358343 ], [ -84.05887519, 10.02358204 ], [ -84.05884613, 10.02357797 ], [ -84.05881292, 10.02357331 ], [ -84.05878944, 10.02356398 ], [ -84.05877359, 10.02355782 ], [ -84.05872835, 10.02353738 ], [ -84.0586834, 10.02351708 ], [ -84.0586267, 10.02349312 ], [ -84.05856998, 10.02346915 ], [ -84.05851706, 10.02344515 ], [ -84.058463770000017, 10.02342098 ], [ -84.05841281, 10.02340134 ], [ -84.05836106, 10.02338139 ], [ -84.05832303, 10.02336096 ], [ -84.05828643, 10.0233413 ], [ -84.05825721, 10.02332548 ], [ -84.05822665, 10.02330894 ], [ -84.05818825, 10.02328187 ], [ -84.05815107, 10.02325567 ], [ -84.05805642, 10.02319928 ], [ -84.058047859999988, 10.02317677 ], [ -84.05803219, 10.02313556 ], [ -84.05801437, 10.02309549 ], [ -84.05799569, 10.02305348 ], [ -84.05797971, 10.02302549 ], [ -84.0579623, 10.022995 ], [ -84.05794288, 10.02296826 ], [ -84.05792495, 10.02294359 ], [ -84.05790833, 10.02292403 ], [ -84.05788953, 10.02290192 ], [ -84.05786509, 10.02288136 ], [ -84.0578438, 10.02286345 ], [ -84.057820210000017, 10.0228484 ], [ -84.05779267, 10.02283084 ], [ -84.05775609, 10.02281701 ], [ -84.05771352, 10.02280091 ], [ -84.05760524, 10.02278901 ], [ -84.05750183, 10.02277765 ], [ -84.05739277, 10.02277649 ], [ -84.057284350000018, 10.02277534 ], [ -84.05715803, 10.02276733 ], [ -84.05702771, 10.02275906 ], [ -84.05699541, 10.02274917 ], [ -84.05696816, 10.02274084 ], [ -84.05695233, 10.02273336 ], [ -84.0569312, 10.02272338 ], [ -84.05692381, 10.02271694 ], [ -84.05691011, 10.02270499 ], [ -84.05689689, 10.02274009 ], [ -84.05688684, 10.02277414 ], [ -84.05688299, 10.02280735 ], [ -84.05688129, 10.02286573 ], [ -84.05687941, 10.02293046 ], [ -84.05688398, 10.02299235 ], [ -84.056888540000017, 10.02305409 ], [ -84.056887680000017, 10.02311464 ], [ -84.05688677, 10.02317904 ], [ -84.05687493, 10.02321958 ], [ -84.05686142, 10.02326582 ], [ -84.05684146, 10.02329722 ], [ -84.05682449, 10.02332391 ], [ -84.05680043, 10.02334728 ], [ -84.05677994, 10.02336717 ], [ -84.05673354, 10.02339536 ], [ -84.05668993, 10.02342185 ], [ -84.05662007, 10.02345734 ], [ -84.056550020000017, 10.02349292 ], [ -84.05647107, 10.0235431 ], [ -84.056390189999988, 10.0235945 ], [ -84.05634823, 10.02362838 ], [ -84.05630377, 10.02366429 ], [ -84.05627128, 10.02370229 ], [ -84.056240769999988, 10.02373799 ], [ -84.05618023, 10.02382436 ], [ -84.05612034, 10.02390982 ], [ -84.05603137, 10.02403908 ], [ -84.05594229, 10.02416849 ], [ -84.05588877, 10.02424771 ], [ -84.05583479, 10.02432762 ], [ -84.05579687, 10.02439311 ], [ -84.05575685, 10.02446225 ], [ -84.05574096, 10.02453926 ], [ -84.05572607, 10.0246114 ], [ -84.05572273, 10.02467317 ], [ -84.05571893, 10.02473426 ], [ -84.055718990000017, 10.02473624 ], [ -84.05571876, 10.02476373 ], [ -84.05571852, 10.02479165 ], [ -84.0557205, 10.02485053 ], [ -84.05572247, 10.02490906 ], [ -84.05572509, 10.02501232 ], [ -84.05572776, 10.02511706 ], [ -84.05572, 10.02518765 ], [ -84.05571256, 10.02525547 ], [ -84.05570296, 10.0252942 ], [ -84.05569247, 10.02533658 ], [ -84.055680599999988, 10.02535993 ], [ -84.05567069, 10.02537942 ], [ -84.05564142, 10.02541736 ], [ -84.05561329, 10.02545382 ], [ -84.0555758, 10.02550322 ], [ -84.055537110000017, 10.0255542 ], [ -84.05552796, 10.0255723 ], [ -84.05551278, 10.0256023 ], [ -84.05551137, 10.02560399 ], [ -84.055508680000017, 10.02560679 ], [ -84.05550573, 10.02560936 ], [ -84.05550255, 10.02561169 ], [ -84.05549916, 10.02561375 ], [ -84.05547902, 10.02562984 ], [ -84.05547546, 10.02563162 ], [ -84.05547174, 10.0256331 ], [ -84.0554679, 10.02563428 ], [ -84.0554438, 10.02563405 ], [ -84.05544074, 10.02563337 ], [ -84.05543763, 10.02563305 ], [ -84.05540873, 10.02564043 ], [ -84.0554056, 10.02564047 ], [ -84.0554025, 10.02564086 ], [ -84.05539947, 10.02564161 ], [ -84.05533305, 10.02566611 ], [ -84.05526532, 10.02569111 ], [ -84.05523308, 10.0257095 ], [ -84.05520277, 10.02572679 ], [ -84.0551627, 10.02575507 ], [ -84.05512364, 10.02578264 ], [ -84.05509013, 10.0258088 ], [ -84.05505541, 10.02583591 ], [ -84.05499644, 10.02589596 ], [ -84.054938369999988, 10.0259551 ], [ -84.054861180000017, 10.02603712 ], [ -84.05478316, 10.02612002 ], [ -84.05471535, 10.02621279 ], [ -84.054648109999988, 10.02630478 ], [ -84.054535609999988, 10.02645593 ], [ -84.0544227, 10.02660762 ], [ -84.05435845, 10.0266822 ], [ -84.05429441, 10.02675653 ], [ -84.05419639, 10.02687826 ], [ -84.054098669999988, 10.02699961 ], [ -84.053999840000017, 10.02712847 ], [ -84.05390085, 10.02725755 ], [ -84.05383519, 10.02733384 ], [ -84.05376828, 10.02741158 ], [ -84.05375579, 10.02742187 ], [ -84.05374079, 10.02743424 ], [ -84.0537144, 10.02744786 ], [ -84.053701250000017, 10.02745465 ], [ -84.0537012, 10.02745468 ], [ -84.05369017, 10.02746037 ], [ -84.053586759999988, 10.02750457 ], [ -84.05348414, 10.02754844 ], [ -84.05342045, 10.02757366 ], [ -84.05335706, 10.02759875 ], [ -84.05331115, 10.0276163 ], [ -84.053264469999988, 10.02763414 ], [ -84.05322855, 10.02764448 ], [ -84.05319084, 10.02765534 ], [ -84.05315823, 10.02766018 ], [ -84.05313263, 10.02766398 ], [ -84.05305417, 10.02767053 ], [ -84.05115301099022, 10.027582592573232 ], [ -84.048264124336825, 10.025935535024239 ], [ -84.047388308021098, 10.025177365676289 ], [ -84.046891576379338, 10.025112006249742 ], [ -84.04646020416412, 10.025072790593812 ], [ -84.04598176, 10.02246149 ], [ -84.044264127432129, 10.020131617946829 ], [ -84.042407919718187, 10.018955148268978 ], [ -84.041048443645991, 10.019007435810215 ], [ -84.039793542656284, 10.015844039565323 ], [ -84.039035373308337, 10.013961688080759 ], [ -84.038904654455237, 10.011242735936388 ], [ -84.039035373308337, 10.010275416423488 ], [ -84.039263860419354, 10.008912956242996 ], [ -84.039741255115047, 10.006066269353839 ], [ -84.039793542656298, 10.005308100005889 ], [ -84.039166092161437, 10.004079342786799 ], [ -84.038068053795428, 10.002144703760997 ], [ -84.037597465924321, 9.999556470469722 ], [ -84.037277411755156, 9.99791047759981 ], [ -84.037048446741309, 9.996732943242876 ], [ -84.037126878053158, 9.995569545450333 ], [ -84.037074590511921, 9.993948631671959 ], [ -84.036381780590517, 9.99247150863199 ], [ -84.035558251816013, 9.991138176330423 ], [ -84.034925716554255, 9.990419859757326 ], [ -84.03503626, 9.99042864 ], [ -84.03492018, 9.99041942 ], [ -84.03490512, 9.99039647 ], [ -84.03488321, 9.99037601 ], [ -84.0348215, 9.99036508 ], [ -84.0348074, 9.99036092 ], [ -84.03477691, 9.9903566 ], [ -84.03464197, 9.99034701 ], [ -84.03452224, 9.9903385 ], [ -84.03435015, 9.99032835 ], [ -84.03417595, 9.99031807 ], [ -84.03413179, 9.99032003 ], [ -84.03408046, 9.99032231 ], [ -84.03404011, 9.9903362 ], [ -84.03400861, 9.99034705 ], [ -84.03395396, 9.9903809 ], [ -84.03390497, 9.99041124 ], [ -84.033782339999988, 9.99051392 ], [ -84.03366268, 9.99061411 ], [ -84.03362793, 9.99064767 ], [ -84.03359158, 9.99068277 ], [ -84.03358428, 9.9906875 ], [ -84.033569900000018, 9.99069683 ], [ -84.0334875, 9.99072283 ], [ -84.03341194, 9.99074667 ], [ -84.03330927, 9.99076577 ], [ -84.033207070000017, 9.99078018 ], [ -84.03318054, 9.99078365 ], [ -84.03315672, 9.99079248 ], [ -84.03312086, 9.99080099 ], [ -84.03309205, 9.99079284 ], [ -84.03307847, 9.99077404 ], [ -84.03307101, 9.99075498 ], [ -84.03305399, 9.99073892 ], [ -84.033028519999988, 9.9907229 ], [ -84.03301241, 9.99070806 ], [ -84.03298218, 9.99069294 ], [ -84.03295594, 9.99067982 ], [ -84.03293126, 9.99066633 ], [ -84.03290095, 9.99064976 ], [ -84.0328648, 9.99061146 ], [ -84.03283138, 9.99057605 ], [ -84.032740160000017, 9.99049644 ], [ -84.0326451, 9.99041349 ], [ -84.03262412, 9.99039459 ], [ -84.032597419999988, 9.99037879 ], [ -84.03252491, 9.9903332 ], [ -84.03246092, 9.99030384 ], [ -84.03242716, 9.99029306 ], [ -84.032368320000018, 9.99028235 ], [ -84.03232919, 9.99027661 ], [ -84.03229155, 9.99027195 ], [ -84.03221727, 9.99027147 ], [ -84.03214023, 9.99027211 ], [ -84.032031159999988, 9.990283 ], [ -84.03192251, 9.99030472 ], [ -84.031855799999988, 9.99032519 ], [ -84.03179587, 9.99034358 ], [ -84.031745110000017, 9.99037048 ], [ -84.03169936, 9.99039472 ], [ -84.03166984, 9.99041533 ], [ -84.03164385, 9.99043347 ], [ -84.03159307, 9.99047842 ], [ -84.03154315, 9.9905226 ], [ -84.03152374, 9.99053805 ], [ -84.03150179, 9.99055551 ], [ -84.03147355, 9.99057266 ], [ -84.03144839, 9.99058794 ], [ -84.03140634, 9.99060949 ], [ -84.03136583, 9.99063025 ], [ -84.03132727, 9.99064891 ], [ -84.031289540000017, 9.99067208 ], [ -84.03126968, 9.99068576 ], [ -84.03123497, 9.9907076 ], [ -84.0311721, 9.99079651 ], [ -84.03110716, 9.99087731 ], [ -84.03102588, 9.99099691 ], [ -84.030935629999988, 9.9911163 ], [ -84.03084167, 9.99121468 ], [ -84.03076159, 9.9913075 ], [ -84.03073298, 9.99133158 ], [ -84.03070029, 9.99135911 ], [ -84.030673279999988, 9.99137436 ], [ -84.03063853, 9.99139399 ], [ -84.03060979, 9.99140023 ], [ -84.030589209999988, 9.9914047 ], [ -84.03054528, 9.99140732 ], [ -84.0305068, 9.99140962 ], [ -84.03047516, 9.99140696 ], [ -84.03043716, 9.99140377 ], [ -84.03035603, 9.9913797 ], [ -84.03027882, 9.9913568 ], [ -84.03024385, 9.99134391 ], [ -84.03021758, 9.99133149 ], [ -84.03021191, 9.99132677 ], [ -84.03020013, 9.9913188 ], [ -84.03019561, 9.99131269 ], [ -84.03016424, 9.99125752 ], [ -84.03012433, 9.99120424 ], [ -84.0301013, 9.99118705 ], [ -84.03008817, 9.99117725 ], [ -84.03006659, 9.99116865 ], [ -84.030052060000017, 9.99116286 ], [ -84.03004087, 9.99116028 ], [ -84.03002419, 9.99115645 ], [ -84.02999411, 9.99115428 ], [ -84.02996848, 9.99115243 ], [ -84.02994809, 9.99115279 ], [ -84.02992108, 9.99115327 ], [ -84.02989962, 9.99115962 ], [ -84.0298861, 9.99116363 ], [ -84.02987079, 9.99117138 ], [ -84.02984799, 9.99118292 ], [ -84.02982752, 9.99120191 ], [ -84.02981347, 9.99121494 ], [ -84.02980565, 9.99122588 ], [ -84.0297952, 9.99123991 ], [ -84.02978294, 9.99127484 ], [ -84.02978078, 9.99129444 ], [ -84.02976796, 9.99133063 ], [ -84.02976045, 9.99138551 ], [ -84.02975736, 9.99139771 ], [ -84.02974426, 9.9914202 ], [ -84.029686400000017, 9.9914956 ], [ -84.02960503, 9.99161616 ], [ -84.02957915, 9.991651 ], [ -84.02955928, 9.99167129 ], [ -84.02953441, 9.99168872 ], [ -84.02952222, 9.99169834 ], [ -84.02949992, 9.9917076 ], [ -84.029480369999987, 9.99171692 ], [ -84.02945683, 9.99172503 ], [ -84.0294459, 9.99172894 ], [ -84.0294137, 9.99173507 ], [ -84.02938598, 9.99174509 ], [ -84.02936645, 9.99174633 ], [ -84.02935301, 9.99174964 ], [ -84.02929516, 9.99174996 ], [ -84.0292523, 9.99174437 ], [ -84.02920961, 9.99173786 ], [ -84.02917777, 9.99173604 ], [ -84.02916647, 9.9917328 ], [ -84.02914455, 9.99172827 ], [ -84.02901232, 9.99167303 ], [ -84.02888246, 9.99160918 ], [ -84.02875382, 9.99154616 ], [ -84.02862356, 9.99148235 ], [ -84.02856728, 9.99146133 ], [ -84.02850482, 9.99143799 ], [ -84.0284634, 9.99143403 ], [ -84.028431, 9.99143093 ], [ -84.02834585, 9.99144257 ], [ -84.02824039, 9.99145699 ], [ -84.02816248, 9.99145833 ], [ -84.02813943, 9.99146909 ], [ -84.028061370000017, 9.99150731 ], [ -84.02794613, 9.99154098 ], [ -84.02787101, 9.99157872 ], [ -84.02782677, 9.99163075 ], [ -84.02779179, 9.99169909 ], [ -84.02779695, 9.99181945 ], [ -84.02779172, 9.99185572 ], [ -84.02779145, 9.99187015 ], [ -84.02779409, 9.99190948 ], [ -84.02779302, 9.9919333 ], [ -84.02779556, 9.99195002 ], [ -84.02779791, 9.9919736 ], [ -84.02780309, 9.99200758 ], [ -84.02781236, 9.99203923 ], [ -84.02783392, 9.99212399 ], [ -84.02784179, 9.99215553 ], [ -84.027843, 9.99216458 ], [ -84.02784279, 9.99217935 ], [ -84.02784127, 9.99219056 ], [ -84.02783565, 9.99221207 ], [ -84.02780411, 9.99226893 ], [ -84.027777290000017, 9.99234782 ], [ -84.02777178, 9.99235801 ], [ -84.02776721, 9.99236461 ], [ -84.02776039, 9.99237913 ], [ -84.02775628, 9.99238736 ], [ -84.02769277, 9.99244402 ], [ -84.02764215, 9.99248036 ], [ -84.02763226, 9.99248717 ], [ -84.02762064, 9.99249496 ], [ -84.02758689, 9.9925195 ], [ -84.02757046, 9.99252809 ], [ -84.02754672, 9.99253656 ], [ -84.02752848, 9.99253691 ], [ -84.02749551, 9.9925345 ], [ -84.02746611, 9.99253738 ], [ -84.02744764, 9.99253435 ], [ -84.02743518, 9.99253525 ], [ -84.02740372, 9.99253783 ], [ -84.02737508, 9.99253789 ], [ -84.02733351, 9.99253876 ], [ -84.02730037, 9.99254882 ], [ -84.02728013, 9.99255156 ], [ -84.02726539, 9.99254823 ], [ -84.02724686, 9.99254692 ], [ -84.027230770000017, 9.99253972 ], [ -84.027223029999988, 9.99253692 ], [ -84.02721198, 9.99253297 ], [ -84.027063, 9.99244801 ], [ -84.02691643, 9.99239307 ], [ -84.02683177, 9.9923673 ], [ -84.02675014, 9.99234245 ], [ -84.02661504, 9.99229381 ], [ -84.02647259, 9.99224253 ], [ -84.026443789999988, 9.99224607 ], [ -84.02642892, 9.99224791 ], [ -84.02641608, 9.9922535 ], [ -84.026392269999988, 9.99225857 ], [ -84.02636928, 9.99226143 ], [ -84.02634321, 9.99228638 ], [ -84.02632655, 9.99229694 ], [ -84.02629905, 9.99229556 ], [ -84.02621747, 9.99227756 ], [ -84.02613907, 9.99226584 ], [ -84.026107419999988, 9.99225444 ], [ -84.02609406, 9.99225025 ], [ -84.026044469999988, 9.99222282 ], [ -84.02597363, 9.99217194 ], [ -84.02592447, 9.99211964 ], [ -84.025907590000017, 9.99209541 ], [ -84.02589483, 9.99207092 ], [ -84.025873139999987, 9.99205014 ], [ -84.025830379999988, 9.99203077 ], [ -84.02577699, 9.99200787 ], [ -84.02571049, 9.99197276 ], [ -84.025638200000017, 9.99191043 ], [ -84.02559985, 9.99187124 ], [ -84.02556627, 9.99183691 ], [ -84.02556598, 9.99183661 ], [ -84.02552108, 9.99177214 ], [ -84.02550591, 9.99174035 ], [ -84.02548883, 9.99171115 ], [ -84.02545273, 9.99163227 ], [ -84.02541847, 9.9915685 ], [ -84.025379970000017, 9.99148275 ], [ -84.02534065, 9.99140625 ], [ -84.025288839999988, 9.99130204 ], [ -84.02519393, 9.99125529 ], [ -84.0251603, 9.99125128 ], [ -84.02512374, 9.99124602 ], [ -84.02511755, 9.99124603 ], [ -84.02508782, 9.99124075 ], [ -84.02505786, 9.99123021 ], [ -84.025035180000017, 9.99121924 ], [ -84.025021169999988, 9.99121309 ], [ -84.025, 9.99120009 ], [ -84.02497345, 9.99118907 ], [ -84.02492993, 9.99116235 ], [ -84.0248568, 9.99111788 ], [ -84.024792479999988, 9.99107676 ], [ -84.024732380000017, 9.99103434 ], [ -84.02465317, 9.99097363 ], [ -84.02452101, 9.99090173 ], [ -84.024458600000017, 9.99086269 ], [ -84.02443613, 9.99085321 ], [ -84.02438117, 9.99082887 ], [ -84.02435089, 9.99081506 ], [ -84.02430973, 9.9908032 ], [ -84.02428045, 9.99079849 ], [ -84.02424291, 9.99079401 ], [ -84.02419095, 9.99079585 ], [ -84.02416257, 9.99079928 ], [ -84.0241288, 9.99079868 ], [ -84.02410959, 9.99080399 ], [ -84.024063559999988, 9.99081615 ], [ -84.02403389, 9.99082723 ], [ -84.02399623, 9.99083918 ], [ -84.023981029999987, 9.99084959 ], [ -84.02389342, 9.99090538 ], [ -84.02380793, 9.99098504 ], [ -84.02378551, 9.9910062 ], [ -84.02375941, 9.99104085 ], [ -84.02373189, 9.99107702 ], [ -84.02371025, 9.99110931 ], [ -84.02368001, 9.99116735 ], [ -84.02365044, 9.99122992 ], [ -84.02362318, 9.99131116 ], [ -84.02357669, 9.99144015 ], [ -84.02356071, 9.99149289 ], [ -84.023556289999988, 9.99152345 ], [ -84.02352696, 9.99161639 ], [ -84.02353204, 9.99164014 ], [ -84.02354627, 9.99167236 ], [ -84.02355544, 9.99169432 ], [ -84.02355966, 9.99171138 ], [ -84.02355117, 9.99175354 ], [ -84.02354405, 9.99176355 ], [ -84.02352378, 9.99181347 ], [ -84.02351372, 9.99182603 ], [ -84.02348454, 9.99184315 ], [ -84.02344735, 9.99184642 ], [ -84.02342119, 9.99184271 ], [ -84.02340388, 9.99184678 ], [ -84.02338485, 9.99184691 ], [ -84.02337173, 9.99184562 ], [ -84.02335774, 9.99184376 ], [ -84.02334928, 9.99184594 ], [ -84.02333702, 9.99185379 ], [ -84.02331079, 9.99185204 ], [ -84.02328782, 9.99184426 ], [ -84.02324603, 9.99181879 ], [ -84.023231170000017, 9.99180901 ], [ -84.02320983, 9.9917917 ], [ -84.02318012, 9.99176479 ], [ -84.02314457, 9.99172752 ], [ -84.023093090000017, 9.99165445 ], [ -84.02303674, 9.99157573 ], [ -84.022945799999988, 9.99145467 ], [ -84.02287129, 9.99136685 ], [ -84.02282642, 9.99130672 ], [ -84.02271036, 9.99114956 ], [ -84.02265749, 9.99108539 ], [ -84.02262196, 9.99104446 ], [ -84.02253681, 9.99094436 ], [ -84.02244633, 9.99084483 ], [ -84.02238156, 9.99076467 ], [ -84.02237203, 9.99074942 ], [ -84.02236143, 9.99072532 ], [ -84.02235073, 9.99069339 ], [ -84.02234204, 9.99067136 ], [ -84.02228847, 9.99058062 ], [ -84.02227663, 9.99055407 ], [ -84.02226329, 9.99053224 ], [ -84.02225413, 9.99051397 ], [ -84.02224534, 9.99048534 ], [ -84.022155, 9.99035246 ], [ -84.02214781, 9.99032081 ], [ -84.02214083, 9.99029623 ], [ -84.02213377, 9.99027853 ], [ -84.02212404, 9.99026234 ], [ -84.022101, 9.99024269 ], [ -84.02205779, 9.99020649 ], [ -84.02203548, 9.99017223 ], [ -84.0220057, 9.99015221 ], [ -84.02198266, 9.99013378 ], [ -84.02196696, 9.99012345 ], [ -84.02194508, 9.99011067 ], [ -84.02192623, 9.99009949 ], [ -84.02190189, 9.99009407 ], [ -84.0218766, 9.99009129 ], [ -84.02183305, 9.99008383 ], [ -84.02180958, 9.9900851 ], [ -84.02176585, 9.99008405 ], [ -84.02168671, 9.99010454 ], [ -84.02165574, 9.9901127 ], [ -84.02161015, 9.99012673 ], [ -84.02157576, 9.99013753 ], [ -84.02154785, 9.9901534 ], [ -84.02151309, 9.99016967 ], [ -84.0214383, 9.99022727 ], [ -84.021399, 9.99025278 ], [ -84.02136105, 9.99029224 ], [ -84.02123469, 9.990417 ], [ -84.02117345, 9.99051209 ], [ -84.02114462, 9.99054774 ], [ -84.02106342, 9.99064683 ], [ -84.02103572, 9.99067099 ], [ -84.02100648, 9.99068762 ], [ -84.02098049, 9.99071782 ], [ -84.02095864, 9.99072465 ], [ -84.02092936, 9.99072658 ], [ -84.02089613, 9.99074058 ], [ -84.02084954, 9.9907352 ], [ -84.020798809999988, 9.9907385 ], [ -84.02073605, 9.99072655 ], [ -84.020666299999988, 9.99072875 ], [ -84.02048369, 9.99071089 ], [ -84.02036356, 9.99070112 ], [ -84.02028734, 9.9906909 ], [ -84.02024513, 9.99068268 ], [ -84.02017162, 9.99065794 ], [ -84.02008708, 9.9906239 ], [ -84.01999666, 9.99059495 ], [ -84.01987695, 9.99055448 ], [ -84.019834159999988, 9.99053731 ], [ -84.0197904, 9.99051544 ], [ -84.01976473, 9.99050588 ], [ -84.01975351, 9.9904993 ], [ -84.01972042, 9.99049098 ], [ -84.01970616, 9.99048526 ], [ -84.01969047, 9.99048227 ], [ -84.01967755, 9.99048314 ], [ -84.019663869999988, 9.9904827 ], [ -84.0196518, 9.99048536 ], [ -84.01963671, 9.99049254 ], [ -84.01959332, 9.99051372 ], [ -84.01957917, 9.99052439 ], [ -84.01956836, 9.99053562 ], [ -84.01954189, 9.99055978 ], [ -84.01953033, 9.99057704 ], [ -84.01951706, 9.99059685 ], [ -84.0195072, 9.99061279 ], [ -84.01949471, 9.99064126 ], [ -84.01949046, 9.99065926 ], [ -84.019486699999987, 9.99068451 ], [ -84.01947645, 9.99074647 ], [ -84.0194841, 9.99083422 ], [ -84.01939584, 9.99077905 ], [ -84.019294339999988, 9.99072498 ], [ -84.01923975, 9.99070174 ], [ -84.01923109, 9.99069874 ], [ -84.01919115, 9.99068424 ], [ -84.01918261, 9.9906809 ], [ -84.01917422, 9.99067723 ], [ -84.01916598, 9.99067322 ], [ -84.0191593, 9.99067072 ], [ -84.01915122, 9.9906664 ], [ -84.019144670000017, 9.99066356 ], [ -84.01913826, 9.99066041 ], [ -84.01913037, 9.99065577 ], [ -84.01912413, 9.99065231 ], [ -84.01911643, 9.99064736 ], [ -84.01911038, 9.99064359 ], [ -84.01910452, 9.99063952 ], [ -84.01909702, 9.99063428 ], [ -84.01909138, 9.99062993 ], [ -84.01908596, 9.99062531 ], [ -84.01907868, 9.99061977 ], [ -84.01907351, 9.99061489 ], [ -84.01906645, 9.99060907 ], [ -84.019061529999988, 9.99060394 ], [ -84.019056889999987, 9.99059858 ], [ -84.01905007, 9.99059248 ], [ -84.0190457, 9.9905869 ], [ -84.01903914, 9.99058054 ], [ -84.01903506, 9.99057475 ], [ -84.01903129, 9.99056877 ], [ -84.01902849, 9.99056387 ], [ -84.01900396, 9.99051965 ], [ -84.0189119, 9.99032653 ], [ -84.01886297, 9.99021337 ], [ -84.01886269, 9.99021145 ], [ -84.01886262, 9.99020886 ], [ -84.01886292, 9.99020629 ], [ -84.01886358, 9.99020378 ], [ -84.01886458, 9.99020139 ], [ -84.018865909999988, 9.99019915 ], [ -84.018867539999988, 9.99019712 ], [ -84.018869440000017, 9.99019532 ], [ -84.018871569999988, 9.99019381 ], [ -84.01897749, 9.99015145 ], [ -84.01903167, 9.99012203 ], [ -84.01910586, 9.9900952 ], [ -84.01919027, 9.99006414 ], [ -84.01933668, 9.99002872 ], [ -84.01953562, 9.98998377 ], [ -84.01961514, 9.98996859 ], [ -84.0196177, 9.98996786 ], [ -84.01967936, 9.98994971 ], [ -84.01975822, 9.98993857 ], [ -84.01983456, 9.98993921 ], [ -84.01990883, 9.98994012 ], [ -84.02006438, 9.98993026 ], [ -84.02015565, 9.98991712 ], [ -84.02021233, 9.98990847 ], [ -84.020310509999987, 9.98987989 ], [ -84.02035699, 9.98986325 ], [ -84.02052897, 9.9897217 ], [ -84.02062553, 9.98965856 ], [ -84.020795369999988, 9.98958387 ], [ -84.02091453, 9.98953431 ], [ -84.02101383, 9.98947999 ], [ -84.021143259999988, 9.98938766 ], [ -84.02127816, 9.98928174 ], [ -84.0214658, 9.98912966 ], [ -84.02154182, 9.98905566 ], [ -84.02155922, 9.98904162 ], [ -84.02171156, 9.98885451 ], [ -84.0217203, 9.98884191 ], [ -84.02172945, 9.98882619 ], [ -84.021736070000017, 9.9888124 ], [ -84.02174344, 9.98879281 ], [ -84.021749199999988, 9.98877624 ], [ -84.02175451, 9.98876833 ], [ -84.02175886, 9.98876305 ], [ -84.02186448, 9.98873726 ], [ -84.02197255, 9.98870637 ], [ -84.02197853, 9.98870684 ], [ -84.02199458, 9.98871171 ], [ -84.02201721, 9.98873312 ], [ -84.0220408, 9.98875679 ], [ -84.02209785, 9.98880778 ], [ -84.02216159, 9.98885739 ], [ -84.02219926, 9.98888522 ], [ -84.02232322, 9.98894563 ], [ -84.0223691, 9.98895445 ], [ -84.02239924, 9.98895174 ], [ -84.02242252, 9.98894291 ], [ -84.022680009999988, 9.98880712 ], [ -84.02292313, 9.98869509 ], [ -84.02304503, 9.98864756 ], [ -84.0231671, 9.98858279 ], [ -84.02324235, 9.98854285 ], [ -84.02323791, 9.98854079 ], [ -84.02323484, 9.98854001 ], [ -84.02323057, 9.98853762 ], [ -84.023227480000017, 9.98853647 ], [ -84.0232234, 9.98853378 ], [ -84.02322046, 9.9885323 ], [ -84.02321659, 9.98852931 ], [ -84.02321384, 9.98852752 ], [ -84.0232102, 9.98852426 ], [ -84.02320681, 9.98852074 ], [ -84.023204279999987, 9.98851866 ], [ -84.02320116, 9.9885149 ], [ -84.023198869999987, 9.98851255 ], [ -84.02319605, 9.98850858 ], [ -84.02319404, 9.988506 ], [ -84.02319151, 9.98850183 ], [ -84.02318981, 9.98849904 ], [ -84.0231876, 9.9884947 ], [ -84.02318622, 9.98849174 ], [ -84.02318434, 9.98848725 ], [ -84.02318329, 9.98848416 ], [ -84.02318176, 9.98847954 ], [ -84.02318107, 9.98847636 ], [ -84.02317989, 9.98847164 ], [ -84.02317906, 9.98846685 ], [ -84.02317872, 9.98846361 ], [ -84.02317826, 9.98845878 ], [ -84.02317816, 9.98845393 ], [ -84.02317843, 9.98844909 ], [ -84.02317905, 9.98844428 ], [ -84.02318004, 9.98843953 ], [ -84.023180510000017, 9.98843775 ], [ -84.02320125, 9.98834631 ], [ -84.02321584, 9.98828226 ], [ -84.02321551, 9.98827673 ], [ -84.02321557, 9.98827511 ], [ -84.02321556, 9.98826913 ], [ -84.02321487, 9.98826364 ], [ -84.0232145, 9.98825768 ], [ -84.02321345, 9.98825224 ], [ -84.02321271, 9.98824631 ], [ -84.02321131, 9.98824096 ], [ -84.02321022, 9.98823508 ], [ -84.023208760000017, 9.98822929 ], [ -84.02320701, 9.98822404 ], [ -84.02320521, 9.98821834 ], [ -84.02320312, 9.98821322 ], [ -84.02320097, 9.98820764 ], [ -84.02319854, 9.98820267 ], [ -84.02319606, 9.98819723 ], [ -84.02319331, 9.98819243 ], [ -84.0231905, 9.98818715 ], [ -84.023187369999988, 9.98818205 ], [ -84.02318431, 9.98817743 ], [ -84.02318087, 9.98817252 ], [ -84.02317752, 9.98816812 ], [ -84.02317379, 9.98816342 ], [ -84.02317015, 9.98815924 ], [ -84.02316614, 9.98815478 ], [ -84.023161859999988, 9.98815057 ], [ -84.02315795, 9.98814663 ], [ -84.02315342, 9.98814268 ], [ -84.02314926, 9.98813901 ], [ -84.0231445, 9.98813533 ], [ -84.02314011, 9.98813193 ], [ -84.02313513, 9.98812855 ], [ -84.02312995, 9.98812547 ], [ -84.02312534, 9.98812236 ], [ -84.02311998, 9.98811959 ], [ -84.02311517, 9.98811679 ], [ -84.023109660000017, 9.98811434 ], [ -84.02310467, 9.98811185 ], [ -84.02309901, 9.98810974 ], [ -84.02309387, 9.98810757 ], [ -84.02308859, 9.98810574 ], [ -84.023083199999988, 9.98810425 ], [ -84.02307772, 9.98810312 ], [ -84.02307355, 9.98810249 ], [ -84.0229532, 9.98807197 ], [ -84.02283223, 9.98803628 ], [ -84.02282999, 9.9880357 ], [ -84.022823520000017, 9.9880338 ], [ -84.022817159999988, 9.98803157 ], [ -84.02281094, 9.98802902 ], [ -84.02280486, 9.98802615 ], [ -84.02279775, 9.98802277 ], [ -84.02279184, 9.98801959 ], [ -84.02278489, 9.9880159 ], [ -84.02277917, 9.98801243 ], [ -84.0227724, 9.98800843 ], [ -84.02276688, 9.98800467 ], [ -84.02276031, 9.98800037 ], [ -84.022755, 9.98799634 ], [ -84.022748640000017, 9.98799175 ], [ -84.022743570000017, 9.98798745 ], [ -84.02273742, 9.98798258 ], [ -84.0227326, 9.98797803 ], [ -84.02272669, 9.98797289 ], [ -84.02272213, 9.9879681 ], [ -84.02271647, 9.9879627 ], [ -84.02271219, 9.98795769 ], [ -84.02270679, 9.98795205 ], [ -84.02270166, 9.98794616 ], [ -84.02269681, 9.98794006 ], [ -84.02269226, 9.98793375 ], [ -84.022688, 9.98792724 ], [ -84.022684060000017, 9.98792055 ], [ -84.022680439999988, 9.98791369 ], [ -84.02267715, 9.98790668 ], [ -84.02267419, 9.98789953 ], [ -84.02267157, 9.98789225 ], [ -84.02266929, 9.98788487 ], [ -84.02266864, 9.98788249 ], [ -84.02263314, 9.98773571 ], [ -84.02260147, 9.98763349 ], [ -84.02259806, 9.98762498 ], [ -84.022594309999988, 9.98761661 ], [ -84.02259024, 9.98760838 ], [ -84.02258585, 9.98760032 ], [ -84.02258114, 9.98759243 ], [ -84.02257613, 9.98758473 ], [ -84.02247541, 9.98746483 ], [ -84.0224701, 9.98745732 ], [ -84.0224645, 9.98745003 ], [ -84.02245861, 9.98744295 ], [ -84.02245815, 9.98744241 ], [ -84.02240039, 9.98736664 ], [ -84.02227755, 9.98718242 ], [ -84.02224709, 9.98712827 ], [ -84.02220175, 9.98704879 ], [ -84.0221449, 9.9869719 ], [ -84.02211478, 9.98692062 ], [ -84.02209156, 9.98687708 ], [ -84.02204895, 9.98681519 ], [ -84.021983390000017, 9.98670345 ], [ -84.02185523, 9.98647556 ], [ -84.02175467, 9.98630182 ], [ -84.02173291, 9.98623962 ], [ -84.02170418, 9.98614792 ], [ -84.02167907, 9.98606079 ], [ -84.021659040000017, 9.98599506 ], [ -84.02165315, 9.98597241 ], [ -84.02161388, 9.98584837 ], [ -84.0215815, 9.98572557 ], [ -84.0215393, 9.98561037 ], [ -84.02149116, 9.98549947 ], [ -84.02145561, 9.98543817 ], [ -84.021420889999987, 9.98534958 ], [ -84.02140285, 9.98530188 ], [ -84.02139586, 9.98527413 ], [ -84.02137901, 9.98525354 ], [ -84.02141805, 9.9851961 ], [ -84.02145565, 9.98512529 ], [ -84.02150783, 9.98504557 ], [ -84.02157089, 9.9849545 ], [ -84.021640569999988, 9.98485233 ], [ -84.02167888, 9.98479446 ], [ -84.02170901, 9.98474895 ], [ -84.02176732, 9.98465272 ], [ -84.02177171, 9.98464481 ], [ -84.0218172, 9.9845478 ], [ -84.02182127, 9.98453972 ], [ -84.021825, 9.98453149 ], [ -84.0218284, 9.98452311 ], [ -84.02183147, 9.98451461 ], [ -84.02183419, 9.98450599 ], [ -84.02183656, 9.98449727 ], [ -84.02183857, 9.98448846 ], [ -84.02185452, 9.98444645 ], [ -84.02185618, 9.98443758 ], [ -84.021857489999988, 9.98442864 ], [ -84.02185843, 9.98441966 ], [ -84.02185902, 9.98441065 ], [ -84.02185911, 9.98440841 ], [ -84.0218613, 9.98436253 ], [ -84.02186703, 9.98427478 ], [ -84.021893, 9.98399905 ], [ -84.02190646, 9.98383504 ], [ -84.02190836, 9.98381738 ], [ -84.02191063, 9.98379975 ], [ -84.02191504, 9.98374093 ], [ -84.02191767, 9.98372336 ], [ -84.02192065, 9.98370584 ], [ -84.02192903, 9.98367618 ], [ -84.021932369999988, 9.98365872 ], [ -84.02193543, 9.98364007 ], [ -84.02193912, 9.98362268 ], [ -84.02194254, 9.98360409 ], [ -84.02194659, 9.98358678 ], [ -84.02195035, 9.98356825 ], [ -84.02195475, 9.98355103 ], [ -84.02195888, 9.98353257 ], [ -84.021963629999988, 9.98351544 ], [ -84.0219681, 9.98349707 ], [ -84.0219732, 9.98348003 ], [ -84.02197803, 9.98346174 ], [ -84.021983480000017, 9.98344481 ], [ -84.02198865, 9.98342662 ], [ -84.02199444, 9.9834098 ], [ -84.021999959999988, 9.98339171 ], [ -84.02200609, 9.98337501 ], [ -84.02201175, 9.98336047 ], [ -84.02201822, 9.9833439 ], [ -84.02202257, 9.9833334 ], [ -84.02202503, 9.98332746 ], [ -84.022032170000017, 9.98331116 ], [ -84.022062299999988, 9.9832337 ], [ -84.02213533, 9.98308015 ], [ -84.022254250000017, 9.98282363 ], [ -84.02238579, 9.9825648 ], [ -84.02243487, 9.98245069 ], [ -84.02250967, 9.9822827 ], [ -84.02254226, 9.98212322 ], [ -84.02261221, 9.98197043 ], [ -84.02261716, 9.98196155 ], [ -84.02262242, 9.98195284 ], [ -84.02262798, 9.98194431 ], [ -84.02263384, 9.98193598 ], [ -84.02263661, 9.98193156 ], [ -84.02267764, 9.98187031 ], [ -84.0226821, 9.98186375 ], [ -84.02268685, 9.98185739 ], [ -84.02269189, 9.98185125 ], [ -84.0226972, 9.98184535 ], [ -84.02270222, 9.98183951 ], [ -84.0227078, 9.98183386 ], [ -84.02271309, 9.98182826 ], [ -84.022718920000017, 9.98182286 ], [ -84.02272447, 9.98181751 ], [ -84.02273055, 9.98181238 ], [ -84.02273634, 9.98180729 ], [ -84.02274265, 9.98180244 ], [ -84.02274868, 9.98179763 ], [ -84.02275493, 9.98179311 ], [ -84.02276145, 9.98178855 ], [ -84.02276791, 9.98178432 ], [ -84.02277463, 9.98178005 ], [ -84.02278128, 9.98177613 ], [ -84.02278819, 9.98177217 ], [ -84.02279502, 9.98176857 ], [ -84.02280211, 9.98176492 ], [ -84.0228091, 9.98176164 ], [ -84.02281624, 9.98175868 ], [ -84.02282349, 9.98175536 ], [ -84.02283076, 9.98175274 ], [ -84.02283814, 9.98174975 ], [ -84.02284553, 9.98174748 ], [ -84.02285305, 9.98174482 ], [ -84.022860530000017, 9.98174289 ], [ -84.0228681, 9.98174131 ], [ -84.022876919999987, 9.98174059 ], [ -84.02288455, 9.98173936 ], [ -84.02289707, 9.98173804 ], [ -84.022904760000017, 9.98173717 ], [ -84.02290604, 9.98173706 ], [ -84.02291851, 9.9817354 ], [ -84.02293093, 9.9817334 ], [ -84.02296761, 9.98173069 ], [ -84.02297997, 9.98172835 ], [ -84.02299224, 9.98172567 ], [ -84.02300027, 9.98172365 ], [ -84.02300819, 9.98172129 ], [ -84.02302038, 9.98171828 ], [ -84.02302819, 9.98171558 ], [ -84.02304028, 9.98171223 ], [ -84.02304795, 9.9817092 ], [ -84.02305548, 9.98170584 ], [ -84.02306284, 9.98170216 ], [ -84.02307003, 9.98169817 ], [ -84.02312647, 9.98167208 ], [ -84.02313347, 9.98166779 ], [ -84.02314027, 9.98166319 ], [ -84.02320946, 9.98160801 ], [ -84.023226710000017, 9.98158645 ], [ -84.023262679999988, 9.98151921 ], [ -84.023265440000017, 9.98151196 ], [ -84.02326822, 9.98150586 ], [ -84.02327063, 9.9814985 ], [ -84.023273069999988, 9.98149226 ], [ -84.02327514, 9.98148479 ], [ -84.02327724, 9.98147843 ], [ -84.02327895, 9.98147088 ], [ -84.0232807, 9.98146442 ], [ -84.02328205, 9.98145679 ], [ -84.02328344, 9.98145025 ], [ -84.02328444, 9.98144257 ], [ -84.02328547, 9.98143597 ], [ -84.0232861, 9.98142825 ], [ -84.02328677, 9.9814216 ], [ -84.02328704, 9.98141386 ], [ -84.02328735, 9.98140718 ], [ -84.02328725, 9.98139944 ], [ -84.0232872, 9.98139276 ], [ -84.02328673, 9.98138502 ], [ -84.023286310000017, 9.98137835 ], [ -84.02328549, 9.98137065 ], [ -84.0232847, 9.98136401 ], [ -84.02328351, 9.98135635 ], [ -84.02328237, 9.98134977 ], [ -84.02328082, 9.98134217 ], [ -84.02327932, 9.98133565 ], [ -84.02327742, 9.98132813 ], [ -84.023275559999988, 9.98132171 ], [ -84.02327331, 9.98131428 ], [ -84.02327111, 9.98130796 ], [ -84.0231864, 9.98111407 ], [ -84.023149590000017, 9.98102341 ], [ -84.02311469, 9.98091602 ], [ -84.02310401, 9.98087082 ], [ -84.02309845, 9.980803 ], [ -84.02309149, 9.98066064 ], [ -84.023097120000017, 9.9805884 ], [ -84.02309689, 9.98054728 ], [ -84.02309492, 9.98044086 ], [ -84.02309329, 9.98035581 ], [ -84.02308431, 9.98027074 ], [ -84.023072900000017, 9.98018402 ], [ -84.02305824, 9.98008845 ], [ -84.023040779999988, 9.97995338 ], [ -84.02303103, 9.97986072 ], [ -84.02301787, 9.97974009 ], [ -84.02300702, 9.97963451 ], [ -84.02299391, 9.97951834 ], [ -84.02298567, 9.97943091 ], [ -84.02298504, 9.97933959 ], [ -84.02298173, 9.97921571 ], [ -84.02298168, 9.97918869 ], [ -84.022984, 9.97912084 ], [ -84.022991569999988, 9.9789922 ], [ -84.02299766, 9.97892889 ], [ -84.02300652, 9.97886062 ], [ -84.02302007, 9.97876236 ], [ -84.02302873, 9.97869727 ], [ -84.023045170000017, 9.97858482 ], [ -84.02305331, 9.97852888 ], [ -84.02306111, 9.97843312 ], [ -84.0230737, 9.97832259 ], [ -84.02308201, 9.97822316 ], [ -84.02308925, 9.97810811 ], [ -84.02309225, 9.97805505 ], [ -84.02308711, 9.97797693 ], [ -84.023084670000017, 9.97790621 ], [ -84.02307068, 9.97782474 ], [ -84.02305225, 9.97771831 ], [ -84.02304246, 9.97767821 ], [ -84.02302613, 9.97761606 ], [ -84.023006599999988, 9.97754742 ], [ -84.02298479, 9.97748641 ], [ -84.02297365, 9.97745182 ], [ -84.02295126, 9.97740681 ], [ -84.02292421, 9.97734755 ], [ -84.022896, 9.977305 ], [ -84.02284164, 9.97721688 ], [ -84.02280315, 9.97717078 ], [ -84.02279737, 9.97716288 ], [ -84.02278952, 9.97715271 ], [ -84.02278139, 9.97714276 ], [ -84.02277298, 9.97713304 ], [ -84.0227643, 9.97712356 ], [ -84.02272103, 9.97708064 ], [ -84.02271208, 9.97707141 ], [ -84.02270288, 9.97706243 ], [ -84.02269342, 9.97705371 ], [ -84.02267977, 9.97704319 ], [ -84.02265097, 9.97701941 ], [ -84.02262749, 9.97700228 ], [ -84.02257969, 9.97697523 ], [ -84.02251963, 9.97693789 ], [ -84.02240851, 9.97687515 ], [ -84.02231961, 9.97683095 ], [ -84.02225869, 9.97680454 ], [ -84.022216380000017, 9.97677073 ], [ -84.022180140000017, 9.97673992 ], [ -84.02218635, 9.97671909 ], [ -84.025, 9.9753362 ], [ -84.03306548, 9.97137187 ], [ -84.0334748, 9.97115881 ], [ -84.03360438, 9.97104571 ], [ -84.03361533, 9.9710312 ], [ -84.03364375, 9.97099432 ], [ -84.03366618, 9.97095769 ], [ -84.03368726, 9.97092327 ], [ -84.03371145, 9.97087572 ], [ -84.03373705, 9.97082539 ], [ -84.03376347, 9.97074728 ], [ -84.03378919, 9.97067121 ], [ -84.03381309, 9.97059799 ], [ -84.033846330000017, 9.97049616 ], [ -84.03384219, 9.97049515 ], [ -84.033871750000017, 9.97039837 ], [ -84.03389345, 9.97032882 ], [ -84.0339387, 9.97018424 ], [ -84.03399304, 9.97001509 ], [ -84.034000209999988, 9.97001697 ], [ -84.03402202, 9.96995341 ], [ -84.0340334, 9.96991739 ], [ -84.03405856, 9.96984708 ], [ -84.03407805, 9.9697797 ], [ -84.03412787, 9.96962844 ], [ -84.0341776, 9.96947745 ], [ -84.03421736, 9.96935025 ], [ -84.03425789, 9.96922061 ], [ -84.034275099999988, 9.96915865 ], [ -84.0343105, 9.96905603 ], [ -84.03432353, 9.96899939 ], [ -84.03434113, 9.96893721 ], [ -84.034399709999988, 9.96876015 ], [ -84.0344246, 9.96867412 ], [ -84.03443834, 9.96863186 ], [ -84.03443934, 9.96862832 ], [ -84.034439979999988, 9.96862469 ], [ -84.03446071, 9.96857023 ], [ -84.03445909, 9.96852771 ], [ -84.034448649999987, 9.96848296 ], [ -84.03450654, 9.96838931 ], [ -84.03450989, 9.9683819 ], [ -84.03451358, 9.96837465 ], [ -84.034527399999988, 9.96835434 ], [ -84.03456169, 9.96832218 ], [ -84.03460592, 9.96828926 ], [ -84.034611920000017, 9.96828419 ], [ -84.03466601, 9.96824555 ], [ -84.03472368, 9.96819999 ], [ -84.0347527, 9.96817625 ], [ -84.03478312, 9.96814769 ], [ -84.03480033, 9.96812912 ], [ -84.034804280000017, 9.96812551 ], [ -84.03480886, 9.96812134 ], [ -84.03481256, 9.96811747 ], [ -84.034816889999988, 9.96811305 ], [ -84.034820940000017, 9.96810838 ], [ -84.03482437, 9.96810428 ], [ -84.034828139999988, 9.96809938 ], [ -84.03483128, 9.96809507 ], [ -84.03483476, 9.96808997 ], [ -84.03483759, 9.96808546 ], [ -84.03484076, 9.96808017 ], [ -84.03484362, 9.9680747 ], [ -84.03484866, 9.9680644 ], [ -84.03485318, 9.96805607 ], [ -84.03485852, 9.96804151 ], [ -84.03486052, 9.96802233 ], [ -84.03486185, 9.96800247 ], [ -84.03486159, 9.96798102 ], [ -84.03485985, 9.96796013 ], [ -84.03485584, 9.9679416 ] ] ] ] } }
]
}
